app_id,tag
1717770,3D
1717770,3D Platformer
1717770,Action
1717770,Action-Adventure
1717770,Adventure
1717770,Cartoony
1717770,Combat
1717770,Comedy
1717770,Exploration
1717770,Funny
1717770,Mystery
1717770,Physics
1717770,Platformer
1717770,Post-apocalyptic
1717770,Puzzle Platformer
1717770,Singleplayer
1717770,Story Rich
1717770,Stylized
1717770,Survival Horror
1717770,Third Person
1718130,3D
1718130,Adventure
1718130,Atmospheric
1718130,Drama
1718130,Emotional
1718130,Exploration
1718130,First-Person
1718130,Horror
1718130,Immersive Sim
1718130,Indie
1718130,Multiplayer
1718130,Mystery
1718130,Psychological Horror
1718130,Puzzle
1718130,Quick-Time Events
1718130,RPG
1718130,Singleplayer
1718130,Story Rich
1718130,Thriller
1718130,Walking Simulator
1719550,3D Platformer
1719550,Action
1719550,Action RPG
1719550,Adventure
1719550,Atmospheric
1719550,Cartoony
1719550,Collectathon
1719550,Colorful
1719550,Combat
1719550,Cute
1719550,Exploration
1719550,Family Friendly
1719550,Female Protagonist
1719550,Local Co-Op
1719550,Mystery
1719550,Nature
1719550,Platformer
1719550,Singleplayer
1719550,Story Rich
1719550,Third Person
1719770,2D
1719770,Atmospheric
1719770,Cartoony
1719770,Casual
1719770,Choices Matter
1719770,Choose Your Own Adventure
1719770,Colorful
1719770,Female Protagonist
1719770,Gore
1719770,Hand-drawn
1719770,Horror
1719770,Indie
1719770,Interactive Fiction
1719770,Multiple Endings
1719770,Mystery
1719770,Narration
1719770,Psychological Horror
1719770,Story Rich
1719770,Text-Based
1719770,Visual Novel
1719880,3D
1719880,3D Platformer
1719880,Action-Adventure
1719880,Adventure
1719880,Casual
1719880,Detective
1719880,Drama
1719880,Dungeon Crawler
1719880,Indie
1719880,LEGO
1719880,Mystery
1719880,Pixel Graphics
1719880,Puzzle
1719880,Puzzle Platformer
1719880,Roguelite
1719880,Singleplayer
1719880,Sokoban
1719880,Story Rich
1719880,Strategy
1719880,Third Person
1720470,Adventure
1720470,Anime
1720470,Choices Matter
1720470,Comic Book
1720470,Conspiracy
1720470,Cyberpunk
1720470,Dystopian
1720470,Futuristic
1720470,Interactive Fiction
1720470,Multiple Endings
1720470,Mystery
1720470,Psychological
1720470,Romance
1720470,Sci-fi
1720470,Science
1720470,Story Rich
1720470,Text-Based
1720470,Thriller
1720470,Time Travel
1720470,Visual Novel
1720790,3D
1720790,Adventure
1720790,Atmospheric
1720790,Exploration
1720790,First-Person
1720790,Indie
1720790,Logic
1720790,Metroidvania
1720790,Minimalist
1720790,Mystery
1720790,Nonlinear
1720790,Open World
1720790,Philosophical
1720790,Puzzle
1720790,Relaxing
1720790,Singleplayer
1720790,Story Rich
1720790,Time Travel
1721070,2D
1721070,Adventure
1721070,Cartoony
1721070,Cute
1721070,Fantasy
1721070,Funny
1721070,JRPG
1721070,Linear
1721070,Multiple Endings
1721070,Mystery
1721070,Pixel Graphics
1721070,Psychological Horror
1721070,Retro
1721070,Rhythm
1721070,RPG
1721070,Singleplayer
1721070,Story Rich
1721070,Surreal
1721070,Top-Down
1721070,Turn-Based Combat
1722390,3D
1722390,Action-Adventure
1722390,Adventure
1722390,Choose Your Own Adventure
1722390,Dark
1722390,Drama
1722390,Exploration
1722390,Female Protagonist
1722390,First-Person
1722390,Horror
1722390,Interactive Fiction
1722390,Mystery
1722390,Psychological Horror
1722390,Realistic
1722390,RPG
1722390,Sci-fi
1722390,Singleplayer
1722390,Stealth
1722390,Story Rich
1722390,Survival Horror
1723260,2D
1723260,Adventure
1723260,Casual
1723260,Detective
1723260,Drama
1723260,First-Person
1723260,Hacking
1723260,Logic
1723260,Mystery
1723260,Psychological Horror
1723260,Puzzle
1723260,Realistic
1723260,RPG
1723260,Simulation
1723260,Singleplayer
1723260,Story Rich
1723260,Strategy
1723260,Text-Based
1723260,Typing
1723260,Word Game
1725440,2D
1725440,Adventure
1725440,Atmospheric
1725440,Choices Matter
1725440,Dark
1725440,Female Protagonist
1725440,Grid-Based Movement
1725440,Horror
1725440,Indie
1725440,Multiple Endings
1725440,Mystery
1725440,Pixel Graphics
1725440,Psychological Horror
1725440,Puzzle
1725440,Puzzle Platformer
1725440,Retro
1725440,RPGMaker
1725440,Singleplayer
1725440,Story Rich
1725440,Top-Down
1725660,3D
1725660,Action-Adventure
1725660,Adventure
1725660,Atmospheric
1725660,Choices Matter
1725660,Dark
1725660,Exploration
1725660,Fantasy
1725660,FPS
1725660,Historical
1725660,Horror
1725660,Investigation
1725660,Linear
1725660,Multiple Endings
1725660,Mystery
1725660,Psychological Horror
1725660,Story Rich
1725660,Survival
1725660,Survival Horror
1725660,Thriller
1725910,Action-Adventure
1725910,Adventure
1725910,Anime
1725910,Atmospheric
1725910,Choices Matter
1725910,Cute
1725910,Dark
1725910,Dark Fantasy
1725910,Detective
1725910,Drama
1725910,Emotional
1725910,Fantasy
1725910,Female Protagonist
1725910,Horror
1725910,Mystery
1725910,Sci-fi
1725910,Singleplayer
1725910,Story Rich
1725910,Thriller
1725910,Visual Novel
1726400,3D
1726400,Adventure
1726400,Anime
1726400,Atmospheric
1726400,Casual
1726400,Comedy
1726400,Cute
1726400,First-Person
1726400,Funny
1726400,Hentai
1726400,Horror
1726400,Indie
1726400,Multiple Endings
1726400,Mystery
1726400,Psychological Horror
1726400,Puzzle
1726400,Realistic
1726400,Singleplayer
1726400,Story Rich
1726400,Walking Simulator
1726870,3D
1726870,Adventure
1726870,Artificial Intelligence
1726870,Atmospheric
1726870,Choices Matter
1726870,Exploration
1726870,First-Person
1726870,Gore
1726870,Horror
1726870,Indie
1726870,Inventory Management
1726870,Linear
1726870,Mystery
1726870,Physics
1726870,Puzzle
1726870,Singleplayer
1726870,Stealth
1726870,Story Rich
1726870,Survival Horror
1727270,Adventure
1727270,Choices Matter
1727270,Detective
1727270,Drama
1727270,Exploration
1727270,FMV
1727270,Investigation
1727270,Lore-Rich
1727270,Lovecraftian
1727270,Multiple Endings
1727270,Mystery
1727270,Nonlinear
1727270,Point & Click
1727270,Procedural Generation
1727270,Puzzle
1727270,Replay Value
1727270,Resource Management
1727270,Retro
1727270,Story Rich
1727270,Walking Simulator
1728560,2D Platformer
1728560,Adventure
1728560,Anime
1728560,Casual
1728560,Drama
1728560,Gore
1728560,Indie
1728560,Interactive Fiction
1728560,Multiple Endings
1728560,Mystery
1728560,Puzzle Platformer
1728560,RPG
1728560,Singleplayer
1728560,Story Rich
1728560,Strategy
1728560,Strategy RPG
1728560,Survival Horror
1728560,Visual Novel
1730930,3D
1730930,Adventure
1730930,Atmospheric
1730930,Choose Your Own Adventure
1730930,First-Person
1730930,Horror
1730930,Immersive Sim
1730930,Indie
1730930,Multiple Endings
1730930,Mystery
1730930,Pixel Graphics
1730930,Psychological
1730930,Puzzle
1730930,RPG
1730930,Singleplayer
1730930,Story Rich
1730930,Stylized
1730930,Supernatural
1730930,Survival Horror
1730930,Walking Simulator
1730980,2D
1730980,Adventure
1730980,Capitalism
1730980,Casual
1730980,Choose Your Own Adventure
1730980,Dark Humor
1730980,Drama
1730980,Early Access
1730980,Exploration
1730980,Futuristic
1730980,Multiple Endings
1730980,Mystery
1730980,Pixel Graphics
1730980,Sandbox
1730980,Sci-fi
1730980,Space
1730980,Space Sim
1730980,Story Rich
1730980,Survival Horror
1730980,Time Travel
1732190,Adventure
1732190,Anime
1732190,Atmospheric
1732190,Beautiful
1732190,Controller
1732190,Dark
1732190,Female Protagonist
1732190,FPS
1732190,Horror
1732190,Mature
1732190,Mystery
1732190,Nudity
1732190,Psychological Horror
1732190,Sexual Content
1732190,Singleplayer
1732190,Story Rich
1732190,Supernatural
1732190,Survival Horror
1732190,Third Person
1732190,Violent
1733050,2D
1733050,Adventure
1733050,Anime
1733050,Cats
1733050,Choices Matter
1733050,Colorful
1733050,Creature Collector
1733050,Early Access
1733050,Fantasy
1733050,Female Protagonist
1733050,Indie
1733050,Magic
1733050,Mystery
1733050,Party-Based RPG
1733050,RPG
1733050,Story Rich
1733050,Strategy RPG
1733050,Supernatural
1733050,Turn-Based Combat
1733050,Visual Novel
1733170,1990's
1733170,2D
1733170,3D
1733170,Action
1733170,Action-Adventure
1733170,Adventure
1733170,Atmospheric
1733170,First-Person
1733170,FMV
1733170,FPS
1733170,Horror
1733170,Investigation
1733170,Multiple Endings
1733170,Mystery
1733170,Puzzle
1733170,Retro
1733170,Shooter
1733170,Singleplayer
1733170,Story Rich
1733170,Violent
1733840,2D
1733840,2D Platformer
1733840,Action
1733840,Action-Adventure
1733840,Adventure
1733840,Anime
1733840,Arcade
1733840,Bullet Hell
1733840,Choices Matter
1733840,Crime
1733840,Dark
1733840,Detective
1733840,Exploration
1733840,Mystery
1733840,Shooter
1733840,Singleplayer
1733840,Story Rich
1733840,Top-Down
1733840,Top-Down Shooter
1733840,Visual Novel
1734770,3D
1734770,Adventure
1734770,Atmospheric
1734770,Exploration
1734770,Fantasy
1734770,First-Person
1734770,Indie
1734770,Mystery
1734770,Narration
1734770,Nonlinear
1734770,Sci-fi
1734770,Singleplayer
1734770,Story Rich
1734770,Stylized
1735700,Adventure
1735700,Choices Matter
1735700,Crime
1735700,CRPG
1735700,Detective
1735700,Drama
1735700,Early Access
1735700,Funny
1735700,Indie
1735700,Investigation
1735700,LGBTQ+
1735700,Multiple Endings
1735700,Mystery
1735700,Pixel Graphics
1735700,RPG
1735700,Simulation
1735700,Singleplayer
1735700,Story Rich
1735700,Strategy
1735700,Strategy RPG
1735950,2D
1735950,Atmospheric
1735950,Casual
1735950,Cinematic
1735950,Detective
1735950,Drama
1735950,Horror
1735950,Interactive Fiction
1735950,Mystery
1735950,Narration
1735950,Psychological Horror
1735950,Puzzle
1735950,Puzzle Platformer
1735950,Retro
1735950,RPG
1735950,Singleplayer
1735950,Story Rich
1735950,Supernatural
1735950,Thriller
1735950,Word Game
1736290,2D
1736290,Adventure
1736290,Casual
1736290,Choices Matter
1736290,Comedy
1736290,Comic Book
1736290,Crime
1736290,Cute
1736290,Detective
1736290,Funny
1736290,Hand-drawn
1736290,Hidden Object
1736290,Investigation
1736290,Logic
1736290,Mystery
1736290,Narration
1736290,Point & Click
1736290,Puzzle
1736290,Singleplayer
1736290,Story Rich
1736850,2D
1736850,Adventure
1736850,Atmospheric
1736850,Cartoon
1736850,Casual
1736850,Choices Matter
1736850,Cute
1736850,Dating Sim
1736850,Female Protagonist
1736850,Indie
1736850,LGBTQ+
1736850,Magic
1736850,Multiple Endings
1736850,Mystery
1736850,Otome
1736850,Romance
1736850,Singleplayer
1736850,Story Rich
1736850,Supernatural
1736850,Visual Novel
1737100,3D
1737100,Adventure
1737100,Comedy
1737100,Dating Sim
1737100,Drama
1737100,Hentai
1737100,Mature
1737100,Mystery
1737100,NSFW
1737100,Nudity
1737100,Point & Click
1737100,Romance
1737100,RPG
1737100,Sexual Content
1737100,Singleplayer
1737100,Story Rich
1737100,Third Person
1737100,Top-Down
1737100,Visual Novel
1737100,VR
1737330,2D
1737330,Adventure
1737330,Colorful
1737330,Crime
1737330,Dark
1737330,Detective
1737330,Drama
1737330,Interactive Fiction
1737330,Investigation
1737330,Linear
1737330,Lore-Rich
1737330,Mystery
1737330,Point & Click
1737330,Puzzle
1737330,Simulation
1737330,Singleplayer
1737330,Story Rich
1737330,Text-Based
1737330,Thriller
1737330,Visual Novel
1737620,Adventure
1737620,Atmospheric
1737620,Dark
1737620,Demons
1737620,Dystopian
1737620,Exploration
1737620,First-Person
1737620,Horror
1737620,Indie
1737620,Interactive Fiction
1737620,Linear
1737620,Lovecraftian
1737620,Mystery
1737620,Psychedelic
1737620,Psychological Horror
1737620,Puzzle
1737620,Retro
1737620,Singleplayer
1737620,Story Rich
1737620,Surreal
1740100,2D
1740100,Adventure
1740100,Casual
1740100,Drama
1740100,Female Protagonist
1740100,Free to Play
1740100,Horror
1740100,Indie
1740100,Interactive Fiction
1740100,Multiple Endings
1740100,Mystery
1740100,Pixel Graphics
1740100,Psychological Horror
1740100,Puzzle
1740100,RPG
1740100,Sexual Content
1740100,Simulation
1740100,Singleplayer
1740100,Story Rich
1740100,Strategy
1740680,2.5D
1740680,2D
1740680,Adventure
1740680,Atmospheric
1740680,Cartoon
1740680,Cartoony
1740680,Colorful
1740680,Comedy
1740680,Conversation
1740680,Detective
1740680,Exploration
1740680,Funny
1740680,Hand-drawn
1740680,Investigation
1740680,Mystery
1740680,Noir
1740680,Point & Click
1740680,Puzzle
1740680,Romance
1740680,Story Rich
1740710,2.5D
1740710,Action RPG
1740710,Action-Adventure
1740710,Adventure
1740710,Colorful
1740710,Comedy
1740710,Detective
1740710,Exploration
1740710,Funny
1740710,Investigation
1740710,Mystery
1740710,Pixel Graphics
1740710,PvE
1740710,RPG
1740710,Side Scroller
1740710,Singleplayer
1740710,Story Rich
1740710,Time Management
1740710,Time Manipulation
1740710,Time Travel
1740730,Action
1740730,Action-Adventure
1740730,Adventure
1740730,Casual
1740730,Choices Matter
1740730,Dark
1740730,Exploration
1740730,Female Protagonist
1740730,Free to Play
1740730,Horror
1740730,Multiple Endings
1740730,Mystery
1740730,Pixel Graphics
1740730,Psychological Horror
1740730,RPG
1740730,Side Scroller
1740730,Singleplayer
1740730,Story Rich
1740730,Surreal
1740730,Walking Simulator
1742590,Adventure
1742590,Casual
1742590,Controller
1742590,Cyberpunk
1742590,Detective
1742590,Exploration
1742590,First-Person
1742590,Hidden Object
1742590,Indie
1742590,Investigation
1742590,Mystery
1742590,Narration
1742590,Point & Click
1742590,Post-apocalyptic
1742590,Puzzle
1742590,Sci-fi
1742590,Singleplayer
1742590,Story Rich
1742590,VR
1742590,Walking Simulator
1742930,2D
1742930,Adventure
1742930,Anime
1742930,Atmospheric
1742930,Exploration
1742930,Female Protagonist
1742930,First-Person
1742930,Hand-drawn
1742930,Horror
1742930,Interactive Fiction
1742930,Multiple Endings
1742930,Mystery
1742930,Pixel Graphics
1742930,Point & Click
1742930,Psychological
1742930,Psychological Horror
1742930,Short
1742930,Story Rich
1742930,Stylized
1742930,Visual Novel
1743940,2D
1743940,Adventure
1743940,Anime
1743940,Atmospheric
1743940,Casual
1743940,Choices Matter
1743940,Comedy
1743940,Conversation
1743940,Crime
1743940,Cute
1743940,Detective
1743940,Drama
1743940,Funny
1743940,Memes
1743940,Mystery
1743940,Puzzle
1743940,Singleplayer
1743940,Story Rich
1743940,Text-Based
1743940,Visual Novel
1744140,3D
1744140,Adventure
1744140,Atmospheric
1744140,Dystopian
1744140,First-Person
1744140,Futuristic
1744140,Indie
1744140,Multiple Endings
1744140,Mystery
1744140,Nonlinear
1744140,Pixel Graphics
1744140,Puzzle
1744140,Puzzle Platformer
1744140,Robots
1744140,Singleplayer
1744140,Story Rich
1744140,Stylized
1744200,2D
1744200,Adventure
1744200,Casual
1744200,Dark Fantasy
1744200,Detective
1744200,First-Person
1744200,Hand-drawn
1744200,Hidden Object
1744200,Horror
1744200,Interactive Fiction
1744200,Investigation
1744200,Logic
1744200,Mystery
1744200,Noir
1744200,Point & Click
1744200,Psychological Horror
1744200,Puzzle
1744200,Singleplayer
1744200,Story Rich
1744200,Supernatural
1745690,2D
1745690,Anime
1745690,Casual
1745690,Choices Matter
1745690,Choose Your Own Adventure
1745690,Conspiracy
1745690,Conversation
1745690,Dating Sim
1745690,Female Protagonist
1745690,First-Person
1745690,Free to Play
1745690,Immersive Sim
1745690,Lovecraftian
1745690,Modern
1745690,Mystery
1745690,Philosophical
1745690,Psychological
1745690,Simulation
1745690,Story Rich
1745690,Visual Novel
1745750,2D
1745750,Adventure
1745750,Anime
1745750,Cartoon
1745750,Cartoony
1745750,Casual
1745750,Conversation
1745750,Detective
1745750,Female Protagonist
1745750,Funny
1745750,Hand-drawn
1745750,Investigation
1745750,LGBTQ+
1745750,Linear
1745750,Mystery
1745750,Point & Click
1745750,Sci-fi
1745750,Story Rich
1745750,Supernatural
1745750,Visual Novel
1745990,3D
1745990,3D Platformer
1745990,Adventure
1745990,Atmospheric
1745990,Casual
1745990,Colorful
1745990,Exploration
1745990,Family Friendly
1745990,Fantasy
1745990,Female Protagonist
1745990,First-Person
1745990,Horror
1745990,Indie
1745990,Mystery
1745990,Platformer
1745990,Psychological
1745990,Singleplayer
1745990,Story Rich
1745990,Surreal
1746030,2D
1746030,Adventure
1746030,Colorful
1746030,Detective
1746030,Drama
1746030,Exploration
1746030,First-Person
1746030,Historical
1746030,Indie
1746030,Investigation
1746030,Logic
1746030,Lore-Rich
1746030,Mystery
1746030,Old School
1746030,Puzzle
1746030,Puzzle Platformer
1746030,RPG
1746030,Singleplayer
1746030,Story Rich
1746030,Text-Based
1748300,Anime
1748300,Choices Matter
1748300,Dating Sim
1748300,Demons
1748300,Dragons
1748300,Fantasy
1748300,Hentai
1748300,Indie
1748300,LGBTQ+
1748300,Mature
1748300,Multiple Endings
1748300,Mystery
1748300,NSFW
1748300,Nudity
1748300,Romance
1748300,Sexual Content
1748300,Simulation
1748300,Singleplayer
1748300,Story Rich
1748300,Visual Novel
1750170,Adventure
1750170,Atmospheric
1750170,Controller
1750170,Dark
1750170,Detective
1750170,Emotional
1750170,Exploration
1750170,Horror
1750170,Interactive Fiction
1750170,Investigation
1750170,Mystery
1750170,Pixel Graphics
1750170,Point & Click
1750170,Psychological
1750170,Psychological Horror
1750170,Singleplayer
1750170,Story Rich
1750170,Supernatural
1750170,Thriller
1750170,Walking Simulator
1751630,2D Platformer
1751630,Adventure
1751630,Anime
1751630,Casual
1751630,Dating Sim
1751630,Drama
1751630,Interactive Fiction
1751630,Multiple Endings
1751630,Mystery
1751630,Romance
1751630,Sexual Content
1751630,Singleplayer
1751630,Story Rich
1751630,Violent
1751630,Visual Novel
1754440,1980s
1754440,2D
1754440,Adventure
1754440,Anime
1754440,Cartoon
1754440,Cartoony
1754440,Choices Matter
1754440,Comic Book
1754440,Fantasy
1754440,Futuristic
1754440,Heist
1754440,Interactive Fiction
1754440,LGBTQ+
1754440,Linear
1754440,Mystery
1754440,Nudity
1754440,Sci-fi
1754440,Singleplayer
1754440,Story Rich
1754440,Visual Novel
1755030,2D
1755030,Adventure
1755030,America
1755030,Atmospheric
1755030,Choices Matter
1755030,Choose Your Own Adventure
1755030,Conspiracy
1755030,Conversation
1755030,Dark
1755030,Horror
1755030,Indie
1755030,Interactive Fiction
1755030,Mystery
1755030,Noir
1755030,Pixel Graphics
1755030,Singleplayer
1755030,Story Rich
1755030,Supernatural
1755030,Thriller
1755030,Visual Novel
1755340,Adventure
1755340,Atmospheric
1755340,Casual
1755340,Dark
1755340,Drama
1755340,Emotional
1755340,Exploration
1755340,Female Protagonist
1755340,First-Person
1755340,Horror
1755340,Indie
1755340,Mystery
1755340,Narration
1755340,Psychological
1755340,Puzzle
1755340,Singleplayer
1755340,Story Rich
1755340,Surreal
1755340,Visual Novel
1755340,Walking Simulator
1756840,Adventure
1756840,Alternate History
1756840,Anime
1756840,Casual
1756840,Crime
1756840,Drama
1756840,Early Access
1756840,Indie
1756840,Interactive Fiction
1756840,Lore-Rich
1756840,Modern
1756840,Multiple Endings
1756840,Mystery
1756840,RPG
1756840,Sci-fi
1756840,Singleplayer
1756840,Story Rich
1756840,Text-Based
1756840,Visual Novel
1758220,3D
1758220,Adventure
1758220,Atmospheric
1758220,Dark
1758220,Detective
1758220,Escape Room
1758220,Exploration
1758220,First-Person
1758220,Hidden Object
1758220,Horror
1758220,Indie
1758220,Investigation
1758220,Mystery
1758220,Narration
1758220,Psychological
1758220,Puzzle
1758220,Realistic
1758220,Story Rich
1758220,Supernatural
1758220,Thriller
1760040,Adventure
1760040,Alternate History
1760040,America
1760040,Conspiracy
1760040,Dark Fantasy
1760040,Dystopian
1760040,Emotional
1760040,Fantasy
1760040,Female Protagonist
1760040,Horror
1760040,Lore-Rich
1760040,Multiple Endings
1760040,Mystery
1760040,Pixel Graphics
1760040,Post-apocalyptic
1760040,Psychological Horror
1760040,Sci-fi
1760040,Stealth
1760040,Story Rich
1760040,Surreal
1760140,2D
1760140,Adventure
1760140,Anime
1760140,Choices Matter
1760140,Choose Your Own Adventure
1760140,Comedy
1760140,Conversation
1760140,Cute
1760140,Drama
1760140,Emotional
1760140,Horror
1760140,Multiple Endings
1760140,Mystery
1760140,Point & Click
1760140,RPG
1760140,RPGMaker
1760140,Singleplayer
1760140,Story Rich
1760140,Supernatural
1760140,Visual Novel
1761600,Action-Adventure
1761600,Adventure
1761600,Atmospheric
1761600,Cinematic
1761600,Emotional
1761600,Exploration
1761600,Female Protagonist
1761600,Immersive Sim
1761600,Lore-Rich
1761600,Mystery
1761600,Open World
1761600,Philosophical
1761600,Sandbox
1761600,Sci-fi
1761600,Science
1761600,Singleplayer
1761600,Soundtrack
1761600,Space
1761600,Story Rich
1761600,Walking Simulator
1761780,2D
1761780,Adventure
1761780,Atmospheric
1761780,Choices Matter
1761780,Colorful
1761780,Cute
1761780,Dark
1761780,Escape Room
1761780,Family Friendly
1761780,Hand-drawn
1761780,Indie
1761780,Multiple Endings
1761780,Mystery
1761780,Narration
1761780,Point & Click
1761780,Puzzle
1761780,Side Scroller
1761780,Singleplayer
1761780,Story Rich
1761780,Walking Simulator
1762480,2D
1762480,Adventure
1762480,Atmospheric
1762480,Collectathon
1762480,Controller
1762480,Detective
1762480,Exploration
1762480,Free to Play
1762480,Horror
1762480,Indie
1762480,Interactive Fiction
1762480,Mystery
1762480,Pixel Graphics
1762480,Psychological Horror
1762480,RPG
1762480,RPGMaker
1762480,Short
1762480,Soundtrack
1762480,Story Rich
1762480,Top-Down
1763150,2D
1763150,Adventure
1763150,Casual
1763150,Female Protagonist
1763150,Free to Play
1763150,Hand-drawn
1763150,Indie
1763150,Mystery
1763150,Sci-fi
1763150,Singleplayer
1763150,Story Rich
1763150,Visual Novel
1765280,3D
1765280,Action-Adventure
1765280,Adventure
1765280,Exploration
1765280,Family Friendly
1765280,First-Person
1765280,Indie
1765280,Investigation
1765280,Linear
1765280,Mystery
1765280,Open World
1765280,Realistic
1765280,Singleplayer
1765280,Story Rich
1765280,Third Person
1765280,Walking Simulator
1766000,2.5D
1766000,2D
1766000,Adventure
1766000,Atmospheric
1766000,Casual
1766000,Colorful
1766000,Drama
1766000,Grid-Based Movement
1766000,Hand-drawn
1766000,Indie
1766000,Logic
1766000,Mystery
1766000,Narration
1766000,Physics
1766000,Puzzle
1766000,Puzzle Platformer
1766000,Singleplayer
1766000,Story Rich
1766000,Stylized
1766000,Surreal
1767320,2D
1767320,Adventure
1767320,Cartoony
1767320,Casual
1767320,Cute
1767320,Dark
1767320,Escape Room
1767320,Exploration
1767320,Free to Play
1767320,Horror
1767320,Indie
1767320,Magic
1767320,Mystery
1767320,Point & Click
1767320,Puzzle
1767320,Puzzle Platformer
1767320,RPG
1767320,Singleplayer
1767320,Story Rich
1767320,Text-Based
1767580,2D
1767580,Adventure
1767580,Crime
1767580,Dark Fantasy
1767580,Detective
1767580,Hand-drawn
1767580,Hidden Object
1767580,Horror
1767580,Investigation
1767580,Linear
1767580,Mystery
1767580,Narration
1767580,Point & Click
1767580,Psychological Horror
1767580,Puzzle
1767580,Romance
1767580,Story Rich
1767580,Supernatural
1767580,Thriller
1767580,Visual Novel
1769630,Adventure
1769630,Atmospheric
1769630,Casual
1769630,Colorful
1769630,Dark
1769630,Dark Fantasy
1769630,Detective
1769630,Emotional
1769630,Female Protagonist
1769630,Hidden Object
1769630,Horror
1769630,Linear
1769630,Magic
1769630,Mystery
1769630,Point & Click
1769630,Psychological
1769630,Puzzle
1769630,Singleplayer
1769630,Story Rich
1771070,Adventure
1771070,Atmospheric
1771070,Dark
1771070,Demons
1771070,Emotional
1771070,Episodic
1771070,Hidden Object
1771070,Horror
1771070,Mystery
1771070,Narrative
1771070,Pixel Graphics
1771070,Point & Click
1771070,Psychological
1771070,Psychological Horror
1771070,Puzzle
1771070,Singleplayer
1771070,Story Rich
1771070,Supernatural
1771070,Thriller
1771070,Well-Written
1771780,3D
1771780,Adventure
1771780,Atmospheric
1771780,Dark
1771780,Exploration
1771780,First-Person
1771780,Gore
1771780,Horror
1771780,Indie
1771780,Linear
1771780,Lore-Rich
1771780,Mystery
1771780,Psychological Horror
1771780,Puzzle
1771780,Realistic
1771780,Singleplayer
1771780,Story Rich
1771780,Violent
1771930,1980s
1771930,1990's
1771930,2D
1771930,Cinematic
1771930,Cute
1771930,Drama
1771930,Early Access
1771930,Exploration
1771930,Indie
1771930,Multiple Endings
1771930,Mystery
1771930,Pixel Graphics
1771930,Puzzle
1771930,Retro
1771930,RPG
1771930,Singleplayer
1771930,Story Rich
1771930,Strategy
1771930,Survival Horror
1771930,Thriller
1771980,Adventure
1771980,Atmospheric
1771980,Choose Your Own Adventure
1771980,Conspiracy
1771980,Crime
1771980,Detective
1771980,FMV
1771980,Immersive Sim
1771980,Interactive Fiction
1771980,Investigation
1771980,Mystery
1771980,Narration
1771980,Narrative
1771980,Point & Click
1771980,Puzzle
1771980,RPG
1771980,Simulation
1771980,Story Rich
1771980,Thriller
1771980,Visual Novel
1772060,3D
1772060,Adventure
1772060,Anime
1772060,Atmospheric
1772060,Choices Matter
1772060,Detective
1772060,Drama
1772060,Exploration
1772060,Horror
1772060,Indie
1772060,Interactive Fiction
1772060,Lore-Rich
1772060,Mystery
1772060,Old School
1772060,Psychological Horror
1772060,RPG
1772060,Singleplayer
1772060,Story Rich
1772060,Third Person
1772060,Thriller
1772750,2D
1772750,Adventure
1772750,Anime
1772750,Casual
1772750,Detective
1772750,Drama
1772750,Gore
1772750,Indie
1772750,Interactive Fiction
1772750,Multiple Endings
1772750,Mystery
1772750,Puzzle
1772750,Puzzle Platformer
1772750,RPG
1772750,Singleplayer
1772750,Story Rich
1772750,Strategy
1772750,Visual Novel
1777090,Adventure
1777090,Atmospheric
1777090,Casual
1777090,Colorful
1777090,Dark
1777090,Detective
1777090,Female Protagonist
1777090,Hidden Object
1777090,Horror
1777090,Investigation
1777090,Linear
1777090,Magic
1777090,Movie
1777090,Mystery
1777090,Point & Click
1777090,Singleplayer
1777090,Story Rich
1777090,Thriller
1777430,Adventure
1777430,Anime
1777430,Casual
1777430,Cute
1777430,Dating Sim
1777430,Drama
1777430,Emotional
1777430,Horror
1777430,Interactive Fiction
1777430,Multiple Endings
1777430,Mystery
1777430,Romance
1777430,Sexual Content
1777430,Singleplayer
1777430,Story Rich
1777430,Text-Based
1777430,Visual Novel
1777430,Word Game
1777620,3D
1777620,Anime
1777620,Atmospheric
1777620,Character Customization
1777620,Creature Collector
1777620,Cyberpunk
1777620,Demons
1777620,Female Protagonist
1777620,Futuristic
1777620,Great Soundtrack
1777620,JRPG
1777620,Mystery
1777620,Noir
1777620,RPG
1777620,Singleplayer
1777620,Story Rich
1777620,Turn-Based
1777620,Turn-Based Combat
1777620,Violent
1777620,Visual Novel
1777830,Action
1777830,Action-Adventure
1777830,Adventure
1777830,Dark
1777830,First-Person
1777830,FPS
1777830,Hidden Object
1777830,Horror
1777830,Interactive Fiction
1777830,Mystery
1777830,Post-apocalyptic
1777830,Psychological Horror
1777830,Puzzle
1777830,Puzzle Platformer
1777830,Shooter
1777830,Singleplayer
1777830,Story Rich
1777830,Survival
1777830,Survival Horror
1777830,Thriller
1778270,Anime
1778270,Casual
1778270,Crime
1778270,Cute
1778270,Dark
1778270,Detective
1778270,Drama
1778270,Exploration
1778270,Hentai
1778270,Investigation
1778270,JRPG
1778270,Mature
1778270,Multiple Endings
1778270,Mystery
1778270,NSFW
1778270,Nudity
1778270,Puzzle
1778270,Sexual Content
1778270,Story Rich
1778270,Visual Novel
1778870,2D
1778870,Adventure
1778870,Atmospheric
1778870,Detective
1778870,Exploration
1778870,Female Protagonist
1778870,Hand-drawn
1778870,Hidden Object
1778870,Indie
1778870,Interactive Fiction
1778870,Investigation
1778870,Mystery
1778870,Narrative
1778870,Point & Click
1778870,Puzzle
1778870,Retro
1778870,Singleplayer
1778870,Soundtrack
1778870,Story Rich
1778870,Third Person
1779810,2D
1779810,2D Platformer
1779810,Action-Adventure
1779810,Adventure
1779810,Atmospheric
1779810,Indie
1779810,Linear
1779810,Magic
1779810,Mystery
1779810,Nature
1779810,Pixel Graphics
1779810,Platformer
1779810,Puzzle Platformer
1779810,Singleplayer
1779810,Story Rich
1780420,Adventure
1780420,Atmospheric
1780420,Conspiracy
1780420,Dark
1780420,Difficult
1780420,Exploration
1780420,First-Person
1780420,Interactive Fiction
1780420,Mystery
1780420,Narrative
1780420,Open World
1780420,Post-apocalyptic
1780420,Psychological
1780420,Psychological Horror
1780420,Puzzle
1780420,Singleplayer
1780420,Story Rich
1780420,Stylized
1780420,Survival
1780420,Walking Simulator
1782420,Adventure
1782420,Base Building
1782420,Building
1782420,Casual
1782420,Cooking
1782420,Crafting
1782420,CRPG
1782420,Early Access
1782420,Exploration
1782420,Fantasy
1782420,Farming
1782420,Fishing
1782420,Isometric
1782420,Life Sim
1782420,Mystery
1782420,Open World
1782420,Relaxing
1782420,RPG
1782420,Sandbox
1782420,Story Rich
1783380,3D
1783380,Atmospheric
1783380,Casual
1783380,Dark
1783380,Detective
1783380,Drama
1783380,Emotional
1783380,Exploration
1783380,Flight
1783380,Horror
1783380,Linear
1783380,Mystery
1783380,Psychological Horror
1783380,Realistic
1783380,Simulation
1783380,Singleplayer
1783380,Story Rich
1783380,Third Person
1783380,Thriller
1783380,Walking Simulator
1783680,Adventure
1783680,Atmospheric
1783680,Detective
1783680,Drama
1783680,Emotional
1783680,Exploration
1783680,First-Person
1783680,Immersive
1783680,Indie
1783680,Interactive Fiction
1783680,Mystery
1783680,Narrative
1783680,Psychological
1783680,RPG
1783680,Singleplayer
1783680,Story Rich
1783680,Underwater
1783680,Walking Simulator
1785420,2.5D
1785420,3D
1785420,Action-Adventure
1785420,Adventure
1785420,Choices Matter
1785420,Conspiracy
1785420,Dark Humor
1785420,Detective
1785420,Dystopian
1785420,Exploration
1785420,Horror
1785420,Lore-Rich
1785420,Metroidvania
1785420,Mystery
1785420,Nonlinear
1785420,Open World
1785420,Puzzle
1785420,Story Rich
1785420,Time Management
1785420,Time Manipulation
1786030,2D
1786030,Adventure
1786030,Casual
1786030,Colorful
1786030,Cute
1786030,Dark
1786030,Fantasy
1786030,First-Person
1786030,Hand-drawn
1786030,Hidden Object
1786030,Horror
1786030,Logic
1786030,Mystery
1786030,Point & Click
1786030,Psychological Horror
1786030,Puzzle
1786030,Romance
1786030,Singleplayer
1786030,Story Rich
1786030,Visual Novel
1787320,3D
1787320,Adventure
1787320,Atmospheric
1787320,Escape Room
1787320,Exploration
1787320,First-Person
1787320,Historical
1787320,Investigation
1787320,Multiple Endings
1787320,Mystery
1787320,Noir
1787320,Physics
1787320,Psychological
1787320,Puzzle
1787320,Singleplayer
1787320,Story Rich
1787320,Strategy
1787320,Supernatural
1787320,Surreal
1787320,VR
1787420,3D
1787420,Adventure
1787420,Aliens
1787420,Artificial Intelligence
1787420,Atmospheric
1787420,Choose Your Own Adventure
1787420,Cinematic
1787420,Conspiracy
1787420,Conversation
1787420,Exploration
1787420,First-Person
1787420,Futuristic
1787420,Idler
1787420,Immersive Sim
1787420,Mystery
1787420,Realistic
1787420,Sci-fi
1787420,Space
1787420,Story Rich
1787420,Walking Simulator
1787500,Adventure
1787500,Anime
1787500,Indie
1787500,Mystery
1787500,Singleplayer
1787500,Story Rich
1787500,Visual Novel
1788170,2D
1788170,Action-Adventure
1788170,Adventure
1788170,Atmospheric
1788170,Dark
1788170,Drama
1788170,Exploration
1788170,Female Protagonist
1788170,Hand-drawn
1788170,Horror
1788170,Indie
1788170,Mystery
1788170,Psychological Horror
1788170,Puzzle
1788170,RPG
1788170,Singleplayer
1788170,Story Rich
1788170,Stylized
1788170,Supernatural
1788170,Thriller
1788850,2D
1788850,Adventure
1788850,Anime
1788850,Board Game
1788850,Cartoon
1788850,Casual
1788850,Cute
1788850,Detective
1788850,Female Protagonist
1788850,Horror
1788850,Interactive Fiction
1788850,JRPG
1788850,Multiple Endings
1788850,Mystery
1788850,Puzzle
1788850,RPG
1788850,Spelling
1788850,Story Rich
1788850,Trivia
1788850,Visual Novel
1789560,Adventure
1789560,Atmospheric
1789560,Casual
1789560,Colorful
1789560,Cute
1789560,Fantasy
1789560,Female Protagonist
1789560,Hand-drawn
1789560,Hidden Object
1789560,Indie
1789560,Linear
1789560,Magic
1789560,Mystery
1789560,Point & Click
1789560,Puzzle
1789560,Singleplayer
1789560,Story Rich
1790470,Adventure
1790470,Atmospheric
1790470,Casual
1790470,Colorful
1790470,Dark
1790470,Detective
1790470,Female Protagonist
1790470,Hidden Object
1790470,Horror
1790470,Investigation
1790470,Linear
1790470,Mystery
1790470,Point & Click
1790470,Puzzle
1790470,Singleplayer
1790470,Story Rich
1791910,3D
1791910,Action
1791910,Adventure
1791910,Atmospheric
1791910,Co-op
1791910,Dark
1791910,Exploration
1791910,First-Person
1791910,Gore
1791910,Horror
1791910,Indie
1791910,Multiplayer
1791910,Mystery
1791910,Online Co-Op
1791910,Psychological Horror
1791910,Puzzle
1791910,Singleplayer
1791910,Story Rich
1791910,Survival
1791910,Survival Horror
1797060,1980s
1797060,3D
1797060,Action
1797060,Action-Adventure
1797060,Adventure
1797060,Assassin
1797060,Atmospheric
1797060,Exploration
1797060,First-Person
1797060,Gore
1797060,Horror
1797060,Indie
1797060,Linear
1797060,Mystery
1797060,Retro
1797060,Singleplayer
1797060,Story Rich
1797060,Survival Horror
1797060,Thriller
1797060,Violent
1797630,2D
1797630,Adventure
1797630,Card Game
1797630,Choices Matter
1797630,Colorful
1797630,Comedy
1797630,Cute
1797630,Dark
1797630,Emotional
1797630,Gambling
1797630,JRPG
1797630,Mystery
1797630,Noir
1797630,Pixel Graphics
1797630,Retro
1797630,RPG
1797630,Story Rich
1797630,Tabletop
1797630,Top-Down
1797630,Turn-Based Tactics
1797940,Adventure
1797940,Atmospheric
1797940,Casual
1797940,Colorful
1797940,Dark
1797940,Fantasy
1797940,Female Protagonist
1797940,Hidden Object
1797940,Horror
1797940,Linear
1797940,Lore-Rich
1797940,Magic
1797940,Mystery
1797940,Point & Click
1797940,Psychological Horror
1797940,Puzzle
1797940,Singleplayer
1797940,Story Rich
1797940,Thriller
1798300,3D
1798300,3D Platformer
1798300,Action RPG
1798300,Adventure
1798300,Casual
1798300,CRPG
1798300,Detective
1798300,Exploration
1798300,Free to Play
1798300,Linear
1798300,Mystery
1798300,Puzzle
1798300,Puzzle Platformer
1798300,Retro
1798300,RPG
1798300,Singleplayer
1798300,Story Rich
1798300,Strategy RPG
1798300,Tactical RPG
1798300,Third Person
1799140,3D
1799140,3D Platformer
1799140,Adventure
1799140,Cartoony
1799140,Choices Matter
1799140,Detective
1799140,Drama
1799140,Exploration
1799140,Indie
1799140,Interactive Fiction
1799140,Investigation
1799140,Multiple Endings
1799140,Mystery
1799140,Puzzle
1799140,Puzzle Platformer
1799140,RPG
1799140,Simulation
1799140,Singleplayer
1799140,Story Rich
1799140,Third Person
1799560,2D
1799560,Adventure
1799560,Atmospheric
1799560,Dark
1799560,Dark Humor
1799560,Escape Room
1799560,Funny
1799560,Hand-drawn
1799560,Hidden Object
1799560,Horror
1799560,Indie
1799560,Linear
1799560,Logic
1799560,Mystery
1799560,Point & Click
1799560,Psychological Horror
1799560,Puzzle
1799560,Singleplayer
1799560,Story Rich
1799560,Surreal
1800790,3D
1800790,3D Platformer
1800790,Atmospheric
1800790,Cinematic
1800790,Dark
1800790,Exploration
1800790,First-Person
1800790,Horror
1800790,Indie
1800790,Linear
1800790,Mystery
1800790,Psychological
1800790,Psychological Horror
1800790,Realistic
1800790,Retro
1800790,Simulation
1800790,Singleplayer
1800790,Story Rich
1800790,Thriller
1800790,Walking Simulator
1801230,2D
1801230,Anime
1801230,Cartoon
1801230,Choices Matter
1801230,Choose Your Own Adventure
1801230,Cute
1801230,Drama
1801230,Female Protagonist
1801230,Free to Play
1801230,Indie
1801230,Investigation
1801230,Multiple Endings
1801230,Mystery
1801230,RPG
1801230,Singleplayer
1801230,Story Rich
1801230,Stylized
1801230,Third Person
1801230,Thriller
1801230,Visual Novel
1804970,2D
1804970,Action-Adventure
1804970,Adventure
1804970,Alternate History
1804970,Anime
1804970,Casual
1804970,Colorful
1804970,Drama
1804970,Fantasy
1804970,Free to Play
1804970,Hand-drawn
1804970,Historical
1804970,LGBTQ+
1804970,Linear
1804970,Mystery
1804970,Narration
1804970,Singleplayer
1804970,Story Rich
1804970,Vampire
1804970,Visual Novel
1805040,3D
1805040,Action
1805040,Adventure
1805040,Atmospheric
1805040,Cinematic
1805040,Dark
1805040,First-Person
1805040,Horror
1805040,Indie
1805040,Mystery
1805040,Psychological
1805040,Psychological Horror
1805040,Puzzle
1805040,Realistic
1805040,Short
1805040,Simulation
1805040,Singleplayer
1805040,Story Rich
1805040,Thriller
1805040,Walking Simulator
1808630,3D
1808630,3D Platformer
1808630,Action-Adventure
1808630,Adventure
1808630,Casual
1808630,Dark
1808630,Demons
1808630,Indie
1808630,Multiple Endings
1808630,Mystery
1808630,Platformer
1808630,Realistic
1808630,Sci-fi
1808630,Singleplayer
1808630,Story Rich
1808630,Supernatural
1808630,Thriller
1809420,Action
1809420,Action-Adventure
1809420,Cinematic
1809420,Combat
1809420,Conspiracy
1809420,Detective
1809420,Difficult
1809420,Modern
1809420,Mystery
1809420,Shooter
1809420,Singleplayer
1809420,Stealth
1809420,Story Rich
1809420,Superhero
1809420,Supernatural
1809420,Tactical
1809420,Third Person
1809420,Third-Person Shooter
1809420,Thriller
1809420,Transhumanism
1809700,Adventure
1809700,Anime
1809700,Dark
1809700,Dating Sim
1809700,Emotional
1809700,Female Protagonist
1809700,Great Soundtrack
1809700,JRPG
1809700,Multiple Endings
1809700,Mystery
1809700,Party-Based RPG
1809700,RPG
1809700,Sexual Content
1809700,Singleplayer
1809700,Story Rich
1809700,Strategy
1809700,Turn-Based Combat
1809700,Turn-Based Strategy
1809700,Violent
1809700,Visual Novel
1810270,1990's
1810270,2D
1810270,Adventure
1810270,Atmospheric
1810270,Conspiracy
1810270,Exploration
1810270,Fantasy
1810270,Female Protagonist
1810270,Funny
1810270,Indie
1810270,LGBTQ+
1810270,Mystery
1810270,Old School
1810270,Pixel Graphics
1810270,Point & Click
1810270,Puzzle
1810270,Retro
1810270,Sci-fi
1810270,Singleplayer
1810270,Story Rich
1811480,3D
1811480,Adventure
1811480,Atmospheric
1811480,Casual
1811480,First-Person
1811480,Free to Play
1811480,Hidden Object
1811480,Historical
1811480,Horror
1811480,Immersive Sim
1811480,Indie
1811480,Multiplayer
1811480,Mystery
1811480,Realistic
1811480,Simulation
1811480,Singleplayer
1811480,Story Rich
1811480,Survival Horror
1811480,Underground
1812090,3D
1812090,Adventure
1812090,Cartoony
1812090,Casual
1812090,Co-op
1812090,Colorful
1812090,Controller
1812090,Escape Room
1812090,First-Person
1812090,Local Co-Op
1812090,Local Multiplayer
1812090,Multiplayer
1812090,Mystery
1812090,Online Co-Op
1812090,Puzzle
1812090,Singleplayer
1812090,Split Screen
1812090,Story Rich
1812090,Team-Based
1812090,Visual Novel
1812370,1990's
1812370,2D
1812370,Adventure
1812370,Anime
1812370,Choices Matter
1812370,Controller
1812370,Dating Sim
1812370,Exploration
1812370,Female Protagonist
1812370,Horror
1812370,LGBTQ+
1812370,Multiple Endings
1812370,Mystery
1812370,Puzzle
1812370,Resource Management
1812370,Romance
1812370,RPG
1812370,Singleplayer
1812370,Story Rich
1812370,Time Management
1812400,Casual
1812400,Choices Matter
1812400,Choose Your Own Adventure
1812400,Comedy
1812400,Conversation
1812400,Dark Comedy
1812400,Detective
1812400,FMV
1812400,Indie
1812400,Interactive Fiction
1812400,Movie
1812400,Multiple Endings
1812400,Mystery
1812400,Relaxing
1812400,Singleplayer
1812400,Story Rich
1813170,3D
1813170,Action
1813170,Action-Adventure
1813170,Atmospheric
1813170,Colorful
1813170,Dark
1813170,Early Access
1813170,Exploration
1813170,First-Person
1813170,Horror
1813170,Multiplayer
1813170,Multiple Endings
1813170,Mystery
1813170,Open World
1813170,Psychological Horror
1813170,Realistic
1813170,Singleplayer
1813170,Story Rich
1813170,Strategy
1813170,Survival Horror
1813820,2D
1813820,Anime
1813820,Colorful
1813820,Crime
1813820,Cute
1813820,Exploration
1813820,Fantasy
1813820,Female Protagonist
1813820,JRPG
1813820,Linear
1813820,Magic
1813820,Mystery
1813820,Party-Based RPG
1813820,Quick-Time Events
1813820,Relaxing
1813820,RPG
1813820,Singleplayer
1813820,Stealth
1813820,Story Rich
1813820,Turn-Based Combat
1814260,3D
1814260,Adventure
1814260,Atmospheric
1814260,Casual
1814260,Choices Matter
1814260,Choose Your Own Adventure
1814260,Cinematic
1814260,Conversation
1814260,Crime
1814260,Dark
1814260,Detective
1814260,Drama
1814260,Dynamic Narration
1814260,Interactive Fiction
1814260,Mystery
1814260,Psychological
1814260,Realistic
1814260,Story Rich
1814260,Thriller
1814260,Visual Novel
1814930,2D
1814930,Adventure
1814930,Anime
1814930,Casual
1814930,Choices Matter
1814930,Choose Your Own Adventure
1814930,Collectathon
1814930,Conversation
1814930,Demons
1814930,Exploration
1814930,Fantasy
1814930,Hand-drawn
1814930,Interactive Fiction
1814930,Investigation
1814930,Multiple Endings
1814930,Mystery
1814930,Singleplayer
1814930,Story Rich
1814930,Supernatural
1814930,Visual Novel
1815970,2D
1815970,Adventure
1815970,Anime
1815970,Casual
1815970,Choices Matter
1815970,Choose Your Own Adventure
1815970,Colorful
1815970,Comedy
1815970,Cute
1815970,Dating Sim
1815970,Fantasy
1815970,Interactive Fiction
1815970,Magic
1815970,Multiple Endings
1815970,Mystery
1815970,Romance
1815970,Simulation
1815970,Singleplayer
1815970,Story Rich
1815970,Visual Novel
1816710,Adventure
1816710,Anime
1816710,Character Customization
1816710,Choices Matter
1816710,Choose Your Own Adventure
1816710,Cute
1816710,Dark Fantasy
1816710,Dating Sim
1816710,Drama
1816710,Fantasy
1816710,Female Protagonist
1816710,Horror
1816710,Interactive Fiction
1816710,LGBTQ+
1816710,Multiple Endings
1816710,Mystery
1816710,Nudity
1816710,Romance
1816710,Story Rich
1816710,Visual Novel
1817250,2D
1817250,Adventure
1817250,Atmospheric
1817250,Casual
1817250,Free to Play
1817250,Multiple Endings
1817250,Mystery
1817250,Short
1817250,Singleplayer
1817250,Story Rich
1817250,Stylized
1817250,Supernatural
1817250,Third Person
1817250,Visual Novel
1819120,2D
1819120,2D Platformer
1819120,Adventure
1819120,Anime
1819120,Casual
1819120,Detective
1819120,Drama
1819120,Gore
1819120,Interactive Fiction
1819120,JRPG
1819120,Multiple Endings
1819120,Mystery
1819120,Puzzle
1819120,Puzzle Platformer
1819120,RPG
1819120,Singleplayer
1819120,Story Rich
1819120,Strategy
1819120,Visual Novel
1819120,Word Game
1819860,3D
1819860,Action
1819860,Adventure
1819860,Artificial Intelligence
1819860,Casual
1819860,Cinematic
1819860,Exploration
1819860,First-Person
1819860,Futuristic
1819860,Horror
1819860,Mystery
1819860,Puzzle
1819860,Singleplayer
1819860,Stealth
1819860,Story Rich
1820430,Adventure
1820430,Cyberpunk
1820430,Detective
1820430,Dystopian
1820430,Exploration
1820430,Interactive Fiction
1820430,Investigation
1820430,Logic
1820430,Mystery
1820430,Narration
1820430,Noir
1820430,Open World
1820430,Philosophical
1820430,Point & Click
1820430,Puzzle
1820430,Robots
1820430,Sci-fi
1820430,Story Rich
1820430,Third Person
1820430,Voxel
1821870,Action
1821870,Adventure
1821870,Aliens
1821870,Alternate History
1821870,Atmospheric
1821870,Colorful
1821870,Controller
1821870,Cute
1821870,Dark
1821870,Dark Fantasy
1821870,Fantasy
1821870,Indie
1821870,Linear
1821870,Mystery
1821870,Platformer
1821870,Puzzle
1821870,Puzzle Platformer
1821870,Singleplayer
1821870,Story Rich
1821870,Stylized
1822530,Adventure
1822530,Atmospheric
1822530,Choices Matter
1822530,Dark
1822530,Dark Fantasy
1822530,Emotional
1822530,Female Protagonist
1822530,First-Person
1822530,Horror
1822530,Interactive Fiction
1822530,Magic
1822530,Minimalist
1822530,Multiple Endings
1822530,Mystery
1822530,Noir
1822530,Psychological Horror
1822530,Singleplayer
1822530,Story Rich
1822530,Supernatural
1822530,Visual Novel
1822900,2.5D
1822900,Casual
1822900,Choices Matter
1822900,Choose Your Own Adventure
1822900,Crime
1822900,Detective
1822900,Interactive Fiction
1822900,Investigation
1822900,Logic
1822900,Multiple Endings
1822900,Mystery
1822900,Psychological
1822900,Puzzle
1822900,Retro
1822900,RPG
1822900,Singleplayer
1822900,Story Rich
1822900,Stylized
1822900,Survival
1822900,Time Management
1825350,Adventure
1825350,Atmospheric
1825350,Casual
1825350,Colorful
1825350,Dark
1825350,Detective
1825350,Fantasy
1825350,Female Protagonist
1825350,Hidden Object
1825350,Investigation
1825350,Linear
1825350,Mystery
1825350,Point & Click
1825350,Puzzle
1825350,Singleplayer
1825350,Story Rich
1825390,Action-Adventure
1825390,Adventure
1825390,Artificial Intelligence
1825390,Atmospheric
1825390,Conspiracy
1825390,Dark
1825390,Exploration
1825390,First-Person
1825390,Gore
1825390,Horror
1825390,Indie
1825390,Linear
1825390,Mystery
1825390,Psychological Horror
1825390,Realistic
1825390,Singleplayer
1825390,Stealth
1825390,Story Rich
1825390,Survival Horror
1825390,Thriller
1825650,2D
1825650,Atmospheric
1825650,Casual
1825650,Choices Matter
1825650,Dark
1825650,Drama
1825650,Emotional
1825650,Exploration
1825650,Indie
1825650,Multiple Endings
1825650,Mystery
1825650,Pixel Graphics
1825650,Point & Click
1825650,RPG
1825650,Side Scroller
1825650,Soundtrack
1825650,Story Rich
1825650,Surreal
1825650,Walking Simulator
1825650,Zombies
1825930,Adventure
1825930,Anime
1825930,Casual
1825930,Comic Book
1825930,Cute
1825930,Detective
1825930,Drama
1825930,Female Protagonist
1825930,Indie
1825930,Multiple Endings
1825930,Mystery
1825930,Singleplayer
1825930,Story Rich
1825930,Thriller
1825930,Visual Novel
1825930,Word Game
1828910,Adventure
1828910,Atmospheric
1828910,Cinematic
1828910,Conversation
1828910,Exploration
1828910,FMV
1828910,Interactive Fiction
1828910,Investigation
1828910,Multiple Endings
1828910,Mystery
1828910,Narration
1828910,Old School
1828910,Point & Click
1828910,Psychological
1828910,Realistic
1828910,Side Scroller
1828910,Singleplayer
1828910,Story Rich
1828910,Supernatural
1828910,Survival
1829810,3D
1829810,Adventure
1829810,Atmospheric
1829810,Colorful
1829810,Comedy
1829810,Emotional
1829810,Exploration
1829810,Free to Play
1829810,Horror
1829810,Indie
1829810,Multiple Endings
1829810,Mystery
1829810,Nostalgia
1829810,Open World
1829810,Singleplayer
1829810,Story Rich
1829810,Walking Simulator
1829980,2D
1829980,Adventure
1829980,Anime
1829980,Casual
1829980,Choices Matter
1829980,Colorful
1829980,Comedy
1829980,Cute
1829980,Emotional
1829980,FPS
1829980,Funny
1829980,Multiple Endings
1829980,Mystery
1829980,Nudity
1829980,Relaxing
1829980,Romance
1829980,Sexual Content
1829980,Singleplayer
1829980,Story Rich
1829980,Visual Novel
1830260,2D
1830260,Adventure
1830260,Casual
1830260,Crime
1830260,Dark
1830260,Detective
1830260,Drama
1830260,Hand-drawn
1830260,Hidden Object
1830260,Investigation
1830260,Logic
1830260,Mystery
1830260,Narration
1830260,Noir
1830260,Point & Click
1830260,Puzzle
1830260,Romance
1830260,Story Rich
1830260,Supernatural
1830260,Visual Novel
1830270,Adventure
1830270,Comedy
1830270,Dark
1830270,Dark Comedy
1830270,Dark Humor
1830270,Exploration
1830270,Fantasy
1830270,Free to Play
1830270,Funny
1830270,Hidden Object
1830270,Investigation
1830270,Lore-Rich
1830270,Mystery
1830270,Pixel Graphics
1830270,Psychological Horror
1830270,RPG
1830270,RPGMaker
1830270,Sandbox
1830270,Story Rich
1830270,Stylized
1831870,3D
1831870,Adventure
1831870,Atmospheric
1831870,Dark
1831870,Drama
1831870,Exploration
1831870,First-Person
1831870,Horror
1831870,Indie
1831870,Linear
1831870,Mystery
1831870,Psychedelic
1831870,Psychological
1831870,Psychological Horror
1831870,Puzzle
1831870,Singleplayer
1831870,Story Rich
1831870,Supernatural
1831870,Surreal
1831870,Walking Simulator
1832030,2D
1832030,Anime
1832030,Casual
1832030,Choices Matter
1832030,Choose Your Own Adventure
1832030,Dark Fantasy
1832030,Dating Sim
1832030,Emotional
1832030,Female Protagonist
1832030,Hand-drawn
1832030,Horror
1832030,Interactive Fiction
1832030,LGBTQ+
1832030,Mystery
1832030,Psychological Horror
1832030,Romance
1832030,Simulation
1832030,Story Rich
1832030,Text-Based
1832030,Visual Novel
1832250,Adventure
1832250,Atmospheric
1832250,Casual
1832250,Colorful
1832250,Detective
1832250,Family Friendly
1832250,Female Protagonist
1832250,Hidden Object
1832250,Investigation
1832250,Linear
1832250,Magic
1832250,Mystery
1832250,Singleplayer
1832250,Snow
1832250,Story Rich
1834620,Action-Adventure
1834620,Atmospheric
1834620,Cinematic
1834620,Exploration
1834620,First-Person
1834620,FPS
1834620,Historical
1834620,Horror
1834620,Investigation
1834620,Lovecraftian
1834620,Mystery
1834620,Mythology
1834620,Narration
1834620,Open World
1834620,Psychological Horror
1834620,Singleplayer
1834620,Story Rich
1834620,Survival Horror
1834620,Underwater
1834620,VR
1835510,3D
1835510,Atmospheric
1835510,Casual
1835510,Conversation
1835510,Drama
1835510,Emotional
1835510,Exploration
1835510,First-Person
1835510,Hand-drawn
1835510,Interactive Fiction
1835510,Linear
1835510,Multiple Endings
1835510,Mystery
1835510,Psychological Horror
1835510,Singleplayer
1835510,Story Rich
1835510,Stylized
1835510,Supernatural
1835510,Visual Novel
1835510,Walking Simulator
1835810,2D
1835810,Anime
1835810,Atmospheric
1835810,Choose Your Own Adventure
1835810,Dark
1835810,Female Protagonist
1835810,Horror
1835810,Indie
1835810,LGBTQ+
1835810,Linear
1835810,Multiple Endings
1835810,Mystery
1835810,Psychological
1835810,Psychological Horror
1835810,Short
1835810,Simulation
1835810,Singleplayer
1835810,Story Rich
1835810,Thriller
1835810,Visual Novel
1837220,3D
1837220,Adventure
1837220,Atmospheric
1837220,Creature Collector
1837220,Dark
1837220,Exploration
1837220,First-Person
1837220,Gore
1837220,Horror
1837220,Indie
1837220,Linear
1837220,Mystery
1837220,Psychological Horror
1837220,Puzzle
1837220,Realistic
1837220,Singleplayer
1837220,Story Rich
1837220,Surreal
1837220,Thriller
1837220,Walking Simulator
1837620,3D
1837620,Adventure
1837620,Casual
1837620,Exploration
1837620,Fantasy
1837620,First-Person
1837620,Free to Play
1837620,Hidden Object
1837620,Indie
1837620,Linear
1837620,Mystery
1837620,Nature
1837620,Physics
1837620,Puzzle
1837620,Puzzle Platformer
1837620,Singleplayer
1837620,Stealth
1837620,Story Rich
1837620,Surreal
1837620,Walking Simulator
1838340,3D
1838340,Action-Adventure
1838340,Adventure
1838340,Atmospheric
1838340,Collectathon
1838340,Crime
1838340,Dark
1838340,Dark Humor
1838340,Drama
1838340,Emotional
1838340,Exploration
1838340,First-Person
1838340,Hidden Object
1838340,Horror
1838340,Mystery
1838340,Pixel Graphics
1838340,Psychological Horror
1838340,Stealth
1838340,Story Rich
1838340,Walking Simulator
1839260,Adventure
1839260,Atmospheric
1839260,Casual
1839260,Colorful
1839260,Dark
1839260,Detective
1839260,Family Friendly
1839260,Female Protagonist
1839260,Hidden Object
1839260,Horror
1839260,Investigation
1839260,Linear
1839260,Magic
1839260,Mystery
1839260,Puzzle
1839260,Singleplayer
1839260,Story Rich
1840450,Adventure
1840450,Atmospheric
1840450,Choices Matter
1840450,Choose Your Own Adventure
1840450,Drama
1840450,Emotional
1840450,Exploration
1840450,Female Protagonist
1840450,Hidden Object
1840450,Interactive Fiction
1840450,Investigation
1840450,LGBTQ+
1840450,Multiple Endings
1840450,Mystery
1840450,Noir
1840450,Point & Click
1840450,Puzzle
1840450,Story Rich
1840450,Supernatural
1840450,Visual Novel
1840700,2D
1840700,2D Platformer
1840700,Action
1840700,Adventure
1840700,Controller
1840700,Dark Humor
1840700,Exploration
1840700,Funny
1840700,Investigation
1840700,Metroidvania
1840700,Minimalist
1840700,Mystery
1840700,Open World
1840700,Pixel Graphics
1840700,Platformer
1840700,Relaxing
1840700,Robots
1840700,Sci-fi
1840700,Space
1840700,Story Rich
1840770,2D
1840770,Atmospheric
1840770,Choices Matter
1840770,Choose Your Own Adventure
1840770,Conversation
1840770,Dark
1840770,Demons
1840770,Hand-drawn
1840770,Horror
1840770,Lovecraftian
1840770,Multiple Endings
1840770,Mystery
1840770,Narration
1840770,Psychedelic
1840770,RPG
1840770,Snow
1840770,Story Rich
1840770,Stylized
1840770,Text-Based
1840770,Visual Novel
1844540,2D
1844540,Adventure
1844540,Casual
1844540,Crime
1844540,Dark
1844540,Detective
1844540,Hand-drawn
1844540,Hidden Object
1844540,Inventory Management
1844540,Investigation
1844540,Logic
1844540,Mystery
1844540,Narration
1844540,Noir
1844540,Point & Click
1844540,Psychological Horror
1844540,Puzzle
1844540,Singleplayer
1844540,Story Rich
1844540,Visual Novel
1844550,Adventure
1844550,Atmospheric
1844550,Casual
1844550,Colorful
1844550,Dark
1844550,Dark Fantasy
1844550,Emotional
1844550,Hand-drawn
1844550,Hidden Object
1844550,Linear
1844550,Logic
1844550,Minigames
1844550,Mystery
1844550,Narration
1844550,Point & Click
1844550,Puzzle
1844550,Relaxing
1844550,Story Rich
1844550,Stylized
1844550,Visual Novel
1845480,2D
1845480,Adventure
1845480,Atmospheric
1845480,Dark Fantasy
1845480,Drama
1845480,Female Protagonist
1845480,First-Person
1845480,Hand-drawn
1845480,Hidden Object
1845480,Horror
1845480,Linear
1845480,Mystery
1845480,Point & Click
1845480,Psychological Horror
1845480,Puzzle
1845480,Romance
1845480,Story Rich
1845480,Supernatural
1845480,Visual Novel
1845480,Werewolves
1847130,Adventure
1847130,Anime
1847130,Crime
1847130,Detective
1847130,Female Protagonist
1847130,Free to Play
1847130,Indie
1847130,Investigation
1847130,Mystery
1847130,Point & Click
1847130,Singleplayer
1847130,Story Rich
1847130,Text-Based
1847130,Visual Novel
1848840,Adventure
1848840,Atmospheric
1848840,Choices Matter
1848840,Conversation
1848840,Dark
1848840,Dark Fantasy
1848840,Dark Humor
1848840,Drama
1848840,Fantasy
1848840,Interactive Fiction
1848840,Linear
1848840,Magic
1848840,Medieval
1848840,Mystery
1848840,Politics
1848840,Story Rich
1848840,Text-Based
1848840,Transhumanism
1848840,Visual Novel
1848840,Wargame
1849040,3D
1849040,Adventure
1849040,Atmospheric
1849040,Cinematic
1849040,Dark
1849040,First-Person
1849040,Fishing
1849040,Horror
1849040,Indie
1849040,Interactive Fiction
1849040,Linear
1849040,Mystery
1849040,Psychological
1849040,Psychological Horror
1849040,Singleplayer
1849040,Story Rich
1849040,Stylized
1849040,Surreal
1849040,Survival Horror
1849040,Walking Simulator
1849570,2D
1849570,2D Platformer
1849570,Adventure
1849570,Anime
1849570,Drama
1849570,Emotional
1849570,Gore
1849570,Hand-drawn
1849570,Interactive Fiction
1849570,Multiple Endings
1849570,Mystery
1849570,Psychological Horror
1849570,Romance
1849570,Singleplayer
1849570,Story Rich
1849570,Text-Based
1849570,Violent
1849570,Visual Novel
1849570,Word Game
1850550,3D
1850550,Atmospheric
1850550,Casual
1850550,Co-op
1850550,Dark
1850550,Hidden Object
1850550,Horror
1850550,Indie
1850550,Logic
1850550,Lovecraftian
1850550,Mystery
1850550,Narration
1850550,Psychological
1850550,Psychological Horror
1850550,Puzzle
1850550,Realistic
1850550,Singleplayer
1850550,Sokoban
1850550,Story Rich
1850550,Tabletop
1853830,3D
1853830,Choices Matter
1853830,Choose Your Own Adventure
1853830,Crime
1853830,Dark
1853830,Dating Sim
1853830,Drama
1853830,Early Access
1853830,Emotional
1853830,Interactive Fiction
1853830,Mature
1853830,Multiple Endings
1853830,Mystery
1853830,NSFW
1853830,Nudity
1853830,Romance
1853830,Sexual Content
1853830,Simulation
1853830,Story Rich
1853830,Visual Novel
1854050,Action
1854050,Adventure
1854050,Casual
1854050,Dark Fantasy
1854050,Demons
1854050,Drama
1854050,Exploration
1854050,First-Person
1854050,FPS
1854050,Hidden Object
1854050,Horror
1854050,Interactive Fiction
1854050,Magic
1854050,Mystery
1854050,Narration
1854050,Psychological
1854050,Psychological Horror
1854050,Realistic
1854050,Story Rich
1854050,Thriller
1855220,Adventure
1855220,Atmospheric
1855220,Dark
1855220,Demons
1855220,Exploration
1855220,First-Person
1855220,Hand-drawn
1855220,Hidden Object
1855220,Horror
1855220,Logic
1855220,Lovecraftian
1855220,Minimalist
1855220,Multiple Endings
1855220,Mystery
1855220,Point & Click
1855220,Puzzle
1855220,Singleplayer
1855220,Story Rich
1855220,Supernatural
1855220,Surreal
1856860,2D
1856860,Atmospheric
1856860,Casual
1856860,Colorful
1856860,Cute
1856860,Detective
1856860,Drama
1856860,Fantasy
1856860,Hand-drawn
1856860,Hidden Object
1856860,Investigation
1856860,Logic
1856860,Magic
1856860,Mystery
1856860,Narration
1856860,Point & Click
1856860,Puzzle
1856860,Romance
1856860,Story Rich
1856860,Visual Novel
1857160,Adventure
1857160,Atmospheric
1857160,Casual
1857160,Colorful
1857160,Detective
1857160,Family Friendly
1857160,Female Protagonist
1857160,Hidden Object
1857160,Investigation
1857160,Linear
1857160,Magic
1857160,Mystery
1857160,Point & Click
1857160,Puzzle
1857160,Singleplayer
1857160,Story Rich
1857910,3D
1857910,Adventure
1857910,Casual
1857910,First-Person
1857910,FPS
1857910,Hidden Object
1857910,Indie
1857910,Investigation
1857910,Mystery
1857910,Relaxing
1857910,Singleplayer
1857910,Story Rich
1857910,Walking Simulator
1859020,3D
1859020,Action
1859020,Action-Adventure
1859020,Adventure
1859020,Choices Matter
1859020,Co-op
1859020,Collectathon
1859020,Exploration
1859020,Fantasy
1859020,Free to Play
1859020,Horror
1859020,Indie
1859020,Magic
1859020,Multiple Endings
1859020,Mystery
1859020,Psychological Horror
1859020,Puzzle
1859020,Singleplayer
1859020,Story Rich
1859020,Third Person
1861440,Adventure
1861440,Atmospheric
1861440,Crafting
1861440,Cute
1861440,Dark
1861440,Detective
1861440,Emotional
1861440,Escape Room
1861440,Exploration
1861440,Female Protagonist
1861440,Hand-drawn
1861440,Horror
1861440,Investigation
1861440,Magic
1861440,Multiple Endings
1861440,Mystery
1861440,Psychological Horror
1861440,Puzzle
1861440,Story Rich
1861440,Supernatural
1865220,3D
1865220,Adventure
1865220,Atmospheric
1865220,Exploration
1865220,First-Person
1865220,Gore
1865220,Horror
1865220,Indie
1865220,Mystery
1865220,Psychological Horror
1865220,Puzzle
1865220,Simulation
1865220,Singleplayer
1865220,Story Rich
1865220,Walking Simulator
1865680,2D
1865680,2D Platformer
1865680,Adventure
1865680,Anime
1865680,Casual
1865680,Choices Matter
1865680,Detective
1865680,Indie
1865680,Modern
1865680,Multiple Endings
1865680,Mystery
1865680,Nudity
1865680,Singleplayer
1865680,Story Rich
1865680,Text-Based
1865680,Visual Novel
1868070,2D
1868070,Adventure
1868070,Co-op
1868070,Crime
1868070,Detective
1868070,Escape Room
1868070,Indie
1868070,Investigation
1868070,Multiplayer
1868070,Mystery
1868070,Online Co-Op
1868070,Party
1868070,Point & Click
1868070,Puzzle
1868070,Short
1868070,Side Scroller
1868070,Story Rich
1868070,Supernatural
1868070,Team-Based
1868070,Visual Novel
1871350,2D
1871350,Atmospheric
1871350,Casual
1871350,Conversation
1871350,Detective
1871350,Drama
1871350,Emotional
1871350,Exploration
1871350,Interactive Fiction
1871350,Investigation
1871350,Life Sim
1871350,Mystery
1871350,Pixel Graphics
1871350,Puzzle
1871350,Retro
1871350,Short
1871350,Simulation
1871350,Singleplayer
1871350,Story Rich
1871350,Text-Based
1871510,Action
1871510,Adventure
1871510,Atmospheric
1871510,Choices Matter
1871510,Collectathon
1871510,Dark
1871510,Exploration
1871510,First-Person
1871510,Gore
1871510,Horror
1871510,Investigation
1871510,Multiple Endings
1871510,Mystery
1871510,Psychological Horror
1871510,Puzzle
1871510,Realistic
1871510,Singleplayer
1871510,Story Rich
1871510,Thriller
1871510,Walking Simulator
1872780,2D
1872780,Adventure
1872780,Atmospheric
1872780,Cinematic
1872780,Conversation
1872780,Cyberpunk
1872780,Detective
1872780,Exploration
1872780,Hand-drawn
1872780,Linear
1872780,Mystery
1872780,Noir
1872780,Point & Click
1872780,Puzzle
1872780,Sci-fi
1872780,Space
1872780,Story Rich
1872780,Stylized
1872780,Supernatural
1872780,Thriller
1873440,2D
1873440,Adventure
1873440,Arcade
1873440,Casual
1873440,Dark Humor
1873440,Dynamic Narration
1873440,Interactive Fiction
1873440,Linear
1873440,Mystery
1873440,Pixel Graphics
1873440,Psychological Horror
1873440,Puzzle
1873440,Romance
1873440,RPG
1873440,Singleplayer
1873440,Split Screen
1873440,Story Rich
1873440,Surreal
1873440,Top-Down
1873440,Visual Novel
1873860,3D
1873860,Adventure
1873860,Atmospheric
1873860,Conversation
1873860,Detective
1873860,Exploration
1873860,Fantasy
1873860,Female Protagonist
1873860,Free to Play
1873860,Interactive Fiction
1873860,Investigation
1873860,Linear
1873860,Mystery
1873860,RPG
1873860,Singleplayer
1873860,Story Rich
1873860,Stylized
1873860,Third Person
1873860,Visual Novel
1873860,Walking Simulator
1874000,Action
1874000,Adventure
1874000,Atmospheric
1874000,Choices Matter
1874000,Choose Your Own Adventure
1874000,Cinematic
1874000,Drama
1874000,Emotional
1874000,Female Protagonist
1874000,Great Soundtrack
1874000,LGBTQ+
1874000,Multiple Endings
1874000,Mystery
1874000,Narrative
1874000,Romance
1874000,Singleplayer
1874000,Story Rich
1874000,Stylized
1874000,Supernatural
1874000,Third Person
1874200,1990's
1874200,3D
1874200,Adventure
1874200,Atmospheric
1874200,Emotional
1874200,Exploration
1874200,Indie
1874200,Linear
1874200,Minimalist
1874200,Mystery
1874200,Pixel Graphics
1874200,Point & Click
1874200,Psychological
1874200,Singleplayer
1874200,Story Rich
1874200,Supernatural
1874200,Third Person
1874200,Walking Simulator
1874260,2D
1874260,Character Customization
1874260,Fantasy
1874260,Isometric
1874260,JRPG
1874260,Linear
1874260,Mystery
1874260,Party-Based RPG
1874260,Pixel Graphics
1874260,RPG
1874260,Sci-fi
1874260,Singleplayer
1874260,Story Rich
1874260,Strategy
1874260,Strategy RPG
1874260,Tactical
1874260,Tactical RPG
1874260,Turn-Based Combat
1874260,Turn-Based Strategy
1874260,Turn-Based Tactics
1875530,Adventure
1875530,Atmospheric
1875530,Casual
1875530,Colorful
1875530,Dark
1875530,Detective
1875530,Female Protagonist
1875530,Hidden Object
1875530,Horror
1875530,Investigation
1875530,Linear
1875530,Mystery
1875530,Narration
1875530,Point & Click
1875530,Puzzle
1875530,Singleplayer
1875530,Story Rich
1877460,3D
1877460,Action
1877460,Atmospheric
1877460,Cinematic
1877460,Dark
1877460,Detective
1877460,Dynamic Narration
1877460,Emotional
1877460,Exploration
1877460,FMV
1877460,Hidden Object
1877460,Horror
1877460,Investigation
1877460,Logic
1877460,Mystery
1877460,Psychological Horror
1877460,Puzzle
1877460,Realistic
1877460,Story Rich
1877460,Supernatural
1879380,2D
1879380,Adventure
1879380,Atmospheric
1879380,Casual
1879380,Cinematic
1879380,Detective
1879380,Drama
1879380,First-Person
1879380,Hand-drawn
1879380,Horror
1879380,Immersive Sim
1879380,Interactive Fiction
1879380,Mystery
1879380,Puzzle
1879380,RPG
1879380,Story Rich
1879380,Supernatural
1879380,Thriller
1879380,Visual Novel
1879380,Word Game
1879690,2D
1879690,Adventure
1879690,Atmospheric
1879690,Casual
1879690,Colorful
1879690,Cute
1879690,Dark
1879690,Fantasy
1879690,First-Person
1879690,Hand-drawn
1879690,Hidden Object
1879690,Logic
1879690,Magic
1879690,Mystery
1879690,Point & Click
1879690,Puzzle
1879690,Relaxing
1879690,Singleplayer
1879690,Story Rich
1879690,Visual Novel
1880330,2D
1880330,Adventure
1880330,Atmospheric
1880330,Colorful
1880330,Crime
1880330,Detective
1880330,Drama
1880330,Emotional
1880330,Fantasy
1880330,Hand-drawn
1880330,Investigation
1880330,Mystery
1880330,Old School
1880330,Puzzle
1880330,Puzzle Platformer
1880330,Retro
1880330,RPG
1880330,Story Rich
1880330,Surreal
1880330,Visual Novel
1881120,3D
1881120,Adventure
1881120,Atmospheric
1881120,Casual
1881120,Conversation
1881120,Exploration
1881120,First-Person
1881120,Indie
1881120,Mystery
1881120,Narration
1881120,Retro
1881120,Sci-fi
1881120,Short
1881120,Singleplayer
1881120,Space
1881120,Story Rich
1881120,Thriller
1881120,Walking Simulator
1881950,Adventure
1881950,Anime
1881950,Casual
1881950,Choices Matter
1881950,Choose Your Own Adventure
1881950,Comedy
1881950,Cute
1881950,Dating Sim
1881950,Drama
1881950,Emotional
1881950,Fantasy
1881950,Female Protagonist
1881950,First-Person
1881950,Magic
1881950,Multiple Endings
1881950,Mystery
1881950,Otome
1881950,Romance
1881950,Story Rich
1881950,Visual Novel
1884800,3D
1884800,Action
1884800,Adventure
1884800,Atmospheric
1884800,Cinematic
1884800,Dark
1884800,First-Person
1884800,Gore
1884800,Horror
1884800,Indie
1884800,Mystery
1884800,Psychological
1884800,Psychological Horror
1884800,Puzzle
1884800,Realistic
1884800,Simulation
1884800,Singleplayer
1884800,Story Rich
1884800,Thriller
1884800,Walking Simulator
1887490,Action
1887490,Action-Adventure
1887490,Adventure
1887490,Dark
1887490,First-Person
1887490,FPS
1887490,Hidden Object
1887490,Horror
1887490,Indie
1887490,Multiplayer
1887490,Mystery
1887490,Psychological Horror
1887490,Puzzle
1887490,Puzzle Platformer
1887490,Shooter
1887490,Singleplayer
1887490,Story Rich
1887490,Survival Horror
1887490,Violent
1889330,Action
1889330,Adventure
1889330,Atmospheric
1889330,Early Access
1889330,Exploration
1889330,First-Person
1889330,FPS
1889330,Funny
1889330,Linear
1889330,Minimalist
1889330,Mystery
1889330,Philosophical
1889330,Physics
1889330,Psychological
1889330,Puzzle
1889330,Puzzle Platformer
1889330,Sci-fi
1889330,Science
1889330,Singleplayer
1889330,Story Rich
1889440,Adventure
1889440,Atmospheric
1889440,Casual
1889440,Dark
1889440,Detective
1889440,Female Protagonist
1889440,First-Person
1889440,FPS
1889440,Gore
1889440,Horror
1889440,Indie
1889440,Multiple Endings
1889440,Mystery
1889440,Nudity
1889440,Singleplayer
1889440,Story Rich
1889440,Thriller
1889440,Walking Simulator
1892420,2D
1892420,Action
1892420,Action-Adventure
1892420,Adventure
1892420,Cartoony
1892420,Cute
1892420,Episodic
1892420,Fantasy
1892420,Female Protagonist
1892420,Horror
1892420,Lore-Rich
1892420,Mystery
1892420,Pixel Graphics
1892420,Point & Click
1892420,Psychological Horror
1892420,Puzzle
1892420,Retro
1892420,Story Rich
1892420,Survival Horror
1892420,Top-Down
1895660,Adventure
1895660,Anime
1895660,Casual
1895660,Choose Your Own Adventure
1895660,Comic Book
1895660,Cute
1895660,Demons
1895660,Fantasy
1895660,Female Protagonist
1895660,Free to Play
1895660,Hand-drawn
1895660,Indie
1895660,Magic
1895660,Mystery
1895660,Mythology
1895660,Romance
1895660,Singleplayer
1895660,Story Rich
1895660,Supernatural
1895660,Visual Novel
1895890,3D
1895890,Adventure
1895890,Atmospheric
1895890,Dark
1895890,First-Person
1895890,Horror
1895890,Indie
1895890,Linear
1895890,Multiplayer
1895890,Mystery
1895890,Psychological
1895890,Psychological Horror
1895890,Realistic
1895890,Singleplayer
1895890,Story Rich
1895890,Supernatural
1895890,Thriller
1895890,Violent
1895890,Walking Simulator
1896900,2D
1896900,Abstract
1896900,Building
1896900,Casual
1896900,City Builder
1896900,Drama
1896900,Funny
1896900,Immersive Sim
1896900,Logic
1896900,Management
1896900,Minimalist
1896900,Mystery
1896900,Narration
1896900,Physics
1896900,Puzzle
1896900,Sandbox
1896900,Simulation
1896900,Story Rich
1896900,Tabletop
1896900,Trains
1898880,3D
1898880,Adventure
1898880,Atmospheric
1898880,Dark
1898880,Drama
1898880,Dystopian
1898880,Exploration
1898880,First-Person
1898880,Indie
1898880,Mature
1898880,Multiple Endings
1898880,Mystery
1898880,Narration
1898880,Open World
1898880,Romance
1898880,Short
1898880,Singleplayer
1898880,Story Rich
1898880,Thriller
1898880,Walking Simulator
1900300,1990's
1900300,2D
1900300,Action
1900300,Action-Adventure
1900300,Adventure
1900300,Collectathon
1900300,Exploration
1900300,Hidden Object
1900300,Horror
1900300,Indie
1900300,Mystery
1900300,Pixel Graphics
1900300,Psychological
1900300,Psychological Horror
1900300,Puzzle
1900300,Retro
1900300,RPGMaker
1900300,Story Rich
1900300,Survival Horror
1900300,Thriller
1900340,2D
1900340,Adventure
1900340,Choices Matter
1900340,Choose Your Own Adventure
1900340,Dating Sim
1900340,Fantasy
1900340,Female Protagonist
1900340,Indie
1900340,Multiple Endings
1900340,Mystery
1900340,Otome
1900340,Pixel Graphics
1900340,Puzzle
1900340,RPG
1900340,RPGMaker
1900340,Singleplayer
1900340,Story Rich
1900530,Adventure
1900530,Artificial Intelligence
1900530,Atmospheric
1900530,Dark
1900530,Exploration
1900530,First-Person
1900530,Free to Play
1900530,Horror
1900530,Multiplayer
1900530,Mystery
1900530,Psychological Horror
1900530,Puzzle
1900530,Realistic
1900530,Singleplayer
1900530,Stealth
1900530,Story Rich
1900530,Supernatural
1900530,Survival Horror
1900530,Thriller
1900970,3D
1900970,Action
1900970,Action-Adventure
1900970,Adventure
1900970,Atmospheric
1900970,Colorful
1900970,Crime
1900970,Dark
1900970,Drama
1900970,Exploration
1900970,Fantasy
1900970,First-Person
1900970,Historical
1900970,Indie
1900970,Mystery
1900970,Realistic
1900970,Singleplayer
1900970,Story Rich
1900970,Survival
1900970,Survival Horror
1902020,2D
1902020,Action-Adventure
1902020,Colorful
1902020,Conversation
1902020,Dark Fantasy
1902020,Horror
1902020,Investigation
1902020,Linear
1902020,Logic
1902020,Lore-Rich
1902020,Multiple Endings
1902020,Mystery
1902020,Pixel Graphics
1902020,Psychological
1902020,Psychological Horror
1902020,Puzzle
1902020,RPG
1902020,Story Rich
1902020,Survival
1902020,Time Manipulation
1902150,Action
1902150,Atmospheric
1902150,Dark
1902150,First-Person
1902150,Horror
1902150,Immersive
1902150,Immersive Sim
1902150,Mystery
1902150,Nonlinear
1902150,Psychological Horror
1902150,PvE
1902150,Realistic
1902150,Simulation
1902150,Singleplayer
1902150,Story Rich
1902150,Strategy
1902150,Survival
1902150,Survival Horror
1902150,Thriller
1902150,VR
1904790,Action
1904790,Action-Adventure
1904790,Adventure
1904790,Atmospheric
1904790,Choices Matter
1904790,Controller
1904790,Crime
1904790,Detective
1904790,Drama
1904790,Exploration
1904790,Investigation
1904790,Mystery
1904790,Narration
1904790,Point & Click
1904790,Puzzle
1904790,Simulation
1904790,Singleplayer
1904790,Story Rich
1904790,Third Person
1904790,Thriller
1905020,Action-Adventure
1905020,Adventure
1905020,Aliens
1905020,Atmospheric
1905020,Dark
1905020,Drama
1905020,Exploration
1905020,First-Person
1905020,FPS
1905020,Horror
1905020,Indie
1905020,Mystery
1905020,Psychological Horror
1905020,Satire
1905020,Sci-fi
1905020,Singleplayer
1905020,Stealth
1905020,Story Rich
1905020,Survival
1905020,Survival Horror
1908140,Adventure
1908140,Atmospheric
1908140,Casual
1908140,Escape Room
1908140,First-Person
1908140,Free to Play
1908140,Hidden Object
1908140,Indie
1908140,Mystery
1908140,Puzzle
1908140,Singleplayer
1908140,Story Rich
1908140,Strategy
1908240,3D
1908240,Adventure
1908240,Atmospheric
1908240,Conversation
1908240,Dark
1908240,Dark Fantasy
1908240,Emotional
1908240,Fantasy
1908240,First-Person
1908240,Gothic
1908240,Historical
1908240,Horror
1908240,Medieval
1908240,Mystery
1908240,Singleplayer
1908240,Stealth
1908240,Story Rich
1908240,Stylized
1908240,Supernatural
1908240,Surreal
1908250,2D
1908250,2D Platformer
1908250,Adventure
1908250,Anime
1908250,Casual
1908250,Colorful
1908250,Conspiracy
1908250,Indie
1908250,Multiple Endings
1908250,Mystery
1908250,Puzzle
1908250,RPG
1908250,Singleplayer
1908250,Story Rich
1908250,Thriller
1908250,Visual Novel
1908250,Word Game
1908730,3D
1908730,3D Platformer
1908730,Action
1908730,Aliens
1908730,Casual
1908730,Horror
1908730,Indie
1908730,Mystery
1908730,Open World
1908730,Platformer
1908730,Realistic
1908730,Singleplayer
1908730,Stealth
1908730,Story Rich
1908730,Strategy
1909750,1980s
1909750,1990's
1909750,Adventure
1909750,Anime
1909750,Atmospheric
1909750,Casual
1909750,Colorful
1909750,Conversation
1909750,Emotional
1909750,Exploration
1909750,Hand-drawn
1909750,Indie
1909750,Linear
1909750,Mystery
1909750,Narrative
1909750,Romance
1909750,Singleplayer
1909750,Story Rich
1909750,Stylized
1909750,Supernatural
1909810,2D
1909810,Adventure
1909810,Anime
1909810,Comedy
1909810,Dark
1909810,Drama
1909810,Emotional
1909810,Fantasy
1909810,Gothic
1909810,Great Soundtrack
1909810,Indie
1909810,JRPG
1909810,LGBTQ+
1909810,Medieval
1909810,Mystery
1909810,Romance
1909810,Singleplayer
1909810,Story Rich
1909810,Violent
1909810,Visual Novel
1910580,2D
1910580,Action
1910580,Adventure
1910580,Casual
1910580,Clicker
1910580,Free to Play
1910580,God Game
1910580,Great Soundtrack
1910580,Hentai
1910580,Horror
1910580,Indie
1910580,Linear
1910580,Mystery
1910580,Nudity
1910580,Psychological Horror
1910580,Sexual Content
1910580,Singleplayer
1910580,Souls-like
1910580,Story Rich
1910580,Strategy
1910790,Adventure
1910790,Comic Book
1910790,Drama
1910790,Early Access
1910790,Exploration
1910790,Hentai
1910790,Horror
1910790,Indie
1910790,JRPG
1910790,Mature
1910790,Multiple Endings
1910790,Mystery
1910790,Nudity
1910790,Psychological Horror
1910790,Puzzle
1910790,RPG
1910790,Sexual Content
1910790,Singleplayer
1910790,Story Rich
1910790,Thriller
1912420,Card Game
1912420,Cartoony
1912420,Casual
1912420,Collectathon
1912420,Colorful
1912420,Conversation
1912420,Cute
1912420,Detective
1912420,Funny
1912420,Gambling
1912420,Heist
1912420,Interactive Fiction
1912420,Mystery
1912420,Narrative
1912420,Noir
1912420,Relaxing
1912420,Resource Management
1912420,Story Rich
1912420,Tabletop
1912420,Visual Novel
1912490,2D
1912490,Anime
1912490,Casual
1912490,Choices Matter
1912490,Choose Your Own Adventure
1912490,Comic Book
1912490,Cute
1912490,Dragons
1912490,Fantasy
1912490,Female Protagonist
1912490,Indie
1912490,Interactive Fiction
1912490,Magic
1912490,Mystery
1912490,Mythology
1912490,Romance
1912490,Singleplayer
1912490,Story Rich
1912490,Text-Based
1912490,Visual Novel
1915240,2D
1915240,Adventure
1915240,Anime
1915240,Dark
1915240,Detective
1915240,Drama
1915240,Emotional
1915240,Exploration
1915240,Horror
1915240,Indie
1915240,Mystery
1915240,Pixel Graphics
1915240,Psychological
1915240,Psychological Horror
1915240,Sci-fi
1915240,Singleplayer
1915240,Story Rich
1915240,Survival
1915240,Thriller
1915240,Visual Novel
1915740,2D
1915740,Adventure
1915740,Anime
1915740,Casual
1915740,Cute
1915740,Dark
1915740,Drama
1915740,Emotional
1915740,Free to Play
1915740,Mystery
1915740,Philosophical
1915740,Psychological
1915740,Psychological Horror
1915740,Singleplayer
1915740,Social Deduction
1915740,Story Rich
1915740,Surreal
1915740,Thriller
1915740,Time Management
1915740,Visual Novel
1917610,2D
1917610,Adventure
1917610,Casual
1917610,Crime
1917610,Dark Fantasy
1917610,Detective
1917610,Hand-drawn
1917610,Hidden Object
1917610,Horror
1917610,Investigation
1917610,Linear
1917610,Logic
1917610,Mystery
1917610,Point & Click
1917610,Psychological Horror
1917610,Puzzle
1917610,Singleplayer
1917610,Story Rich
1917610,Supernatural
1917610,Visual Novel
1917760,1980s
1917760,2D
1917760,Adventure
1917760,Aliens
1917760,Artificial Intelligence
1917760,Atmospheric
1917760,Cartoon
1917760,Cartoony
1917760,Choices Matter
1917760,Colorful
1917760,Conspiracy
1917760,Dark Comedy
1917760,Horror
1917760,JRPG
1917760,Multiple Endings
1917760,Mystery
1917760,Party-Based RPG
1917760,RPG
1917760,Singleplayer
1917760,Story Rich
1917810,Adventure
1917810,Atmospheric
1917810,Co-op
1917810,Co-op Campaign
1917810,Escape Room
1917810,Exploration
1917810,Hidden Object
1917810,Indie
1917810,Investigation
1917810,Multiplayer
1917810,Multiple Endings
1917810,Mystery
1917810,Mystery Dungeon
1917810,Online Co-Op
1917810,Psychological Horror
1917810,Puzzle
1917810,Singleplayer
1917810,Story Rich
1917810,VR
1918170,2D
1918170,Adventure
1918170,Artificial Intelligence
1918170,Card Battler
1918170,Choose Your Own Adventure
1918170,Detective
1918170,Emotional
1918170,Exploration
1918170,Futuristic
1918170,Interactive Fiction
1918170,Lore-Rich
1918170,Mystery
1918170,Philosophical
1918170,Puzzle
1918170,RPG
1918170,Sci-fi
1918170,Singleplayer
1918170,Story Rich
1918170,Visual Novel
1918170,Word Game
1919400,3D
1919400,Action
1919400,Action-Adventure
1919400,Adventure
1919400,Combat
1919400,Exploration
1919400,First-Person
1919400,FPS
1919400,Free to Play
1919400,Horror
1919400,Indie
1919400,Investigation
1919400,Linear
1919400,Mystery
1919400,Puzzle
1919400,Singleplayer
1919400,Stealth
1919400,Story Rich
1919400,Survival Horror
1919400,Thriller
1919740,2D
1919740,Adventure
1919740,Atmospheric
1919740,Casual
1919740,Detective
1919740,Drama
1919740,Exploration
1919740,Horror
1919740,Indie
1919740,Multiple Endings
1919740,Mystery
1919740,Psychological Horror
1919740,Puzzle
1919740,Romance
1919740,RPG
1919740,Singleplayer
1919740,Story Rich
1919740,Surreal
1919740,Third Person
1919740,Thriller
1921560,Adventure
1921560,Anime
1921560,Casual
1921560,Cute
1921560,Drama
1921560,Female Protagonist
1921560,Hand-drawn
1921560,LGBTQ+
1921560,Mystery
1921560,Romance
1921560,Singleplayer
1921560,Story Rich
1921560,Visual Novel
1922070,2D
1922070,Action RPG
1922070,Adventure
1922070,Casual
1922070,Colorful
1922070,Exploration
1922070,Fantasy
1922070,Funny
1922070,Grid-Based Movement
1922070,Indie
1922070,Multiple Endings
1922070,Mystery
1922070,Pixel Graphics
1922070,Puzzle
1922070,RPG
1922070,Singleplayer
1922070,Story Rich
1922070,Top-Down
1922070,Turn-Based Combat
1922070,Turn-Based Strategy
1923800,2D
1923800,2D Platformer
1923800,Adventure
1923800,Atmospheric
1923800,Choices Matter
1923800,Conversation
1923800,Crime
1923800,Dark
1923800,Drama
1923800,Emotional
1923800,Horror
1923800,Mystery
1923800,Philosophical
1923800,Pixel Graphics
1923800,Point & Click
1923800,Psychological
1923800,Puzzle
1923800,Puzzle Platformer
1923800,Singleplayer
1923800,Story Rich
1926190,3D
1926190,Action-Adventure
1926190,Dystopian
1926190,Exploration
1926190,First-Person
1926190,Funny
1926190,Futuristic
1926190,Interactive Fiction
1926190,Multiple Endings
1926190,Mystery
1926190,Parody
1926190,Philosophical
1926190,Psychological Horror
1926190,Sci-fi
1926190,Singleplayer
1926190,Story Rich
1926190,Stylized
1926190,Surreal
1926190,Tutorial
1926190,VR
1926590,3D
1926590,Adventure
1926590,Atmospheric
1926590,Based On A Novel
1926590,Casual
1926590,Conspiracy
1926590,Conversation
1926590,Detective
1926590,Exploration
1926590,Female Protagonist
1926590,First-Person
1926590,Hacking
1926590,Investigation
1926590,Logic
1926590,Mystery
1926590,Point & Click
1926590,Puzzle
1926590,Realistic
1926590,Singleplayer
1926590,Story Rich
1926620,1980s
1926620,Atmospheric
1926620,Cinematic
1926620,Dark
1926620,Exploration
1926620,First-Person
1926620,Horror
1926620,Investigation
1926620,Lore-Rich
1926620,Mystery
1926620,Psychological Horror
1926620,Puzzle
1926620,Realistic
1926620,Sci-fi
1926620,Singleplayer
1926620,Story Rich
1926620,Surreal
1926620,Survival Horror
1926620,Thriller
1926620,Time Management
1927140,2D
1927140,Anime
1927140,Choices Matter
1927140,Choose Your Own Adventure
1927140,Comedy
1927140,Dating Sim
1927140,Drama
1927140,LGBTQ+
1927140,Linear
1927140,Multiple Endings
1927140,Mystery
1927140,Narration
1927140,Romance
1927140,Simulation
1927140,Story Rich
1927140,Stylized
1927140,Supernatural
1927140,Text-Based
1927140,Time Travel
1927140,Visual Novel
1929630,2D
1929630,Adventure
1929630,Atmospheric
1929630,Dark Fantasy
1929630,Horror
1929630,JRPG
1929630,Lore-Rich
1929630,Mystery
1929630,Pixel Graphics
1929630,Point & Click
1929630,Puzzle
1929630,Retro
1929630,Singleplayer
1929630,Story Rich
1930420,2.5D
1930420,Comic Book
1930420,CRPG
1930420,Dark Fantasy
1930420,Drama
1930420,Emotional
1930420,Gore
1930420,Horror
1930420,Indie
1930420,Investigation
1930420,Mystery
1930420,Psychological
1930420,Psychological Horror
1930420,Puzzle
1930420,RPG
1930420,Singleplayer
1930420,Story Rich
1930420,Stylized
1930420,Third Person
1930420,Thriller
1930440,2D
1930440,Anime
1930440,Casual
1930440,Choices Matter
1930440,Dark
1930440,Fantasy
1930440,Female Protagonist
1930440,First-Person
1930440,Gore
1930440,Horror
1930440,LGBTQ+
1930440,Magic
1930440,Mystery
1930440,Psychological Horror
1930440,Romance
1930440,Singleplayer
1930440,Story Rich
1930440,Violent
1930440,Visual Novel
1931730,3D
1931730,Adventure
1931730,Cinematic
1931730,Exploration
1931730,Futuristic
1931730,Horror
1931730,Interactive Fiction
1931730,Linear
1931730,Mars
1931730,Mystery
1931730,Narration
1931730,Quick-Time Events
1931730,Realistic
1931730,Sci-fi
1931730,Singleplayer
1931730,Space
1931730,Story Rich
1931730,Third Person
1931730,Thriller
1931730,Walking Simulator
1931770,Action-Adventure
1931770,Adventure
1931770,Atmospheric
1931770,Colorful
1931770,Detective
1931770,Difficult
1931770,Exploration
1931770,Great Soundtrack
1931770,Indie
1931770,Mystery
1931770,Mythology
1931770,Point & Click
1931770,Puzzle
1931770,Puzzle Platformer
1931770,Relaxing
1931770,Singleplayer
1931770,Stealth
1931770,Story Rich
1931770,Stylized
1931770,Word Game
1931940,2D Platformer
1931940,Adventure
1931940,Anime
1931940,Atmospheric
1931940,Cute
1931940,Detective
1931940,Drama
1931940,Emotional
1931940,Female Protagonist
1931940,Hand-drawn
1931940,Hidden Object
1931940,Immersive Sim
1931940,Indie
1931940,LGBTQ+
1931940,Mystery
1931940,Romance
1931940,Singleplayer
1931940,Story Rich
1931940,Typing
1931940,Visual Novel
1933180,2D
1933180,Adventure
1933180,America
1933180,Choices Matter
1933180,Choose Your Own Adventure
1933180,Cinematic
1933180,Indie
1933180,Interactive Fiction
1933180,Mystery
1933180,Narrative
1933180,Old School
1933180,Pixel Graphics
1933180,Puzzle
1933180,Retro
1933180,Singleplayer
1933180,Story Rich
1933180,Supernatural
1933180,Vampire
1933180,Visual Novel
1933190,1980s
1933190,2D
1933190,Adventure
1933190,America
1933190,Choices Matter
1933190,Choose Your Own Adventure
1933190,Conversation
1933190,Dark
1933190,Detective
1933190,Interactive Fiction
1933190,Investigation
1933190,Mystery
1933190,Narrative
1933190,Pixel Graphics
1933190,Retro
1933190,Singleplayer
1933190,Story Rich
1933190,Supernatural
1933190,Thriller
1933190,Visual Novel
1933510,2D
1933510,Action-Adventure
1933510,Adventure
1933510,Atmospheric
1933510,Dark
1933510,Dark Fantasy
1933510,Demons
1933510,Detective
1933510,Horror
1933510,Immersive
1933510,Investigation
1933510,Linear
1933510,Magic
1933510,Mystery
1933510,Mystery Dungeon
1933510,Pixel Graphics
1933510,Puzzle
1933510,Singleplayer
1933510,Story Rich
1933510,Top-Down
1935790,Adventure
1935790,Atmospheric
1935790,Casual
1935790,Colorful
1935790,Dark
1935790,Detective
1935790,Fantasy
1935790,Hidden Object
1935790,Horror
1935790,Investigation
1935790,Linear
1935790,Magic
1935790,Mystery
1935790,Point & Click
1935790,Puzzle
1935790,Singleplayer
1935790,Story Rich
1935960,3D
1935960,Adventure
1935960,Asynchronous Multiplayer
1935960,Card Battler
1935960,Card Game
1935960,Choices Matter
1935960,Choose Your Own Adventure
1935960,Dark Fantasy
1935960,Magic
1935960,Mystery
1935960,PvE
1935960,Singleplayer
1935960,Story Rich
1935960,Strategy
1935960,Stylized
1935960,Tabletop
1935960,Tactical
1935960,Text-Based
1935960,Top-Down
1935960,Turn-Based Combat
1938800,3D
1938800,Action-Adventure
1938800,Adventure
1938800,Atmospheric
1938800,Cinematic
1938800,Controller
1938800,Exploration
1938800,Female Protagonist
1938800,Horror
1938800,Linear
1938800,Lovecraftian
1938800,Mystery
1938800,Noir
1938800,Psychological
1938800,Psychological Horror
1938800,Realistic
1938800,Singleplayer
1938800,Story Rich
1938800,Survival Horror
1938800,Third Person
1939640,Adventure
1939640,Casual
1939640,Choices Matter
1939640,Choose Your Own Adventure
1939640,Crime
1939640,Detective
1939640,Dynamic Narration
1939640,First-Person
1939640,FMV
1939640,Immersive Sim
1939640,Indie
1939640,Interactive Fiction
1939640,Investigation
1939640,Multiple Endings
1939640,Mystery
1939640,Realistic
1939640,Simulation
1939640,Singleplayer
1939640,Story Rich
1939640,VR
1939790,2D
1939790,Casual
1939790,Clicker
1939790,Detective
1939790,Dungeon Crawler
1939790,Exploration
1939790,Horror
1939790,Interactive Fiction
1939790,Mystery
1939790,Narration
1939790,Psychological
1939790,Psychological Horror
1939790,Puzzle
1939790,Puzzle Platformer
1939790,RPG
1939790,Story Rich
1939790,Text-Based
1939790,Thriller
1939790,Visual Novel
1939790,Word Game
1941100,2D
1941100,Adventure
1941100,Atmospheric
1941100,Choices Matter
1941100,Conversation
1941100,Dark
1941100,Dating Sim
1941100,Drama
1941100,Emotional
1941100,Hand-drawn
1941100,Indie
1941100,LGBTQ+
1941100,Mystery
1941100,Political
1941100,Romance
1941100,RPG
1941100,Singleplayer
1941100,Soundtrack
1941100,Story Rich
1941100,Visual Novel
1941110,1980s
1941110,2D
1941110,Adventure
1941110,Anime
1941110,Comedy
1941110,Cute
1941110,Emotional
1941110,Female Protagonist
1941110,Funny
1941110,Gore
1941110,Horror
1941110,Indie
1941110,Linear
1941110,Magic
1941110,Mystery
1941110,Psychological Horror
1941110,Sexual Content
1941110,Singleplayer
1941110,Story Rich
1941110,Visual Novel
1941890,3D
1941890,Action-Adventure
1941890,Adventure
1941890,Atmospheric
1941890,Detective
1941890,Exploration
1941890,First-Person
1941890,FPS
1941890,Hidden Object
1941890,Investigation
1941890,Linear
1941890,Mystery
1941890,Narration
1941890,Nature
1941890,Post-apocalyptic
1941890,Puzzle
1941890,Realistic
1941890,Singleplayer
1941890,Story Rich
1941890,Thriller
1942120,1990's
1942120,3D
1942120,Adventure
1942120,Atmospheric
1942120,Dark
1942120,Exploration
1942120,First-Person
1942120,Free to Play
1942120,Horror
1942120,Indie
1942120,Multiplayer
1942120,Multiple Endings
1942120,Mystery
1942120,Nonlinear
1942120,Open World
1942120,Psychological Horror
1942120,Realistic
1942120,Singleplayer
1942120,Story Rich
1942120,Walking Simulator
1943220,2D
1943220,2D Platformer
1943220,Adventure
1943220,Casual
1943220,Choices Matter
1943220,Combat
1943220,Emotional
1943220,Fantasy
1943220,Indie
1943220,Lore-Rich
1943220,Mystery
1943220,Platformer
1943220,Precision Platformer
1943220,Puzzle Platformer
1943220,Singleplayer
1943220,Story Rich
1943220,Strategy
1943230,2D
1943230,Casual
1943230,Choices Matter
1943230,Choose Your Own Adventure
1943230,Demons
1943230,Free to Play
1943230,Gore
1943230,Hand-drawn
1943230,Indie
1943230,Multiple Endings
1943230,Mystery
1943230,Simulation
1943230,Singleplayer
1943230,Story Rich
1943230,Supernatural
1943230,Violent
1943230,Visual Novel
1945750,Adventure
1945750,Cartoon
1945750,Cartoony
1945750,Casual
1945750,Colorful
1945750,Comedy
1945750,Cute
1945750,Family Friendly
1945750,Fantasy
1945750,Funny
1945750,Hand-drawn
1945750,Hidden Object
1945750,Inventory Management
1945750,Magic
1945750,Mystery
1945750,Old School
1945750,Point & Click
1945750,Puzzle
1945750,Singleplayer
1945750,Story Rich
1946310,3D
1946310,3D Vision
1946310,Action
1946310,Action-Adventure
1946310,Adventure
1946310,Assassin
1946310,Atmospheric
1946310,Cinematic
1946310,Dark
1946310,Exploration
1946310,Horror
1946310,Mystery
1946310,Pixel Graphics
1946310,Psychological Horror
1946310,Retro
1946310,Stealth
1946310,Story Rich
1946310,Strategy
1946310,Survival Horror
1946310,Third Person
1946700,Adventure
1946700,Atmospheric
1946700,Dark
1946700,Emotional
1946700,Exploration
1946700,First-Person
1946700,Horror
1946700,Immersive
1946700,Interactive Fiction
1946700,Mature
1946700,Multiple Endings
1946700,Mystery
1946700,Narrative
1946700,Psychedelic
1946700,Psychological Horror
1946700,Puzzle
1946700,Singleplayer
1946700,Story Rich
1946700,Supernatural
1946700,Walking Simulator
1946810,2D
1946810,Adventure
1946810,Drama
1946810,Emotional
1946810,Exploration
1946810,Female Protagonist
1946810,Hidden Object
1946810,Indie
1946810,JRPG
1946810,Multiple Endings
1946810,Mystery
1946810,Pixel Graphics
1946810,Psychedelic
1946810,Puzzle
1946810,RPG
1946810,Singleplayer
1946810,Story Rich
1946810,Supernatural
1946810,Thriller
1947300,2D
1947300,Adventure
1947300,Anime
1947300,Casual
1947300,Choices Matter
1947300,Comedy
1947300,Cute
1947300,Drama
1947300,Emotional
1947300,Hidden Object
1947300,Horror
1947300,Indie
1947300,Interactive Fiction
1947300,Mystery
1947300,Point & Click
1947300,Psychological Horror
1947300,Singleplayer
1947300,Story Rich
1947300,Supernatural
1947300,Visual Novel
1947350,2D
1947350,Adventure
1947350,Atmospheric
1947350,Choices Matter
1947350,Drama
1947350,Dystopian
1947350,Emotional
1947350,Exploration
1947350,Female Protagonist
1947350,Interactive Fiction
1947350,LGBTQ+
1947350,Multiple Endings
1947350,Mystery
1947350,Pixel Graphics
1947350,Romance
1947350,RPGMaker
1947350,Singleplayer
1947350,Story Rich
1947350,Top-Down
1947350,Visual Novel
1948090,1980s
1948090,2D
1948090,Atmospheric
1948090,Casual
1948090,Dark
1948090,Exploration
1948090,Hand-drawn
1948090,Hidden Object
1948090,Historical
1948090,Horror
1948090,Interactive Fiction
1948090,Logic
1948090,Mystery
1948090,Old School
1948090,Psychological Horror
1948090,Puzzle
1948090,Sci-fi
1948090,Story Rich
1948090,Survival
1948090,Survival Horror
1949030,Action
1949030,Action-Adventure
1949030,Adventure
1949030,Atmospheric
1949030,Choices Matter
1949030,Controller
1949030,Dark
1949030,Detective
1949030,Exploration
1949030,Horror
1949030,Investigation
1949030,Lovecraftian
1949030,Mystery
1949030,Narration
1949030,Open World
1949030,Psychological Horror
1949030,Realistic
1949030,Singleplayer
1949030,Story Rich
1949030,Supernatural
1949180,2D
1949180,Action-Adventure
1949180,Adventure
1949180,Atmospheric
1949180,Choices Matter
1949180,Choose Your Own Adventure
1949180,Comic Book
1949180,Design & Illustration
1949180,Fantasy
1949180,Free to Play
1949180,Indie
1949180,Interactive Fiction
1949180,Magic
1949180,Mystery
1949180,Noir
1949180,Point & Click
1949180,Singleplayer
1949180,Story Rich
1949180,Visual Novel
1949370,Adventure
1949370,America
1949370,Atmospheric
1949370,Cinematic
1949370,Dark
1949370,Drama
1949370,Exploration
1949370,First-Person
1949370,Free to Play
1949370,Horror
1949370,Mystery
1949370,Point & Click
1949370,Psychological Horror
1949370,Realistic
1949370,Simulation
1949370,Singleplayer
1949370,Story Rich
1949370,Thriller
1949370,Violent
1949370,Walking Simulator
1950920,3D
1950920,Adventure
1950920,Atmospheric
1950920,Casual
1950920,Cinematic
1950920,Colorful
1950920,Exploration
1950920,Indie
1950920,Multiple Endings
1950920,Mystery
1950920,Point & Click
1950920,Short
1950920,Simulation
1950920,Singleplayer
1950920,Story Rich
1950920,Top-Down
1950920,Visual Novel
1951520,Adventure
1951520,Anime
1951520,Card Game
1951520,Choices Matter
1951520,Choose Your Own Adventure
1951520,Cinematic
1951520,Crime
1951520,Dark Comedy
1951520,Dark Humor
1951520,Early Access
1951520,Free to Play
1951520,Gambling
1951520,Indie
1951520,LGBTQ+
1951520,Multiple Endings
1951520,Mystery
1951520,Singleplayer
1951520,Story Rich
1951520,Visual Novel
1952590,1980s
1952590,3D
1952590,Adventure
1952590,Alternate History
1952590,Dark Humor
1952590,Female Protagonist
1952590,First-Person
1952590,Horror
1952590,Lore-Rich
1952590,Lovecraftian
1952590,Mystery
1952590,Post-apocalyptic
1952590,Psychological Horror
1952590,Racing
1952590,Realistic
1952590,Rhythm
1952590,Sci-fi
1952590,Story Rich
1952590,Surreal
1952590,Walking Simulator
1953620,2.5D
1953620,Adventure
1953620,Choices Matter
1953620,Choose Your Own Adventure
1953620,Conversation
1953620,Detective
1953620,Dystopian
1953620,Futuristic
1953620,Immersive Sim
1953620,Interactive Fiction
1953620,Investigation
1953620,Isometric
1953620,Linear
1953620,Multiple Endings
1953620,Mystery
1953620,Point & Click
1953620,Procedural Generation
1953620,Sci-fi
1953620,Singleplayer
1953620,Story Rich
1954200,3D
1954200,3D Platformer
1954200,Action
1954200,Action-Adventure
1954200,Adventure
1954200,Atmospheric
1954200,Cinematic
1954200,Combat
1954200,Controller
1954200,Exploration
1954200,Fantasy
1954200,Female Protagonist
1954200,Indie
1954200,Magic
1954200,Mystery
1954200,Nature
1954200,Singleplayer
1954200,Souls-like
1954200,Story Rich
1954200,Third Person
1956560,2D
1956560,Colorful
1956560,Combat
1956560,Conspiracy
1956560,Drama
1956560,Early Access
1956560,Emotional
1956560,JRPG
1956560,Linear
1956560,Lore-Rich
1956560,Magic
1956560,Mystery
1956560,Party-Based RPG
1956560,Pixel Graphics
1956560,Robots
1956560,RPG
1956560,Sci-fi
1956560,Story Rich
1956560,Turn-Based Combat
1956560,Turn-Based Strategy
1959350,Adventure
1959350,Atmospheric
1959350,Choices Matter
1959350,Drama
1959350,Escape Room
1959350,Exploration
1959350,Indie
1959350,Minimalist
1959350,Mystery
1959350,Narrative
1959350,Point & Click
1959350,Psychological Horror
1959350,Puzzle
1959350,Romance
1959350,Singleplayer
1959350,Story Rich
1959350,Survival Horror
1959350,Thriller
1959350,Time Manipulation
1959350,Violent
1959530,2D
1959530,Adventure
1959530,Anime
1959530,Casual
1959530,Dating Sim
1959530,Drama
1959530,Emotional
1959530,Exploration
1959530,Horror
1959530,Interactive Fiction
1959530,Lovecraftian
1959530,Mystery
1959530,Pixel Graphics
1959530,Romance
1959530,RPGMaker
1959530,Singleplayer
1959530,Story Rich
1959530,Supernatural
1959530,Thriller
1959530,Visual Novel
1960830,2D
1960830,Adventure
1960830,Anime
1960830,Atmospheric
1960830,Casual
1960830,Choices Matter
1960830,Choose Your Own Adventure
1960830,Colorful
1960830,Comedy
1960830,Conversation
1960830,Cute
1960830,Dating Sim
1960830,Emotional
1960830,Magic
1960830,Multiple Endings
1960830,Mystery
1960830,Romance
1960830,Singleplayer
1960830,Story Rich
1960830,Visual Novel
1961950,Adventure
1961950,Anime
1961950,Atmospheric
1961950,Choices Matter
1961950,Gore
1961950,Great Soundtrack
1961950,Horror
1961950,Mystery
1961950,Psychological Horror
1961950,Romance
1961950,Sci-fi
1961950,Science
1961950,Sexual Content
1961950,Singleplayer
1961950,Story Rich
1961950,Violent
1961950,Visual Novel
1965920,2D
1965920,Adventure
1965920,Anime
1965920,Choose Your Own Adventure
1965920,Comic Book
1965920,Conversation
1965920,Dark Fantasy
1965920,Exploration
1965920,Horror
1965920,JRPG
1965920,Lovecraftian
1965920,Modern
1965920,Mystery
1965920,Point & Click
1965920,Psychological Horror
1965920,RPG
1965920,Singleplayer
1965920,Story Rich
1965920,Text-Based
1965920,Visual Novel
1965960,Adventure
1965960,Anime
1965960,Choices Matter
1965960,Choose Your Own Adventure
1965960,Colorful
1965960,Cute
1965960,Dark
1965960,Female Protagonist
1965960,Hand-drawn
1965960,Investigation
1965960,LGBTQ+
1965960,Lovecraftian
1965960,Mystery
1965960,Point & Click
1965960,Psychological Horror
1965960,Romance
1965960,Singleplayer
1965960,Story Rich
1965960,Thriller
1965960,Visual Novel
1967220,Atmospheric
1967220,Crime
1967220,Detective
1967220,Exploration
1967220,First-Person
1967220,Horror
1967220,Immersive
1967220,Indie
1967220,Investigation
1967220,Mature
1967220,Mystery
1967220,Psychological Horror
1967220,Puzzle
1967220,RPG
1967220,Singleplayer
1967220,Story Rich
1967220,Supernatural
1967220,Surreal
1967220,Thriller
1967220,Walking Simulator
1967430,Action
1967430,Action-Adventure
1967430,Adventure
1967430,Anime
1967430,Atmospheric
1967430,Classic
1967430,Cult Classic
1967430,Detective
1967430,Funny
1967430,Great Soundtrack
1967430,Mystery
1967430,Point & Click
1967430,Puzzle
1967430,Singleplayer
1967430,Story Rich
1967430,Supernatural
1967430,Visual Novel
1967470,Adventure
1967470,Atmospheric
1967470,Casual
1967470,Choices Matter
1967470,Choose Your Own Adventure
1967470,Conversation
1967470,Dating Sim
1967470,Horror
1967470,Interactive Fiction
1967470,Multiple Endings
1967470,Mystery
1967470,Narration
1967470,Nonlinear
1967470,Nudity
1967470,Realistic
1967470,Romance
1967470,Sexual Content
1967470,Simulation
1967470,Story Rich
1967470,Visual Novel
1967480,2D
1967480,2D Platformer
1967480,Adventure
1967480,Cyberpunk
1967480,Dystopian
1967480,Futuristic
1967480,Indie
1967480,Logic
1967480,Mystery
1967480,Physics
1967480,Pixel Graphics
1967480,Platformer
1967480,Puzzle
1967480,Puzzle Platformer
1967480,Singleplayer
1967480,Story Rich
1973310,Adventure
1973310,Atmospheric
1973310,Cinematic
1973310,Comic Book
1973310,Dark
1973310,Detective
1973310,Female Protagonist
1973310,Hand-drawn
1973310,Immersive
1973310,Investigation
1973310,Modern
1973310,Mystery
1973310,Noir
1973310,Point & Click
1973310,Psychological
1973310,Sci-fi
1973310,Singleplayer
1973310,Story Rich
1973310,Stylized
1973640,2D
1973640,Adventure
1973640,Anime
1973640,Dating Sim
1973640,Drama
1973640,Fantasy
1973640,Indie
1973640,Interactive Fiction
1973640,LGBTQ+
1973640,Linear
1973640,Mystery
1973640,Nudity
1973640,Romance
1973640,RPG
1973640,Sexual Content
1973640,Simulation
1973640,Singleplayer
1973640,Story Rich
1973640,Text-Based
1973640,Visual Novel
1975450,3D
1975450,Arcade
1975450,Atmospheric
1975450,Casual
1975450,Colorful
1975450,Exploration
1975450,Family Friendly
1975450,Flight
1975450,Indie
1975450,Interactive Fiction
1975450,Linear
1975450,Mystery
1975450,Narration
1975450,Nature
1975450,Relaxing
1975450,Simulation
1975450,Singleplayer
1975450,Story Rich
1975450,Third Person
1975450,Vikings
1976450,1980s
1976450,1990's
1976450,3D
1976450,3D Platformer
1976450,Adventure
1976450,Detective
1976450,Drama
1976450,Exploration
1976450,First-Person
1976450,Horror
1976450,Immersive Sim
1976450,Indie
1976450,Mystery
1976450,Puzzle
1976450,RPG
1976450,Singleplayer
1976450,Story Rich
1977220,1990's
1977220,2D
1977220,Adventure
1977220,Choose Your Own Adventure
1977220,Colorful
1977220,Cute
1977220,Detective
1977220,Family Friendly
1977220,Funny
1977220,Interactive Fiction
1977220,Investigation
1977220,Linear
1977220,Mystery
1977220,Narration
1977220,Point & Click
1977220,Puzzle
1977220,Singleplayer
1977220,Story Rich
1977220,Text-Based
1977220,Visual Novel
1977660,2D
1977660,Adventure
1977660,Anime
1977660,Atmospheric
1977660,Casual
1977660,Choices Matter
1977660,Drama
1977660,Emotional
1977660,Interactive Fiction
1977660,LGBTQ+
1977660,Modern
1977660,Multiple Endings
1977660,Mystery
1977660,Narration
1977660,Sci-fi
1977660,Story Rich
1977660,Supernatural
1977660,Text-Based
1977660,Thriller
1977660,Visual Novel
1978010,1980s
1978010,Action
1978010,Action-Adventure
1978010,Adventure
1978010,Atmospheric
1978010,First-Person
1978010,Horror
1978010,Indie
1978010,Minimalist
1978010,Mystery
1978010,Pixel Graphics
1978010,Psychological Horror
1978010,Retro
1978010,Story Rich
1978010,Survival Horror
1978010,Violent
1979220,2D
1979220,Adventure
1979220,Casual
1979220,Choices Matter
1979220,Choose Your Own Adventure
1979220,Conspiracy
1979220,Free to Play
1979220,Immersive Sim
1979220,Interactive Fiction
1979220,Investigation
1979220,Multiple Endings
1979220,Mystery
1979220,Noir
1979220,Romance
1979220,RPG
1979220,Singleplayer
1979220,Story Rich
1979220,Text-Based
1979220,Visual Novel
1986140,1980s
1986140,1990's
1986140,Adventure
1986140,Anime
1986140,Atmospheric
1986140,Casual
1986140,Colorful
1986140,Conversation
1986140,Emotional
1986140,Exploration
1986140,Hand-drawn
1986140,Indie
1986140,Linear
1986140,Mystery
1986140,Narrative
1986140,Romance
1986140,Singleplayer
1986140,Story Rich
1986140,Stylized
1986140,Supernatural
1986630,2D
1986630,Adventure
1986630,Atmospheric
1986630,Casual
1986630,Family Friendly
1986630,First-Person
1986630,Hand-drawn
1986630,Hidden Object
1986630,Inventory Management
1986630,Investigation
1986630,Logic
1986630,Medieval
1986630,Mystery
1986630,Narrative
1986630,Point & Click
1986630,Puzzle
1986630,Romance
1986630,Singleplayer
1986630,Story Rich
1986630,Visual Novel
1987080,3D
1987080,Adventure
1987080,Atmospheric
1987080,Co-op
1987080,Dark
1987080,Early Access
1987080,Exploration
1987080,First-Person
1987080,FPS
1987080,Horror
1987080,Multiplayer
1987080,Mystery
1987080,Online Co-Op
1987080,Psychological Horror
1987080,Puzzle
1987080,PvE
1987080,Sci-fi
1987080,Story Rich
1987080,Survival Horror
1987080,VR
1987500,Action
1987500,Action-Adventure
1987500,Adventure
1987500,Atmospheric
1987500,Combat
1987500,Dark
1987500,Exploration
1987500,First-Person
1987500,Gore
1987500,Horror
1987500,Indie
1987500,Mystery
1987500,Psychological Horror
1987500,Puzzle
1987500,Singleplayer
1987500,Story Rich
1987500,Surreal
1987500,Survival Horror
1987500,Thriller
1987500,Violent
1987570,Adventure
1987570,Conversation
1987570,Dark
1987570,Detective
1987570,Drama
1987570,Early Access
1987570,Female Protagonist
1987570,Horror
1987570,Interactive Fiction
1987570,Investigation
1987570,Minimalist
1987570,Mystery
1987570,Psychological
1987570,Psychological Horror
1987570,Puzzle
1987570,Realistic
1987570,Singleplayer
1987570,Story Rich
1987570,Typing
1987570,Visual Novel
1988080,Anime
1988080,Casual
1988080,Colorful
1988080,Cute
1988080,Detective
1988080,Drama
1988080,Exploration
1988080,Fantasy
1988080,Hentai
1988080,Lore-Rich
1988080,Mature
1988080,Mystery
1988080,NSFW
1988080,Nudity
1988080,Point & Click
1988080,Psychological
1988080,RPG
1988080,Sexual Content
1988080,Story Rich
1988080,Stylized
1988750,3D
1988750,Action
1988750,Adventure
1988750,Atmospheric
1988750,Conspiracy
1988750,Dark
1988750,Drama
1988750,Emotional
1988750,First-Person
1988750,FPS
1988750,Horror
1988750,Modern
1988750,Mystery
1988750,Post-apocalyptic
1988750,Psychological Horror
1988750,Realistic
1988750,Shooter
1988750,Story Rich
1988750,Surreal
1988750,Survival Horror
1990370,2D
1990370,2D Platformer
1990370,Adventure
1990370,Atmospheric
1990370,Casual
1990370,Dark Humor
1990370,Free to Play
1990370,Futuristic
1990370,Linear
1990370,Mystery
1990370,Physics
1990370,Pixel Graphics
1990370,Platformer
1990370,Post-apocalyptic
1990370,Psychological Horror
1990370,Puzzle
1990370,Sci-fi
1990370,Side Scroller
1990370,Singleplayer
1990370,Story Rich
1991900,3D
1991900,Atmospheric
1991900,Cinematic
1991900,Creature Collector
1991900,Dark
1991900,Dynamic Narration
1991900,Exploration
1991900,First-Person
1991900,FMV
1991900,Hidden Object
1991900,Horror
1991900,Illuminati
1991900,Mystery
1991900,Physics
1991900,Psychological
1991900,Psychological Horror
1991900,Puzzle
1991900,Realistic
1991900,Story Rich
1991900,Supernatural
1993910,2D
1993910,Clicker
1993910,Dark Fantasy
1993910,Dating Sim
1993910,Fantasy
1993910,Female Protagonist
1993910,Free to Play
1993910,God Game
1993910,Minimalist
1993910,Mystery
1993910,Open World
1993910,Pixel Graphics
1993910,Retro
1993910,Romance
1993910,RPG
1993910,Shooter
1993910,Singleplayer
1993910,Story Rich
1993910,Strategy
1993910,Tactical RPG
1994760,Adventure
1994760,Anime
1994760,Casual
1994760,Colorful
1994760,Comedy
1994760,Cute
1994760,Family Friendly
1994760,Fantasy
1994760,Female Protagonist
1994760,LGBTQ+
1994760,Linear
1994760,Mystery
1994760,Relaxing
1994760,Romance
1994760,Sequel
1994760,Singleplayer
1994760,Story Rich
1994760,Text-Based
1994760,Visual Novel
1994760,Wholesome
1995680,2D
1995680,Adventure
1995680,Colorful
1995680,Detective
1995680,Drama
1995680,Emotional
1995680,Fantasy
1995680,Gothic
1995680,Hand-drawn
1995680,Mystery
1995680,Old School
1995680,Puzzle
1995680,Puzzle Platformer
1995680,Retro
1995680,Romance
1995680,RPG
1995680,Singleplayer
1995680,Story Rich
1995680,Surreal
1995680,Visual Novel
1995880,2D
1995880,Adventure
1995880,Atmospheric
1995880,Drama
1995880,Emotional
1995880,Female Protagonist
1995880,Horror
1995880,Linear
1995880,Minimalist
1995880,Mystery
1995880,Narration
1995880,Pixel Graphics
1995880,Psychological
1995880,Psychological Horror
1995880,Side Scroller
1995880,Singleplayer
1995880,Story Rich
1995880,Stylized
1995880,Surreal
1995880,Walking Simulator
1996760,Adventure
1996760,Atmospheric
1996760,Cinematic
1996760,Dark
1996760,Demons
1996760,Escape Room
1996760,Exploration
1996760,First-Person
1996760,Hidden Object
1996760,Horror
1996760,Indie
1996760,Mystery
1996760,Psychological
1996760,Psychological Horror
1996760,Puzzle
1996760,Realistic
1996760,Singleplayer
1996760,Story Rich
1996760,Supernatural
1997610,3D
1997610,3D Fighter
1997610,Action
1997610,Action-Adventure
1997610,Adventure
1997610,Anime
1997610,Cinematic
1997610,Combat
1997610,Crafting
1997610,Emotional
1997610,Exploration
1997610,Grand Strategy
1997610,Mystery
1997610,Nature
1997610,Relaxing
1997610,Shooter
1997610,Singleplayer
1997610,Story Rich
1997610,Survival
1997610,Third Person
2000090,Adventure
2000090,Choices Matter
2000090,Choose Your Own Adventure
2000090,Crime
2000090,Detective
2000090,Exploration
2000090,FMV
2000090,Immersive Sim
2000090,Interactive Fiction
2000090,Lore-Rich
2000090,Multiple Endings
2000090,Mystery
2000090,Nonlinear
2000090,Point & Click
2000090,Puzzle
2000090,Realistic
2000090,Singleplayer
2000090,Story Rich
2000090,Thriller
2000090,Visual Novel
2002200,2D
2002200,Adventure
2002200,Anime
2002200,Choices Matter
2002200,Choose Your Own Adventure
2002200,Detective
2002200,Exploration
2002200,Fantasy
2002200,Female Protagonist
2002200,Interactive Fiction
2002200,Multiple Endings
2002200,Mystery
2002200,Pixel Graphics
2002200,Retro
2002200,Sci-fi
2002200,Singleplayer
2002200,Story Rich
2002200,Supernatural
2002200,Time Travel
2002200,Visual Novel
2003880,Action
2003880,Adventure
2003880,Choices Matter
2003880,Choose Your Own Adventure
2003880,Controller
2003880,Dark Fantasy
2003880,Exploration
2003880,Horror
2003880,Logic
2003880,Multiple Endings
2003880,Mystery
2003880,Pixel Graphics
2003880,Psychedelic
2003880,Psychological
2003880,Psychological Horror
2003880,Puzzle
2003880,Retro
2003880,Singleplayer
2003880,Story Rich
2003880,Visual Novel
2004770,2D
2004770,Adventure
2004770,Casual
2004770,Clicker
2004770,Conspiracy
2004770,Dark
2004770,Drama
2004770,Horror
2004770,Interactive Fiction
2004770,Mystery
2004770,Psychological Horror
2004770,Puzzle
2004770,RPG
2004770,Singleplayer
2004770,Story Rich
2004770,Supernatural
2004770,Survival Horror
2004770,Text-Based
2004770,Visual Novel
2004770,Word Game
2008920,3D
2008920,Action
2008920,Action-Adventure
2008920,Adventure
2008920,Dark Fantasy
2008920,Exploration
2008920,Female Protagonist
2008920,Horror
2008920,Indie
2008920,Mystery
2008920,Noir
2008920,Psychological
2008920,Puzzle
2008920,Singleplayer
2008920,Story Rich
2008920,Stylized
2009950,2D
2009950,Adventure
2009950,Anime
2009950,Comedy
2009950,Detective
2009950,Horror
2009950,Indie
2009950,Multiple Endings
2009950,Mystery
2009950,Nudity
2009950,Pixel Graphics
2009950,Point & Click
2009950,Sexual Content
2009950,Singleplayer
2009950,Story Rich
2009950,Violent
2009950,Visual Novel
2011310,2D
2011310,3D
2011310,Anime
2011310,Choose Your Own Adventure
2011310,Dark
2011310,Drama
2011310,Free to Play
2011310,Indie
2011310,Interactive Fiction
2011310,Investigation
2011310,LGBTQ+
2011310,Multiple Endings
2011310,Mystery
2011310,Simulation
2011310,Singleplayer
2011310,Story Rich
2011310,Text-Based
2011310,Visual Novel
2015700,2D
2015700,Adventure
2015700,Anime
2015700,Casual
2015700,Colorful
2015700,Cute
2015700,Drama
2015700,Dungeon Crawler
2015700,Emotional
2015700,Exploration
2015700,Fantasy
2015700,Female Protagonist
2015700,Horror
2015700,Interactive Fiction
2015700,Multiple Endings
2015700,Mystery
2015700,Pixel Graphics
2015700,Puzzle
2015700,RPG
2015700,Story Rich
2017950,3D
2017950,Adventure
2017950,Alternate History
2017950,Atmospheric
2017950,Comedy
2017950,Emotional
2017950,Exploration
2017950,First-Person
2017950,Futuristic
2017950,Horror
2017950,Investigation
2017950,Lore-Rich
2017950,Mystery
2017950,Psychological Horror
2017950,Sci-fi
2017950,Stealth
2017950,Story Rich
2017950,Thriller
2017950,Underwater
2017950,Walking Simulator
2019810,3D
2019810,3D Vision
2019810,Adventure
2019810,Atmospheric
2019810,Casual
2019810,Cinematic
2019810,Clicker
2019810,Hidden Object
2019810,Indie
2019810,Mystery
2019810,Narration
2019810,Point & Click
2019810,Puzzle
2019810,Singleplayer
2019810,Story Rich
2019810,Stylized
2019830,Adventure
2019830,Atmospheric
2019830,Cute
2019830,Dark
2019830,Exploration
2019830,First-Person
2019830,Free to Play
2019830,Funny
2019830,Horror
2019830,Indie
2019830,Interactive Fiction
2019830,Memes
2019830,Multiplayer
2019830,Mystery
2019830,Psychological Horror
2019830,Puzzle
2019830,Realistic
2019830,Singleplayer
2019830,Stealth
2019830,Story Rich
2020030,2D
2020030,Adventure
2020030,Atmospheric
2020030,Casual
2020030,Conversation
2020030,Dark
2020030,Detective
2020030,Emotional
2020030,Exploration
2020030,Female Protagonist
2020030,Interactive Fiction
2020030,Mystery
2020030,Narrative
2020030,Pixel Graphics
2020030,Relaxing
2020030,Singleplayer
2020030,Story Rich
2020030,Supernatural
2020030,Surreal
2020030,Visual Novel
2020090,2D
2020090,Adventure
2020090,Atmospheric
2020090,Crowdfunded
2020090,Drama
2020090,Emotional
2020090,Horror
2020090,Indie
2020090,Investigation
2020090,Lore-Rich
2020090,Modern
2020090,Mystery
2020090,Pixel Graphics
2020090,Psychological
2020090,Puzzle
2020090,RPGMaker
2020090,Singleplayer
2020090,Story Rich
2020090,Supernatural
2020090,Top-Down
2020570,1990's
2020570,2D
2020570,Cartoon
2020570,Cartoony
2020570,Dark
2020570,Hand-drawn
2020570,Horror
2020570,Indie
2020570,Lore-Rich
2020570,Mystery
2020570,Point & Click
2020570,Psychological Horror
2020570,Resource Management
2020570,Short
2020570,Simulation
2020570,Singleplayer
2020570,Story Rich
2020570,Supernatural
2020570,Survival Horror
2020570,Time Management
2020840,Action
2020840,Action-Adventure
2020840,Adventure
2020840,Atmospheric
2020840,Cinematic
2020840,Exploration
2020840,First-Person
2020840,Horror
2020840,Immersive Sim
2020840,Linear
2020840,Multiple Endings
2020840,Mystery
2020840,Psychological
2020840,Psychological Horror
2020840,Realistic
2020840,Singleplayer
2020840,Story Rich
2020840,Surreal
2020840,Survival
2020840,Thriller
2022270,3D
2022270,Aliens
2022270,Base Building
2022270,Comedy
2022270,Cooking
2022270,Crafting
2022270,Emotional
2022270,Exploration
2022270,Family Friendly
2022270,First-Person
2022270,Funny
2022270,Management
2022270,Mystery
2022270,Open World
2022270,Physics
2022270,Resource Management
2022270,Sandbox
2022270,Simulation
2022270,Singleplayer
2022270,Story Rich
2022470,2D
2022470,Action-Adventure
2022470,Adventure
2022470,Dark
2022470,Exploration
2022470,Horror
2022470,Indie
2022470,Investigation
2022470,Mystery
2022470,Noir
2022470,Pixel Graphics
2022470,Psychological
2022470,Puzzle
2022470,Retro
2022470,RPG
2022470,Side Scroller
2022470,Singleplayer
2022470,Story Rich
2022470,Supernatural
2022470,Thriller
2023920,3D
2023920,Action
2023920,Adventure
2023920,Anime
2023920,Cinematic
2023920,Detective
2023920,Emotional
2023920,Exploration
2023920,First-Person
2023920,Futuristic
2023920,Investigation
2023920,Multiple Endings
2023920,Mystery
2023920,Puzzle
2023920,Sci-fi
2023920,Singleplayer
2023920,Stealth
2023920,Story Rich
2023920,Visual Novel
2023920,VR
2025650,2D
2025650,Adventure
2025650,Colorful
2025650,Combat
2025650,Exploration
2025650,Free to Play
2025650,Indie
2025650,Mystery
2025650,Party-Based RPG
2025650,Pixel Graphics
2025650,Retro
2025650,RPG
2025650,RPGMaker
2025650,Singleplayer
2025650,Story Rich
2025650,Thriller
2025650,Top-Down
2025650,Turn-Based Combat
2025650,Turn-Based Strategy
2025650,Violent
2050720,1990's
2050720,2D
2050720,Adventure
2050720,Casual
2050720,Clicker
2050720,Colorful
2050720,Drama
2050720,Indie
2050720,Mystery
2050720,Point & Click
2050720,Puzzle
2050720,Singleplayer
2050720,Story Rich
2050720,Strategy
2051100,2D
2051100,Adventure
2051100,Anime
2051100,Destruction
2051100,Fantasy
2051100,Futuristic
2051100,Horror
2051100,Military
2051100,Mystery
2051100,Philosophical
2051100,Post-apocalyptic
2051100,Sci-fi
2051100,Singleplayer
2051100,Space
2051100,Story Rich
2051100,Text-Based
2051100,Transhumanism
2051100,Visual Novel
2051110,2D
2051110,Adventure
2051110,Anime
2051110,Destruction
2051110,Fantasy
2051110,Futuristic
2051110,Horror
2051110,Mature
2051110,Military
2051110,Mystery
2051110,Philosophical
2051110,Post-apocalyptic
2051110,Sci-fi
2051110,Sexual Content
2051110,Singleplayer
2051110,Space
2051110,Story Rich
2051110,Text-Based
2051110,Transhumanism
2051110,Visual Novel
2052290,2D
2052290,2D Platformer
2052290,Adventure
2052290,Choices Matter
2052290,CRPG
2052290,Dark
2052290,Drama
2052290,Emotional
2052290,Free to Play
2052290,Indie
2052290,Mystery
2052290,Pixel Graphics
2052290,Puzzle
2052290,RPG
2052290,RPGMaker
2052290,Singleplayer
2052290,Story Rich
2052290,Visual Novel
2053050,3D
2053050,Action
2053050,Adventure
2053050,Atmospheric
2053050,Dark
2053050,Early Access
2053050,First-Person
2053050,Hidden Object
2053050,Horror
2053050,Indie
2053050,Mystery
2053050,Psychological Horror
2053050,Puzzle
2053050,Singleplayer
2053050,Story Rich
2053050,Strategy
2053050,Supernatural
2053050,Time Management
2053050,Walking Simulator
2054060,3D
2054060,Action
2054060,Action RPG
2054060,Action-Adventure
2054060,Adventure
2054060,Exploration
2054060,First-Person
2054060,Horror
2054060,Modern
2054060,Multiple Endings
2054060,Mystery
2054060,Procedural Generation
2054060,Realistic
2054060,Roguelike
2054060,Roguelite
2054060,Stealth
2054060,Story Rich
2054060,Surreal
2054060,Survival Horror
2054060,Time Travel
2057970,2.5D
2057970,2D Platformer
2057970,Adventure
2057970,Choices Matter
2057970,Cinematic
2057970,Detective
2057970,Hand-drawn
2057970,Interactive Fiction
2057970,Investigation
2057970,Logic
2057970,Multiple Endings
2057970,Mystery
2057970,Narration
2057970,Psychological Horror
2057970,Puzzle
2057970,RPG
2057970,Singleplayer
2057970,Story Rich
2057970,Thriller
2057970,Visual Novel
2058090,2D
2058090,Adventure
2058090,Anime
2058090,Choices Matter
2058090,Choose Your Own Adventure
2058090,Colorful
2058090,Dark
2058090,Emotional
2058090,Gore
2058090,Horror
2058090,Interactive Fiction
2058090,Magic
2058090,Multiple Endings
2058090,Mystery
2058090,Psychological Horror
2058090,Singleplayer
2058090,Story Rich
2058090,Supernatural
2058090,Thriller
2058090,Visual Novel
2058970,Adventure
2058970,Atmospheric
2058970,Dark
2058970,Drama
2058970,Emotional
2058970,Exploration
2058970,Female Protagonist
2058970,Great Soundtrack
2058970,Indie
2058970,Interactive Fiction
2058970,Investigation
2058970,Linear
2058970,Mystery
2058970,Narration
2058970,Nature
2058970,Realistic
2058970,Short
2058970,Singleplayer
2058970,Story Rich
2058970,Walking Simulator
2060000,2D
2060000,Adventure
2060000,Atmospheric
2060000,Choices Matter
2060000,Choose Your Own Adventure
2060000,Dark
2060000,Hentai
2060000,Mature
2060000,Mystery
2060000,Nudity
2060000,Sexual Content
2060000,Singleplayer
2060000,Story Rich
2060000,Survival
2060000,Text-Based
2060000,Visual Novel
2060320,Action
2060320,Adventure
2060320,Atmospheric
2060320,Choices Matter
2060320,Dark
2060320,Dark Fantasy
2060320,Demons
2060320,First-Person
2060320,Horror
2060320,Indie
2060320,Linear
2060320,Multiple Endings
2060320,Mystery
2060320,Narration
2060320,Psychological Horror
2060320,Puzzle
2060320,Singleplayer
2060320,Story Rich
2060320,Supernatural
2060870,2D
2060870,Action
2060870,Adventure
2060870,Choices Matter
2060870,Choose Your Own Adventure
2060870,Colorful
2060870,Combat
2060870,Comic Book
2060870,Dynamic Narration
2060870,Female Protagonist
2060870,Interactive Fiction
2060870,Lore-Rich
2060870,Mystery
2060870,Singleplayer
2060870,Story Rich
2060870,Superhero
2060870,Turn-Based Combat
2060870,Turn-Based Tactics
2060870,Violent
2060870,Visual Novel
2063050,2.5D
2063050,Action-Adventure
2063050,Arcade
2063050,Colorful
2063050,Conspiracy
2063050,Drama
2063050,Exploration
2063050,Family Friendly
2063050,Fantasy
2063050,Hidden Object
2063050,Logic
2063050,Mystery
2063050,Platformer
2063050,Puzzle
2063050,Puzzle Platformer
2063050,Runner
2063050,Side Scroller
2063050,Singleplayer
2063050,Story Rich
2063050,Stylized
2063530,Adventure
2063530,Anime
2063530,Casual
2063530,Choices Matter
2063530,Comedy
2063530,Crime
2063530,Detective
2063530,Drama
2063530,Early Access
2063530,Indie
2063530,Interactive Fiction
2063530,Investigation
2063530,LGBTQ+
2063530,Mystery
2063530,RPG
2063530,Singleplayer
2063530,Story Rich
2063530,Stylized
2063530,Visual Novel
2063530,Word Game
2063870,3D
2063870,Action-Adventure
2063870,Adventure
2063870,Colorful
2063870,CRPG
2063870,Drama
2063870,Dungeon Crawler
2063870,Female Protagonist
2063870,Horror
2063870,Indie
2063870,Multiple Endings
2063870,Mystery
2063870,Mystery Dungeon
2063870,Open World
2063870,Puzzle
2063870,RPG
2063870,Runner
2063870,Singleplayer
2063870,Story Rich
2063870,Strategy RPG
2065520,3D
2065520,3D Platformer
2065520,Adventure
2065520,Casual
2065520,Detective
2065520,Drama
2065520,Dungeon Crawler
2065520,Exploration
2065520,First-Person
2065520,Horror
2065520,Modern
2065520,Multiple Endings
2065520,Mystery
2065520,Puzzle
2065520,Puzzle Platformer
2065520,Realistic
2065520,Singleplayer
2065520,Story Rich
2065520,Survival Horror
2065520,Thriller
2067260,Action
2067260,Choices Matter
2067260,Controller
2067260,Dark Fantasy
2067260,Gore
2067260,Horror
2067260,Indie
2067260,Lovecraftian
2067260,Mystery
2067260,Narration
2067260,Noir
2067260,Parkour
2067260,Psychedelic
2067260,Puzzle
2067260,Puzzle Platformer
2067260,Singleplayer
2067260,Story Rich
2067260,Violent
2067570,3D
2067570,Action
2067570,Action-Adventure
2067570,Adventure
2067570,Atmospheric
2067570,Cartoony
2067570,Casual
2067570,Dark
2067570,First-Person
2067570,Horror
2067570,Lore-Rich
2067570,Mystery
2067570,Psychological Horror
2067570,Puzzle
2067570,Singleplayer
2067570,Story Rich
2067570,Surreal
2067570,Survival Horror
2067570,Thriller
2067570,Walking Simulator
2067780,2D
2067780,Adventure
2067780,Anime
2067780,Choose Your Own Adventure
2067780,Colorful
2067780,Comic Book
2067780,Dark
2067780,Early Access
2067780,Female Protagonist
2067780,Interactive Fiction
2067780,Multiple Endings
2067780,Mystery
2067780,Pixel Graphics
2067780,Point & Click
2067780,Psychological
2067780,Psychological Horror
2067780,Singleplayer
2067780,Story Rich
2067780,Survival
2067780,Survival Horror
2067790,Action
2067790,Adventure
2067790,Atmospheric
2067790,Choices Matter
2067790,Cinematic
2067790,Conversation
2067790,Drama
2067790,Exploration
2067790,First-Person
2067790,Horror
2067790,Multiple Endings
2067790,Mystery
2067790,Narration
2067790,Psychological Horror
2067790,Puzzle
2067790,Realistic
2067790,Stealth
2067790,Story Rich
2067790,Thriller
2067790,Walking Simulator
2069500,2D
2069500,2D Platformer
2069500,Adventure
2069500,Atmospheric
2069500,Conversation
2069500,Cute
2069500,Drama
2069500,Emotional
2069500,Exploration
2069500,Interactive Fiction
2069500,JRPG
2069500,Logic
2069500,Mystery
2069500,Open World
2069500,Pixel Graphics
2069500,Romance
2069500,RPG
2069500,Sci-fi
2069500,Story Rich
2069500,Visual Novel
2069760,3D
2069760,Adventure
2069760,Atmospheric
2069760,Dark
2069760,Exploration
2069760,First-Person
2069760,Gore
2069760,Horror
2069760,Inventory Management
2069760,Mystery
2069760,Narration
2069760,Psychological Horror
2069760,Puzzle
2069760,Realistic
2069760,Singleplayer
2069760,Story Rich
2069760,Thriller
2069800,2D
2069800,Atmospheric
2069800,Casual
2069800,Choose Your Own Adventure
2069800,Dark
2069800,Detective
2069800,Drama
2069800,Female Protagonist
2069800,Hand-drawn
2069800,Indie
2069800,Investigation
2069800,Multiple Endings
2069800,Mystery
2069800,Psychological
2069800,Romance
2069800,Singleplayer
2069800,Story Rich
2069800,Text-Based
2069800,Thriller
2069800,Visual Novel
2071120,2D
2071120,Anime
2071120,Atmospheric
2071120,Choices Matter
2071120,Choose Your Own Adventure
2071120,Dark
2071120,Dating Sim
2071120,Drama
2071120,Emotional
2071120,LGBTQ+
2071120,Lore-Rich
2071120,Multiple Endings
2071120,Mystery
2071120,Point & Click
2071120,Psychological
2071120,Puzzle
2071120,Romance
2071120,Story Rich
2071120,Surreal
2071120,Visual Novel
2071200,2D
2071200,Adventure
2071200,Atmospheric
2071200,Drama
2071200,Exploration
2071200,Horror
2071200,Indie
2071200,Modern
2071200,Multiple Endings
2071200,Mystery
2071200,Psychological Horror
2071200,Puzzle
2071200,Puzzle Platformer
2071200,Quick-Time Events
2071200,Realistic
2071200,Satire
2071200,Singleplayer
2071200,Story Rich
2071200,Thriller
2071200,Visual Novel
2072040,2D
2072040,Adventure
2072040,Dark
2072040,Indie
2072040,Mystery
2072040,Mystery Dungeon
2072040,Philosophical
2072040,Puzzle
2072040,Short
2072040,Singleplayer
2072040,Story Rich
2072040,Text-Based
2072890,3D
2072890,Adventure
2072890,Atmospheric
2072890,Exploration
2072890,First-Person
2072890,Gore
2072890,Horror
2072890,Indie
2072890,Mystery
2072890,Psychological Horror
2072890,Puzzle
2072890,Realistic
2072890,Singleplayer
2072890,Story Rich
2072890,Survival Horror
2072890,Violent
2072890,Walking Simulator
2074000,Adventure
2074000,Anime
2074000,Casual
2074000,Choices Matter
2074000,Clicker
2074000,Cute
2074000,Dating Sim
2074000,Detective
2074000,Hand-drawn
2074000,Interactive Fiction
2074000,Multiple Endings
2074000,Mystery
2074000,Noir
2074000,Nonlinear
2074000,Point & Click
2074000,Psychological Horror
2074000,Romance
2074000,Story Rich
2074000,Thriller
2074000,Visual Novel
2074370,2D
2074370,Adventure
2074370,Choices Matter
2074370,Choose Your Own Adventure
2074370,Colorful
2074370,Comedy
2074370,Conspiracy
2074370,Controller
2074370,Drama
2074370,Female Protagonist
2074370,Management
2074370,Multiple Endings
2074370,Mystery
2074370,Otome
2074370,Romance
2074370,Story Rich
2074370,Stylized
2074370,Text-Based
2074370,Time Travel
2074370,Visual Novel
2075960,Adventure
2075960,Atmospheric
2075960,Casual
2075960,Colorful
2075960,Dark Fantasy
2075960,Detective
2075960,Drama
2075960,Fantasy
2075960,Hand-drawn
2075960,Hidden Object
2075960,Linear
2075960,Logic
2075960,Magic
2075960,Mystery
2075960,Mythology
2075960,Point & Click
2075960,Puzzle
2075960,Relaxing
2075960,Story Rich
2075960,Visual Novel
2077080,2D
2077080,Adventure
2077080,Choices Matter
2077080,Drama
2077080,Exploration
2077080,Fantasy
2077080,Female Protagonist
2077080,First-Person
2077080,Interactive Fiction
2077080,LGBTQ+
2077080,Lore-Rich
2077080,Multiple Endings
2077080,Mystery
2077080,Otome
2077080,Point & Click
2077080,Romance
2077080,Simulation
2077080,Singleplayer
2077080,Story Rich
2077080,Visual Novel
2077430,2D
2077430,Atmospheric
2077430,Casual
2077430,Choices Matter
2077430,Choose Your Own Adventure
2077430,Colorful
2077430,Indie
2077430,Interactive Fiction
2077430,Multiple Endings
2077430,Mystery
2077430,Pixel Graphics
2077430,Relaxing
2077430,Retro
2077430,Simulation
2077430,Singleplayer
2077430,Story Rich
2077430,Visual Novel
2078040,Action
2078040,Action-Adventure
2078040,Adventure
2078040,Atmospheric
2078040,Choices Matter
2078040,Dark
2078040,Drama
2078040,Exploration
2078040,First-Person
2078040,Horror
2078040,Investigation
2078040,Multiple Endings
2078040,Mystery
2078040,Psychological Horror
2078040,Puzzle
2078040,Sequel
2078040,Stealth
2078040,Story Rich
2078040,Supernatural
2078040,Thriller
2078830,Abstract
2078830,Adventure
2078830,Casual
2078830,Comedy
2078830,Free to Play
2078830,Horror
2078830,Idler
2078830,Interactive Fiction
2078830,Minimalist
2078830,Mystery
2078830,Relaxing
2078830,Singleplayer
2078830,Spelling
2078830,Story Rich
2078830,Stylized
2078830,Text-Based
2078830,Thriller
2078830,Typing
2078830,Visual Novel
2078830,Word Game
2079230,3D
2079230,Adventure
2079230,Atmospheric
2079230,Co-op
2079230,Dark
2079230,Exploration
2079230,Female Protagonist
2079230,First-Person
2079230,Futuristic
2079230,Horror
2079230,Interactive Fiction
2079230,Linear
2079230,Mystery
2079230,Narration
2079230,Realistic
2079230,Sci-fi
2079230,Science
2079230,Space
2079230,Story Rich
2079230,Walking Simulator
2079950,1980s
2079950,1990's
2079950,2D
2079950,Adventure
2079950,Colorful
2079950,Dark
2079950,Drama
2079950,Emotional
2079950,Exploration
2079950,Hand-drawn
2079950,Horror
2079950,Multiple Endings
2079950,Mystery
2079950,Psychological Horror
2079950,Puzzle
2079950,RPG
2079950,Story Rich
2079950,Stylized
2079950,Surreal
2079950,Thriller
2081310,2D
2081310,Choices Matter
2081310,Choose Your Own Adventure
2081310,Dark
2081310,Dark Humor
2081310,Detective
2081310,Dystopian
2081310,Exploration
2081310,Investigation
2081310,Life Sim
2081310,Management
2081310,Multiple Endings
2081310,Mystery
2081310,Political
2081310,Psychedelic
2081310,Psychological Horror
2081310,Simulation
2081310,Singleplayer
2081310,Story Rich
2081310,Strategy
2081470,6DOF
2081470,Action
2081470,Action-Adventure
2081470,Adventure
2081470,Atmospheric
2081470,Combat
2081470,Exploration
2081470,FPS
2081470,Indie
2081470,Linear
2081470,Mystery
2081470,Physics
2081470,Puzzle
2081470,Sci-fi
2081470,Singleplayer
2081470,Space
2081470,Story Rich
2081470,VR
2081580,3D
2081580,Adventure
2081580,Atmospheric
2081580,Choices Matter
2081580,Cinematic
2081580,Collectathon
2081580,Emotional
2081580,Exploration
2081580,First-Person
2081580,Futuristic
2081580,Investigation
2081580,LGBTQ+
2081580,Multiple Endings
2081580,Mystery
2081580,Mythology
2081580,Philosophical
2081580,Political
2081580,Story Rich
2081580,Tutorial
2081580,Walking Simulator
2082040,3D
2082040,Action
2082040,Action-Adventure
2082040,Atmospheric
2082040,Bullet Hell
2082040,Conspiracy
2082040,Dark
2082040,Exploration
2082040,First-Person
2082040,FPS
2082040,Horror
2082040,Indie
2082040,Mystery
2082040,Post-apocalyptic
2082040,Realistic
2082040,Sci-fi
2082040,Shooter
2082040,Story Rich
2082040,Survival Horror
2082040,Zombies
2084180,2.5D
2084180,Adventure
2084180,Anime
2084180,Dark Humor
2084180,Drama
2084180,Exploration
2084180,Female Protagonist
2084180,Horror
2084180,Indie
2084180,Interactive Fiction
2084180,LGBTQ+
2084180,Lovecraftian
2084180,Mystery
2084180,Pixel Graphics
2084180,RPGMaker
2084180,Singleplayer
2084180,Story Rich
2084180,Supernatural
2084180,Thriller
2084180,Visual Novel
2088280,3D
2088280,Adventure
2088280,Atmospheric
2088280,Controller
2088280,Exploration
2088280,First-Person
2088280,Hidden Object
2088280,Horror
2088280,Investigation
2088280,Mystery
2088280,Psychological
2088280,Psychological Horror
2088280,Puzzle
2088280,Realistic
2088280,Sailing
2088280,Stealth
2088280,Story Rich
2088280,Survival
2088280,Thriller
2088280,Walking Simulator
2089500,2D
2089500,Action
2089500,Action Roguelike
2089500,Anime
2089500,Atmospheric
2089500,Card Battler
2089500,Card Game
2089500,Choices Matter
2089500,Cute
2089500,Deckbuilding
2089500,Dungeon Crawler
2089500,Fantasy
2089500,Mystery
2089500,Roguelike
2089500,Roguelike Deckbuilder
2089500,Roguelite
2089500,Singleplayer
2089500,Story Rich
2089500,Strategy
2089500,Visual Novel
2090650,2D
2090650,Adventure
2090650,Atmospheric
2090650,Casual
2090650,Detective
2090650,Drama
2090650,Emotional
2090650,Exploration
2090650,Fantasy
2090650,Immersive Sim
2090650,Indie
2090650,Interactive Fiction
2090650,Mystery
2090650,Point & Click
2090650,Puzzle
2090650,RPG
2090650,Singleplayer
2090650,Story Rich
2090650,Stylized
2090650,Visual Novel
2091220,3D
2091220,Adventure
2091220,Atmospheric
2091220,Dark
2091220,Exploration
2091220,First-Person
2091220,Free to Play
2091220,Horror
2091220,Indie
2091220,Linear
2091220,Mystery
2091220,Psychological Horror
2091220,Puzzle
2091220,Singleplayer
2091220,Story Rich
2091220,Stylized
2091220,Walking Simulator
2091510,3D
2091510,Action
2091510,Action-Adventure
2091510,Adventure
2091510,Atmospheric
2091510,Choices Matter
2091510,Dark
2091510,Exploration
2091510,First-Person
2091510,Horror
2091510,Interactive Fiction
2091510,Linear
2091510,Mystery
2091510,Psychological Horror
2091510,Singleplayer
2091510,Story Rich
2091510,Surreal
2091510,Survival Horror
2091510,Thriller
2091510,Walking Simulator
2091550,3D
2091550,Anime
2091550,Casual
2091550,Dating Sim
2091550,Drama
2091550,Gambling
2091550,Hentai
2091550,Mature
2091550,Mystery
2091550,NSFW
2091550,Nudity
2091550,Romance
2091550,RPG
2091550,Sexual Content
2091550,Simulation
2091550,Singleplayer
2091550,Solitaire
2091550,Story Rich
2091550,Surreal
2091550,Visual Novel
2091580,Adventure
2091580,Anime
2091580,Casual
2091580,Choices Matter
2091580,Choose Your Own Adventure
2091580,Conspiracy
2091580,Emotional
2091580,Interactive Fiction
2091580,Investigation
2091580,Multiple Endings
2091580,Mystery
2091580,Philosophical
2091580,Point & Click
2091580,Psychological
2091580,Romance
2091580,Sci-fi
2091580,Science
2091580,Singleplayer
2091580,Story Rich
2091580,Visual Novel
2091630,2D
2091630,2D Platformer
2091630,Adventure
2091630,Anime
2091630,Casual
2091630,Colorful
2091630,Detective
2091630,Drama
2091630,Emotional
2091630,First-Person
2091630,Interactive Fiction
2091630,Linear
2091630,Multiple Endings
2091630,Mystery
2091630,Philosophical
2091630,Puzzle
2091630,RPG
2091630,Singleplayer
2091630,Story Rich
2091630,Visual Novel
2092620,2D
2092620,Adventure
2092620,Atmospheric
2092620,Choices Matter
2092620,Choose Your Own Adventure
2092620,Exploration
2092620,Immersive Sim
2092620,Indie
2092620,Interactive Fiction
2092620,Minimalist
2092620,Mystery
2092620,Pixel Graphics
2092620,Psychological Horror
2092620,Puzzle
2092620,RPG
2092620,Singleplayer
2092620,Story Rich
2092620,Surreal
2092620,Text-Based
2092620,Turn-Based Combat
2094190,2D
2094190,2D Platformer
2094190,Adventure
2094190,Anime
2094190,Atmospheric
2094190,Casual
2094190,Drama
2094190,Early Access
2094190,Exploration
2094190,Horror
2094190,Indie
2094190,JRPG
2094190,Lore-Rich
2094190,Mystery
2094190,Puzzle
2094190,RPG
2094190,Singleplayer
2094190,Story Rich
2094190,Strategy RPG
2094190,Visual Novel
2094620,Atmospheric
2094620,Character Customization
2094620,Choices Matter
2094620,Choose Your Own Adventure
2094620,Conspiracy
2094620,Conversation
2094620,Drama
2094620,Female Protagonist
2094620,Indie
2094620,Interactive Fiction
2094620,Multiple Endings
2094620,Mystery
2094620,Romance
2094620,RPG
2094620,Singleplayer
2094620,Story Rich
2094620,Text-Based
2094640,3D
2094640,3D Fighter
2094640,3D Platformer
2094640,Action
2094640,Action RPG
2094640,Adventure
2094640,Combat
2094640,Cute
2094640,Demons
2094640,Exploration
2094640,Fantasy
2094640,Female Protagonist
2094640,Hack and Slash
2094640,Memes
2094640,Mystery
2094640,Platformer
2094640,Runner
2094640,Singleplayer
2094640,Story Rich
2094640,Surreal
2094750,Action-Adventure
2094750,Adventure
2094750,Atmospheric
2094750,Cartoon
2094750,Cinematic
2094750,Comedy
2094750,Exploration
2094750,Hand-drawn
2094750,Immersive Sim
2094750,Mystery
2094750,Narration
2094750,Open World
2094750,Parody
2094750,Pirates
2094750,Puzzle
2094750,Sci-fi
2094750,Story Rich
2094750,Stylized
2094750,Time Manipulation
2094750,Visual Novel
2095090,2D
2095090,Adventure
2095090,Anime
2095090,Casual
2095090,Choose Your Own Adventure
2095090,Conversation
2095090,Cute
2095090,Dating Sim
2095090,Drama
2095090,Emotional
2095090,Experimental
2095090,Funny
2095090,Indie
2095090,Multiple Endings
2095090,Mystery
2095090,Psychological Horror
2095090,Sexual Content
2095090,Singleplayer
2095090,Story Rich
2095090,Visual Novel
2095130,Abstract
2095130,Atmospheric
2095130,Choices Matter
2095130,Choose Your Own Adventure
2095130,Conversation
2095130,Detective
2095130,Emotional
2095130,Exploration
2095130,Interactive Fiction
2095130,Lore-Rich
2095130,Multiple Endings
2095130,Mystery
2095130,Psychedelic
2095130,Puzzle
2095130,RPG
2095130,Sci-fi
2095130,Singleplayer
2095130,Story Rich
2095130,Stylized
2095130,Surreal
2095510,3D
2095510,Adventure
2095510,Atmospheric
2095510,Controller
2095510,Dark
2095510,Escape Room
2095510,Exploration
2095510,Female Protagonist
2095510,First-Person
2095510,Hidden Object
2095510,Horror
2095510,Logic
2095510,Mystery
2095510,Psychological Horror
2095510,Puzzle
2095510,Realistic
2095510,Singleplayer
2095510,Stealth
2095510,Story Rich
2095510,Thriller
2098860,2D
2098860,Adventure
2098860,Atmospheric
2098860,Casual
2098860,Detective
2098860,Drama
2098860,Hand-drawn
2098860,Hidden Object
2098860,Interactive Fiction
2098860,Investigation
2098860,Logic
2098860,Magic
2098860,Mystery
2098860,Noir
2098860,Point & Click
2098860,Puzzle
2098860,Singleplayer
2098860,Story Rich
2098860,Supernatural
2098860,Vampire
2099030,Adventure
2099030,Dark
2099030,Dark Humor
2099030,Detective
2099030,Free to Play
2099030,Funny
2099030,Idler
2099030,Indie
2099030,Investigation
2099030,Mystery
2099030,Mythology
2099030,Narration
2099030,Realistic
2099030,Singleplayer
2099030,Story Rich
2099030,Text-Based
2099030,Visual Novel
2100790,Adventure
2100790,Comedy
2100790,Cooking
2100790,Dark
2100790,Dark Comedy
2100790,Design & Illustration
2100790,Funny
2100790,Horror
2100790,Indie
2100790,Mystery
2100790,Nudity
2100790,Pixel Graphics
2100790,Point & Click
2100790,Psychological Horror
2100790,Puzzle
2100790,Relaxing
2100790,Retro
2100790,Singleplayer
2100790,Story Rich
2100790,Surreal
2104560,3D
2104560,Adventure
2104560,Atmospheric
2104560,Cartoony
2104560,Casual
2104560,Cinematic
2104560,Colorful
2104560,Emotional
2104560,Exploration
2104560,Fantasy
2104560,Female Protagonist
2104560,Indie
2104560,Mystery
2104560,Psychological Horror
2104560,Puzzle
2104560,Singleplayer
2104560,Story Rich
2104560,Text-Based
2105610,1980s
2105610,Adventure
2105610,Atmospheric
2105610,Choices Matter
2105610,Choose Your Own Adventure
2105610,Conversation
2105610,CRPG
2105610,Episodic
2105610,Exploration
2105610,Isometric
2105610,Mystery
2105610,Old School
2105610,Party-Based RPG
2105610,Pixel Graphics
2105610,Retro
2105610,RPG
2105610,Sci-fi
2105610,Singleplayer
2105610,Story Rich
2105610,Walking Simulator
2106760,3D
2106760,Adventure
2106760,Atmospheric
2106760,Casual
2106760,Choices Matter
2106760,Comedy
2106760,Conversation
2106760,Emotional
2106760,Exploration
2106760,First-Person
2106760,Funny
2106760,Indie
2106760,Interactive Fiction
2106760,Mystery
2106760,Point & Click
2106760,Psychedelic
2106760,Relaxing
2106760,Singleplayer
2106760,Story Rich
2106760,Surreal
2106840,1980s
2106840,2D Platformer
2106840,Adventure
2106840,Anime
2106840,Choose Your Own Adventure
2106840,Hand-drawn
2106840,Horror
2106840,JRPG
2106840,Multiple Endings
2106840,Mystery
2106840,Point & Click
2106840,Retro
2106840,RPG
2106840,Simulation
2106840,Singleplayer
2106840,Story Rich
2106840,Supernatural
2106840,Text-Based
2106840,Visual Novel
2106840,Well-Written
2107180,Adventure
2107180,Atmospheric
2107180,Dark
2107180,Emotional
2107180,Exploration
2107180,First-Person
2107180,Gore
2107180,Horror
2107180,Interactive Fiction
2107180,Mystery
2107180,Narration
2107180,Psychological Horror
2107180,Retro
2107180,Short
2107180,Singleplayer
2107180,Story Rich
2107180,Stylized
2107180,Surreal
2107180,Violent
2107180,Walking Simulator
2107820,2D
2107820,Adventure
2107820,Anime
2107820,Cute
2107820,Detective
2107820,Female Protagonist
2107820,Hentai
2107820,Indie
2107820,Mystery
2107820,Nudity
2107820,Psychological
2107820,Psychological Horror
2107820,Remake
2107820,Sexual Content
2107820,Singleplayer
2107820,Story Rich
2107820,Survival
2107820,Time Travel
2107820,Violent
2107820,Visual Novel
2109430,1980s
2109430,3D
2109430,Adventure
2109430,Casual
2109430,Choices Matter
2109430,Choose Your Own Adventure
2109430,Cinematic
2109430,Detective
2109430,Hand-drawn
2109430,Investigation
2109430,Multiple Endings
2109430,Mystery
2109430,Noir
2109430,Programming
2109430,Puzzle
2109430,Sci-fi
2109430,Singleplayer
2109430,Story Rich
2109430,Stylized
2109430,Visual Novel
2110510,1980s
2110510,1990's
2110510,3D
2110510,Action-Adventure
2110510,Adventure
2110510,Atmospheric
2110510,Exploration
2110510,First-Person
2110510,Horror
2110510,Indie
2110510,Investigation
2110510,Linear
2110510,Mystery
2110510,Psychological Horror
2110510,Puzzle
2110510,PvE
2110510,Relaxing
2110510,Singleplayer
2110510,Story Rich
2110510,Walking Simulator
2110540,Action
2110540,Atmospheric
2110540,Capitalism
2110540,Conspiracy
2110540,Dark
2110540,Dystopian
2110540,First-Person
2110540,Free to Play
2110540,Horror
2110540,Lore-Rich
2110540,Minimalist
2110540,Mystery
2110540,Psychological Horror
2110540,Puzzle
2110540,Story Rich
2110540,Stylized
2110540,Surreal
2110540,Survival
2110540,Survival Horror
2110540,Thriller
2110690,2D
2110690,3D
2110690,Adventure
2110690,Atmospheric
2110690,Detective
2110690,Escape Room
2110690,Fantasy
2110690,Hand-drawn
2110690,Investigation
2110690,Linear
2110690,Logic
2110690,Lovecraftian
2110690,Mystery
2110690,Mystery Dungeon
2110690,Narration
2110690,Point & Click
2110690,Puzzle
2110690,Singleplayer
2110690,Story Rich
2110690,Vampire
2114300,Adventure
2114300,Atmospheric
2114300,Conversation
2114300,Crime
2114300,Detective
2114300,Dynamic Narration
2114300,Exploration
2114300,Funny
2114300,Historical
2114300,Indie
2114300,Investigation
2114300,Isometric
2114300,Mystery
2114300,Noir
2114300,Point & Click
2114300,Puzzle
2114300,Singleplayer
2114300,Story Rich
2114300,Violent
2114300,Visual Novel
2115610,2D Platformer
2115610,Casual
2115610,Cats
2115610,Dating Sim
2115610,Detective
2115610,Drama
2115610,Emotional
2115610,Exploration
2115610,Life Sim
2115610,Linear
2115610,Multiple Endings
2115610,Mystery
2115610,Pixel Graphics
2115610,Point & Click
2115610,Puzzle
2115610,Puzzle Platformer
2115610,Romance
2115610,RPG
2115610,Story Rich
2115610,Stylized
2115800,3D
2115800,Action
2115800,Adventure
2115800,Anime
2115800,Cats
2115800,Colorful
2115800,Cute
2115800,Exploration
2115800,Funny
2115800,Mystery
2115800,Open World
2115800,Puzzle
2115800,Relaxing
2115800,RPG
2115800,Sandbox
2115800,Singleplayer
2115800,Stealth
2115800,Story Rich
2115800,Stylized
2115800,Third Person
2116460,3D
2116460,Action
2116460,Action-Adventure
2116460,Adventure
2116460,Colorful
2116460,Early Access
2116460,Exploration
2116460,Fantasy
2116460,First-Person
2116460,Futuristic
2116460,Hidden Object
2116460,Horror
2116460,Linear
2116460,Mod
2116460,Mystery
2116460,Psychological Horror
2116460,PvE
2116460,Singleplayer
2116460,Stealth
2116460,Story Rich
2116930,3D
2116930,Adventure
2116930,Alternate History
2116930,Choices Matter
2116930,Conspiracy
2116930,Conversation
2116930,Crime
2116930,Dark
2116930,Dynamic Narration
2116930,Dystopian
2116930,Historical
2116930,Investigation
2116930,Mystery
2116930,Point & Click
2116930,Puzzle
2116930,Puzzle Platformer
2116930,Singleplayer
2116930,Story Rich
2116930,Text-Based
2116930,Third Person
2117290,3D
2117290,Adventure
2117290,Atmospheric
2117290,Conspiracy
2117290,Controller
2117290,Difficult
2117290,Escape Room
2117290,Exploration
2117290,First-Person
2117290,Hidden Object
2117290,Indie
2117290,Investigation
2117290,Logic
2117290,Mystery
2117290,Puzzle
2117290,Realistic
2117290,Relaxing
2117290,Singleplayer
2117290,Story Rich
2118910,3D
2118910,Action
2118910,Adventure
2118910,Dark
2118910,Demons
2118910,Female Protagonist
2118910,First-Person
2118910,Horror
2118910,Lore-Rich
2118910,Mystery
2118910,Psychological
2118910,Psychological Horror
2118910,Puzzle
2118910,Singleplayer
2118910,Story Rich
2118910,Supernatural
2118910,Surreal
2118910,Survival
2118910,Survival Horror
2118910,Thriller
2120060,2D
2120060,Adventure
2120060,Anime
2120060,Casual
2120060,Choices Matter
2120060,Choose Your Own Adventure
2120060,Colorful
2120060,Comedy
2120060,Conversation
2120060,Drama
2120060,Education
2120060,Free to Play
2120060,Funny
2120060,Historical
2120060,Logic
2120060,Mystery
2120060,Philosophical
2120060,Puzzle
2120060,Story Rich
2120060,Visual Novel
2120900,Adventure
2120900,Atmospheric
2120900,Casual
2120900,Conversation
2120900,Crime
2120900,Cycling
2120900,Episodic
2120900,Exploration
2120900,First-Person
2120900,Horror
2120900,Linear
2120900,Mystery
2120900,Narration
2120900,Noir
2120900,Psychological Horror
2120900,Realistic
2120900,Singleplayer
2120900,Story Rich
2120900,Thriller
2120900,Walking Simulator
2121000,3D
2121000,Action-Adventure
2121000,Adventure
2121000,Atmospheric
2121000,Dark
2121000,Drama
2121000,Exploration
2121000,First-Person
2121000,Hidden Object
2121000,Horror
2121000,Logic
2121000,Multiple Endings
2121000,Mystery
2121000,Point & Click
2121000,Psychological Horror
2121000,Puzzle
2121000,Singleplayer
2121000,Story Rich
2121000,Supernatural
2121000,Violent
2121480,2D
2121480,Adventure
2121480,Atmospheric
2121480,Casual
2121480,Choices Matter
2121480,Conversation
2121480,Dark Fantasy
2121480,Drama
2121480,Fantasy
2121480,Female Protagonist
2121480,Interactive Fiction
2121480,Multiple Endings
2121480,Mystery
2121480,Mythology
2121480,Romance
2121480,RPG
2121480,Singleplayer
2121480,Story Rich
2121480,Stylized
2121480,Visual Novel
2121980,2D
2121980,Adventure
2121980,Difficult
2121980,Female Protagonist
2121980,Great Soundtrack
2121980,Indie
2121980,Mystery
2121980,Pixel Graphics
2121980,Puzzle
2121980,Retro
2121980,Singleplayer
2121980,Sokoban
2121980,Story Rich
2124810,3D
2124810,Action-Adventure
2124810,Atmospheric
2124810,Dark Fantasy
2124810,Demons
2124810,Exploration
2124810,First-Person
2124810,FPS
2124810,Hidden Object
2124810,Horror
2124810,Investigation
2124810,Logic
2124810,Magic
2124810,Mystery
2124810,Psychological
2124810,Psychological Horror
2124810,Realistic
2124810,Story Rich
2124810,Surreal
2124810,Thriller
2128440,3D
2128440,Action-Adventure
2128440,Adventure
2128440,Atmospheric
2128440,Dark
2128440,Dark Humor
2128440,Detective
2128440,Exploration
2128440,Funny
2128440,Horror
2128440,Investigation
2128440,Mystery
2128440,Old School
2128440,Parody
2128440,Pixel Graphics
2128440,Retro
2128440,Snow
2128440,Story Rich
2128440,Text-Based
2128440,Thriller
2128480,Adventure
2128480,Anime
2128480,Atmospheric
2128480,Cartoon
2128480,Cartoony
2128480,Crime
2128480,Crowdfunded
2128480,Detective
2128480,Drama
2128480,Exploration
2128480,Fantasy
2128480,Gothic
2128480,Multiple Endings
2128480,Mystery
2128480,Puzzle
2128480,Story Rich
2128480,Strategy
2128480,Text-Based
2128480,Thriller
2128480,Visual Novel
2128530,2D
2128530,Adventure
2128530,Casual
2128530,Choices Matter
2128530,Conversation
2128530,Detective
2128530,Indie
2128530,Interactive Fiction
2128530,Investigation
2128530,Logic
2128530,Mystery
2128530,Old School
2128530,Pixel Graphics
2128530,Point & Click
2128530,Puzzle
2128530,Retro
2128530,Singleplayer
2128530,Story Rich
2128530,Tutorial
2128560,2D
2128560,Adventure
2128560,Anime
2128560,Casual
2128560,Choices Matter
2128560,Choose Your Own Adventure
2128560,Controller
2128560,Dark
2128560,Drama
2128560,Fantasy
2128560,First-Person
2128560,Horror
2128560,Interactive Fiction
2128560,Multiple Endings
2128560,Mystery
2128560,Nonlinear
2128560,Story Rich
2128560,Stylized
2128560,Surreal
2128560,Visual Novel
2129020,1980s
2129020,2D
2129020,Adventure
2129020,Anime
2129020,Dark
2129020,Exploration
2129020,Family Friendly
2129020,Funny
2129020,Hand-drawn
2129020,Horror
2129020,Indie
2129020,Multiple Endings
2129020,Mystery
2129020,Point & Click
2129020,Puzzle
2129020,Remake
2129020,Short
2129020,Singleplayer
2129020,Story Rich
2129020,Visual Novel
2129200,2D
2129200,Atmospheric
2129200,Casual
2129200,Detective
2129200,Drama
2129200,Horror
2129200,Indie
2129200,Mystery
2129200,Psychological Horror
2129200,Puzzle
2129200,Puzzle Platformer
2129200,Singleplayer
2129200,Story Rich
2129200,Supernatural
2129200,Thriller
2130470,1980s
2130470,3D
2130470,Action
2130470,Adventure
2130470,Dark
2130470,Demons
2130470,Drama
2130470,Exploration
2130470,First-Person
2130470,Hidden Object
2130470,Horror
2130470,Magic
2130470,Mystery
2130470,Psychological Horror
2130470,Romance
2130470,Singleplayer
2130470,Story Rich
2130470,Surreal
2130470,Survival Horror
2130470,Thriller
2130550,3D
2130550,Action
2130550,Action-Adventure
2130550,Adventure
2130550,Atmospheric
2130550,Dark
2130550,Exploration
2130550,First-Person
2130550,Horror
2130550,Indie
2130550,Minimalist
2130550,Multiple Endings
2130550,Mystery
2130550,Psychological Horror
2130550,Singleplayer
2130550,Story Rich
2130550,Stylized
2130550,Survival Horror
2133930,2D
2133930,Adventure
2133930,Anime
2133930,Atmospheric
2133930,Casual
2133930,Detective
2133930,Drama
2133930,Hand-drawn
2133930,Horror
2133930,Indie
2133930,LGBTQ+
2133930,Linear
2133930,Multiple Endings
2133930,Mystery
2133930,Noir
2133930,Singleplayer
2133930,Story Rich
2133930,Stylized
2133930,Text-Based
2133930,Visual Novel
2137460,Action
2137460,Atmospheric
2137460,Crime
2137460,Dark
2137460,First-Person
2137460,FPS
2137460,Gore
2137460,Horror
2137460,Interactive Fiction
2137460,Mystery
2137460,Psychological Horror
2137460,Realistic
2137460,Shooter
2137460,Singleplayer
2137460,Story Rich
2137460,Surreal
2137460,Survival
2137460,Survival Horror
2137460,Thriller
2137460,Violent
2137700,3D Vision
2137700,Atmospheric
2137700,Clicker
2137700,Controller
2137700,Demons
2137700,Hidden Object
2137700,Horror
2137700,Illuminati
2137700,Investigation
2137700,Local Co-Op
2137700,Logic
2137700,Lovecraftian
2137700,Mystery
2137700,Psychological
2137700,Psychological Horror
2137700,Puzzle
2137700,Realistic
2137700,Singleplayer
2137700,Story Rich
2137700,Supernatural
2137920,3D
2137920,Action
2137920,Action-Adventure
2137920,Artificial Intelligence
2137920,Collectathon
2137920,Exploration
2137920,First-Person
2137920,Horror
2137920,Immersive Sim
2137920,Investigation
2137920,Mystery
2137920,Real Time Tactics
2137920,Realistic
2137920,Singleplayer
2137920,Stealth
2137920,Story Rich
2137920,Strategy
2137920,Survival
2137920,Survival Horror
2137920,Thriller
2139310,2D Platformer
2139310,Alternate History
2139310,Casual
2139310,Conspiracy
2139310,Crime
2139310,Detective
2139310,Drama
2139310,Education
2139310,Exploration
2139310,Fantasy
2139310,Multiple Endings
2139310,Mystery
2139310,Puzzle
2139310,Romance
2139310,Story Rich
2139310,Strategy
2139310,Third Person
2139310,Thriller
2139310,Time Manipulation
2139310,Trivia
2140900,3D
2140900,Adventure
2140900,Atmospheric
2140900,Dark
2140900,Detective
2140900,Exploration
2140900,First-Person
2140900,Free to Play
2140900,Horror
2140900,Indie
2140900,Investigation
2140900,Lovecraftian
2140900,Mystery
2140900,Narrative
2140900,Noir
2140900,Psychological
2140900,Singleplayer
2140900,Story Rich
2140900,Trading
2140900,Walking Simulator
2142030,Adventure
2142030,Cartoony
2142030,Choose Your Own Adventure
2142030,Cooking
2142030,Dark Humor
2142030,Driving
2142030,Economy
2142030,Exploration
2142030,First-Person
2142030,Funny
2142030,Life Sim
2142030,Loot
2142030,Minimalist
2142030,Mystery
2142030,Open World
2142030,Physics
2142030,Relaxing
2142030,Robots
2142030,Story Rich
2142030,Survival
2142160,2D
2142160,Adventure
2142160,Casual
2142160,Conversation
2142160,Crime
2142160,Detective
2142160,Funny
2142160,Mystery
2142160,Point & Click
2142160,Psychological Horror
2142160,Puzzle
2142160,Singleplayer
2142160,Story Rich
2142160,Strategy
2142160,Typing
2142160,Visual Novel
2142160,Word Game
2142400,3D
2142400,Action
2142400,Action-Adventure
2142400,Adventure
2142400,Atmospheric
2142400,Exploration
2142400,Female Protagonist
2142400,First-Person
2142400,Free to Play
2142400,Linear
2142400,Mystery
2142400,Puzzle
2142400,Realistic
2142400,Singleplayer
2142400,Story Rich
2142400,Thriller
2142400,Visual Novel
2142400,VR
2142400,Walking Simulator
2142400,World War II
2143050,1990's
2143050,2D
2143050,Adventure
2143050,Detective
2143050,Female Protagonist
2143050,Hidden Object
2143050,Horror
2143050,Indie
2143050,Interactive Fiction
2143050,JRPG
2143050,Mystery
2143050,Pixel Graphics
2143050,Psychological Horror
2143050,Puzzle
2143050,RPG
2143050,RPGMaker
2143050,Singleplayer
2143050,Story Rich
2143050,Thriller
2143050,Visual Novel
2143140,1990's
2143140,Abstract
2143140,Adventure
2143140,Atmospheric
2143140,Cinematic
2143140,Dark
2143140,Detective
2143140,Drama
2143140,First-Person
2143140,Horror
2143140,Investigation
2143140,Logic
2143140,Minimalist
2143140,Mystery
2143140,Old School
2143140,Point & Click
2143140,Puzzle
2143140,Story Rich
2143140,Stylized
2143140,Surreal
2143340,Adventure
2143340,Anime
2143340,Atmospheric
2143340,Choices Matter
2143340,Choose Your Own Adventure
2143340,Dating Sim
2143340,Female Protagonist
2143340,Free to Play
2143340,Horror
2143340,Indie
2143340,Multiple Endings
2143340,Mystery
2143340,Otome
2143340,Romance
2143340,Singleplayer
2143340,Story Rich
2143340,Supernatural
2143340,Text-Based
2143340,Visual Novel
2145220,Action
2145220,Action-Adventure
2145220,Adventure
2145220,Atmospheric
2145220,Cinematic
2145220,Dark
2145220,Difficult
2145220,First-Person
2145220,Gore
2145220,Hidden Object
2145220,Horror
2145220,Indie
2145220,Mystery
2145220,Puzzle
2145220,Realistic
2145220,Singleplayer
2145220,Story Rich
2145220,Survival
2145220,Survival Horror
2145220,Thriller
2145530,Adventure
2145530,Anime
2145530,Cats
2145530,Choices Matter
2145530,Dark Fantasy
2145530,Dating Sim
2145530,Drama
2145530,Fantasy
2145530,Investigation
2145530,LGBTQ+
2145530,Lore-Rich
2145530,Multiple Endings
2145530,Mystery
2145530,Romance
2145530,Singleplayer
2145530,Steampunk
2145530,Story Rich
2145530,Supernatural
2145530,Text-Based
2145530,Visual Novel
2147330,2D
2147330,Adventure
2147330,Atmospheric
2147330,Choices Matter
2147330,Choose Your Own Adventure
2147330,Conversation
2147330,Drama
2147330,Emotional
2147330,Female Protagonist
2147330,Funny
2147330,Hand-drawn
2147330,Interactive Fiction
2147330,Investigation
2147330,Mystery
2147330,Nonlinear
2147330,Otome
2147330,Psychological
2147330,Story Rich
2147330,Text-Based
2147330,Visual Novel
2147600,3D
2147600,Action
2147600,Adventure
2147600,Dark
2147600,Detective
2147600,Drama
2147600,Escape Room
2147600,First-Person
2147600,Free to Play
2147600,Hidden Object
2147600,Horror
2147600,Mystery
2147600,Puzzle
2147600,Realistic
2147600,Singleplayer
2147600,Stealth
2147600,Story Rich
2147600,Survival Horror
2148780,2D
2148780,Adventure
2148780,Anime
2148780,Atmospheric
2148780,Casual
2148780,Crime
2148780,Dark
2148780,Detective
2148780,Exploration
2148780,Fantasy
2148780,Indie
2148780,Investigation
2148780,Mystery
2148780,Puzzle
2148780,RPGMaker
2148780,Singleplayer
2148780,Story Rich
2148780,Thriller
2153190,Action
2153190,Action-Adventure
2153190,Anime
2153190,Atmospheric
2153190,Cinematic
2153190,Combat
2153190,Dark
2153190,Detective
2153190,Horror
2153190,Investigation
2153190,Metroidvania
2153190,Mystery
2153190,Noir
2153190,Psychological Horror
2153190,Resource Management
2153190,Story Rich
2153190,Supernatural
2153190,Survival Horror
2153190,Third Person
2153190,Thriller
2153590,Anime
2153590,Crime
2153590,Detective
2153590,Drama
2153590,Exploration
2153590,Hidden Object
2153590,Immersive Sim
2153590,Indie
2153590,Investigation
2153590,Logic
2153590,Lore-Rich
2153590,Mystery
2153590,Point & Click
2153590,Psychological Horror
2153590,Puzzle
2153590,RPG
2153590,Simulation
2153590,Singleplayer
2153590,Story Rich
2153590,Word Game
2154140,3D
2154140,Casual
2154140,Choices Matter
2154140,Dating Sim
2154140,Drama
2154140,Emotional
2154140,Fantasy
2154140,LGBTQ+
2154140,Linear
2154140,Magic
2154140,Modern
2154140,Mystery
2154140,Nudity
2154140,Realistic
2154140,Romance
2154140,Sexual Content
2154140,Story Rich
2154140,Superhero
2154140,Text-Based
2154140,Visual Novel
2155770,Action
2155770,Action-Adventure
2155770,Adventure
2155770,Atmospheric
2155770,Comedy
2155770,Dark
2155770,Drama
2155770,Exploration
2155770,First-Person
2155770,Futuristic
2155770,Horror
2155770,Logic
2155770,Multiple Endings
2155770,Mystery
2155770,Narration
2155770,Puzzle
2155770,Sci-fi
2155770,Singleplayer
2155770,Story Rich
2155770,Surreal
2156620,2D
2156620,Adventure
2156620,Anime
2156620,Casual
2156620,Choices Matter
2156620,Cute
2156620,Drama
2156620,Emotional
2156620,Futuristic
2156620,Interactive Fiction
2156620,Multiple Endings
2156620,Mystery
2156620,Nudity
2156620,Romance
2156620,Sci-fi
2156620,Sexual Content
2156620,Singleplayer
2156620,Story Rich
2156620,Surreal
2156620,Visual Novel
2156960,Action
2156960,Adventure
2156960,Atmospheric
2156960,Exploration
2156960,First-Person
2156960,Hidden Object
2156960,Indie
2156960,Investigation
2156960,Logic
2156960,Mystery
2156960,Nature
2156960,Puzzle
2156960,Singleplayer
2156960,Story Rich
2156960,Walking Simulator
2157680,2D
2157680,Adventure
2157680,Drama
2157680,Exploration
2157680,FPS
2157680,Hentai
2157680,Indie
2157680,JRPG
2157680,Mature
2157680,Mystery
2157680,NSFW
2157680,Nudity
2157680,Psychological Horror
2157680,Puzzle
2157680,RPG
2157680,Sexual Content
2157680,Singleplayer
2157680,Story Rich
2157680,Visual Novel
2157680,World War II
2158650,Adventure
2158650,Atmospheric
2158650,Choices Matter
2158650,Conversation
2158650,Dark
2158650,Emotional
2158650,Experimental
2158650,Female Protagonist
2158650,Horror
2158650,Indie
2158650,Interactive Fiction
2158650,Multiple Endings
2158650,Mystery
2158650,Psychological
2158650,Psychological Horror
2158650,Singleplayer
2158650,Story Rich
2158650,Stylized
2158650,Surreal
2158650,Visual Novel
2159960,Capitalism
2159960,Conspiracy
2159960,Controller
2159960,Dystopian
2159960,Economy
2159960,Funny
2159960,Interactive Fiction
2159960,Life Sim
2159960,Management
2159960,Multiple Endings
2159960,Mystery
2159960,Pixel Graphics
2159960,Point & Click
2159960,Political
2159960,Political Sim
2159960,Retro
2159960,Simulation
2159960,Singleplayer
2159960,Story Rich
2159960,Visual Novel
2160000,2D
2160000,Adventure
2160000,Anime
2160000,Casual
2160000,Choices Matter
2160000,Choose Your Own Adventure
2160000,Colorful
2160000,Dark Comedy
2160000,Dark Fantasy
2160000,Dark Humor
2160000,Immersive Sim
2160000,Interactive Fiction
2160000,Multiple Endings
2160000,Mystery
2160000,Otome
2160000,Psychological Horror
2160000,Singleplayer
2160000,Story Rich
2160000,Text-Based
2160000,Visual Novel
2161700,Adventure
2161700,Anime
2161700,Colorful
2161700,Dark
2161700,Dating Sim
2161700,Detective
2161700,Emotional
2161700,Great Soundtrack
2161700,JRPG
2161700,Multiple Endings
2161700,Mystery
2161700,Party-Based RPG
2161700,RPG
2161700,Story Rich
2161700,Strategy
2161700,Strategy RPG
2161700,Supernatural
2161700,Turn-Based Combat
2161700,Turn-Based Strategy
2161700,Visual Novel
2162900,2D
2162900,Adventure
2162900,Anime
2162900,Cartoon
2162900,Cartoony
2162900,Cute
2162900,Detective
2162900,Drama
2162900,Emotional
2162900,Fantasy
2162900,Female Protagonist
2162900,Indie
2162900,Interactive Fiction
2162900,Mystery
2162900,Puzzle
2162900,RPG
2162900,Singleplayer
2162900,Story Rich
2162900,Supernatural
2162900,Top-Down
2166060,1990's
2166060,3D
2166060,Adventure
2166060,Atmospheric
2166060,Choose Your Own Adventure
2166060,Colorful
2166060,Dark
2166060,Exploration
2166060,First-Person
2166060,Horror
2166060,Interactive Fiction
2166060,Mystery
2166060,Old School
2166060,Point & Click
2166060,Psychological
2166060,Psychological Horror
2166060,Puzzle
2166060,Story Rich
2166060,Stylized
2166060,Supernatural
2167750,3D
2167750,Adventure
2167750,Atmospheric
2167750,Casual
2167750,Dark
2167750,Demons
2167750,Drama
2167750,First-Person
2167750,Gore
2167750,Horror
2167750,Indie
2167750,Linear
2167750,Mystery
2167750,Psychological Horror
2167750,Realistic
2167750,Singleplayer
2167750,Story Rich
2167750,Supernatural
2167750,Thriller
2167750,Violent
2168810,3D
2168810,Adventure
2168810,Character Customization
2168810,Choices Matter
2168810,Dark Fantasy
2168810,Exploration
2168810,Immersive Sim
2168810,Indie
2168810,Isometric
2168810,Lovecraftian
2168810,Multiplayer
2168810,Multiple Endings
2168810,Mystery
2168810,Puzzle
2168810,RPG
2168810,Singleplayer
2168810,Story Rich
2168810,Strategy
2168810,Third Person
2168810,Turn-Based
2172010,Adventure
2172010,Atmospheric
2172010,Choices Matter
2172010,Choose Your Own Adventure
2172010,Cinematic
2172010,Dark
2172010,Drama
2172010,Emotional
2172010,Exploration
2172010,Gore
2172010,Horror
2172010,Interactive Fiction
2172010,Multiple Endings
2172010,Mystery
2172010,Perma Death
2172010,Quick-Time Events
2172010,Remake
2172010,Singleplayer
2172010,Story Rich
2172010,Third Person
2172260,1990's
2172260,3D
2172260,Action
2172260,Adventure
2172260,America
2172260,Atmospheric
2172260,Cinematic
2172260,Early Access
2172260,Exploration
2172260,First-Person
2172260,Horror
2172260,Immersive Sim
2172260,Mystery
2172260,Open World
2172260,Psychological Horror
2172260,Realistic
2172260,Simulation
2172260,Singleplayer
2172260,Story Rich
2172260,Thriller
2172490,3D
2172490,Cartoony
2172490,Casual
2172490,Comedy
2172490,Controller
2172490,Cozy
2172490,Detective
2172490,Escape Room
2172490,Female Protagonist
2172490,First-Person
2172490,Hand-drawn
2172490,Indie
2172490,Investigation
2172490,LGBTQ+
2172490,Logic
2172490,Mystery
2172490,Puzzle
2172490,Singleplayer
2172490,Story Rich
2172490,Visual Novel
2175100,3D
2175100,Casual
2175100,Character Customization
2175100,Choose Your Own Adventure
2175100,Colorful
2175100,Cute
2175100,Drama
2175100,Emotional
2175100,Female Protagonist
2175100,LGBTQ+
2175100,Linear
2175100,Multiple Endings
2175100,Mystery
2175100,NSFW
2175100,Nudity
2175100,Romance
2175100,Sexual Content
2175100,Singleplayer
2175100,Story Rich
2175100,Visual Novel
2176560,Adventure
2176560,America
2176560,Choices Matter
2176560,Collectathon
2176560,Dating Sim
2176560,Drama
2176560,Early Access
2176560,Free to Play
2176560,Hidden Object
2176560,Mature
2176560,Mystery
2176560,NSFW
2176560,Nudity
2176560,Point & Click
2176560,Romance
2176560,Sexual Content
2176560,Singleplayer
2176560,Story Rich
2176560,Thriller
2176560,Visual Novel
2177170,Adventure
2177170,Anime
2177170,Cartoony
2177170,Choices Matter
2177170,Drama
2177170,Gore
2177170,Mystery
2177170,Singleplayer
2177170,Story Rich
2177170,Survival
2177170,Text-Based
2177170,Violent
2177170,Visual Novel
2177170,Zombies
2179900,3D
2179900,Action
2179900,Action-Adventure
2179900,Adventure
2179900,Controller
2179900,Dark
2179900,Demons
2179900,Early Access
2179900,Exploration
2179900,FPS
2179900,Horror
2179900,Multiple Endings
2179900,Mystery
2179900,Mystery Dungeon
2179900,Psychological Horror
2179900,Puzzle
2179900,Realistic
2179900,Stealth
2179900,Story Rich
2179900,Survival Horror
2180070,3D
2180070,Adventure
2180070,Atmospheric
2180070,Cinematic
2180070,Dark
2180070,Drama
2180070,Early Access
2180070,Exploration
2180070,Hidden Object
2180070,Horror
2180070,Inventory Management
2180070,Linear
2180070,Mystery
2180070,Narration
2180070,Psychological Horror
2180070,Puzzle
2180070,Realistic
2180070,Singleplayer
2180070,Story Rich
2180070,Walking Simulator
2180430,1980s
2180430,1990's
2180430,3D
2180430,Adventure
2180430,Detective
2180430,Early Access
2180430,Exploration
2180430,First-Person
2180430,Horror
2180430,Indie
2180430,Investigation
2180430,Mystery
2180430,Nonlinear
2180430,Psychological Horror
2180430,Puzzle
2180430,Singleplayer
2180430,Story Rich
2180430,Thriller
2180800,1990's
2180800,2D
2180800,Adventure
2180800,Character Customization
2180800,Comedy
2180800,Drama
2180800,Female Protagonist
2180800,Indie
2180800,Mystery
2180800,Philosophical
2180800,Point & Click
2180800,Puzzle
2180800,RPG
2180800,Side Scroller
2180800,Singleplayer
2180800,Story Rich
2180800,Stylized
2181100,1990's
2181100,3D
2181100,Action
2181100,Adventure
2181100,Atmospheric
2181100,Dark
2181100,Demons
2181100,First-Person
2181100,Horror
2181100,Indie
2181100,Linear
2181100,Mystery
2181100,Narration
2181100,Psychological Horror
2181100,Realistic
2181100,Simulation
2181100,Singleplayer
2181100,Story Rich
2181100,Survival Horror
2181100,Walking Simulator
2181980,3D
2181980,Action-Adventure
2181980,Adventure
2181980,Atmospheric
2181980,Dark
2181980,Exploration
2181980,First-Person
2181980,Free to Play
2181980,Horror
2181980,Indie
2181980,Mystery
2181980,Nature
2181980,PvE
2181980,Singleplayer
2181980,Stealth
2181980,Story Rich
2181980,Supernatural
2181980,Thriller
2182590,Atmospheric
2182590,Casual
2182590,Choices Matter
2182590,Choose Your Own Adventure
2182590,Dark
2182590,Drama
2182590,Indie
2182590,Interactive Fiction
2182590,Mystery
2182590,Romance
2182590,RPG
2182590,Singleplayer
2182590,Story Rich
2182590,Supernatural
2182590,Surreal
2182590,Text-Based
2182590,Thriller
2183320,1980s
2183320,2D
2183320,Adventure
2183320,Atmospheric
2183320,Choices Matter
2183320,Crime
2183320,Dark
2183320,Detective
2183320,Difficult
2183320,Immersive Sim
2183320,Indie
2183320,Investigation
2183320,Multiple Endings
2183320,Mystery
2183320,Pixel Graphics
2183320,Point & Click
2183320,Singleplayer
2183320,Story Rich
2183320,Text-Based
2183320,Visual Novel
2184220,2D
2184220,Adventure
2184220,Choices Matter
2184220,Choose Your Own Adventure
2184220,Dark
2184220,Hand-drawn
2184220,Historical
2184220,Horror
2184220,Interactive Fiction
2184220,Medieval
2184220,Multiple Endings
2184220,Mystery
2184220,Psychological
2184220,Psychological Horror
2184220,Singleplayer
2184220,Story Rich
2184220,Supernatural
2184220,Text-Based
2184220,Visual Novel
2184220,Werewolves
2186980,2D
2186980,Adventure
2186980,Anime
2186980,Choices Matter
2186980,Choose Your Own Adventure
2186980,Conspiracy
2186980,Conversation
2186980,Dating Sim
2186980,Female Protagonist
2186980,First-Person
2186980,Free to Play
2186980,Indie
2186980,Lovecraftian
2186980,Mystery
2186980,Philosophical
2186980,Psychological
2186980,Simulation
2186980,Singleplayer
2186980,Story Rich
2186980,Visual Novel
2187220,3D
2187220,Adventure
2187220,Anime
2187220,Choose Your Own Adventure
2187220,Crime
2187220,Detective
2187220,Great Soundtrack
2187220,Investigation
2187220,Mystery
2187220,Point & Click
2187220,Singleplayer
2187220,Story Rich
2187220,Text-Based
2187220,Visual Novel
2189860,1980s
2189860,1990's
2189860,2.5D
2189860,Action
2189860,Action Roguelike
2189860,Action-Adventure
2189860,Adventure
2189860,Arcade
2189860,Atmospheric
2189860,Bullet Hell
2189860,Co-op
2189860,Colorful
2189860,Combat
2189860,Dark Fantasy
2189860,Demons
2189860,Multiplayer
2189860,Mystery
2189860,Online Co-Op
2189860,Pixel Graphics
2189860,Story Rich
2193900,2D
2193900,Atmospheric
2193900,Casual
2193900,Detective
2193900,Drama
2193900,Horror
2193900,Indie
2193900,Mystery
2193900,Psychological Horror
2193900,Puzzle
2193900,Puzzle Platformer
2193900,Singleplayer
2193900,Story Rich
2193900,Supernatural
2193900,Thriller
2193940,Abstract
2193940,Adventure
2193940,Alternate History
2193940,Artificial Intelligence
2193940,Casual
2193940,Comedy
2193940,Futuristic
2193940,Interactive Fiction
2193940,Linear
2193940,Mystery
2193940,Narration
2193940,Philosophical
2193940,Psychological
2193940,Realistic
2193940,Sci-fi
2193940,Singleplayer
2193940,Space
2193940,Story Rich
2193940,Text-Based
2193940,Visual Novel
2194000,3D
2194000,Atmospheric
2194000,Casual
2194000,Choices Matter
2194000,Dark
2194000,Drama
2194000,Emotional
2194000,First-Person
2194000,Mature
2194000,Multiple Endings
2194000,Mystery
2194000,NSFW
2194000,Nudity
2194000,Realistic
2194000,Romance
2194000,Sexual Content
2194000,Singleplayer
2194000,Story Rich
2194000,Supernatural
2194000,Visual Novel
2194760,3D
2194760,Adventure
2194760,Atmospheric
2194760,Dark
2194760,Exploration
2194760,First-Person
2194760,Horror
2194760,Indie
2194760,Investigation
2194760,Linear
2194760,Mystery
2194760,Psychological Horror
2194760,Puzzle
2194760,Realistic
2194760,Singleplayer
2194760,Story Rich
2194760,Violent
2195060,3D
2195060,4 Player Local
2195060,Adventure
2195060,Atmospheric
2195060,Casual
2195060,Cinematic
2195060,Co-op
2195060,Dark
2195060,Escape Room
2195060,Exploration
2195060,Fantasy
2195060,First-Person
2195060,Logic
2195060,Magic
2195060,Medieval
2195060,Mystery
2195060,Mystery Dungeon
2195060,Puzzle
2195060,Realistic
2195060,Story Rich
2195690,2D
2195690,Comedy
2195690,Dating Sim
2195690,Emotional
2195690,Funny
2195690,Hand-drawn
2195690,JRPG
2195690,LGBTQ+
2195690,Linear
2195690,Magic
2195690,Mystery
2195690,Relaxing
2195690,Romance
2195690,RPG
2195690,Sexual Content
2195690,Singleplayer
2195690,Story Rich
2195690,Time Management
2195690,Turn-Based Combat
2195690,Visual Novel
2196390,Action
2196390,Action RPG
2196390,Adventure
2196390,Atmospheric
2196390,Dark Fantasy
2196390,Dark Humor
2196390,Drama
2196390,Emotional
2196390,Hack and Slash
2196390,Horror
2196390,Mystery
2196390,Post-apocalyptic
2196390,Psychological Horror
2196390,Puzzle
2196390,RPG
2196390,Story Rich
2196390,Survival
2196390,Survival Horror
2196390,Third Person
2196390,Zombies
2197760,Adventure
2197760,Atmospheric
2197760,Dark
2197760,Demons
2197760,Emotional
2197760,Episodic
2197760,Horror
2197760,LGBTQ+
2197760,Mystery
2197760,Narrative
2197760,Pixel Graphics
2197760,Point & Click
2197760,Psychological
2197760,Psychological Horror
2197760,Puzzle
2197760,Singleplayer
2197760,Story Rich
2197760,Supernatural
2197760,Thriller
2197760,Well-Written
2198680,2D
2198680,Card Game
2198680,Deckbuilding
2198680,Detective
2198680,Drama
2198680,Hand-drawn
2198680,Indie
2198680,Investigation
2198680,Multiple Endings
2198680,Mystery
2198680,Roguelite
2198680,Singleplayer
2198680,Story Rich
2198680,Strategy
2200410,2D
2200410,Adventure
2200410,Casual
2200410,Conversation
2200410,Cute
2200410,Dark
2200410,Dark Fantasy
2200410,Exploration
2200410,Hand-drawn
2200410,Hidden Object
2200410,Horror
2200410,Lore-Rich
2200410,Mystery
2200410,Old School
2200410,Point & Click
2200410,Psychological Horror
2200410,Puzzle
2200410,Singleplayer
2200410,Story Rich
2200410,Surreal
2200760,3D
2200760,Adventure
2200760,Atmospheric
2200760,Dark
2200760,Exploration
2200760,Horror
2200760,Indie
2200760,Interactive Fiction
2200760,Linear
2200760,Lovecraftian
2200760,Mystery
2200760,Narration
2200760,Singleplayer
2200760,Story Rich
2200760,Stylized
2200760,Top-Down
2200760,Visual Novel
2200790,2D
2200790,Action-Adventure
2200790,Atmospheric
2200790,Casual
2200790,Colorful
2200790,Cute
2200790,Emotional
2200790,Exploration
2200790,Family Friendly
2200790,Female Protagonist
2200790,Interactive Fiction
2200790,Linear
2200790,Logic
2200790,Mystery
2200790,Pixel Graphics
2200790,Post-apocalyptic
2200790,Psychedelic
2200790,Puzzle
2200790,Sci-fi
2200790,Story Rich
2201810,2D
2201810,Anime
2201810,Clicker
2201810,CRPG
2201810,Dating Sim
2201810,Detective
2201810,Drama
2201810,Fantasy
2201810,Horror
2201810,Interactive Fiction
2201810,Multiple Endings
2201810,Mystery
2201810,Psychological Horror
2201810,Puzzle
2201810,RPG
2201810,Singleplayer
2201810,Story Rich
2201810,Thriller
2201810,Visual Novel
2201810,Word Game
2206210,3D
2206210,Action
2206210,Action-Adventure
2206210,Adventure
2206210,Controller
2206210,Emotional
2206210,Exploration
2206210,Female Protagonist
2206210,Hidden Object
2206210,Horror
2206210,Multiple Endings
2206210,Mystery
2206210,Narration
2206210,Puzzle
2206210,Singleplayer
2206210,Stealth
2206210,Story Rich
2206210,Supernatural
2206210,Survival Horror
2206210,Third Person
2211250,2D
2211250,Anime
2211250,Casual
2211250,Choices Matter
2211250,Choose Your Own Adventure
2211250,Colorful
2211250,Dating Sim
2211250,Fantasy
2211250,Female Protagonist
2211250,Magic
2211250,Multiple Endings
2211250,Mystery
2211250,Narration
2211250,Otome
2211250,Romance
2211250,Simulation
2211250,Singleplayer
2211250,Story Rich
2211250,Text-Based
2211250,Visual Novel
2213120,Adventure
2213120,Atmospheric
2213120,Casual
2213120,Choices Matter
2213120,Choose Your Own Adventure
2213120,Controller
2213120,First-Person
2213120,Funny
2213120,Horror
2213120,Interactive Fiction
2213120,Multiple Endings
2213120,Mystery
2213120,Pixel Graphics
2213120,Psychological
2213120,Psychological Horror
2213120,Simulation
2213120,Singleplayer
2213120,Story Rich
2213120,Thriller
2213120,Walking Simulator
2214880,3D
2214880,3D Platformer
2214880,Action
2214880,Adventure
2214880,Anime
2214880,Atmospheric
2214880,Cinematic
2214880,Creature Collector
2214880,Emotional
2214880,Exploration
2214880,Family Friendly
2214880,Fantasy
2214880,Mystery
2214880,Platformer
2214880,Puzzle
2214880,Robots
2214880,Sci-fi
2214880,Story Rich
2214880,Stylized
2214880,Third Person
2215080,2D
2215080,Adventure
2215080,Casual
2215080,Crime
2215080,Dark
2215080,Detective
2215080,Female Protagonist
2215080,Hidden Object
2215080,Horror
2215080,Interactive Fiction
2215080,Investigation
2215080,Lore-Rich
2215080,Mystery
2215080,Noir
2215080,Point & Click
2215080,Psychological Horror
2215080,Puzzle
2215080,Science
2215080,Story Rich
2215080,Thriller
2216370,3D
2216370,3D Platformer
2216370,Adventure
2216370,Atmospheric
2216370,Choices Matter
2216370,Cinematic
2216370,Colorful
2216370,Controller
2216370,Fantasy
2216370,First-Person
2216370,Magic
2216370,Mystery
2216370,Open World
2216370,Platformer
2216370,Puzzle Platformer
2216370,Singleplayer
2216370,Story Rich
2219000,Adventure
2219000,Anime
2219000,Choices Matter
2219000,Dark
2219000,Dating Sim
2219000,Drama
2219000,Emotional
2219000,Female Protagonist
2219000,Hentai
2219000,Mature
2219000,Multiple Endings
2219000,Mystery
2219000,NSFW
2219000,Nudity
2219000,Psychological
2219000,Psychological Horror
2219000,Romance
2219000,Sexual Content
2219000,Story Rich
2219000,Visual Novel
2220360,2D
2220360,Adventure
2220360,Anime
2220360,Atmospheric
2220360,Choices Matter
2220360,Cute
2220360,Dark
2220360,Exploration
2220360,Female Protagonist
2220360,Funny
2220360,Horror
2220360,Multiple Endings
2220360,Mystery
2220360,Pixel Graphics
2220360,Psychological Horror
2220360,Puzzle
2220360,RPG
2220360,Story Rich
2220360,Supernatural
2220360,Top-Down
2220660,Action
2220660,Adventure
2220660,Atmospheric
2220660,Escape Room
2220660,Exploration
2220660,Female Protagonist
2220660,First-Person
2220660,Horror
2220660,Logic
2220660,Mystery
2220660,Narration
2220660,Psychological
2220660,Psychological Horror
2220660,Puzzle
2220660,Simulation
2220660,Singleplayer
2220660,Story Rich
2220660,Supernatural
2220660,Surreal
2220660,Thriller
2222480,Adventure
2222480,Choices Matter
2222480,Conversation
2222480,Crime
2222480,Detective
2222480,Drama
2222480,Indie
2222480,Multiple Endings
2222480,Mystery
2222480,Noir
2222480,Robots
2222480,Sci-fi
2222480,Singleplayer
2222480,Story Rich
2222480,Visual Novel
2222670,Adventure
2222670,Casual
2222670,Detective
2222670,Female Protagonist
2222670,First-Person
2222670,Hidden Object
2222670,Investigation
2222670,Mystery
2222670,Narration
2222670,Point & Click
2222670,Singleplayer
2222670,Story Rich
2222930,2D
2222930,Adventure
2222930,Detective
2222930,Exploration
2222930,Female Protagonist
2222930,Hacking
2222930,Indie
2222930,Investigation
2222930,LGBTQ+
2222930,Metroidvania
2222930,Minigames
2222930,Mystery
2222930,Nonlinear
2222930,Puzzle
2222930,RPG
2222930,Singleplayer
2222930,Story Rich
2222930,Text-Based
2222930,Tutorial
2222930,Typing
2223740,Action
2223740,Adventure
2223740,Atmospheric
2223740,Conversation
2223740,Crime
2223740,Detective
2223740,Exploration
2223740,Hidden Object
2223740,Investigation
2223740,Isometric
2223740,Mystery
2223740,Narration
2223740,Point & Click
2223740,Remake
2223740,Simulation
2223740,Singleplayer
2223740,Story Rich
2223740,Third Person
2223740,Visual Novel
2223840,Adventure
2223840,Atmospheric
2223840,Choices Matter
2223840,Choose Your Own Adventure
2223840,Cinematic
2223840,Crime
2223840,Dark
2223840,Exploration
2223840,Horror
2223840,Interactive Fiction
2223840,Investigation
2223840,Lore-Rich
2223840,Lovecraftian
2223840,Multiple Endings
2223840,Mystery
2223840,Psychological Horror
2223840,Singleplayer
2223840,Story Rich
2223840,Supernatural
2223840,Thriller
2224910,3D
2224910,Action
2224910,Action-Adventure
2224910,Adventure
2224910,Atmospheric
2224910,Exploration
2224910,Fantasy
2224910,Female Protagonist
2224910,First-Person
2224910,Historical
2224910,Horror
2224910,Linear
2224910,Mystery
2224910,Puzzle
2224910,Realistic
2224910,Stealth
2224910,Story Rich
2224910,Stylized
2224910,Survival Horror
2224910,Walking Simulator
2226800,Abstract
2226800,Adventure
2226800,Choices Matter
2226800,Conversation
2226800,Dark
2226800,Dystopian
2226800,Emotional
2226800,Exploration
2226800,Futuristic
2226800,Interactive Fiction
2226800,Mystery
2226800,Narration
2226800,Psychological Horror
2226800,Roguelite
2226800,RPG
2226800,Sci-fi
2226800,Science
2226800,Story Rich
2226800,Surreal
2226800,Time Travel
2228400,2D
2228400,Adventure
2228400,Casual
2228400,Choose Your Own Adventure
2228400,Crime
2228400,Dark
2228400,Detective
2228400,Drama
2228400,Dynamic Narration
2228400,First-Person
2228400,Hidden Object
2228400,Investigation
2228400,Multiple Endings
2228400,Mystery
2228400,Nonlinear
2228400,Point & Click
2228400,Puzzle
2228400,Singleplayer
2228400,Story Rich
2228400,Visual Novel
2228890,3D
2228890,Adventure
2228890,Atmospheric
2228890,Choices Matter
2228890,Dark
2228890,Exploration
2228890,First-Person
2228890,Horror
2228890,Immersive
2228890,Indie
2228890,Jump Scare
2228890,Linear
2228890,Multiple Endings
2228890,Mystery
2228890,Psychological Horror
2228890,Short
2228890,Singleplayer
2228890,Story Rich
2228890,Surreal
2228890,Walking Simulator
2229350,Adventure
2229350,Atmospheric
2229350,Choices Matter
2229350,Controller
2229350,Crafting
2229350,Dark
2229350,Exploration
2229350,First-Person
2229350,Horror
2229350,Indie
2229350,Mystery
2229350,Nature
2229350,Psychological Horror
2229350,Puzzle
2229350,Realistic
2229350,Singleplayer
2229350,Stealth
2229350,Story Rich
2229350,Surreal
2229350,Thriller
2230800,2D
2230800,Action-Adventure
2230800,Adventure
2230800,Cartoony
2230800,Casual
2230800,Conspiracy
2230800,Funny
2230800,Mystery
2230800,Narration
2230800,Point & Click
2230800,Romance
2230800,Singleplayer
2230800,Story Rich
2230800,Strategy
2230800,Time Management
2230800,Tutorial
2231160,3D Platformer
2231160,Adventure
2231160,Cinematic
2231160,Drama
2231160,Early Access
2231160,Emotional
2231160,Exploration
2231160,First-Person
2231160,FPS
2231160,Horror
2231160,Mystery
2231160,Psychological Horror
2231160,Puzzle
2231160,Puzzle Platformer
2231160,Realistic
2231160,Simulation
2231160,Singleplayer
2231160,Story Rich
2231160,Thriller
2231160,Walking Simulator
2231170,2D
2231170,2D Platformer
2231170,Action
2231170,Adventure
2231170,Atmospheric
2231170,Dark Fantasy
2231170,Early Access
2231170,Linear
2231170,Lore-Rich
2231170,Magic
2231170,Metroidvania
2231170,Multiple Endings
2231170,Mystery
2231170,Physics
2231170,Pixel Graphics
2231170,Platformer
2231170,Post-apocalyptic
2231170,Precision Platformer
2231170,Puzzle
2231170,Story Rich
2231190,2D
2231190,2D Platformer
2231190,Adventure
2231190,Cooking
2231190,Crafting
2231190,Cute
2231190,Economy
2231190,Exploration
2231190,Fantasy
2231190,Female Protagonist
2231190,Life Sim
2231190,Magic
2231190,Management
2231190,Metroidvania
2231190,Mystery
2231190,Pixel Graphics
2231190,Platformer
2231190,Relaxing
2231190,RPG
2231190,Story Rich
2231890,Anime
2231890,Board Game
2231890,Choices Matter
2231890,Choose Your Own Adventure
2231890,Detective
2231890,Emotional
2231890,Horror
2231890,Interactive Fiction
2231890,Investigation
2231890,Multiple Endings
2231890,Mystery
2231890,Philosophical
2231890,Psychological
2231890,Psychological Horror
2231890,RPG
2231890,Simulation
2231890,Singleplayer
2231890,Story Rich
2231890,Tabletop
2231890,Visual Novel
2231900,Anime
2231900,Choices Matter
2231900,Choose Your Own Adventure
2231900,Detective
2231900,Fantasy
2231900,Horror
2231900,Immersive Sim
2231900,Interactive Fiction
2231900,Investigation
2231900,JRPG
2231900,LGBTQ+
2231900,Multiple Endings
2231900,Mystery
2231900,Psychological Horror
2231900,RPG
2231900,Simulation
2231900,Story Rich
2231900,Survival
2231900,Tabletop
2231900,Visual Novel
2232260,Action-Adventure
2232260,Adventure
2232260,Character Customization
2232260,Choices Matter
2232260,Choose Your Own Adventure
2232260,Comedy
2232260,Cute
2232260,Dark Humor
2232260,Detective
2232260,Hentai
2232260,Multiple Endings
2232260,Mystery
2232260,NSFW
2232260,Nudity
2232260,Realistic
2232260,Romance
2232260,Sexual Content
2232260,Singleplayer
2232260,Story Rich
2232260,Visual Novel
2232840,3D
2232840,Action
2232840,Action-Adventure
2232840,Adventure
2232840,Atmospheric
2232840,Cartoony
2232840,Casual
2232840,Dark
2232840,First-Person
2232840,Horror
2232840,Lore-Rich
2232840,Mystery
2232840,Psychological Horror
2232840,Puzzle
2232840,Singleplayer
2232840,Story Rich
2232840,Surreal
2232840,Survival Horror
2232840,Thriller
2232840,Walking Simulator
2233730,3D
2233730,Adventure
2233730,Casual
2233730,Exploration
2233730,Family Friendly
2233730,Fantasy
2233730,Flight
2233730,Indie
2233730,Linear
2233730,Medieval
2233730,Mystery
2233730,Narrative
2233730,Nature
2233730,Relaxing
2233730,Simulation
2233730,Singleplayer
2233730,Story Rich
2233730,Stylized
2233730,Walking Simulator
2234770,2D
2234770,Adventure
2234770,Anime
2234770,Casual
2234770,Choices Matter
2234770,Detective
2234770,Female Protagonist
2234770,Free to Play
2234770,Gore
2234770,Horror
2234770,Indie
2234770,Interactive Fiction
2234770,LGBTQ+
2234770,Multiple Endings
2234770,Mystery
2234770,Psychological Horror
2234770,Romance
2234770,Singleplayer
2234770,Story Rich
2234770,Visual Novel
2234890,3D
2234890,Adventure
2234890,Atmospheric
2234890,Cinematic
2234890,Conversation
2234890,Demons
2234890,Early Access
2234890,Exploration
2234890,First-Person
2234890,Horror
2234890,Linear
2234890,Mystery
2234890,Narration
2234890,Psychological Horror
2234890,Realistic
2234890,Story Rich
2234890,Thriller
2234890,Underground
2234890,Walking Simulator
2234890,Zombies
2236860,2D
2236860,Adventure
2236860,Atmospheric
2236860,Choices Matter
2236860,Choose Your Own Adventure
2236860,Comedy
2236860,Dungeons & Dragons
2236860,Fantasy
2236860,Hand-drawn
2236860,Interactive Fiction
2236860,Multiple Endings
2236860,Mystery
2236860,Parody
2236860,RPG
2236860,Short
2236860,Simulation
2236860,Story Rich
2236860,Tabletop
2236860,Text-Based
2236860,Visual Novel
2240150,3D
2240150,Atmospheric
2240150,Cinematic
2240150,Dating Sim
2240150,Drama
2240150,Dynamic Narration
2240150,Emotional
2240150,First-Person
2240150,Immersive Sim
2240150,Interactive Fiction
2240150,Mature
2240150,Mystery
2240150,NSFW
2240150,Nudity
2240150,Realistic
2240150,Romance
2240150,RPG
2240150,Simulation
2240150,Story Rich
2240150,Visual Novel
2242310,3D
2242310,Adventure
2242310,Atmospheric
2242310,Dark
2242310,Detective
2242310,Exploration
2242310,First-Person
2242310,Horror
2242310,Immersive Sim
2242310,Investigation
2242310,Linear
2242310,Mystery
2242310,Psychological Horror
2242310,Puzzle
2242310,Realistic
2242310,Simulation
2242310,Singleplayer
2242310,Story Rich
2242310,Thriller
2242310,Walking Simulator
2243550,2D
2243550,2D Platformer
2243550,Adventure
2243550,Atmospheric
2243550,Combat
2243550,Cute
2243550,Drama
2243550,Exploration
2243550,Fantasy
2243550,Indie
2243550,Investigation
2243550,Mystery
2243550,Pixel Graphics
2243550,Platformer
2243550,Side Scroller
2243550,Singleplayer
2243550,Story Rich
2243550,Turn-Based Combat
2243670,3D
2243670,Adventure
2243670,Artificial Intelligence
2243670,Choices Matter
2243670,Dynamic Narration
2243670,Female Protagonist
2243670,First-Person
2243670,Funny
2243670,Futuristic
2243670,Multiple Endings
2243670,Mystery
2243670,Narrative
2243670,Retro
2243670,Sci-fi
2243670,Singleplayer
2243670,Space
2243670,Story Rich
2243670,Walking Simulator
2246130,Adventure
2246130,Anime
2246130,Choices Matter
2246130,Choose Your Own Adventure
2246130,Crime
2246130,Detective
2246130,Indie
2246130,LGBTQ+
2246130,Mystery
2246130,Singleplayer
2246130,Story Rich
2246130,Visual Novel
2246300,3D
2246300,Adventure
2246300,Choices Matter
2246300,Cinematic
2246300,Dating Sim
2246300,Drama
2246300,Free to Play
2246300,Immersive Sim
2246300,Indie
2246300,Multiple Endings
2246300,Mystery
2246300,Narration
2246300,NSFW
2246300,Nudity
2246300,Romance
2246300,Sexual Content
2246300,Singleplayer
2246300,Story Rich
2246300,Violent
2246300,Visual Novel
2249440,3D
2249440,Adventure
2249440,Atmospheric
2249440,Choices Matter
2249440,Controller
2249440,Dark
2249440,Exploration
2249440,Female Protagonist
2249440,First-Person
2249440,Horror
2249440,Investigation
2249440,Logic
2249440,Multiple Endings
2249440,Mystery
2249440,Point & Click
2249440,Puzzle
2249440,Singleplayer
2249440,Story Rich
2249440,Third Person
2249440,Thriller
2251020,Adventure
2251020,Casual
2251020,Choices Matter
2251020,Choose Your Own Adventure
2251020,Cinematic
2251020,Emotional
2251020,Exploration
2251020,FMV
2251020,Immersive Sim
2251020,Interactive Fiction
2251020,Investigation
2251020,Logic
2251020,Lore-Rich
2251020,Modern
2251020,Multiple Endings
2251020,Mystery
2251020,Point & Click
2251020,Puzzle
2251020,RPG
2251020,Story Rich
2253290,3D
2253290,Adventure
2253290,Atmospheric
2253290,Dark
2253290,Exploration
2253290,First-Person
2253290,Horror
2253290,Immersive
2253290,Indie
2253290,Investigation
2253290,Linear
2253290,Mystery
2253290,Nature
2253290,Psychological Horror
2253290,Short
2253290,Singleplayer
2253290,Story Rich
2253290,Surreal
2253290,Survival Horror
2253290,Walking Simulator
2253930,2D
2253930,Action
2253930,Adventure
2253930,Anime
2253930,Atmospheric
2253930,Choices Matter
2253930,Choose Your Own Adventure
2253930,Dating Sim
2253930,Drama
2253930,Emotional
2253930,Multiple Endings
2253930,Mystery
2253930,Romance
2253930,Shoot 'Em Up
2253930,Shooter
2253930,Singleplayer
2253930,Steampunk
2253930,Story Rich
2253930,Text-Based
2253930,Visual Novel
2254710,2D
2254710,Adventure
2254710,Atmospheric
2254710,Casual
2254710,Choices Matter
2254710,Choose Your Own Adventure
2254710,Comedy
2254710,Conversation
2254710,Crime
2254710,Detective
2254710,Exploration
2254710,Hand-drawn
2254710,Historical
2254710,Interactive Fiction
2254710,Investigation
2254710,Mystery
2254710,Point & Click
2254710,Story Rich
2254710,Strategy
2254710,Visual Novel
2256810,2D
2256810,Action-Adventure
2256810,Adventure
2256810,Dark
2256810,Emotional
2256810,Exploration
2256810,Fantasy
2256810,Female Protagonist
2256810,JRPG
2256810,Magic
2256810,Metroidvania
2256810,Mystery
2256810,Mystery Dungeon
2256810,Pixel Graphics
2256810,Puzzle
2256810,Puzzle Platformer
2256810,RPG
2256810,Story Rich
2256810,Supernatural
2256810,Surreal
2256920,2D
2256920,Adventure
2256920,Anime
2256920,Choose Your Own Adventure
2256920,Colorful
2256920,Comedy
2256920,Dark
2256920,Dark Humor
2256920,Detective
2256920,Early Access
2256920,Female Protagonist
2256920,Funny
2256920,Multiple Endings
2256920,Mystery
2256920,Point & Click
2256920,Psychological
2256920,Singleplayer
2256920,Story Rich
2256920,Survival Horror
2256920,Visual Novel
2258290,2D
2258290,Casual
2258290,Choices Matter
2258290,Choose Your Own Adventure
2258290,Conversation
2258290,Dating Sim
2258290,First-Person
2258290,Interactive Fiction
2258290,Multiple Endings
2258290,Mystery
2258290,NSFW
2258290,Nudity
2258290,Realistic
2258290,Romance
2258290,RPG
2258290,Sexual Content
2258290,Simulation
2258290,Singleplayer
2258290,Story Rich
2258290,Visual Novel
2258770,2D
2258770,Adventure
2258770,Anime
2258770,Atmospheric
2258770,Choices Matter
2258770,Choose Your Own Adventure
2258770,Cinematic
2258770,Dark
2258770,Detective
2258770,Drama
2258770,Gore
2258770,Multiple Endings
2258770,Mystery
2258770,Psychological Horror
2258770,Retro
2258770,Romance
2258770,Singleplayer
2258770,Story Rich
2258770,Text-Based
2258770,Visual Novel
2259180,2D
2259180,Adventure
2259180,America
2259180,Casual
2259180,Conversation
2259180,Detective
2259180,Drama
2259180,Free to Play
2259180,Interactive Fiction
2259180,Investigation
2259180,Modern
2259180,Multiple Endings
2259180,Mystery
2259180,Noir
2259180,Pixel Graphics
2259180,Point & Click
2259180,Short
2259180,Singleplayer
2259180,Story Rich
2259180,Thriller
2259530,1990's
2259530,2D
2259530,Abstract
2259530,Adventure
2259530,Atmospheric
2259530,Dark
2259530,Drama
2259530,Emotional
2259530,Exploration
2259530,Horror
2259530,Interactive Fiction
2259530,Mystery
2259530,Pixel Graphics
2259530,Point & Click
2259530,Psychological
2259530,Psychological Horror
2259530,Story Rich
2259530,Stylized
2259530,Surreal
2259530,Thriller
2260650,2.5D
2260650,2D Platformer
2260650,Adventure
2260650,Anime
2260650,Choices Matter
2260650,Colorful
2260650,Comic Book
2260650,Exploration
2260650,Family Friendly
2260650,Futuristic
2260650,Indie
2260650,Metroidvania
2260650,Multiple Endings
2260650,Mystery
2260650,Platformer
2260650,Precision Platformer
2260650,Singleplayer
2260650,Story Rich
2262770,3D
2262770,Action
2262770,Action-Adventure
2262770,Adventure
2262770,Atmospheric
2262770,Cartoony
2262770,Casual
2262770,Dark
2262770,First-Person
2262770,Horror
2262770,Lore-Rich
2262770,Mystery
2262770,Psychological Horror
2262770,Puzzle
2262770,Singleplayer
2262770,Story Rich
2262770,Surreal
2262770,Survival Horror
2262770,Thriller
2262770,Walking Simulator
2265440,1980s
2265440,Adventure
2265440,Anime
2265440,Choices Matter
2265440,Comedy
2265440,Crime
2265440,Detective
2265440,Drama
2265440,Exploration
2265440,Indie
2265440,Investigation
2265440,Mystery
2265440,Old School
2265440,Pixel Graphics
2265440,Retro
2265440,Singleplayer
2265440,Story Rich
2265440,Thriller
2265440,Visual Novel
2266400,2D
2266400,2D Fighter
2266400,2D Platformer
2266400,Action-Adventure
2266400,Bullet Time
2266400,Dark Fantasy
2266400,Exploration
2266400,Female Protagonist
2266400,Indie
2266400,Magic
2266400,Metroidvania
2266400,Multiple Endings
2266400,Mystery
2266400,Nonlinear
2266400,Open World
2266400,Pixel Graphics
2266400,Precision Platformer
2266400,Retro
2266400,Singleplayer
2266400,Story Rich
2269450,3D
2269450,Adventure
2269450,Atmospheric
2269450,Conspiracy
2269450,Cyberpunk
2269450,Detective
2269450,Dystopian
2269450,Exploration
2269450,Female Protagonist
2269450,First-Person
2269450,Free to Play
2269450,Indie
2269450,Investigation
2269450,Mystery
2269450,Pixel Graphics
2269450,Psychological
2269450,Puzzle
2269450,Retro
2269450,Story Rich
2269450,Stylized
2270520,3D
2270520,Adventure
2270520,Atmospheric
2270520,Dark
2270520,Dystopian
2270520,Exploration
2270520,First-Person
2270520,Horror
2270520,Multiple Endings
2270520,Mystery
2270520,Nonlinear
2270520,Old School
2270520,Psychological Horror
2270520,Puzzle
2270520,Retro
2270520,Singleplayer
2270520,Story Rich
2270520,Stylized
2270520,Time Management
2270520,Walking Simulator
2271060,2D
2271060,Adventure
2271060,Choices Matter
2271060,Dark
2271060,Detective
2271060,Drama
2271060,Emotional
2271060,Exploration
2271060,Hand-drawn
2271060,Indie
2271060,Logic
2271060,Modern
2271060,Multiple Endings
2271060,Mystery
2271060,Point & Click
2271060,Singleplayer
2271060,Story Rich
2271060,Trains
2271060,Violent
2271760,2D
2271760,Anime
2271760,Cartoon
2271760,Cartoony
2271760,Colorful
2271760,Comic Book
2271760,Cooking
2271760,Cute
2271760,Dark
2271760,Dating Sim
2271760,First-Person
2271760,Funny
2271760,Immersive Sim
2271760,Mystery
2271760,Romance
2271760,RPG
2271760,Simulation
2271760,Story Rich
2271760,Thriller
2271760,Visual Novel
2272120,2D
2272120,Adventure
2272120,Atmospheric
2272120,Detective
2272120,Exploration
2272120,Indie
2272120,Mystery
2272120,Mystery Dungeon
2272120,Narration
2272120,Pixel Graphics
2272120,Point & Click
2272120,Puzzle
2272120,RPGMaker
2272120,Singleplayer
2272120,Story Rich
2272290,Adventure
2272290,Atmospheric
2272290,Crime
2272290,Dark
2272290,Dark Comedy
2272290,Detective
2272290,Drama
2272290,Fantasy
2272290,Hand-drawn
2272290,Immersive
2272290,Investigation
2272290,Linear
2272290,Mystery
2272290,Narration
2272290,Satire
2272290,Soundtrack
2272290,Story Rich
2272290,Stylized
2272290,Supernatural
2272290,Visual Novel
2277300,Adventure
2277300,Anime
2277300,Cartoon
2277300,Comedy
2277300,Cute
2277300,Dating Sim
2277300,Female Protagonist
2277300,Funny
2277300,Hentai
2277300,Linear
2277300,Mature
2277300,Mystery
2277300,NSFW
2277300,Nudity
2277300,Psychological
2277300,Romance
2277300,Sexual Content
2277300,Singleplayer
2277300,Story Rich
2277300,Visual Novel
2279550,3D
2279550,Adventure
2279550,Atmospheric
2279550,CRPG
2279550,Exploration
2279550,Female Protagonist
2279550,First-Person
2279550,Indie
2279550,Logic
2279550,Multiple Endings
2279550,Mystery
2279550,Nature
2279550,Puzzle
2279550,Realistic
2279550,Sci-fi
2279550,Singleplayer
2279550,Story Rich
2279550,Surreal
2280000,1980s
2280000,2D
2280000,Adventure
2280000,Artificial Intelligence
2280000,Detective
2280000,Drama
2280000,Education
2280000,Free to Play
2280000,Game Development
2280000,Mystery
2280000,Remake
2280000,Singleplayer
2280000,Software
2280000,Software Training
2280000,Story Rich
2280000,Text-Based
2280000,Violent
2280000,Voice Control
2280060,2D
2280060,Adventure
2280060,Aliens
2280060,Character Customization
2280060,Combat
2280060,CRPG
2280060,Dark
2280060,Dungeon Crawler
2280060,Early Access
2280060,Hand-drawn
2280060,Hidden Object
2280060,Mystery
2280060,RPG
2280060,Sci-fi
2280060,Space
2280060,Story Rich
2280060,Strategy
2280060,Tactical RPG
2280060,Turn-Based Strategy
2280060,Turn-Based Tactics
2283780,Casual
2283780,Choices Matter
2283780,Comedy
2283780,Drama
2283780,Early Access
2283780,Funny
2283780,Futuristic
2283780,Mature
2283780,Minigames
2283780,Mystery
2283780,NSFW
2283780,Nudity
2283780,Realistic
2283780,Replay Value
2283780,Romance
2283780,Sci-fi
2283780,Sexual Content
2283780,Space
2283780,Story Rich
2283780,Visual Novel
2286520,2D
2286520,Anime
2286520,Atmospheric
2286520,Casual
2286520,Choices Matter
2286520,Choose Your Own Adventure
2286520,Colorful
2286520,Dark
2286520,Dating Sim
2286520,Emotional
2286520,Hand-drawn
2286520,Interactive Fiction
2286520,Life Sim
2286520,Lore-Rich
2286520,Modern
2286520,Multiple Endings
2286520,Mystery
2286520,Romance
2286520,Story Rich
2286520,Visual Novel
2286940,Anime
2286940,Casual
2286940,Choices Matter
2286940,CRPG
2286940,Cute
2286940,Drama
2286940,Hentai
2286940,Mature
2286940,Multiple Endings
2286940,Mystery
2286940,NSFW
2286940,Nudity
2286940,Point & Click
2286940,Psychological Horror
2286940,Romance
2286940,Sexual Content
2286940,Singleplayer
2286940,Story Rich
2286940,Text-Based
2286940,Visual Novel
2290650,Adventure
2290650,Cartoony
2290650,Casual
2290650,Cats
2290650,Colorful
2290650,Cute
2290650,Exploration
2290650,Family Friendly
2290650,Funny
2290650,Indie
2290650,Interactive Fiction
2290650,Mystery
2290650,Parody
2290650,Point & Click
2290650,Puzzle
2290650,Relaxing
2290650,Story Rich
2290650,Stylized
2290650,Supernatural
2290650,Wholesome
2291130,2D
2291130,Adventure
2291130,Atmospheric
2291130,Cartoon
2291130,Comedy
2291130,Dark
2291130,Drama
2291130,Emotional
2291130,Exploration
2291130,Funny
2291130,Horror
2291130,Investigation
2291130,Linear
2291130,Mystery
2291130,Narration
2291130,Point & Click
2291130,Singleplayer
2291130,Story Rich
2291130,Supernatural
2291130,Visual Novel
2291850,Adventure
2291850,Escape Room
2291850,Horror
2291850,Indie
2291850,Mystery
2291850,Point & Click
2291850,Puzzle
2291850,Singleplayer
2291850,Story Rich
2294450,2D
2294450,Atmospheric
2294450,Conspiracy
2294450,Detective
2294450,Drama
2294450,Exploration
2294450,Immersive Sim
2294450,Logic
2294450,Mystery
2294450,Noir
2294450,Point & Click
2294450,Psychological Horror
2294450,Puzzle
2294450,Simulation
2294450,Singleplayer
2294450,Story Rich
2294450,Strategy
2294450,Text-Based
2294450,Typing
2294450,Word Game
2294600,3D
2294600,Action
2294600,Action-Adventure
2294600,Comedy
2294600,Dark Comedy
2294600,Dark Humor
2294600,Demons
2294600,Difficult
2294600,Exploration
2294600,First-Person
2294600,Horror
2294600,Investigation
2294600,Lore-Rich
2294600,Mystery
2294600,Psychological Horror
2294600,Silent Protagonist
2294600,Stealth
2294600,Story Rich
2294600,Surreal
2294600,Thriller
2295210,1980s
2295210,2D
2295210,Adventure
2295210,Atmospheric
2295210,Dark Fantasy
2295210,Exploration
2295210,Horror
2295210,Interactive Fiction
2295210,Lore-Rich
2295210,Multiple Endings
2295210,Mystery
2295210,Pixel Graphics
2295210,Retro
2295210,Singleplayer
2295210,Story Rich
2295210,Stylized
2295210,Supernatural
2295210,Surreal
2295210,Text-Based
2295210,Typing
2295280,2D
2295280,Anime
2295280,Cartoon
2295280,Cartoony
2295280,Cats
2295280,Conversation
2295280,Dark
2295280,Dark Comedy
2295280,Dark Humor
2295280,Early Access
2295280,Indie
2295280,LGBTQ+
2295280,Lore-Rich
2295280,Minigames
2295280,Mystery
2295280,Pixel Graphics
2295280,Singleplayer
2295280,Story Rich
2295280,Text-Based
2295280,Visual Novel
2295530,Adventure
2295530,Atmospheric
2295530,Casual
2295530,Colorful
2295530,Drama
2295530,Emotional
2295530,Female Protagonist
2295530,First-Person
2295530,Hand-drawn
2295530,Hidden Object
2295530,Inventory Management
2295530,Logic
2295530,Medieval
2295530,Mystery
2295530,Narration
2295530,Point & Click
2295530,Puzzle
2295530,Romance
2295530,Story Rich
2295530,Visual Novel
2296990,3D
2296990,Adventure
2296990,Asynchronous Multiplayer
2296990,Atmospheric
2296990,Casual
2296990,Co-op
2296990,Controller
2296990,Cute
2296990,Drama
2296990,Emotional
2296990,First-Person
2296990,Indie
2296990,Linear
2296990,Multiplayer
2296990,Multiple Endings
2296990,Mystery
2296990,Online Co-Op
2296990,Puzzle
2296990,Story Rich
2296990,Team-Based
2297180,2D
2297180,Adventure
2297180,Choices Matter
2297180,Choose Your Own Adventure
2297180,Colorful
2297180,Crime
2297180,Dark
2297180,Detective
2297180,Drama
2297180,Experimental
2297180,Indie
2297180,Mystery
2297180,Pixel Graphics
2297180,Psychedelic
2297180,Psychological
2297180,Psychological Horror
2297180,Singleplayer
2297180,Story Rich
2297180,Text-Based
2297180,Visual Novel
2298080,3D
2298080,Action-Adventure
2298080,Adventure
2298080,Atmospheric
2298080,Controller
2298080,Dark
2298080,Exploration
2298080,First-Person
2298080,Horror
2298080,Linear
2298080,Lore-Rich
2298080,Multiple Endings
2298080,Mystery
2298080,Open World
2298080,Pixel Graphics
2298080,Psychological Horror
2298080,Puzzle
2298080,Retro
2298080,Story Rich
2298080,Thriller
2301510,2D
2301510,Adventure
2301510,Anime
2301510,Atmospheric
2301510,Cartoon
2301510,Cartoony
2301510,Choices Matter
2301510,Colorful
2301510,Cute
2301510,Horror
2301510,Linear
2301510,Multiple Endings
2301510,Mystery
2301510,Pixel Graphics
2301510,Psychedelic
2301510,Puzzle
2301510,RPG
2301510,Story Rich
2301510,Stylized
2301510,Turn-Based Tactics
2302840,3D
2302840,Action
2302840,Action RPG
2302840,Action-Adventure
2302840,Character Customization
2302840,Choices Matter
2302840,Choose Your Own Adventure
2302840,Controller
2302840,Fantasy
2302840,Hack and Slash
2302840,Historical
2302840,Isometric
2302840,Mystery
2302840,Open World
2302840,PvE
2302840,Realistic
2302840,RPG
2302840,Sci-fi
2302840,Story Rich
2302840,Top-Down
2303320,2.5D
2303320,2D
2303320,Adventure
2303320,Atmospheric
2303320,Choices Matter
2303320,Detective
2303320,Futuristic
2303320,Indie
2303320,Interactive Fiction
2303320,Multiple Endings
2303320,Mystery
2303320,Pixel Graphics
2303320,Point & Click
2303320,Psychological
2303320,Puzzle
2303320,Sci-fi
2303320,Side Scroller
2303320,Story Rich
2303320,Time Travel
2303320,Voxel
2305110,3D
2305110,Adventure
2305110,Aliens
2305110,Artificial Intelligence
2305110,Atmospheric
2305110,Colorful
2305110,Difficult
2305110,Exploration
2305110,First-Person
2305110,Futuristic
2305110,Interactive Fiction
2305110,Logic
2305110,Minimalist
2305110,Mystery
2305110,Puzzle
2305110,Realistic
2305110,Sci-fi
2305110,Singleplayer
2305110,Space
2305110,Story Rich
2307630,2D
2307630,3D
2307630,Adventure
2307630,Atmospheric
2307630,Choices Matter
2307630,Dark
2307630,Experimental
2307630,Exploration
2307630,First-Person
2307630,Horror
2307630,Lovecraftian
2307630,Mystery
2307630,Pixel Graphics
2307630,Point & Click
2307630,Psychological
2307630,Psychological Horror
2307630,Puzzle
2307630,RPGMaker
2307630,Story Rich
2307630,Surreal
2308670,2D
2308670,Card Battler
2308670,Card Game
2308670,Colorful
2308670,Combat
2308670,Comic Book
2308670,Crime
2308670,Deckbuilding
2308670,Drama
2308670,Education
2308670,Indie
2308670,Mystery
2308670,Psychological
2308670,Puzzle
2308670,RPG
2308670,Singleplayer
2308670,Story Rich
2308670,Strategy
2308670,Strategy RPG
2308670,Trading Card Game
2309520,2D
2309520,2D Platformer
2309520,Adventure
2309520,Detective
2309520,Drama
2309520,Free to Play
2309520,Interactive Fiction
2309520,Minimalist
2309520,Multiple Endings
2309520,Mystery
2309520,Psychological Horror
2309520,Puzzle Platformer
2309520,Side Scroller
2309520,Singleplayer
2309520,Story Rich
2309520,Strategy
2309520,Visual Novel
2309520,Word Game
2310610,1980s
2310610,3D
2310610,Action
2310610,Adventure
2310610,Atmospheric
2310610,Casual
2310610,First-Person
2310610,Free to Play
2310610,Horror
2310610,Linear
2310610,Lore-Rich
2310610,Mystery
2310610,Mythology
2310610,Point & Click
2310610,Puzzle
2310610,Realistic
2310610,Singleplayer
2310610,Story Rich
2310610,Supernatural
2310610,Survival Horror
2310920,2D
2310920,Adventure
2310920,Atmospheric
2310920,Casual
2310920,Choices Matter
2310920,Conversation
2310920,Drama
2310920,Immersive Sim
2310920,Mystery
2310920,Noir
2310920,Nonlinear
2310920,Point & Click
2310920,Puzzle
2310920,Realistic
2310920,Replay Value
2310920,Simulation
2310920,Singleplayer
2310920,Story Rich
2310920,Strategy
2310920,Visual Novel
2311190,3D
2311190,Action
2311190,Action-Adventure
2311190,Adventure
2311190,Atmospheric
2311190,Cartoony
2311190,Casual
2311190,Dark
2311190,First-Person
2311190,Horror
2311190,Lore-Rich
2311190,Mystery
2311190,Psychological Horror
2311190,Puzzle
2311190,Singleplayer
2311190,Story Rich
2311190,Surreal
2311190,Survival Horror
2311190,Thriller
2311190,Walking Simulator
2314180,Action
2314180,Adventure
2314180,Atmospheric
2314180,Cinematic
2314180,Dark
2314180,Exploration
2314180,First-Person
2314180,Horror
2314180,Linear
2314180,Mystery
2314180,Narration
2314180,Psychological
2314180,Psychological Horror
2314180,Realistic
2314180,Simulation
2314180,Singleplayer
2314180,Story Rich
2314180,Survival Horror
2314180,Thriller
2314180,Walking Simulator
2316290,Adventure
2316290,Anime
2316290,Atmospheric
2316290,Casual
2316290,Choices Matter
2316290,Colorful
2316290,Cute
2316290,Drama
2316290,Emotional
2316290,Futuristic
2316290,Modern
2316290,Multiple Endings
2316290,Mystery
2316290,Romance
2316290,Sci-fi
2316290,Singleplayer
2316290,Story Rich
2316290,Text-Based
2316290,Visual Novel
2319870,3D
2319870,Adventure
2319870,Atmospheric
2319870,Choices Matter
2319870,Dark
2319870,Exploration
2319870,First-Person
2319870,Horror
2319870,Immersive
2319870,Indie
2319870,Investigation
2319870,Linear
2319870,Multiple Endings
2319870,Mystery
2319870,Realistic
2319870,Short
2319870,Singleplayer
2319870,Story Rich
2319870,Thriller
2319870,Walking Simulator
2321000,2D
2321000,Adventure
2321000,Atmospheric
2321000,Casual
2321000,Clicker
2321000,Dark
2321000,Horror
2321000,Indie
2321000,Investigation
2321000,Lovecraftian
2321000,Multiple Endings
2321000,Mystery
2321000,Point & Click
2321000,Psychological
2321000,Puzzle
2321000,Singleplayer
2321000,Story Rich
2322850,2D
2322850,Adventure
2322850,Anime
2322850,Colorful
2322850,Comedy
2322850,Cute
2322850,Drama
2322850,Emotional
2322850,Female Protagonist
2322850,Interactive Fiction
2322850,LGBTQ+
2322850,Linear
2322850,Lore-Rich
2322850,Mystery
2322850,Romance
2322850,Sci-fi
2322850,Space
2322850,Story Rich
2322850,Supernatural
2322850,Visual Novel
2323570,3D
2323570,Action
2323570,Action-Adventure
2323570,Adventure
2323570,Atmospheric
2323570,Combat
2323570,Exploration
2323570,Female Protagonist
2323570,First-Person
2323570,FPS
2323570,Free to Play
2323570,Hero Shooter
2323570,Investigation
2323570,Linear
2323570,Mystery
2323570,Realistic
2323570,Retro
2323570,Shooter
2323570,Story Rich
2323570,Survival Horror
2325650,Action
2325650,Action-Adventure
2325650,Adventure
2325650,Exploration
2325650,Female Protagonist
2325650,First-Person
2325650,Indie
2325650,Mystery
2325650,Psychological Horror
2325650,Realistic
2325650,Singleplayer
2325650,Story Rich
2325650,Third Person
2326590,2D
2326590,Anime
2326590,Atmospheric
2326590,Casual
2326590,Drama
2326590,Exploration
2326590,Fantasy
2326590,Female Protagonist
2326590,Indie
2326590,JRPG
2326590,Multiple Endings
2326590,Mystery
2326590,Pixel Graphics
2326590,Puzzle Platformer
2326590,Romance
2326590,RPG
2326590,Sexual Content
2326590,Singleplayer
2326590,Story Rich
2326590,Visual Novel
2328970,3D
2328970,Casual
2328970,Choices Matter
2328970,Choose Your Own Adventure
2328970,Colorful
2328970,Dating Sim
2328970,Drama
2328970,Emotional
2328970,Fantasy
2328970,Immersive Sim
2328970,Interactive Fiction
2328970,LGBTQ+
2328970,Mystery
2328970,Romance
2328970,Sexual Content
2328970,Singleplayer
2328970,Story Rich
2328970,Superhero
2328970,Text-Based
2328970,Visual Novel
2329060,2D
2329060,2D Platformer
2329060,Anime
2329060,Cartoony
2329060,Casual
2329060,Conspiracy
2329060,Conversation
2329060,Crime
2329060,Detective
2329060,Dynamic Narration
2329060,First-Person
2329060,Funny
2329060,Hand-drawn
2329060,Investigation
2329060,Mystery
2329060,Point & Click
2329060,Puzzle
2329060,Singleplayer
2329060,Story Rich
2329060,Visual Novel
2330310,1990's
2330310,2D
2330310,Adventure
2330310,America
2330310,Atmospheric
2330310,Cartoony
2330310,Colorful
2330310,Comedy
2330310,Detective
2330310,Fantasy
2330310,Funny
2330310,Investigation
2330310,Lore-Rich
2330310,Multiple Endings
2330310,Mystery
2330310,Old School
2330310,Pixel Graphics
2330310,Point & Click
2330310,Puzzle
2330310,Story Rich
2330490,2D
2330490,Atmospheric
2330490,Cartoony
2330490,Cinematic
2330490,Comedy
2330490,Comic Book
2330490,Dark Comedy
2330490,Drama
2330490,Emotional
2330490,Funny
2330490,Horror
2330490,Interactive Fiction
2330490,LGBTQ+
2330490,Linear
2330490,Minimalist
2330490,Mystery
2330490,Pixel Graphics
2330490,Sci-fi
2330490,Story Rich
2330490,Visual Novel
2331110,2D
2331110,2D Platformer
2331110,Cartoony
2331110,Casual
2331110,Comic Book
2331110,Detective
2331110,Early Access
2331110,Hand-drawn
2331110,Immersive Sim
2331110,Interactive Fiction
2331110,Multiple Endings
2331110,Mystery
2331110,Nudity
2331110,Puzzle
2331110,RPG
2331110,Singleplayer
2331110,Story Rich
2331110,Strategy
2331110,Text-Based
2331110,Word Game
2331330,Action-Adventure
2331330,Adventure
2331330,Atmospheric
2331330,Cinematic
2331330,Conspiracy
2331330,Drama
2331330,Exploration
2331330,First-Person
2331330,Horror
2331330,Investigation
2331330,Multiple Endings
2331330,Mystery
2331330,Psychological Horror
2331330,Singleplayer
2331330,Stealth
2331330,Story Rich
2331330,Supernatural
2331330,Survival Horror
2331330,Thriller
2331330,Walking Simulator
2332240,2D
2332240,Adventure
2332240,Exploration
2332240,Fantasy
2332240,First-Person
2332240,Multiple Endings
2332240,Mystery
2332240,Pixel Graphics
2332240,Point & Click
2332240,Retro
2332240,Singleplayer
2332240,Story Rich
2333820,Atmospheric
2333820,Choices Matter
2333820,Comedy
2333820,Controller
2333820,Conversation
2333820,Dark
2333820,Exploration
2333820,Free to Play
2333820,Horror
2333820,Multiple Endings
2333820,Mystery
2333820,Pixel Graphics
2333820,Psychological
2333820,Roguelike
2333820,Simulation
2333820,Singleplayer
2333820,Story Rich
2333820,Surreal
2333820,Text-Based
2333820,Top-Down
2334040,1980s
2334040,2D
2334040,2D Platformer
2334040,Adventure
2334040,Crafting
2334040,Drama
2334040,Exploration
2334040,Hand-drawn
2334040,Horror
2334040,Mystery
2334040,Psychological Horror
2334040,Puzzle
2334040,Puzzle Platformer
2334040,Retro
2334040,Story Rich
2334040,Stylized
2334040,Supernatural
2334040,Survival Horror
2334040,Text-Based
2334040,Thriller
2336180,Anime
2336180,Casual
2336180,Choices Matter
2336180,Choose Your Own Adventure
2336180,Comedy
2336180,Dark
2336180,Dating Sim
2336180,Drama
2336180,Free to Play
2336180,Horror
2336180,Interactive Fiction
2336180,Magic
2336180,Multiple Endings
2336180,Mystery
2336180,Psychological Horror
2336180,Romance
2336180,Singleplayer
2336180,Story Rich
2336180,Thriller
2336180,Visual Novel
2336290,3D
2336290,3D Platformer
2336290,Action-Adventure
2336290,Adventure
2336290,Cartoony
2336290,Casual
2336290,Colorful
2336290,Drama
2336290,Exploration
2336290,Fantasy
2336290,First-Person
2336290,Funny
2336290,Indie
2336290,Mystery
2336290,Platformer
2336290,Precision Platformer
2336290,Singleplayer
2336290,Story Rich
2337820,Adventure
2337820,Cartoony
2337820,Casual
2337820,Colorful
2337820,Comedy
2337820,Conversation
2337820,Dating Sim
2337820,Female Protagonist
2337820,Funny
2337820,Horror
2337820,LGBTQ+
2337820,Life Sim
2337820,Mystery
2337820,Nudity
2337820,Psychological Horror
2337820,Romance
2337820,Sexual Content
2337820,Simulation
2337820,Singleplayer
2337820,Story Rich
2338260,2D
2338260,Asynchronous Multiplayer
2338260,Casual
2338260,Choices Matter
2338260,Co-op Campaign
2338260,Drama
2338260,Experimental
2338260,Indie
2338260,Interactive Fiction
2338260,Investigation
2338260,Lore-Rich
2338260,Massively Multiplayer
2338260,Multiplayer
2338260,Multiple Endings
2338260,Mystery
2338260,Puzzle
2338260,Story Rich
2338260,Text-Based
2339020,Adventure
2339020,Atmospheric
2339020,Casual
2339020,Crime
2339020,Detective
2339020,Fantasy
2339020,Female Protagonist
2339020,First-Person
2339020,Hand-drawn
2339020,Hidden Object
2339020,Inventory Management
2339020,Investigation
2339020,Logic
2339020,Mystery
2339020,Mythology
2339020,Point & Click
2339020,Puzzle
2339020,Singleplayer
2339020,Story Rich
2339020,Werewolves
2339930,1980s
2339930,1990's
2339930,3D
2339930,Action
2339930,Action-Adventure
2339930,Adventure
2339930,Atmospheric
2339930,Choose Your Own Adventure
2339930,Comedy
2339930,Crime
2339930,Exploration
2339930,First-Person
2339930,Horror
2339930,Indie
2339930,Linear
2339930,Mystery
2339930,Psychological Horror
2339930,Retro
2339930,Singleplayer
2339930,Story Rich
2342210,3D
2342210,Atmospheric
2342210,Colorful
2342210,Drama
2342210,Emotional
2342210,Exploration
2342210,Fantasy
2342210,Female Protagonist
2342210,First-Person
2342210,Linear
2342210,Medieval
2342210,Mystery
2342210,Narration
2342210,Nature
2342210,Philosophical
2342210,Realistic
2342210,Relaxing
2342210,Simulation
2342210,Story Rich
2342210,Walking Simulator
2343240,1990's
2343240,3D
2343240,Action-Adventure
2343240,Creature Collector
2343240,Exploration
2343240,Female Protagonist
2343240,Fishing
2343240,Free to Play
2343240,Horror
2343240,Indie
2343240,Linear
2343240,Mystery
2343240,Psychological Horror
2343240,Retro
2343240,Singleplayer
2343240,Sports
2343240,Story Rich
2343240,Stylized
2343240,Third Person
2343240,Walking Simulator
2346810,1990's
2346810,3D
2346810,Action-Adventure
2346810,Adventure
2346810,Controller
2346810,Escape Room
2346810,Exploration
2346810,Female Protagonist
2346810,Free to Play
2346810,Horror
2346810,Investigation
2346810,Mystery
2346810,Psychological
2346810,Psychological Horror
2346810,Puzzle
2346810,Realistic
2346810,Singleplayer
2346810,Story Rich
2346810,Thriller
2346810,Violent
2365470,1990's
2365470,2D
2365470,Adventure
2365470,Cartoon
2365470,Comedy
2365470,Fantasy
2365470,Funny
2365470,Hand-drawn
2365470,Indie
2365470,Mystery
2365470,Old School
2365470,Point & Click
2365470,Puzzle
2365470,Retro
2365470,Singleplayer
2365470,Story Rich
2367650,2D
2367650,Adventure
2367650,Casual
2367650,Collectathon
2367650,Crime
2367650,Detective
2367650,Exploration
2367650,Female Protagonist
2367650,Free to Play
2367650,Hidden Object
2367650,Investigation
2367650,Match 3
2367650,Mystery
2367650,Puzzle
2367650,Singleplayer
2367650,Story Rich
2368070,2D
2368070,2D Platformer
2368070,3D
2368070,Adventure
2368070,Atmospheric
2368070,Cute
2368070,Dark
2368070,Exploration
2368070,First-Person
2368070,Metroidvania
2368070,Mystery
2368070,Nonlinear
2368070,Pixel Graphics
2368070,Platformer
2368070,Psychological
2368070,Psychological Horror
2368070,Puzzle
2368070,Puzzle Platformer
2368070,Story Rich
2368070,Walking Simulator
2370650,Abstract
2370650,Adventure
2370650,Anime
2370650,Atmospheric
2370650,Choices Matter
2370650,Dark
2370650,Dark Fantasy
2370650,Drama
2370650,Fantasy
2370650,Gothic
2370650,Logic
2370650,Magic
2370650,Multiple Endings
2370650,Mystery
2370650,Psychological
2370650,Psychological Horror
2370650,Story Rich
2370650,Supernatural
2370650,Surreal
2370650,Visual Novel
2371280,1980s
2371280,2.5D
2371280,2D
2371280,2D Platformer
2371280,Adventure
2371280,Atmospheric
2371280,Cute
2371280,Dark Humor
2371280,Exploration
2371280,Funny
2371280,Linear
2371280,Mystery
2371280,Pixel Graphics
2371280,Platformer
2371280,Retro
2371280,Sci-fi
2371280,Side Scroller
2371280,Singleplayer
2371280,Space
2371280,Story Rich
2372870,3D
2372870,Adventure
2372870,Atmospheric
2372870,Casual
2372870,Dark
2372870,Demons
2372870,Drama
2372870,Emotional
2372870,First-Person
2372870,Horror
2372870,Investigation
2372870,Mystery
2372870,Narration
2372870,Psychological
2372870,Psychological Horror
2372870,Singleplayer
2372870,Story Rich
2372870,Survival Horror
2372870,Thriller
2372870,Walking Simulator
2374030,Adventure
2374030,Battle Royale
2374030,Choose Your Own Adventure
2374030,Co-op
2374030,First-Person
2374030,Horror
2374030,Immersive Sim
2374030,MMORPG
2374030,Mystery
2374030,Psychological Horror
2374030,Puzzle
2374030,Simulation
2374030,Singleplayer
2374030,Story Rich
2374030,Strategy
2374030,Strategy RPG
2374030,Survival
2374030,Survival Horror
2374030,Thriller
2374030,VR
2376540,1990's
2376540,3D
2376540,Action-Adventure
2376540,Adventure
2376540,Atmospheric
2376540,Choices Matter
2376540,Controller
2376540,Exploration
2376540,First-Person
2376540,Horror
2376540,Indie
2376540,Multiple Endings
2376540,Mystery
2376540,Psychological Horror
2376540,Puzzle
2376540,Realistic
2376540,Singleplayer
2376540,Story Rich
2376540,Supernatural
2376540,Thriller
2377120,2D
2377120,Action-Adventure
2377120,Adventure
2377120,Cartoony
2377120,Casual
2377120,Fantasy
2377120,Funny
2377120,Mystery
2377120,Narration
2377120,Point & Click
2377120,Singleplayer
2377120,Story Rich
2377120,Strategy
2377120,Time Management
2377120,Tutorial
2377980,Abstract
2377980,Atmospheric
2377980,Dark
2377980,Demons
2377980,Emotional
2377980,Exploration
2377980,Female Protagonist
2377980,First-Person
2377980,Horror
2377980,Multiple Endings
2377980,Mystery
2377980,Mythology
2377980,Psychedelic
2377980,Psychological Horror
2377980,Puzzle
2377980,Realistic
2377980,Story Rich
2377980,Stylized
2377980,Surreal
2377980,Walking Simulator
2380130,2D
2380130,2D Platformer
2380130,Action
2380130,Action-Adventure
2380130,Colorful
2380130,Controller
2380130,Dark Fantasy
2380130,Fantasy
2380130,Horror
2380130,Linear
2380130,Lore-Rich
2380130,Mystery
2380130,Platformer
2380130,Post-apocalyptic
2380130,Precision Platformer
2380130,Puzzle Platformer
2380130,Side Scroller
2380130,Story Rich
2380130,Stylized
2380130,Surreal
2380230,2D
2380230,Adventure
2380230,Atmospheric
2380230,Casual
2380230,Cinematic
2380230,Dark
2380230,Demons
2380230,Exploration
2380230,Hidden Object
2380230,Horror
2380230,Immersive Sim
2380230,Indie
2380230,Loot
2380230,Mystery
2380230,Psychological
2380230,Psychological Horror
2380230,Puzzle
2380230,Singleplayer
2380230,Story Rich
2380310,1990's
2380310,2.5D
2380310,2D
2380310,Adventure
2380310,Atmospheric
2380310,Casual
2380310,Dystopian
2380310,Exploration
2380310,Hidden Object
2380310,Horror
2380310,Mystery
2380310,Post-apocalyptic
2380310,Psychedelic
2380310,Puzzle
2380310,Realistic
2380310,Simulation
2380310,Singleplayer
2380310,Story Rich
2380310,Survival
2380310,Survival Horror
2380550,3D
2380550,Action-Adventure
2380550,Choices Matter
2380550,Conversation
2380550,First-Person
2380550,Immersive
2380550,Immersive Sim
2380550,Investigation
2380550,Level Editor
2380550,Mystery
2380550,Narrative
2380550,Nonlinear
2380550,Sci-fi
2380550,Shooter
2380550,Simulation
2380550,Stealth
2380550,Story Rich
2380550,Stylized
2380550,Voice Control
2380550,Well-Written
2380810,Adventure
2380810,Alternate History
2380810,Atmospheric
2380810,Casual
2380810,Conspiracy
2380810,Emotional
2380810,Exploration
2380810,First-Person
2380810,Game Development
2380810,Investigation
2380810,Lore-Rich
2380810,Multiple Endings
2380810,Mystery
2380810,Puzzle
2380810,Realistic
2380810,Sci-fi
2380810,Singleplayer
2380810,Story Rich
2380810,Surreal
2380810,Walking Simulator
2380860,3D
2380860,Adventure
2380860,Atmospheric
2380860,Casual
2380860,Cute
2380860,Emotional
2380860,Exploration
2380860,Family Friendly
2380860,Fantasy
2380860,Free to Play
2380860,Indie
2380860,Mystery
2380860,Nonlinear
2380860,Puzzle
2380860,Relaxing
2380860,Singleplayer
2380860,Soundtrack
2380860,Story Rich
2380860,Stylized
2380860,Third Person
2381670,2D
2381670,2D Platformer
2381670,Adventure
2381670,Casual
2381670,Cold War
2381670,Exploration
2381670,Free to Play
2381670,Hand-drawn
2381670,Indie
2381670,Linear
2381670,Mystery
2381670,Narration
2381670,Point & Click
2381670,Singleplayer
2381670,Story Rich
2382610,2.5D
2382610,Adventure
2382610,Atmospheric
2382610,Casual
2382610,Cyberpunk
2382610,Exploration
2382610,Indie
2382610,Lore-Rich
2382610,Mystery
2382610,Narration
2382610,Post-apocalyptic
2382610,Puzzle
2382610,Sci-fi
2382610,Side Scroller
2382610,Singleplayer
2382610,Soundtrack
2382610,Stealth
2382610,Story Rich
2382610,Stylized
2382610,Third Person
2382620,3D
2382620,Adventure
2382620,Atmospheric
2382620,Casual
2382620,Choices Matter
2382620,Farming Sim
2382620,First-Person
2382620,Horror
2382620,Immersive Sim
2382620,Mystery
2382620,Pixel Graphics
2382620,Psychological Horror
2382620,Retro
2382620,Simulation
2382620,Singleplayer
2382620,Stealth
2382620,Story Rich
2382620,Strategy
2382620,Surreal
2382620,Survival Horror
2383120,3D
2383120,Action
2383120,Action-Adventure
2383120,Adventure
2383120,Atmospheric
2383120,Cartoony
2383120,Casual
2383120,Dark
2383120,First-Person
2383120,Horror
2383120,Lore-Rich
2383120,Mystery
2383120,Psychological Horror
2383120,Puzzle
2383120,Singleplayer
2383120,Story Rich
2383120,Surreal
2383120,Survival Horror
2383120,Thriller
2383120,Walking Simulator
2383700,Atmospheric
2383700,Cartoon
2383700,Casual
2383700,Choices Matter
2383700,Choose Your Own Adventure
2383700,Dragons
2383700,Immersive Sim
2383700,Interactive Fiction
2383700,Investigation
2383700,Multiple Endings
2383700,Mystery
2383700,Philosophical
2383700,Psychological
2383700,RPG
2383700,Simulation
2383700,Singleplayer
2383700,Story Rich
2383700,Surreal
2383700,Text-Based
2383700,Visual Novel
2391350,2D
2391350,Clicker
2391350,Colorful
2391350,Comic Book
2391350,Exploration
2391350,Hand-drawn
2391350,Hidden Object
2391350,Horror
2391350,Interactive Fiction
2391350,Logic
2391350,Mystery
2391350,Point & Click
2391350,Psychological Horror
2391350,Puzzle
2391350,RPG
2391350,Singleplayer
2391350,Story Rich
2391350,Surreal
2391350,Visual Novel
2391350,Word Game
2391690,3D
2391690,Abstract
2391690,Atmospheric
2391690,Cinematic
2391690,Exploration
2391690,First-Person
2391690,Hidden Object
2391690,Horror
2391690,Indie
2391690,Jump Scare
2391690,Linear
2391690,Mystery
2391690,Psychological Horror
2391690,Puzzle
2391690,Simulation
2391690,Singleplayer
2391690,Story Rich
2391690,Supernatural
2391690,Thriller
2391690,Walking Simulator
2392160,Adventure
2392160,Choices Matter
2392160,Crime
2392160,Dark
2392160,Detective
2392160,Horror
2392160,Investigation
2392160,Lovecraftian
2392160,Multiple Endings
2392160,Mystery
2392160,Old School
2392160,Pixel Graphics
2392160,Point & Click
2392160,Singleplayer
2392160,Story Rich
2394980,Adventure
2394980,Casual
2394980,Detective
2394980,Exploration
2394980,Female Protagonist
2394980,First-Person
2394980,Hidden Object
2394980,Interactive Fiction
2394980,Investigation
2394980,Linear
2394980,Mystery
2394980,Puzzle
2394980,Singleplayer
2394980,Story Rich
2395680,2D
2395680,Adventure
2395680,Colorful
2395680,Dark Fantasy
2395680,Demons
2395680,Detective
2395680,Exploration
2395680,Fantasy
2395680,Female Protagonist
2395680,JRPG
2395680,Mature
2395680,Multiple Endings
2395680,Mystery
2395680,Pixel Graphics
2395680,Point & Click
2395680,Puzzle Platformer
2395680,RPG
2395680,Singleplayer
2395680,Story Rich
2395680,Vampire
2397140,2D
2397140,Adventure
2397140,Anime
2397140,Atmospheric
2397140,Cartoony
2397140,Choices Matter
2397140,Choose Your Own Adventure
2397140,Crime
2397140,Detective
2397140,Drama
2397140,Investigation
2397140,Mystery
2397140,Point & Click
2397140,Puzzle
2397140,Realistic
2397140,Singleplayer
2397140,Soundtrack
2397140,Story Rich
2397140,Text-Based
2397140,Visual Novel
2398310,2D
2398310,Cartoony
2398310,Casual
2398310,Cinematic
2398310,Colorful
2398310,Comic Book
2398310,Dark
2398310,Drama
2398310,Female Protagonist
2398310,Horror
2398310,LGBTQ+
2398310,Mystery
2398310,Narrative
2398310,Point & Click
2398310,Psychological
2398310,Psychological Horror
2398310,Puzzle
2398310,Story Rich
2398310,Surreal
2398310,Thriller
2399220,2D
2399220,Adventure
2399220,Anime
2399220,Atmospheric
2399220,Casual
2399220,Choices Matter
2399220,Choose Your Own Adventure
2399220,Colorful
2399220,Comedy
2399220,Cute
2399220,Dark Humor
2399220,Emotional
2399220,Multiple Endings
2399220,Mystery
2399220,Romance
2399220,Sexual Content
2399220,Singleplayer
2399220,Story Rich
2399220,Survival
2399220,Visual Novel
2400740,Adventure
2400740,Atmospheric
2400740,Choose Your Own Adventure
2400740,Drama
2400740,Free to Play
2400740,Indie
2400740,Mystery
2400740,Noir
2400740,Pixel Graphics
2400740,Psychological Horror
2400740,Puzzle
2400740,Singleplayer
2400740,Story Rich
2400740,Text-Based
2400740,Typing
2400740,Visual Novel
2401970,2D
2401970,Adventure
2401970,Anime
2401970,Choose Your Own Adventure
2401970,Comedy
2401970,Crime
2401970,Detective
2401970,Funny
2401970,Great Soundtrack
2401970,Investigation
2401970,LGBTQ+
2401970,Mystery
2401970,Pixel Graphics
2401970,Point & Click
2401970,Singleplayer
2401970,Story Rich
2401970,Text-Based
2401970,Visual Novel
2404700,3D
2404700,Adventure
2404700,Aliens
2404700,Casual
2404700,Conversation
2404700,Exploration
2404700,Fantasy
2404700,Isometric
2404700,Linear
2404700,Multiple Endings
2404700,Mystery
2404700,Narration
2404700,Post-apocalyptic
2404700,Realistic
2404700,Singleplayer
2404700,Stealth
2404700,Story Rich
2404700,Time Manipulation
2404700,Time Travel
2404700,Walking Simulator
2405740,3D
2405740,6DOF
2405740,Adventure
2405740,Atmospheric
2405740,Dark
2405740,Drama
2405740,Exploration
2405740,First-Person
2405740,Linear
2405740,Mystery
2405740,Realistic
2405740,Singleplayer
2405740,Story Rich
2405740,Stylized
2405740,Visual Novel
2405740,Walking Simulator
2405800,2D
2405800,Action-Adventure
2405800,Adventure
2405800,Anime
2405800,Atmospheric
2405800,Casual
2405800,Conversation
2405800,Cute
2405800,Fantasy
2405800,Hand-drawn
2405800,Multiple Endings
2405800,Mystery
2405800,Psychological
2405800,Sexual Content
2405800,Singleplayer
2405800,Story Rich
2405800,Text-Based
2405800,Visual Novel
2406110,2D
2406110,Adventure
2406110,Anime
2406110,Cartoon
2406110,Cartoony
2406110,Cute
2406110,Drama
2406110,Exploration
2406110,Female Protagonist
2406110,Horror
2406110,Indie
2406110,Mystery
2406110,Pixel Graphics
2406110,Psychological Horror
2406110,Puzzle
2406110,RPG
2406110,Singleplayer
2406110,Story Rich
2406110,Thriller
2406110,Zombies
2410130,2D
2410130,Action-Adventure
2410130,Anime
2410130,Choices Matter
2410130,Colorful
2410130,Comedy
2410130,Exploration
2410130,Fishing
2410130,Funny
2410130,Horror
2410130,Lore-Rich
2410130,Multiple Endings
2410130,Mystery
2410130,Parody
2410130,Pixel Graphics
2410130,RPG
2410130,Singleplayer
2410130,Story Rich
2410130,Strategy RPG
2410130,Turn-Based Tactics
2412490,3D
2412490,Action
2412490,Adventure
2412490,Atmospheric
2412490,Dark
2412490,Exploration
2412490,First-Person
2412490,Horror
2412490,Indie
2412490,Linear
2412490,Multiple Endings
2412490,Mystery
2412490,Old School
2412490,Psychological Horror
2412490,Realistic
2412490,Singleplayer
2412490,Story Rich
2412490,Survival Horror
2412490,Thriller
2412490,Walking Simulator
2412640,1990's
2412640,3D
2412640,Adventure
2412640,Atmospheric
2412640,Cinematic
2412640,Dark
2412640,Emotional
2412640,Horror
2412640,Indie
2412640,Mystery
2412640,Narration
2412640,Psychedelic
2412640,Psychological Horror
2412640,Realistic
2412640,Retro
2412640,Singleplayer
2412640,Story Rich
2412640,Thriller
2414320,1990's
2414320,Action
2414320,Action-Adventure
2414320,Adventure
2414320,Atmospheric
2414320,Exploration
2414320,Horror
2414320,Isometric
2414320,Mystery
2414320,Narration
2414320,Nonlinear
2414320,Pixel Graphics
2414320,Retro
2414320,Singleplayer
2414320,Story Rich
2414320,Vampire
2415540,2D
2415540,Adventure
2415540,Atmospheric
2415540,Casual
2415540,Clicker
2415540,Dark
2415540,Dark Comedy
2415540,Gore
2415540,Hand-drawn
2415540,Hidden Object
2415540,Horror
2415540,Indie
2415540,Multiple Endings
2415540,Mystery
2415540,Point & Click
2415540,Psychological Horror
2415540,Puzzle
2415540,Singleplayer
2415540,Story Rich
2415540,Surreal
2416780,Action
2416780,Action-Adventure
2416780,Adventure
2416780,Atmospheric
2416780,Choices Matter
2416780,Dark
2416780,Demons
2416780,Exploration
2416780,First-Person
2416780,Horror
2416780,Indie
2416780,Lovecraftian
2416780,Mystery
2416780,Psychological
2416780,Psychological Horror
2416780,Puzzle
2416780,Simulation
2416780,Singleplayer
2416780,Story Rich
2416780,Survival Horror
2419880,3D
2419880,3D Platformer
2419880,Action-Adventure
2419880,Adventure
2419880,Atmospheric
2419880,Dark
2419880,Demons
2419880,Exploration
2419880,First-Person
2419880,Horror
2419880,Linear
2419880,Mystery
2419880,Psychological
2419880,Psychological Horror
2419880,Simulation
2419880,Story Rich
2419880,Survival
2419880,Survival Horror
2419880,Thriller
2419880,Walking Simulator
2420330,2D
2420330,Adventure
2420330,Atmospheric
2420330,Choices Matter
2420330,Colorful
2420330,Dark
2420330,Detective
2420330,Emotional
2420330,Exploration
2420330,Faith
2420330,Female Protagonist
2420330,Magic
2420330,Mystery
2420330,Point & Click
2420330,Psychological Horror
2420330,Side Scroller
2420330,Singleplayer
2420330,Story Rich
2420330,Surreal
2420330,Visual Novel
2420350,2D
2420350,Adventure
2420350,Atmospheric
2420350,Choices Matter
2420350,Colorful
2420350,Dark
2420350,Detective
2420350,Emotional
2420350,Exploration
2420350,Faith
2420350,Female Protagonist
2420350,Horror
2420350,Magic
2420350,Mystery
2420350,Point & Click
2420350,Psychological Horror
2420350,Side Scroller
2420350,Story Rich
2420350,Surreal
2420350,Visual Novel
2421410,2D
2421410,Casual
2421410,Choices Matter
2421410,Clicker
2421410,Dark Humor
2421410,Detective
2421410,Drama
2421410,Dystopian
2421410,Early Access
2421410,Hacking
2421410,Immersive Sim
2421410,Mystery
2421410,Point & Click
2421410,Puzzle
2421410,RPG
2421410,Simulation
2421410,Singleplayer
2421410,Story Rich
2421410,Strategy
2421410,Word Game
2422840,Action-Adventure
2422840,Adventure
2422840,Dark
2422840,Dark Fantasy
2422840,Drama
2422840,Dynamic Narration
2422840,Dystopian
2422840,Exploration
2422840,Female Protagonist
2422840,First-Person
2422840,Futuristic
2422840,Logic
2422840,Mystery
2422840,Narration
2422840,Point & Click
2422840,Post-apocalyptic
2422840,Realistic
2422840,Sci-fi
2422840,Singleplayer
2422840,Story Rich
2423710,2D
2423710,2D Platformer
2423710,Action
2423710,Action-Adventure
2423710,Adventure
2423710,Combat
2423710,Exploration
2423710,Free to Play
2423710,Horror
2423710,Lore-Rich
2423710,Lovecraftian
2423710,Metroidvania
2423710,Mystery
2423710,Platformer
2423710,Psychological
2423710,Puzzle
2423710,Puzzle Platformer
2423710,Singleplayer
2423710,Story Rich
2423710,Stylized
2425400,Adventure
2425400,Indie
2425400,Mystery
2425400,Psychological Horror
2425400,Puzzle
2425400,Singleplayer
2425400,Story Rich
2425400,Walking Simulator
2426350,1990's
2426350,2D
2426350,Adventure
2426350,Atmospheric
2426350,Cartoony
2426350,Comedy
2426350,Exploration
2426350,Funny
2426350,Hand-drawn
2426350,Indie
2426350,Mystery
2426350,Nostalgia
2426350,Old School
2426350,Point & Click
2426350,Puzzle
2426350,Relaxing
2426350,Retro
2426350,Singleplayer
2426350,Story Rich
2426350,Stylized
2426380,3D
2426380,Adventure
2426380,Alternate History
2426380,Artificial Intelligence
2426380,Atmospheric
2426380,Dark
2426380,Exploration
2426380,First-Person
2426380,Free to Play
2426380,Futuristic
2426380,Horror
2426380,Indie
2426380,Investigation
2426380,Mystery
2426380,Robots
2426380,Sci-fi
2426380,Singleplayer
2426380,Story Rich
2426380,Underwater
2426380,Walking Simulator
2428190,Adventure
2428190,Cold War
2428190,Detective
2428190,Free to Play
2428190,Historical
2428190,Horror
2428190,Interactive Fiction
2428190,Logic
2428190,Lore-Rich
2428190,Multiple Endings
2428190,Mystery
2428190,Psychological Horror
2428190,Puzzle
2428190,RPG
2428190,Singleplayer
2428190,Story Rich
2428190,Survival Horror
2428190,Text-Based
2428190,Thriller
2428190,Visual Novel
2428260,Casual
2428260,Conspiracy
2428260,Cyberpunk
2428260,Dark
2428260,Dark Humor
2428260,Emotional
2428260,Female Protagonist
2428260,Hand-drawn
2428260,LGBTQ+
2428260,Linear
2428260,Mystery
2428260,Philosophical
2428260,Psychological Horror
2428260,Romance
2428260,Singleplayer
2428260,Story Rich
2428260,Stylized
2428260,Text-Based
2428260,Thriller
2428260,Visual Novel
2429960,3D
2429960,Casual
2429960,Controller
2429960,Dynamic Narration
2429960,Emotional
2429960,Exploration
2429960,Family Friendly
2429960,First-Person
2429960,Game Development
2429960,Interactive Fiction
2429960,Linear
2429960,Minimalist
2429960,Mystery
2429960,Philosophical
2429960,Puzzle
2429960,Relaxing
2429960,Simulation
2429960,Story Rich
2429960,Text-Based
2429960,Walking Simulator
2430300,2D
2430300,Adventure
2430300,Atmospheric
2430300,Comic Book
2430300,Conversation
2430300,Crime
2430300,Detective
2430300,Exploration
2430300,Female Protagonist
2430300,Free to Play
2430300,Indie
2430300,Interactive Fiction
2430300,Investigation
2430300,Mystery
2430300,Narration
2430300,Noir
2430300,Point & Click
2430300,Puzzle
2430300,Story Rich
2430300,Visual Novel
2430410,3D
2430410,Action
2430410,Adventure
2430410,Artificial Intelligence
2430410,Character Customization
2430410,Co-op
2430410,Controller
2430410,Dark
2430410,Dark Fantasy
2430410,Demons
2430410,Exploration
2430410,First-Person
2430410,Horror
2430410,Multiplayer
2430410,Mystery
2430410,Mythology
2430410,Puzzle
2430410,Realistic
2430410,Stealth
2430410,Story Rich
2431690,Adventure
2431690,Choices Matter
2431690,Choose Your Own Adventure
2431690,Dating Sim
2431690,Early Access
2431690,Hentai
2431690,Indie
2431690,Mature
2431690,Multiple Endings
2431690,Mystery
2431690,NSFW
2431690,Nudity
2431690,Realistic
2431690,Romance
2431690,Sexual Content
2431690,Singleplayer
2431690,Story Rich
2431690,Survival
2431690,Visual Novel
2431840,2D
2431840,Adventure
2431840,Choices Matter
2431840,Choose Your Own Adventure
2431840,Crime
2431840,Dark
2431840,Drama
2431840,Female Protagonist
2431840,Gore
2431840,Horror
2431840,Indie
2431840,Multiple Endings
2431840,Mystery
2431840,Psychological Horror
2431840,Sexual Content
2431840,Singleplayer
2431840,Story Rich
2431840,Thriller
2431840,Violent
2431840,Visual Novel
2433460,3D
2433460,Adventure
2433460,Drama
2433460,Dungeon Crawler
2433460,Exploration
2433460,First-Person
2433460,Horror
2433460,Investigation
2433460,Multiple Endings
2433460,Mystery
2433460,Open World
2433460,Psychological Horror
2433460,Puzzle
2433460,Realistic
2433460,RPG
2433460,Sandbox
2433460,Story Rich
2433460,Supernatural
2433460,Survival Horror
2433460,Thriller
2434340,2D
2434340,Anime
2434340,Casual
2434340,Crime
2434340,Dating Sim
2434340,Drama
2434340,Emotional
2434340,Fantasy
2434340,Free to Play
2434340,Futuristic
2434340,Indie
2434340,Linear
2434340,Mystery
2434340,Pixel Graphics
2434340,Psychological Horror
2434340,Romance
2434340,RPG
2434340,Singleplayer
2434340,Story Rich
2434340,Visual Novel
2434670,2D
2434670,Anime
2434670,Casual
2434670,Drama
2434670,Hentai
2434670,Linear
2434670,Mature
2434670,Modern
2434670,Mystery
2434670,NSFW
2434670,Nudity
2434670,Sexual Content
2434670,Singleplayer
2434670,Story Rich
2434670,Text-Based
2434670,Visual Novel
2439760,Adventure
2439760,Anime
2439760,Casual
2439760,Cute
2439760,Dating Sim
2439760,Drama
2439760,Emotional
2439760,Female Protagonist
2439760,Hentai
2439760,Interactive Fiction
2439760,JRPG
2439760,LGBTQ+
2439760,Mystery
2439760,Nudity
2439760,Romance
2439760,Sexual Content
2439760,Singleplayer
2439760,Story Rich
2439760,Visual Novel
2439760,Word Game
2442060,2D
2442060,Adventure
2442060,Anime
2442060,Atmospheric
2442060,Choose Your Own Adventure
2442060,Dark
2442060,Dark Humor
2442060,Horror
2442060,Indie
2442060,Investigation
2442060,Linear
2442060,Mystery
2442060,Pixel Graphics
2442060,Point & Click
2442060,Psychological Horror
2442060,Retro
2442060,Singleplayer
2442060,Story Rich
2442060,Violent
2442060,Visual Novel
2455340,3D
2455340,Adventure
2455340,Casual
2455340,Co-op
2455340,Co-op Campaign
2455340,Dark
2455340,Detective
2455340,Emotional
2455340,Family Friendly
2455340,Fantasy
2455340,Female Protagonist
2455340,First-Person
2455340,Linear
2455340,Logic
2455340,Multiplayer
2455340,Mystery
2455340,Online Co-Op
2455340,Puzzle
2455340,Puzzle Platformer
2455340,Story Rich
2456860,2D
2456860,Adventure
2456860,Atmospheric
2456860,Cartoon
2456860,Casual
2456860,Cute
2456860,Emotional
2456860,Exploration
2456860,Fantasy
2456860,Free to Play
2456860,Indie
2456860,Lore-Rich
2456860,Mystery
2456860,Pixel Graphics
2456860,RPG
2456860,RPGMaker
2456860,Story Rich
2456860,Stylized
2456860,Survival
2456860,Trains
2459280,3D
2459280,3D Platformer
2459280,Adventure
2459280,Atmospheric
2459280,Choices Matter
2459280,Drama
2459280,Emotional
2459280,Exploration
2459280,Female Protagonist
2459280,Linear
2459280,Multiple Endings
2459280,Mystery
2459280,Narration
2459280,Philosophical
2459280,Realistic
2459280,Singleplayer
2459280,Story Rich
2459280,Third Person
2459280,Transhumanism
2459280,Walking Simulator
2459430,1990's
2459430,3D
2459430,Action
2459430,Adventure
2459430,Atmospheric
2459430,Dark
2459430,Exploration
2459430,Gore
2459430,Horror
2459430,Mystery
2459430,Old School
2459430,Psychological Horror
2459430,Puzzle
2459430,Retro
2459430,Singleplayer
2459430,Story Rich
2459430,Surreal
2459430,Survival Horror
2459430,Third Person
2459430,Thriller
2461460,2D
2461460,Adventure
2461460,Choices Matter
2461460,Choose Your Own Adventure
2461460,Dating Sim
2461460,Emotional
2461460,Hand-drawn
2461460,LGBTQ+
2461460,Mature
2461460,Modern
2461460,Multiple Endings
2461460,Mystery
2461460,Narration
2461460,NSFW
2461460,Nudity
2461460,Realistic
2461460,Romance
2461460,Sexual Content
2461460,Story Rich
2461460,Visual Novel
2461780,2D
2461780,Action-Adventure
2461780,Adventure
2461780,Atmospheric
2461780,Drama
2461780,Exploration
2461780,Indie
2461780,JRPG
2461780,Linear
2461780,Minimalist
2461780,Mystery
2461780,Narration
2461780,Pixel Graphics
2461780,Puzzle
2461780,Puzzle Platformer
2461780,RPG
2461780,Runner
2461780,Singleplayer
2461780,Story Rich
2462520,3D
2462520,Adventure
2462520,Atmospheric
2462520,Cinematic
2462520,Controller
2462520,Hidden Object
2462520,Horror
2462520,Idler
2462520,Immersive Sim
2462520,Investigation
2462520,Logic
2462520,Lovecraftian
2462520,Mystery
2462520,Psychological
2462520,Psychological Horror
2462520,Puzzle
2462520,Realistic
2462520,Singleplayer
2462520,Story Rich
2462520,Supernatural
2463980,Adventure
2463980,Choices Matter
2463980,Choose Your Own Adventure
2463980,Dark Fantasy
2463980,Female Protagonist
2463980,Hand-drawn
2463980,Horror
2463980,Interactive Fiction
2463980,Investigation
2463980,Lore-Rich
2463980,Multiple Endings
2463980,Mystery
2463980,Replay Value
2463980,RPG
2463980,Story Rich
2463980,Surreal
2463980,Text-Based
2463980,Thriller
2463980,Visual Novel
2463980,Werewolves
2464030,Adventure
2464030,Comedy
2464030,Conversation
2464030,Drama
2464030,Dynamic Narration
2464030,Exploration
2464030,First-Person
2464030,Funny
2464030,Interactive Fiction
2464030,Mystery
2464030,Old School
2464030,Parody
2464030,Point & Click
2464030,Quick-Time Events
2464030,Satire
2464030,Simulation
2464030,Singleplayer
2464030,Story Rich
2464030,Visual Novel
2464030,Zombies
2468670,3D
2468670,Adventure
2468670,Anime
2468670,Conversation
2468670,Crime
2468670,Detective
2468670,Exploration
2468670,Funny
2468670,Indie
2468670,Investigation
2468670,Logic
2468670,Mystery
2468670,Point & Click
2468670,Puzzle
2468670,Relaxing
2468670,Singleplayer
2468670,Story Rich
2468670,Text-Based
2468670,Visual Novel
2469330,Adventure
2469330,Atmospheric
2469330,Casual
2469330,Cinematic
2469330,Education
2469330,Emotional
2469330,Exploration
2469330,Family Friendly
2469330,Female Protagonist
2469330,Historical
2469330,Mystery
2469330,Narrative
2469330,Pirates
2469330,Puzzle
2469330,Simulation
2469330,Singleplayer
2469330,Stealth
2469330,Story Rich
2469330,VR
2469330,Walking Simulator
2469950,Adventure
2469950,Anime
2469950,Casual
2469950,Cute
2469950,Dark
2469950,Drama
2469950,Early Access
2469950,Emotional
2469950,Horror
2469950,Interactive Fiction
2469950,Multiple Endings
2469950,Mystery
2469950,Philosophical
2469950,Psychological
2469950,Psychological Horror
2469950,Singleplayer
2469950,Story Rich
2469950,Surreal
2469950,Time Management
2469950,Visual Novel
2474030,2D
2474030,Adventure
2474030,Gothic
2474030,Horror
2474030,Mystery
2474030,Pixel Graphics
2474030,Point & Click
2474030,Psychological Horror
2474030,Singleplayer
2474030,Story Rich
2474030,Supernatural
2474030,Third Person
2474940,2D
2474940,Adventure
2474940,Anime
2474940,Atmospheric
2474940,Choices Matter
2474940,Choose Your Own Adventure
2474940,Comedy
2474940,Cute
2474940,Funny
2474940,Horror
2474940,Investigation
2474940,Multiple Endings
2474940,Mystery
2474940,Relaxing
2474940,Simulation
2474940,Singleplayer
2474940,Story Rich
2474940,Survival
2474940,Text-Based
2474940,Visual Novel
2475490,Adventure
2475490,Atmospheric
2475490,Dark
2475490,Dark Humor
2475490,Exploration
2475490,First-Person
2475490,Gore
2475490,Horror
2475490,Indie
2475490,Mystery
2475490,Narrative
2475490,Psychological
2475490,Psychological Horror
2475490,Retro
2475490,Singleplayer
2475490,Space
2475490,Story Rich
2475490,Surreal
2475490,Thriller
2475490,Walking Simulator
2475610,2D
2475610,Adventure
2475610,Atmospheric
2475610,Choices Matter
2475610,Choose Your Own Adventure
2475610,Dark
2475610,Dark Fantasy
2475610,Demons
2475610,Detective
2475610,Hand-drawn
2475610,Horror
2475610,Interactive Fiction
2475610,Investigation
2475610,Magic
2475610,Multiple Endings
2475610,Mystery
2475610,RPG
2475610,Story Rich
2475610,Stylized
2475610,Visual Novel
2478850,2D
2478850,Choices Matter
2478850,Choose Your Own Adventure
2478850,Controller
2478850,Detective
2478850,Exploration
2478850,Hidden Object
2478850,Immersive Sim
2478850,Interactive Fiction
2478850,Life Sim
2478850,Linear
2478850,Mystery
2478850,Pixel Graphics
2478850,Point & Click
2478850,Side Scroller
2478850,Snow
2478850,Story Rich
2478850,Top-Down
2478850,Visual Novel
2478850,Walking Simulator
2479300,Adventure
2479300,Anime
2479300,Dark
2479300,Dating Sim
2479300,Drama
2479300,Early Access
2479300,Emotional
2479300,Female Protagonist
2479300,Hentai
2479300,Mature
2479300,Mystery
2479300,Narration
2479300,NSFW
2479300,Nudity
2479300,Psychological
2479300,Romance
2479300,Sexual Content
2479300,Singleplayer
2479300,Story Rich
2479300,Visual Novel
2481400,2D
2481400,Adventure
2481400,CRPG
2481400,Detective
2481400,Drama
2481400,Exploration
2481400,Female Protagonist
2481400,Horror
2481400,Indie
2481400,LGBTQ+
2481400,Logic
2481400,Multiple Endings
2481400,Mystery
2481400,Pixel Graphics
2481400,Psychological Horror
2481400,Puzzle
2481400,Singleplayer
2481400,Story Rich
2481400,Text-Based
2481400,Visual Novel
2484160,2D
2484160,Adventure
2484160,Anime
2484160,Choices Matter
2484160,Choose Your Own Adventure
2484160,Cute
2484160,Dark
2484160,Detective
2484160,Drama
2484160,Gore
2484160,Horror
2484160,Multiple Endings
2484160,Mystery
2484160,Pixel Graphics
2484160,Sci-fi
2484160,Singleplayer
2484160,Story Rich
2484160,Surreal
2484160,Violent
2484160,Visual Novel
2484500,Action
2484500,Adventure
2484500,Atmospheric
2484500,Dark
2484500,Exploration
2484500,First-Person
2484500,Horror
2484500,Indie
2484500,Jump Scare
2484500,Linear
2484500,Multiple Endings
2484500,Mystery
2484500,Psychological
2484500,Psychological Horror
2484500,Puzzle
2484500,Singleplayer
2484500,Story Rich
2484500,Survival Horror
2484500,Thriller
2484500,Walking Simulator
2485540,3D
2485540,Adventure
2485540,Atmospheric
2485540,Dark
2485540,Drama
2485540,Emotional
2485540,Exploration
2485540,First-Person
2485540,Horror
2485540,Immersive
2485540,Indie
2485540,Linear
2485540,Mystery
2485540,Psychological
2485540,Psychological Horror
2485540,Short
2485540,Singleplayer
2485540,Story Rich
2485540,Surreal
2485540,Walking Simulator
2485750,Adventure
2485750,Atmospheric
2485750,Conversation
2485750,Dark
2485750,Emotional
2485750,Episodic
2485750,Gore
2485750,Horror
2485750,Mystery
2485750,Narrative
2485750,Pixel Graphics
2485750,Point & Click
2485750,Psychological
2485750,Psychological Horror
2485750,Puzzle
2485750,Singleplayer
2485750,Story Rich
2485750,Supernatural
2485750,Thriller
2485750,Well-Written
2489670,2D
2489670,Action Roguelike
2489670,Adventure
2489670,Conversation
2489670,Drama
2489670,Indie
2489670,Lore-Rich
2489670,Medieval
2489670,Multiple Endings
2489670,Mystery
2489670,Pixel Graphics
2489670,Roguelike
2489670,RPG
2489670,Singleplayer
2489670,Story Rich
2489670,Surreal
2491040,2D
2491040,Adventure
2491040,Anime
2491040,Classic
2491040,Comedy
2491040,Cute
2491040,Dark
2491040,Gore
2491040,Great Soundtrack
2491040,Horror
2491040,Indie
2491040,Mystery
2491040,Psychological
2491040,Psychological Horror
2491040,Singleplayer
2491040,Story Rich
2491040,Violent
2491040,Visual Novel
2492290,Adventure
2492290,Casual
2492290,Cinematic
2492290,Colorful
2492290,Crime
2492290,Detective
2492290,First-Person
2492290,Futuristic
2492290,Immersive Sim
2492290,Interactive Fiction
2492290,Investigation
2492290,Multiple Endings
2492290,Mystery
2492290,Realistic
2492290,Resource Management
2492290,Simulation
2492290,Story Rich
2492290,Strategy
2492290,Text-Based
2492290,Visual Novel
2492390,2D
2492390,Casual
2492390,Collectathon
2492390,Crafting
2492390,Detective
2492390,Fantasy
2492390,Hidden Object
2492390,Indie
2492390,Investigation
2492390,Logic
2492390,Magic
2492390,Mystery
2492390,Pixel Graphics
2492390,Puzzle
2492390,Puzzle Platformer
2492390,Singleplayer
2492390,Story Rich
2492390,Strategy
2492390,Word Game
2493140,2D
2493140,Atmospheric
2493140,Exploration
2493140,Female Protagonist
2493140,First-Person
2493140,Horror
2493140,Mystery
2493140,Noir
2493140,Old School
2493140,Philosophical
2493140,Point & Click
2493140,Post-apocalyptic
2493140,Psychedelic
2493140,Psychological
2493140,Psychological Horror
2493140,Retro
2493140,Singleplayer
2493140,Story Rich
2493140,Surreal
2493140,Underground
2495200,Action
2495200,Adventure
2495200,Atmospheric
2495200,Dark
2495200,Exploration
2495200,First-Person
2495200,Gore
2495200,Horror
2495200,Indie
2495200,Investigation
2495200,Lovecraftian
2495200,Mystery
2495200,Psychological Horror
2495200,Realistic
2495200,Sci-fi
2495200,Singleplayer
2495200,Story Rich
2495200,Survival
2495200,Survival Horror
2495200,Walking Simulator
2495960,2D
2495960,Anime
2495960,Atmospheric
2495960,Choices Matter
2495960,Choose Your Own Adventure
2495960,Comedy
2495960,Dating Sim
2495960,Fantasy
2495960,Funny
2495960,Interactive Fiction
2495960,LGBTQ+
2495960,Linear
2495960,Multiple Endings
2495960,Mystery
2495960,Narration
2495960,Romance
2495960,RPG
2495960,Simulation
2495960,Story Rich
2495960,Visual Novel
2496460,3D
2496460,Adventure
2496460,Controller
2496460,Dark
2496460,Exploration
2496460,First-Person
2496460,Free to Play
2496460,Horror
2496460,Indie
2496460,Investigation
2496460,Linear
2496460,Multiplayer
2496460,Mystery
2496460,Point & Click
2496460,Psychological Horror
2496460,Puzzle
2496460,Puzzle Platformer
2496460,Singleplayer
2496460,Story Rich
2496460,Walking Simulator
2497900,1990's
2497900,Atmospheric
2497900,Casual
2497900,Early Access
2497900,Exploration
2497900,First-Person
2497900,Horror
2497900,Immersive
2497900,Indie
2497900,Jump Scare
2497900,Mystery
2497900,Psychological Horror
2497900,Realistic
2497900,Short
2497900,Simulation
2497900,Singleplayer
2497900,Story Rich
2497900,Supernatural
2497900,Surreal
2497900,Voice Control
2498730,3D
2498730,Atmospheric
2498730,Casual
2498730,Choices Matter
2498730,Conversation
2498730,Crime
2498730,Dark
2498730,Detective
2498730,Drama
2498730,Female Protagonist
2498730,Interactive Fiction
2498730,Linear
2498730,Modern
2498730,Mystery
2498730,Psychological
2498730,Realistic
2498730,Singleplayer
2498730,Story Rich
2498730,Thriller
2498730,Visual Novel
2499800,3D
2499800,Action
2499800,Action-Adventure
2499800,Adventure
2499800,Atmospheric
2499800,Cartoony
2499800,Casual
2499800,Dark
2499800,First-Person
2499800,Horror
2499800,Lore-Rich
2499800,Mystery
2499800,Psychological Horror
2499800,Puzzle
2499800,Singleplayer
2499800,Story Rich
2499800,Surreal
2499800,Survival Horror
2499800,Thriller
2499800,Walking Simulator
2502390,2D
2502390,Alternate History
2502390,Choices Matter
2502390,Crafting
2502390,Dark
2502390,Drama
2502390,Horror
2502390,Indie
2502390,Interactive Fiction
2502390,Multiple Endings
2502390,Mystery
2502390,Perma Death
2502390,Post-apocalyptic
2502390,RPG
2502390,Singleplayer
2502390,Story Rich
2502390,Tactical RPG
2502390,Turn-Based Strategy
2502390,Vampire
2502390,Visual Novel
2506450,Action-Adventure
2506450,Adventure
2506450,Atmospheric
2506450,Controller
2506450,Exploration
2506450,Indie
2506450,Logic
2506450,Lovecraftian
2506450,Mystery
2506450,Mythology
2506450,Psychological Horror
2506450,Puzzle
2506450,Puzzle Platformer
2506450,Singleplayer
2506450,Story Rich
2506450,Stylized
2506450,Top-Down
2506510,Adventure
2506510,Choices Matter
2506510,CRPG
2506510,Exploration
2506510,Fantasy
2506510,Female Protagonist
2506510,Indie
2506510,JRPG
2506510,Mystery
2506510,Otome
2506510,Pixel Graphics
2506510,Psychological
2506510,Puzzle
2506510,RPG
2506510,Singleplayer
2506510,Story Rich
2506730,2D
2506730,Adventure
2506730,Casual
2506730,Indie
2506730,Interactive Fiction
2506730,Mystery
2506730,Nonlinear
2506730,Pixel Graphics
2506730,Retro
2506730,Sci-fi
2506730,Singleplayer
2506730,Story Rich
2506730,Text-Based
2506730,Visual Novel
2508610,3D
2508610,Adventure
2508610,Casual
2508610,Cinematic
2508610,Escape Room
2508610,First-Person
2508610,Futuristic
2508610,Hidden Object
2508610,Indie
2508610,Mystery
2508610,Point & Click
2508610,Puzzle
2508610,Sci-fi
2508610,Singleplayer
2508610,Space
2508610,Story Rich
2509320,Adventure
2509320,Escape Room
2509320,Horror
2509320,Indie
2509320,Mystery
2509320,Point & Click
2509320,Puzzle
2509320,Singleplayer
2509320,Story Rich
2510890,2D
2510890,Adventure
2510890,Anime
2510890,Choices Matter
2510890,Choose Your Own Adventure
2510890,Drama
2510890,Female Protagonist
2510890,Hidden Object
2510890,Indie
2510890,Interactive Fiction
2510890,Investigation
2510890,Multiple Endings
2510890,Mystery
2510890,Pixel Graphics
2510890,Puzzle
2510890,Singleplayer
2510890,Story Rich
2510890,Text-Based
2513140,2D
2513140,Adventure
2513140,Anime
2513140,Assassin
2513140,Conversation
2513140,Detective
2513140,Drama
2513140,Exploration
2513140,Female Protagonist
2513140,Hand-drawn
2513140,Historical
2513140,Interactive Fiction
2513140,Investigation
2513140,Linear
2513140,Mystery
2513140,Point & Click
2513140,Puzzle
2513140,RPG
2513140,Story Rich
2513140,Word Game
2513580,2D
2513580,Action RPG
2513580,Action-Adventure
2513580,Adventure
2513580,Atmospheric
2513580,Controller
2513580,Dark Fantasy
2513580,Dungeon Crawler
2513580,Exploration
2513580,Fantasy
2513580,Hack and Slash
2513580,Lore-Rich
2513580,Mystery
2513580,Philosophical
2513580,Pixel Graphics
2513580,Puzzle
2513580,RPG
2513580,Singleplayer
2513580,Soundtrack
2513580,Story Rich
2514650,2D
2514650,Adventure
2514650,Cartoony
2514650,Choices Matter
2514650,Conversation
2514650,Drama
2514650,Indie
2514650,Interactive Fiction
2514650,LGBTQ+
2514650,Multiple Endings
2514650,Mystery
2514650,Psychological
2514650,RPG
2514650,Sci-fi
2514650,Singleplayer
2514650,Story Rich
2514650,Visual Novel
2514650,Zombies
2515240,3D
2515240,Adventure
2515240,Atmospheric
2515240,Co-op
2515240,Dark
2515240,First-Person
2515240,Gore
2515240,Horror
2515240,Indie
2515240,Multiplayer
2515240,Multiple Endings
2515240,Mystery
2515240,Psychological Horror
2515240,Realistic
2515240,Singleplayer
2515240,Story Rich
2515240,Thriller
2515240,Violent
2515240,Walking Simulator
2515310,2D
2515310,Action-Adventure
2515310,Alternate History
2515310,Casual
2515310,Choices Matter
2515310,Choose Your Own Adventure
2515310,Comic Book
2515310,Conversation
2515310,Cute
2515310,Detective
2515310,Female Protagonist
2515310,Interactive Fiction
2515310,Multiple Endings
2515310,Mystery
2515310,Noir
2515310,Point & Click
2515310,Simulation
2515310,Story Rich
2515310,Text-Based
2515310,Visual Novel
2517870,2D
2517870,Adventure
2517870,Anime
2517870,Atmospheric
2517870,Bikes
2517870,Dark
2517870,Dark Fantasy
2517870,Detective
2517870,Drama
2517870,Horror
2517870,Interactive Fiction
2517870,Linear
2517870,Magic
2517870,Mystery
2517870,Psychological Horror
2517870,Singleplayer
2517870,Story Rich
2517870,Supernatural
2517870,Thriller
2517870,Visual Novel
2519560,1990's
2519560,3D
2519560,Action
2519560,Action-Adventure
2519560,Atmospheric
2519560,Dark
2519560,Exploration
2519560,Free to Play
2519560,Horror
2519560,Indie
2519560,Investigation
2519560,Linear
2519560,Lore-Rich
2519560,Mystery
2519560,Psychological Horror
2519560,Realistic
2519560,Singleplayer
2519560,Story Rich
2519560,Surreal
2519560,Third Person
2520000,2D
2520000,Adventure
2520000,Colorful
2520000,Cute
2520000,Education
2520000,Exploration
2520000,Family Friendly
2520000,Grid-Based Movement
2520000,Indie
2520000,Linear
2520000,Mystery
2520000,Pixel Graphics
2520000,Psychological Horror
2520000,Puzzle
2520000,Retro
2520000,Science
2520000,Singleplayer
2520000,Sokoban
2520000,Story Rich
2520000,Top-Down
2522450,1990's
2522450,Abstract
2522450,Action
2522450,Adventure
2522450,Dark
2522450,Drama
2522450,Emotional
2522450,First-Person
2522450,Horror
2522450,Indie
2522450,Interactive Fiction
2522450,LGBTQ+
2522450,Linear
2522450,Mystery
2522450,Psychological Horror
2522450,Story Rich
2522450,Supernatural
2522450,Survival Horror
2522450,Visual Novel
2522450,Zombies
2522650,3D
2522650,Action
2522650,Action-Adventure
2522650,Adventure
2522650,Aliens
2522650,Atmospheric
2522650,Dark
2522650,Exploration
2522650,First-Person
2522650,Horror
2522650,Indie
2522650,Military
2522650,Mystery
2522650,Realistic
2522650,Sandbox
2522650,Sci-fi
2522650,Singleplayer
2522650,Story Rich
2522650,Survival Horror
2522650,Thriller
2522660,2D
2522660,Adventure
2522660,Casual
2522660,Choices Matter
2522660,Choose Your Own Adventure
2522660,Comic Book
2522660,Controller
2522660,Dark
2522660,Hand-drawn
2522660,Horror
2522660,Indie
2522660,Interactive Fiction
2522660,Investigation
2522660,Modern
2522660,Multiple Endings
2522660,Mystery
2522660,Narration
2522660,Singleplayer
2522660,Story Rich
2522660,Visual Novel
2527450,2D
2527450,Anime
2527450,Casual
2527450,Gore
2527450,Horror
2527450,Immersive Sim
2527450,Linear
2527450,Mystery
2527450,Sexual Content
2527450,Singleplayer
2527450,Story Rich
2527450,Thriller
2527450,Violent
2527450,Visual Novel
2528580,1980s
2528580,2D
2528580,Anime
2528580,Free to Play
2528580,Horror
2528580,Indie
2528580,Multiple Endings
2528580,Mystery
2528580,Pixel Graphics
2528580,Puzzle
2528580,Retro
2528580,RPG
2528580,RPGMaker
2528580,Singleplayer
2528580,Story Rich
2528580,Supernatural
2528580,Top-Down
2532430,Action
2532430,Adventure
2532430,Atmospheric
2532430,Crime
2532430,Dark
2532430,Detective
2532430,Emotional
2532430,Exploration
2532430,First-Person
2532430,Horror
2532430,Investigation
2532430,Multiple Endings
2532430,Mystery
2532430,Psychological Horror
2532430,Realistic
2532430,Stealth
2532430,Story Rich
2532430,Supernatural
2532430,Survival Horror
2532430,Thriller
2533180,3D
2533180,3D Platformer
2533180,Adventure
2533180,Atmospheric
2533180,Casual
2533180,Comedy
2533180,Controller
2533180,Cute
2533180,Dog
2533180,Exploration
2533180,First-Person
2533180,Free to Play
2533180,Hidden Object
2533180,Indie
2533180,Mystery
2533180,Relaxing
2533180,Short
2533180,Singleplayer
2533180,Story Rich
2533180,Walking Simulator
2533430,3D
2533430,Action
2533430,Action-Adventure
2533430,Adventure
2533430,Atmospheric
2533430,Dark
2533430,Demons
2533430,Early Access
2533430,Exploration
2533430,Horror
2533430,Mystery
2533430,Psychological
2533430,Psychological Horror
2533430,Puzzle
2533430,PvE
2533430,Realistic
2533430,Sci-fi
2533430,Story Rich
2533430,Survival Horror
2533430,Third Person
2539120,2D
2539120,Anime
2539120,Cartoon
2539120,Cartoony
2539120,Casual
2539120,Choices Matter
2539120,Crime
2539120,Dating Sim
2539120,Detective
2539120,Fantasy
2539120,Hentai
2539120,LGBTQ+
2539120,Multiple Endings
2539120,Mystery
2539120,NSFW
2539120,Sexual Content
2539120,Singleplayer
2539120,Story Rich
2539120,Text-Based
2539120,Visual Novel
2539440,1990's
2539440,3D
2539440,Action
2539440,Atmospheric
2539440,Choices Matter
2539440,Controller
2539440,Dark
2539440,Female Protagonist
2539440,Gothic
2539440,LGBTQ+
2539440,Lore-Rich
2539440,Multiple Endings
2539440,Mystery
2539440,Psychological
2539440,Puzzle
2539440,Stealth
2539440,Story Rich
2539440,Stylized
2539440,Third Person
2539440,Thriller
2541740,3D
2541740,Adventure
2541740,Atmospheric
2541740,Dark
2541740,Early Access
2541740,Escape Room
2541740,Exploration
2541740,First-Person
2541740,Hidden Object
2541740,Indie
2541740,Investigation
2541740,Logic
2541740,Mystery
2541740,Point & Click
2541740,Puzzle
2541740,Singleplayer
2541740,Story Rich
2541740,Thriller
2544030,3D
2544030,Adventure
2544030,Atmospheric
2544030,Choices Matter
2544030,First-Person
2544030,Immersive Sim
2544030,Interactive Fiction
2544030,Multiple Endings
2544030,Mystery
2544030,Noir
2544030,Puzzle
2544030,Singleplayer
2544030,Story Rich
2544030,Strategy
2544110,2D
2544110,Adventure
2544110,Cartoony
2544110,Casual
2544110,Cinematic
2544110,Conspiracy
2544110,Conversation
2544110,Detective
2544110,Exploration
2544110,Family Friendly
2544110,Funny
2544110,Hand-drawn
2544110,Historical
2544110,Investigation
2544110,Mystery
2544110,Narrative
2544110,Point & Click
2544110,Singleplayer
2544110,Story Rich
2544110,Touch-Friendly
2545220,1980s
2545220,2D
2545220,3D
2545220,Action
2545220,Adventure
2545220,Atmospheric
2545220,Dark
2545220,Exploration
2545220,Horror
2545220,Immersive
2545220,Mystery
2545220,Nostalgia
2545220,Old School
2545220,Pixel Graphics
2545220,Puzzle
2545220,Retro
2545220,Side Scroller
2545220,Singleplayer
2545220,Story Rich
2545220,Surreal
2546110,3D
2546110,Adventure
2546110,Casual
2546110,Choices Matter
2546110,Cinematic
2546110,Early Access
2546110,Futuristic
2546110,Interactive Fiction
2546110,Multiple Endings
2546110,Mystery
2546110,NSFW
2546110,Nudity
2546110,Politics
2546110,Romance
2546110,Sci-fi
2546110,Sexual Content
2546110,Singleplayer
2546110,Space
2546110,Story Rich
2546110,Visual Novel
2546640,2D
2546640,Adventure
2546640,Anime
2546640,Choose Your Own Adventure
2546640,Clicker
2546640,Combat
2546640,Conversation
2546640,CRPG
2546640,Cute
2546640,Dating Sim
2546640,Detective
2546640,Drama
2546640,Fantasy
2546640,Hand-drawn
2546640,Mystery
2546640,Relaxing
2546640,Romance
2546640,RPG
2546640,Story Rich
2546640,Visual Novel
2549200,3D
2549200,Adventure
2549200,Casual
2549200,Choices Matter
2549200,Dating Sim
2549200,Early Access
2549200,Hentai
2549200,Horror
2549200,Indie
2549200,Mature
2549200,Mystery
2549200,NSFW
2549200,Nudity
2549200,Realistic
2549200,Romance
2549200,Sexual Content
2549200,Simulation
2549200,Singleplayer
2549200,Story Rich
2549200,Visual Novel
2550240,3D
2550240,Abstract
2550240,Action
2550240,Adventure
2550240,Atmospheric
2550240,Dark
2550240,Dystopian
2550240,Exploration
2550240,First-Person
2550240,Futuristic
2550240,Horror
2550240,Lovecraftian
2550240,Mining
2550240,Mystery
2550240,Post-apocalyptic
2550240,Psychological Horror
2550240,Sci-fi
2550240,Story Rich
2550240,Surreal
2550240,Survival Horror
2552130,3D
2552130,Casual
2552130,Early Access
2552130,Immersive Sim
2552130,Indie
2552130,Interactive Fiction
2552130,Mystery
2552130,Nudity
2552130,Realistic
2552130,Romance
2552130,Sexual Content
2552130,Simulation
2552130,Singleplayer
2552130,Story Rich
2552130,Visual Novel
2553870,3D
2553870,Casual
2553870,Comedy
2553870,Dating Sim
2553870,Detective
2553870,Early Access
2553870,Exploration
2553870,Linear
2553870,Mystery
2553870,NSFW
2553870,Nudity
2553870,Point & Click
2553870,Puzzle
2553870,Romance
2553870,RPG
2553870,Sexual Content
2553870,Story Rich
2553870,Third Person
2553870,Top-Down
2553870,Visual Novel
2553910,Adventure
2553910,Anime
2553910,Atmospheric
2553910,Cartoon
2553910,Casual
2553910,Choices Matter
2553910,Choose Your Own Adventure
2553910,Colorful
2553910,Comedy
2553910,Cute
2553910,Dating Sim
2553910,Drama
2553910,Emotional
2553910,Mystery
2553910,Post-apocalyptic
2553910,Singleplayer
2553910,Story Rich
2553910,Surreal
2553910,Survival
2553910,Visual Novel
2555970,2D
2555970,Anime
2555970,Card Battler
2555970,Card Game
2555970,Cartoon
2555970,Drama
2555970,Early Access
2555970,Lore-Rich
2555970,Multiplayer
2555970,Mystery
2555970,Mythology
2555970,PvP
2555970,RPG
2555970,Singleplayer
2555970,Story Rich
2555970,Strategy
2555970,Strategy RPG
2555970,Turn-Based Combat
2555970,Turn-Based Strategy
2555970,Turn-Based Tactics
2557720,3D
2557720,Adventure
2557720,Atmospheric
2557720,Dark
2557720,Exploration
2557720,First-Person
2557720,Horror
2557720,Indie
2557720,Multiple Endings
2557720,Mystery
2557720,Psychological
2557720,Psychological Horror
2557720,Realistic
2557720,Singleplayer
2557720,Story Rich
2557720,Thriller
2557720,Walking Simulator
2557750,2D
2557750,Casual
2557750,Controller
2557750,Exploration
2557750,Female Protagonist
2557750,Hidden Object
2557750,Life Sim
2557750,Linear
2557750,Mystery
2557750,Puzzle
2557750,Simulation
2557750,Singleplayer
2557750,Story Rich
2557750,Strategy
2558800,1980s
2558800,3D
2558800,Action
2558800,Adventure
2558800,Atmospheric
2558800,Cinematic
2558800,Dark
2558800,First-Person
2558800,FPS
2558800,Horror
2558800,Indie
2558800,Linear
2558800,Mystery
2558800,Psychological Horror
2558800,Realistic
2558800,Singleplayer
2558800,Story Rich
2558800,Supernatural
2558800,Thriller
2558800,Walking Simulator
2559870,3D
2559870,Casual
2559870,Choices Matter
2559870,Choose Your Own Adventure
2559870,Dating Sim
2559870,Drama
2559870,Emotional
2559870,Interactive Fiction
2559870,LGBTQ+
2559870,Magic
2559870,Modern
2559870,Mystery
2559870,Nudity
2559870,Realistic
2559870,Romance
2559870,Sexual Content
2559870,Story Rich
2559870,Superhero
2559870,Supernatural
2559870,Visual Novel
2560680,2D
2560680,Adventure
2560680,Atmospheric
2560680,Casual
2560680,Clicker
2560680,Dark
2560680,Dark Comedy
2560680,Gore
2560680,Hand-drawn
2560680,Hidden Object
2560680,Horror
2560680,Indie
2560680,Mystery
2560680,Point & Click
2560680,Psychological Horror
2560680,Puzzle
2560680,Short
2560680,Singleplayer
2560680,Story Rich
2560680,Surreal
2560870,2D
2560870,Anime
2560870,Card Game
2560870,Choices Matter
2560870,Choose Your Own Adventure
2560870,Crime
2560870,Dark Comedy
2560870,Detective
2560870,Horror
2560870,Interactive Fiction
2560870,Investigation
2560870,Multiple Endings
2560870,Mystery
2560870,Narration
2560870,Story Rich
2560870,Strategy
2560870,Stylized
2560870,Text-Based
2560870,Thriller
2560870,Visual Novel
2562350,3D
2562350,3D Platformer
2562350,Action-Adventure
2562350,Adventure
2562350,Atmospheric
2562350,Casual
2562350,Choose Your Own Adventure
2562350,Comedy
2562350,Cute
2562350,Exploration
2562350,First-Person
2562350,Funny
2562350,Horror
2562350,Indie
2562350,Mystery
2562350,Puzzle
2562350,Singleplayer
2562350,Story Rich
2562350,Violent
2562350,Walking Simulator
2562510,Adventure
2562510,Casual
2562510,Choices Matter
2562510,Choose Your Own Adventure
2562510,Colorful
2562510,Dark Comedy
2562510,Exploration
2562510,Horror
2562510,Immersive Sim
2562510,Memes
2562510,Mystery
2562510,Psychological
2562510,Psychological Horror
2562510,Simulation
2562510,Story Rich
2562510,Survival
2562510,Survival Horror
2562510,Text-Based
2562510,Thriller
2562510,Visual Novel
2564880,2D
2564880,Casual
2564880,Choices Matter
2564880,Colorful
2564880,Cute
2564880,Dating Sim
2564880,Immersive Sim
2564880,Indie
2564880,Interactive Fiction
2564880,Investigation
2564880,Multiple Endings
2564880,Mystery
2564880,Nonlinear
2564880,Pixel Graphics
2564880,Psychological
2564880,Psychological Horror
2564880,Romance
2564880,RPG
2564880,Story Rich
2564880,Visual Novel
2565340,3D
2565340,Adventure
2565340,Casual
2565340,Cinematic
2565340,Co-op
2565340,Colorful
2565340,Exploration
2565340,First-Person
2565340,Hidden Object
2565340,Logic
2565340,Lore-Rich
2565340,Multiplayer
2565340,Mystery
2565340,Online Co-Op
2565340,Psychological
2565340,Puzzle
2565340,Relaxing
2565340,Story Rich
2565340,Strategy
2565340,Tactical
2571240,2D
2571240,2D Platformer
2571240,Atmospheric
2571240,Casual
2571240,Clicker
2571240,Colorful
2571240,Detective
2571240,Female Protagonist
2571240,First-Person
2571240,Hand-drawn
2571240,Indie
2571240,Mystery
2571240,Point & Click
2571240,Psychological
2571240,Puzzle
2571240,Puzzle Platformer
2571240,Singleplayer
2571240,Story Rich
2571240,Stylized
2571880,2D
2571880,Choices Matter
2571880,Dark
2571880,Emotional
2571880,Exploration
2571880,Free to Play
2571880,Horror
2571880,Indie
2571880,Multiple Endings
2571880,Mystery
2571880,Pixel Graphics
2571880,Psychological
2571880,Puzzle
2571880,RPG
2571880,Singleplayer
2571880,Story Rich
2571880,Top-Down
2573950,3D
2573950,Casual
2573950,Choices Matter
2573950,Cinematic
2573950,Conversation
2573950,Dating Sim
2573950,Drama
2573950,Fantasy
2573950,Interactive Fiction
2573950,Mature
2573950,Mystery
2573950,NSFW
2573950,Nudity
2573950,Romance
2573950,Sexual Content
2573950,Simulation
2573950,Singleplayer
2573950,Story Rich
2573950,Vampire
2573950,Visual Novel
2576170,2D
2576170,Adventure
2576170,Atmospheric
2576170,Colorful
2576170,Drama
2576170,Exploration
2576170,Gore
2576170,Hand-drawn
2576170,Indie
2576170,Interactive Fiction
2576170,Multiple Endings
2576170,Mystery
2576170,Nonlinear
2576170,Psychological Horror
2576170,RPG
2576170,Singleplayer
2576170,Story Rich
2576170,Survival Horror
2576170,Visual Novel
2576170,Word Game
2577550,2D
2577550,Assassin
2577550,Atmospheric
2577550,Blood
2577550,Casual
2577550,Gore
2577550,Hidden Object
2577550,Horror
2577550,Indie
2577550,Interactive Fiction
2577550,Linear
2577550,Multiple Endings
2577550,Mystery
2577550,Pixel Graphics
2577550,Psychological Horror
2577550,Puzzle
2577550,RPG
2577550,Singleplayer
2577550,Story Rich
2577550,Violent
2579280,2D
2579280,Adventure
2579280,Atmospheric
2579280,Crime
2579280,Detective
2579280,Drama
2579280,Exploration
2579280,Horror
2579280,Indie
2579280,Mystery
2579280,Puzzle
2579280,RPG
2579280,Singleplayer
2579280,Story Rich
2579280,Visual Novel
2587770,3D
2587770,Adventure
2587770,Atmospheric
2587770,Dark
2587770,Emotional
2587770,Exploration
2587770,First-Person
2587770,Horror
2587770,Immersive
2587770,Indie
2587770,Linear
2587770,Multiplayer
2587770,Mystery
2587770,Psychological
2587770,Psychological Horror
2587770,Realistic
2587770,Short
2587770,Story Rich
2587770,Thriller
2587770,Walking Simulator
2588580,Action-Adventure
2588580,Adventure
2588580,Anime
2588580,Arcade
2588580,Combat
2588580,Dungeon Crawler
2588580,Fantasy
2588580,Hentai
2588580,Horror
2588580,JRPG
2588580,Mature
2588580,Mystery
2588580,NSFW
2588580,Pixel Graphics
2588580,Puzzle
2588580,RPG
2588580,Shooter
2588580,Singleplayer
2588580,Story Rich
2588580,Top-Down Shooter
2590220,Action-Adventure
2590220,Adventure
2590220,Atmospheric
2590220,Cinematic
2590220,Dark
2590220,Dark Fantasy
2590220,Exploration
2590220,Fantasy
2590220,Hidden Object
2590220,Horror
2590220,Lore-Rich
2590220,Magic
2590220,Mystery
2590220,Puzzle
2590220,Singleplayer
2590220,Story Rich
2590220,Stylized
2590220,Supernatural
2590220,Survival Horror
2590220,Time Management
2592040,Board Game
2592040,Cartoony
2592040,Casual
2592040,Cats
2592040,Colorful
2592040,Cute
2592040,Dark Fantasy
2592040,Emotional
2592040,Fantasy
2592040,Hidden Object
2592040,Horror
2592040,Magic
2592040,Mystery
2592040,Point & Click
2592040,Puzzle
2592040,Relaxing
2592040,Story Rich
2592040,Tabletop
2592040,Thriller
2592040,Vampire
2593370,Adventure
2593370,Anime
2593370,Casual
2593370,Cooking
2593370,Cute
2593370,Dark
2593370,Dating Sim
2593370,Drama
2593370,Historical
2593370,Interactive Fiction
2593370,Medieval
2593370,Multiple Endings
2593370,Mystery
2593370,Psychological Horror
2593370,Romance
2593370,RPG
2593370,Singleplayer
2593370,Story Rich
2593370,Visual Novel
2593370,Word Game
2596800,2D
2596800,Adventure
2596800,Anime
2596800,Casual
2596800,Colorful
2596800,Dark
2596800,Detective
2596800,Free to Play
2596800,Horror
2596800,Indie
2596800,Interactive Fiction
2596800,Multiple Endings
2596800,Mystery
2596800,Psychological Horror
2596800,Romance
2596800,Simulation
2596800,Singleplayer
2596800,Story Rich
2596800,Text-Based
2596800,Visual Novel
2602120,Action
2602120,Action-Adventure
2602120,Adventure
2602120,Atmospheric
2602120,Dark
2602120,Early Access
2602120,First-Person
2602120,FPS
2602120,Horror
2602120,Immersive
2602120,Indie
2602120,Lore-Rich
2602120,Mystery
2602120,Parkour
2602120,Psychological Horror
2602120,Singleplayer
2602120,Story Rich
2602120,Supernatural
2602120,Survival Horror
2602120,Thriller
2603260,3D
2603260,Adventure
2603260,Casual
2603260,Dark
2603260,First-Person
2603260,Horror
2603260,Immersive Sim
2603260,Investigation
2603260,Mystery
2603260,Point & Click
2603260,Psychological
2603260,Psychological Horror
2603260,Realistic
2603260,Simulation
2603260,Singleplayer
2603260,Story Rich
2603260,Survival
2603260,Survival Horror
2604410,2D
2604410,2D Platformer
2604410,Adventure
2604410,Atmospheric
2604410,Casual
2604410,Cinematic
2604410,Drama
2604410,First-Person
2604410,Horror
2604410,Interactive Fiction
2604410,Lore-Rich
2604410,Mystery
2604410,Psychological Horror
2604410,Puzzle
2604410,Retro
2604410,RPG
2604410,Singleplayer
2604410,Story Rich
2604410,Thriller
2604410,Word Game
2604580,2D
2604580,3D
2604580,3D Platformer
2604580,Adventure
2604580,Atmospheric
2604580,Casual
2604580,Cinematic
2604580,Demons
2604580,Detective
2604580,Exploration
2604580,Female Protagonist
2604580,Horror
2604580,Indie
2604580,Loot
2604580,Mystery
2604580,Psychological
2604580,Psychological Horror
2604580,Puzzle
2604580,Singleplayer
2604580,Story Rich
2608440,Adventure
2608440,Anime
2608440,Atmospheric
2608440,Casual
2608440,Choices Matter
2608440,Dark
2608440,Dating Sim
2608440,Detective
2608440,Hack and Slash
2608440,Horror
2608440,Multiple Endings
2608440,Mystery
2608440,Psychological Horror
2608440,Romance
2608440,Simulation
2608440,Singleplayer
2608440,Story Rich
2608440,Thriller
2608440,Violent
2608440,Visual Novel
2613800,2D
2613800,Adventure
2613800,Casual
2613800,Choices Matter
2613800,Cozy
2613800,Cute
2613800,Family Friendly
2613800,Female Protagonist
2613800,Indie
2613800,Management
2613800,Multiple Endings
2613800,Mystery
2613800,Pixel Graphics
2613800,Point & Click
2613800,Relaxing
2613800,RPGMaker
2613800,Simulation
2613800,Singleplayer
2613800,Story Rich
2614070,2D
2614070,Adventure
2614070,Anime
2614070,Atmospheric
2614070,Casual
2614070,Choices Matter
2614070,Choose Your Own Adventure
2614070,Colorful
2614070,Comedy
2614070,Cute
2614070,Dark Humor
2614070,Emotional
2614070,Multiple Endings
2614070,Mystery
2614070,Romance
2614070,Sexual Content
2614070,Singleplayer
2614070,Story Rich
2614070,Survival
2614070,Visual Novel
2614800,Adventure
2614800,Casual
2614800,Dark Humor
2614800,Emotional
2614800,Exploration
2614800,First-Person
2614800,Funny
2614800,Investigation
2614800,Mystery
2614800,Nature
2614800,Point & Click
2614800,Psychological
2614800,Puzzle
2614800,Realistic
2614800,Simulation
2614800,Singleplayer
2614800,Story Rich
2614800,Thriller
2614800,Visual Novel
2614800,Walking Simulator
2615810,1990's
2615810,2D
2615810,Adventure
2615810,Cartoony
2615810,Choices Matter
2615810,Colorful
2615810,Comedy
2615810,Conspiracy
2615810,Drama
2615810,Indie
2615810,Modern
2615810,Multiple Endings
2615810,Mystery
2615810,Psychological
2615810,Science
2615810,Singleplayer
2615810,Story Rich
2615810,Supernatural
2615810,Surreal
2615810,Visual Novel
2618920,3D
2618920,Adventure
2618920,Escape Room
2618920,First-Person
2618920,Horror
2618920,Indie
2618920,Mystery
2618920,Noir
2618920,Point & Click
2618920,Puzzle
2618920,Singleplayer
2618920,Story Rich
2618920,Surreal
2620940,Adventure
2620940,Aliens
2620940,Anime
2620940,Atmospheric
2620940,Comedy
2620940,Cyberpunk
2620940,Dating Sim
2620940,Detective
2620940,Hand-drawn
2620940,Lore-Rich
2620940,Multiple Endings
2620940,Mystery
2620940,Narration
2620940,Nonlinear
2620940,Romance
2620940,Sci-fi
2620940,Space
2620940,Story Rich
2620940,Transhumanism
2620940,Visual Novel
2621950,2D
2621950,Adventure
2621950,Anime
2621950,Atmospheric
2621950,Dark
2621950,Detective
2621950,Female Protagonist
2621950,Free to Play
2621950,Horror
2621950,Investigation
2621950,Linear
2621950,Logic
2621950,Modern
2621950,Mystery
2621950,Psychological Horror
2621950,Short
2621950,Singleplayer
2621950,Story Rich
2621950,Supernatural
2621950,Visual Novel
2622260,Adventure
2622260,Choices Matter
2622260,Choose Your Own Adventure
2622260,Cute
2622260,Drama
2622260,Emotional
2622260,Exploration
2622260,Female Protagonist
2622260,Hand-drawn
2622260,JRPG
2622260,Multiple Endings
2622260,Mystery
2622260,Point & Click
2622260,Remake
2622260,Retro
2622260,Singleplayer
2622260,Story Rich
2622260,Text-Based
2622260,Visual Novel
2622260,Well-Written
2623730,Abstract
2623730,Adventure
2623730,Atmospheric
2623730,Casual
2623730,Choose Your Own Adventure
2623730,Clicker
2623730,Dark
2623730,Drama
2623730,Emotional
2623730,Interactive Fiction
2623730,Minimalist
2623730,Multiple Endings
2623730,Mystery
2623730,Narration
2623730,Pixel Graphics
2623730,Point & Click
2623730,Psychological
2623730,Story Rich
2623730,Text-Based
2623730,Visual Novel
2625430,1980s
2625430,3D
2625430,Action
2625430,Action-Adventure
2625430,Adventure
2625430,Cinematic
2625430,Dark
2625430,Escape Room
2625430,Horror
2625430,Immersive
2625430,Multiplayer
2625430,Mystery
2625430,Physics
2625430,Psychological
2625430,Singleplayer
2625430,Stealth
2625430,Story Rich
2625430,Survival Horror
2625430,Violent
2625430,VR
2627270,Adventure
2627270,Choices Matter
2627270,Drama
2627270,Exploration
2627270,Female Protagonist
2627270,First-Person
2627270,Gore
2627270,Indie
2627270,Multiple Endings
2627270,Mystery
2627270,Psychological Horror
2627270,Puzzle
2627270,Singleplayer
2627270,Story Rich
2627270,Violent
2628600,3D Platformer
2628600,Action
2628600,Action RPG
2628600,Conversation
2628600,CRPG
2628600,Detective
2628600,Exploration
2628600,God Game
2628600,Indie
2628600,Minimalist
2628600,Mystery
2628600,RPG
2628600,Singleplayer
2628600,Story Rich
2628600,Text-Based
2628600,Third Person
2628600,Top-Down
2628600,Word Game
2629370,3D
2629370,Action
2629370,Action-Adventure
2629370,Adventure
2629370,Atmospheric
2629370,Dark
2629370,Early Access
2629370,Exploration
2629370,First-Person
2629370,Horror
2629370,Linear
2629370,Logic
2629370,Mystery
2629370,Narration
2629370,Psychological Horror
2629370,Puzzle
2629370,Realistic
2629370,Story Rich
2629370,Survival
2629370,Walking Simulator
2629650,2D
2629650,Adventure
2629650,Cartoony
2629650,Casual
2629650,Choices Matter
2629650,Colorful
2629650,Comedy
2629650,Comic Book
2629650,Cute
2629650,Detective
2629650,Family Friendly
2629650,Female Protagonist
2629650,Funny
2629650,Interactive Fiction
2629650,Investigation
2629650,Mystery
2629650,Point & Click
2629650,Singleplayer
2629650,Story Rich
2629650,Visual Novel
2632720,3D
2632720,Cartoony
2632720,Dark Humor
2632720,First-Person
2632720,Football (American)
2632720,Funny
2632720,Hack and Slash
2632720,Horror
2632720,Linear
2632720,Lore-Rich
2632720,Mystery
2632720,Platformer
2632720,Psychological
2632720,Psychological Horror
2632720,Puzzle
2632720,Simulation
2632720,Singleplayer
2632720,Sports
2632720,Story Rich
2632720,Survival Horror
2634470,1980s
2634470,3D
2634470,Action
2634470,Action-Adventure
2634470,Adventure
2634470,Combat
2634470,Dark Fantasy
2634470,Exploration
2634470,First-Person
2634470,FPS
2634470,Horror
2634470,Multiple Endings
2634470,Mystery
2634470,Old School
2634470,Pixel Graphics
2634470,Psychological Horror
2634470,Retro
2634470,Story Rich
2634470,Survival Horror
2634470,Violent
2636310,2D
2636310,Atmospheric
2636310,Colorful
2636310,Conversation
2636310,Emotional
2636310,Exploration
2636310,Historical
2636310,Investigation
2636310,Multiple Endings
2636310,Mystery
2636310,Narration
2636310,Open World
2636310,Pixel Graphics
2636310,Psychological Horror
2636310,Sailing
2636310,Snow
2636310,Story Rich
2636310,Surreal
2636310,Top-Down
2636310,Walking Simulator
2636320,Anime
2636320,Cartoon
2636320,Cartoony
2636320,Crime
2636320,Detective
2636320,Drama
2636320,Exploration
2636320,Female Protagonist
2636320,Interactive Fiction
2636320,Investigation
2636320,LGBTQ+
2636320,Mystery
2636320,Puzzle
2636320,RPG
2636320,Singleplayer
2636320,Story Rich
2636320,Strategy
2636320,Stylized
2636320,Text-Based
2636320,Visual Novel
2636340,2D
2636340,Adventure
2636340,Atmospheric
2636340,Casual
2636340,Dark
2636340,Hidden Object
2636340,Horror
2636340,Indie
2636340,Investigation
2636340,Logic
2636340,Mystery
2636340,Point & Click
2636340,Psychological
2636340,Psychological Horror
2636340,Puzzle
2636340,Replay Value
2636340,Singleplayer
2636340,Story Rich
2636340,Survival Horror
2636670,3D
2636670,3D Platformer
2636670,Adventure
2636670,Cartoony
2636670,Character Customization
2636670,Choices Matter
2636670,Colorful
2636670,Controller
2636670,Fantasy
2636670,Hidden Object
2636670,Indie
2636670,Interactive Fiction
2636670,Multiple Endings
2636670,Mystery
2636670,Noir
2636670,Platformer
2636670,Singleplayer
2636670,Story Rich
2636670,Third Person
2636670,Visual Novel
2637990,2.5D
2637990,Adventure
2637990,Birds
2637990,Casual
2637990,Comedy
2637990,Cozy
2637990,Cute
2637990,Detective
2637990,Funny
2637990,Indie
2637990,Interactive Fiction
2637990,Investigation
2637990,Isometric
2637990,Mystery
2637990,Noir
2637990,Point & Click
2637990,Puzzle
2637990,Short
2637990,Singleplayer
2637990,Story Rich
2643930,3D
2643930,Action
2643930,Adventure
2643930,Atmospheric
2643930,Cinematic
2643930,Conspiracy
2643930,Conversation
2643930,Dark
2643930,Emotional
2643930,Exploration
2643930,First-Person
2643930,Horror
2643930,Interactive Fiction
2643930,Mystery
2643930,Psychological Horror
2643930,Realistic
2643930,Retro
2643930,Simulation
2643930,Story Rich
2643930,Walking Simulator
2644520,3D
2644520,Adventure
2644520,Atmospheric
2644520,Choices Matter
2644520,Colorful
2644520,Comedy
2644520,Drama
2644520,Exploration
2644520,First-Person
2644520,Horror
2644520,Indie
2644520,Linear
2644520,Mature
2644520,Mystery
2644520,Short
2644520,Singleplayer
2644520,Soundtrack
2644520,Story Rich
2644520,Thriller
2644520,Walking Simulator
2644840,2D
2644840,2D Platformer
2644840,Adventure
2644840,Anime
2644840,Atmospheric
2644840,Casual
2644840,Choose Your Own Adventure
2644840,Cute
2644840,Dark
2644840,Gore
2644840,Horror
2644840,Multiple Endings
2644840,Mystery
2644840,Psychological
2644840,Psychological Horror
2644840,Singleplayer
2644840,Story Rich
2644840,Violent
2644840,Visual Novel
2648640,2D
2648640,Adventure
2648640,Anime
2648640,Casual
2648640,Choose Your Own Adventure
2648640,Colorful
2648640,Comedy
2648640,Conversation
2648640,Cute
2648640,Dating Sim
2648640,Drama
2648640,Emotional
2648640,Fantasy
2648640,Indie
2648640,Multiple Endings
2648640,Mystery
2648640,Singleplayer
2648640,Story Rich
2648640,Text-Based
2648640,Visual Novel
2649170,3D
2649170,Adventure
2649170,Collectathon
2649170,Dark Fantasy
2649170,Detective
2649170,Exploration
2649170,Hidden Object
2649170,Interactive Fiction
2649170,Isometric
2649170,Linear
2649170,Management
2649170,Mystery
2649170,Open World
2649170,Puzzle
2649170,Sci-fi
2649170,Singleplayer
2649170,Story Rich
2649170,Strategy
2649170,Third Person
2649170,Visual Novel
2653340,Action
2653340,Adventure
2653340,Artificial Intelligence
2653340,Atmospheric
2653340,Emotional
2653340,Exploration
2653340,First-Person
2653340,Horror
2653340,Investigation
2653340,Mystery
2653340,Open World
2653340,Platformer
2653340,Psychological Horror
2653340,Puzzle Platformer
2653340,PvE
2653340,Realistic
2653340,Singleplayer
2653340,Stealth
2653340,Story Rich
2653340,Survival Horror
2658770,1990's
2658770,2D
2658770,Adventure
2658770,Colorful
2658770,Detective
2658770,Hand-drawn
2658770,Hidden Object
2658770,Horror
2658770,Interactive Fiction
2658770,Investigation
2658770,Lovecraftian
2658770,Mystery
2658770,Narration
2658770,Old School
2658770,Point & Click
2658770,Puzzle
2658770,Retro
2658770,Singleplayer
2658770,Story Rich
2658770,Supernatural
2658920,1980s
2658920,Adventure
2658920,Anime
2658920,Cartoon
2658920,Cartoony
2658920,Crime
2658920,Dark Fantasy
2658920,Detective
2658920,Emotional
2658920,Exploration
2658920,Gothic
2658920,Investigation
2658920,Lore-Rich
2658920,Management
2658920,Mystery
2658920,Noir
2658920,Puzzle
2658920,Story Rich
2658920,Text-Based
2658920,Visual Novel
2659150,3D
2659150,Adventure
2659150,Atmospheric
2659150,First-Person
2659150,Horror
2659150,Indie
2659150,Interactive Fiction
2659150,Mystery
2659150,Point & Click
2659150,Psychological Horror
2659150,Puzzle
2659150,Retro
2659150,Sci-fi
2659150,Simulation
2659150,Singleplayer
2659150,Space
2659150,Story Rich
2659150,Text-Based
2659150,Thriller
2659650,Adventure
2659650,Casual
2659650,Choices Matter
2659650,Crime
2659650,Detective
2659650,Drama
2659650,Dynamic Narration
2659650,First-Person
2659650,FMV
2659650,Immersive Sim
2659650,Indie
2659650,Interactive Fiction
2659650,Investigation
2659650,Multiple Endings
2659650,Mystery
2659650,Realistic
2659650,Simulation
2659650,Singleplayer
2659650,Story Rich
2666080,3D
2666080,Adventure
2666080,Atmospheric
2666080,Cinematic
2666080,Dark
2666080,Detective
2666080,Exploration
2666080,First-Person
2666080,Hidden Object
2666080,Horror
2666080,Investigation
2666080,Mystery
2666080,Psychological Horror
2666080,Puzzle
2666080,Realistic
2666080,Simulation
2666080,Singleplayer
2666080,Story Rich
2666080,Thriller
2666080,Walking Simulator
2666390,Action-Adventure
2666390,Atmospheric
2666390,Combat
2666390,Controller
2666390,Dark
2666390,Demons
2666390,Difficult
2666390,Exploration
2666390,First-Person
2666390,Horror
2666390,Indie
2666390,Investigation
2666390,Mystery
2666390,Psychological
2666390,Psychological Horror
2666390,Realistic
2666390,Singleplayer
2666390,Story Rich
2666390,Supernatural
2666390,Thriller
2667690,2D
2667690,Anime
2667690,Cartoony
2667690,Choices Matter
2667690,Cute
2667690,Detective
2667690,Fantasy
2667690,Interactive Fiction
2667690,Investigation
2667690,Logic
2667690,Multiple Endings
2667690,Mystery
2667690,Nonlinear
2667690,Pixel Graphics
2667690,Programming
2667690,Psychological Horror
2667690,Puzzle
2667690,Story Rich
2667690,Time Travel
2667690,Top-Down
2670920,2D
2670920,Adventure
2670920,Casual
2670920,Choices Matter
2670920,Choose Your Own Adventure
2670920,Comedy
2670920,Cute
2670920,Detective
2670920,Funny
2670920,Investigation
2670920,LGBTQ+
2670920,Multiple Endings
2670920,Mystery
2670920,Pixel Graphics
2670920,Point & Click
2670920,Quick-Time Events
2670920,Romance
2670920,Singleplayer
2670920,Story Rich
2670920,Visual Novel
2672060,Adventure
2672060,Anime
2672060,Choices Matter
2672060,Detective
2672060,Drama
2672060,Emotional
2672060,Exploration
2672060,Horror
2672060,Indie
2672060,Multiple Endings
2672060,Mystery
2672060,Psychological Horror
2672060,Puzzle
2672060,RPG
2672060,Side Scroller
2672060,Simulation
2672060,Story Rich
2672060,Text-Based
2672060,Thriller
2672060,Visual Novel
2674270,2D
2674270,Adventure
2674270,Anime
2674270,Atmospheric
2674270,Dark
2674270,Early Access
2674270,Free to Play
2674270,Funny
2674270,Indie
2674270,JRPG
2674270,Mystery
2674270,Party-Based RPG
2674270,Pixel Graphics
2674270,Psychological Horror
2674270,RPG
2674270,RPGMaker
2674270,Singleplayer
2674270,Story Rich
2674270,Turn-Based Combat
2674270,Violent
2675270,2.5D
2675270,Adventure
2675270,Anime
2675270,Dark Humor
2675270,Drama
2675270,Exploration
2675270,Female Protagonist
2675270,Horror
2675270,Indie
2675270,Interactive Fiction
2675270,LGBTQ+
2675270,Lovecraftian
2675270,Mystery
2675270,Pixel Graphics
2675270,RPG
2675270,RPGMaker
2675270,Singleplayer
2675270,Story Rich
2675270,Supernatural
2675270,Visual Novel
2679650,Adventure
2679650,Atmospheric
2679650,Comic Book
2679650,Dark Humor
2679650,Emotional
2679650,Exploration
2679650,Female Protagonist
2679650,First-Person
2679650,Indie
2679650,Mystery
2679650,Narration
2679650,Narrative
2679650,Point & Click
2679650,Psychological
2679650,Science
2679650,Short
2679650,Singleplayer
2679650,Soundtrack
2679650,Story Rich
2679650,Walking Simulator
2684130,3D
2684130,Adventure
2684130,Atmospheric
2684130,Fantasy
2684130,First-Person
2684130,FPS
2684130,Free to Play
2684130,Linear
2684130,Mystery
2684130,Physics
2684130,Puzzle
2684130,Realistic
2684130,RPG
2684130,Singleplayer
2684130,Story Rich
2684130,Surreal
2686330,1980s
2686330,1990's
2686330,3D
2686330,Adventure
2686330,Atmospheric
2686330,Choices Matter
2686330,Early Access
2686330,Exploration
2686330,First-Person
2686330,Horror
2686330,Immersive Sim
2686330,Linear
2686330,Mystery
2686330,Psychological
2686330,Psychological Horror
2686330,Realistic
2686330,Singleplayer
2686330,Story Rich
2686330,Survival Horror
2686330,Walking Simulator
2688140,3D
2688140,3D Platformer
2688140,Action
2688140,Adventure
2688140,Arcade
2688140,Atmospheric
2688140,Demons
2688140,Drama
2688140,Exploration
2688140,First-Person
2688140,Horror
2688140,Investigation
2688140,Linear
2688140,Mystery
2688140,Narration
2688140,PvE
2688140,Sci-fi
2688140,Shooter
2688140,Story Rich
2688140,Survival
2693060,3D
2693060,Action
2693060,Action-Adventure
2693060,Adventure
2693060,Atmospheric
2693060,Cartoony
2693060,Casual
2693060,Dark
2693060,First-Person
2693060,Horror
2693060,Lore-Rich
2693060,Mystery
2693060,Psychological Horror
2693060,Puzzle
2693060,Singleplayer
2693060,Story Rich
2693060,Surreal
2693060,Survival Horror
2693060,Thriller
2693060,Walking Simulator
2693340,3D
2693340,3D Platformer
2693340,Action
2693340,Action-Adventure
2693340,Adventure
2693340,Dark
2693340,Exploration
2693340,Female Protagonist
2693340,Mystery
2693340,Realistic
2693340,Singleplayer
2693340,Story Rich
2693340,Surreal
2693340,Survival
2693340,Third Person
2693340,Third-Person Shooter
2700240,3D
2700240,Action
2700240,Action-Adventure
2700240,Alternate History
2700240,Atmospheric
2700240,Choices Matter
2700240,Drama
2700240,Exploration
2700240,First-Person
2700240,Hidden Object
2700240,Horror
2700240,Immersive Sim
2700240,Logic
2700240,Mystery
2700240,Psychological
2700240,Psychological Horror
2700240,Realistic
2700240,Story Rich
2700240,Strategy
2700240,Thriller
2706900,2D
2706900,Adventure
2706900,Atmospheric
2706900,Colorful
2706900,Drama
2706900,Exploration
2706900,Gore
2706900,Hand-drawn
2706900,Indie
2706900,Interactive Fiction
2706900,Multiple Endings
2706900,Mystery
2706900,Nonlinear
2706900,Psychological Horror
2706900,RPG
2706900,Singleplayer
2706900,Story Rich
2706900,Survival Horror
2706900,Visual Novel
2706900,Word Game
2707040,2D
2707040,Abstract
2707040,Adventure
2707040,Atmospheric
2707040,Choices Matter
2707040,Dark
2707040,Detective
2707040,Exploration
2707040,Free to Play
2707040,Horror
2707040,Indie
2707040,Multiple Endings
2707040,Mystery
2707040,Noir
2707040,Point & Click
2707040,Psychological Horror
2707040,Side Scroller
2707040,Singleplayer
2707040,Story Rich
2707040,Visual Novel
2707090,Adventure
2707090,Atmospheric
2707090,Dark
2707090,Demons
2707090,Exploration
2707090,First-Person
2707090,Horror
2707090,Mystery
2707090,Mystery Dungeon
2707090,Narration
2707090,Psychological Horror
2707090,Puzzle
2707090,PvE
2707090,Realistic
2707090,Singleplayer
2707090,Story Rich
2707090,Supernatural
2707090,Surreal
2707090,Thriller
2707090,Underground
2710580,1990's
2710580,3D
2710580,Adventure
2710580,Atmospheric
2710580,Choices Matter
2710580,Dark
2710580,Exploration
2710580,First-Person
2710580,FPS
2710580,Horror
2710580,Linear
2710580,Mystery
2710580,Pixel Graphics
2710580,Psychological
2710580,Psychological Horror
2710580,Puzzle
2710580,PvE
2710580,Stealth
2710580,Story Rich
2710580,Survival
2714170,2D
2714170,Casual
2714170,Choices Matter
2714170,Choose Your Own Adventure
2714170,Comedy
2714170,Conversation
2714170,Funny
2714170,Hentai
2714170,Mature
2714170,Mystery
2714170,NSFW
2714170,Nudity
2714170,Realistic
2714170,Relaxing
2714170,Replay Value
2714170,Romance
2714170,Sexual Content
2714170,Singleplayer
2714170,Story Rich
2714170,Visual Novel
2719950,3D
2719950,Adventure
2719950,Aliens
2719950,Atmospheric
2719950,Exploration
2719950,First-Person
2719950,Immersive Sim
2719950,Linear
2719950,Minimalist
2719950,Multiple Endings
2719950,Mystery
2719950,Narration
2719950,Noir
2719950,Psychological
2719950,Psychological Horror
2719950,Sci-fi
2719950,Singleplayer
2719950,Story Rich
2719950,Supernatural
2719950,Walking Simulator
2720950,3D
2720950,Action-Adventure
2720950,Adventure
2720950,Atmospheric
2720950,Casual
2720950,Choices Matter
2720950,Cinematic
2720950,Dark
2720950,Exploration
2720950,Farming Sim
2720950,First-Person
2720950,Horror
2720950,Indie
2720950,Investigation
2720950,Multiple Endings
2720950,Mystery
2720950,Psychological Horror
2720950,Simulation
2720950,Singleplayer
2720950,Story Rich
2727470,1990's
2727470,2D
2727470,Adventure
2727470,Atmospheric
2727470,Clicker
2727470,Colorful
2727470,Detective
2727470,Emotional
2727470,Exploration
2727470,Hidden Object
2727470,Immersive Sim
2727470,Interactive Fiction
2727470,Logic
2727470,Mystery
2727470,Point & Click
2727470,Puzzle
2727470,Simulation
2727470,Singleplayer
2727470,Story Rich
2727470,Stylized
2734450,2D
2734450,Adventure
2734450,Anime
2734450,Atmospheric
2734450,Choices Matter
2734450,Choose Your Own Adventure
2734450,Dating Sim
2734450,Drama
2734450,Female Protagonist
2734450,Gore
2734450,Indie
2734450,Multiple Endings
2734450,Mystery
2734450,Otome
2734450,Psychological Horror
2734450,Simulation
2734450,Singleplayer
2734450,Story Rich
2734450,Thriller
2734450,Visual Novel
2734920,2D
2734920,Adventure
2734920,Anime
2734920,Assassin
2734920,Casual
2734920,Choices Matter
2734920,Comedy
2734920,Conversation
2734920,Cute
2734920,Dark Comedy
2734920,Dating Sim
2734920,Hand-drawn
2734920,Interactive Fiction
2734920,Multiple Endings
2734920,Mystery
2734920,Point & Click
2734920,Puzzle
2734920,Romance
2734920,Story Rich
2734920,Visual Novel
2736020,Adventure
2736020,Atmospheric
2736020,Dark
2736020,Demons
2736020,Exploration
2736020,First-Person
2736020,Horror
2736020,Indie
2736020,Linear
2736020,Mystery
2736020,Psychedelic
2736020,Psychological Horror
2736020,Realistic
2736020,Sexual Content
2736020,Simulation
2736020,Singleplayer
2736020,Story Rich
2736020,Supernatural
2736020,Thriller
2736020,Walking Simulator
2737580,1980s
2737580,1990's
2737580,2D
2737580,Action
2737580,Atmospheric
2737580,Dark
2737580,Free to Play
2737580,Horror
2737580,Indie
2737580,Interactive Fiction
2737580,Linear
2737580,Mystery
2737580,Psychological Horror
2737580,Singleplayer
2737580,Story Rich
2737580,Text-Based
2738890,Action-Adventure
2738890,Adventure
2738890,Atmospheric
2738890,Colorful
2738890,Emotional
2738890,Exploration
2738890,First-Person
2738890,FPS
2738890,Hand-drawn
2738890,Hidden Object
2738890,Horror
2738890,Immersive Sim
2738890,Logic
2738890,Mystery
2738890,Puzzle
2738890,Simulation
2738890,Story Rich
2738890,Stylized
2738890,Survival
2738890,Survival Horror
2741260,Anime
2741260,Casual
2741260,Choices Matter
2741260,Colorful
2741260,Cute
2741260,Dark
2741260,Demons
2741260,Drama
2741260,Emotional
2741260,Fantasy
2741260,Multiple Endings
2741260,Mystery
2741260,Psychological
2741260,Romance
2741260,Singleplayer
2741260,Story Rich
2741260,Vampire
2741260,Visual Novel
2741620,3D
2741620,Adventure
2741620,Atmospheric
2741620,Choices Matter
2741620,Cinematic
2741620,Dark
2741620,First-Person
2741620,Funny
2741620,Horror
2741620,Linear
2741620,Multiple Endings
2741620,Mystery
2741620,Point & Click
2741620,Psychological Horror
2741620,Puzzle
2741620,Singleplayer
2741620,Story Rich
2741620,Stylized
2741620,Survival Horror
2741620,Thriller
2742250,2D
2742250,Casual
2742250,Colorful
2742250,Detective
2742250,Drama
2742250,Emotional
2742250,Exploration
2742250,Historical
2742250,Immersive Sim
2742250,Interactive Fiction
2742250,Multiple Endings
2742250,Mystery
2742250,Puzzle
2742250,Puzzle Platformer
2742250,Romance
2742250,Singleplayer
2742250,Story Rich
2742250,Text-Based
2742250,Visual Novel
2742250,Word Game
2742620,2D
2742620,Adventure
2742620,Anime
2742620,Cats
2742620,Cute
2742620,Escape Room
2742620,Hand-drawn
2742620,Horror
2742620,Horses
2742620,Indie
2742620,LGBTQ+
2742620,Logic
2742620,Multiple Endings
2742620,Mystery
2742620,Puzzle
2742620,Romance
2742620,Singleplayer
2742620,Story Rich
2742620,Text-Based
2742620,Visual Novel
2758260,2D
2758260,Adventure
2758260,Alternate History
2758260,Casual
2758260,Choices Matter
2758260,Dating Sim
2758260,Early Access
2758260,Fantasy
2758260,Female Protagonist
2758260,Historical
2758260,Immersive Sim
2758260,Investigation
2758260,Logic
2758260,Mystery
2758260,Otome
2758260,Romance
2758260,Simulation
2758260,Story Rich
2758260,Text-Based
2758260,Visual Novel
2760650,Adventure
2760650,Atmospheric
2760650,Choices Matter
2760650,Dark
2760650,Detective
2760650,Early Access
2760650,Exploration
2760650,Funny
2760650,Indie
2760650,Isometric
2760650,Mystery
2760650,Noir
2760650,Pixel Graphics
2760650,Point & Click
2760650,Psychological
2760650,Puzzle
2760650,RPG
2760650,Singleplayer
2760650,Story Rich
2760650,Visual Novel
2762230,1980s
2762230,2D
2762230,Adventure
2762230,Atmospheric
2762230,Casual
2762230,Cinematic
2762230,Exploration
2762230,First-Person
2762230,Free to Play
2762230,Hidden Object
2762230,Indie
2762230,Inventory Management
2762230,Mystery
2762230,Nature
2762230,Point & Click
2762230,Puzzle
2762230,Realistic
2762230,Singleplayer
2762230,Story Rich
2762230,Thriller
2764050,3D
2764050,Action-Adventure
2764050,Atmospheric
2764050,Co-op
2764050,Dark
2764050,Detective
2764050,Drama
2764050,Early Access
2764050,Exploration
2764050,First-Person
2764050,Hidden Object
2764050,Horror
2764050,Investigation
2764050,Multiple Endings
2764050,Mystery
2764050,Online Co-Op
2764050,Psychological Horror
2764050,Puzzle
2764050,Singleplayer
2764050,Story Rich
2767990,2D
2767990,Adventure
2767990,Choices Matter
2767990,Conversation
2767990,Dark
2767990,Exploration
2767990,Hand-drawn
2767990,Horror
2767990,Indie
2767990,Interactive Fiction
2767990,Investigation
2767990,Mystery
2767990,Nonlinear
2767990,Point & Click
2767990,Romance
2767990,Singleplayer
2767990,Story Rich
2767990,Thriller
2767990,Visual Novel
2769310,3D
2769310,Action-Adventure
2769310,Adventure
2769310,Atmospheric
2769310,Dark
2769310,Drama
2769310,Dynamic Narration
2769310,Exploration
2769310,First-Person
2769310,Hidden Object
2769310,Horror
2769310,Logic
2769310,Mystery
2769310,Narration
2769310,Point & Click
2769310,Psychological
2769310,Psychological Horror
2769310,Story Rich
2769310,Supernatural
2769310,Thriller
2773230,3D
2773230,3D Platformer
2773230,Atmospheric
2773230,Capitalism
2773230,Detective
2773230,Exploration
2773230,First-Person
2773230,Horror
2773230,Indie
2773230,Linear
2773230,Mystery
2773230,Old School
2773230,Psychological
2773230,Psychological Horror
2773230,Puzzle
2773230,Puzzle Platformer
2773230,RPG
2773230,Singleplayer
2773230,Story Rich
2773230,Walking Simulator
2775690,2.5D
2775690,Atmospheric
2775690,Casual
2775690,Emotional
2775690,Exploration
2775690,Free to Play
2775690,Hand-drawn
2775690,Hidden Object
2775690,Interactive Fiction
2775690,Linear
2775690,Minigames
2775690,Mystery
2775690,Narration
2775690,Psychological
2775690,Psychological Horror
2775690,Puzzle
2775690,Singleplayer
2775690,Story Rich
2775690,Top-Down
2775690,Walking Simulator
2777720,2D
2777720,2D Platformer
2777720,Anime
2777720,Casual
2777720,Cute
2777720,Dark
2777720,Emotional
2777720,Female Protagonist
2777720,Free to Play
2777720,Futuristic
2777720,Horror
2777720,Indie
2777720,Multiple Endings
2777720,Mystery
2777720,Psychological Horror
2777720,Sci-fi
2777720,Singleplayer
2777720,Space
2777720,Story Rich
2777720,Visual Novel
2777780,2D
2777780,3D
2777780,Adventure
2777780,Choose Your Own Adventure
2777780,Dark
2777780,Horror
2777780,Immersive Sim
2777780,Indie
2777780,Interactive Fiction
2777780,Linear
2777780,Mystery
2777780,Narration
2777780,Psychological Horror
2777780,Simulation
2777780,Singleplayer
2777780,Story Rich
2778760,Adventure
2778760,Alternate History
2778760,Atmospheric
2778760,Cold War
2778760,Dystopian
2778760,Exploration
2778760,Inventory Management
2778760,Investigation
2778760,Isometric
2778760,Mystery
2778760,Narrative
2778760,Point & Click
2778760,Resource Management
2778760,RPG
2778760,Sci-fi
2778760,Singleplayer
2778760,Space
2778760,Story Rich
2778760,Text-Based
2778760,Visual Novel
2779230,2D
2779230,Adventure
2779230,Conversation
2779230,Cyberpunk
2779230,Dark
2779230,Detective
2779230,Dystopian
2779230,Female Protagonist
2779230,Futuristic
2779230,Linear
2779230,Lore-Rich
2779230,Lovecraftian
2779230,Mystery
2779230,Narration
2779230,Pixel Graphics
2779230,Point & Click
2779230,Retro
2779230,Sci-fi
2779230,Singleplayer
2779230,Story Rich
2781750,1990's
2781750,2D
2781750,Adventure
2781750,Anime
2781750,Atmospheric
2781750,Casual
2781750,Choose Your Own Adventure
2781750,Cinematic
2781750,Cute
2781750,Dating Sim
2781750,Drama
2781750,Emotional
2781750,FMV
2781750,Interactive Fiction
2781750,Mystery
2781750,Nature
2781750,Relaxing
2781750,Romance
2781750,Story Rich
2781750,Visual Novel
2784980,1980s
2784980,3D
2784980,Action
2784980,Action-Adventure
2784980,Adventure
2784980,Controller
2784980,Dark
2784980,Exploration
2784980,First-Person
2784980,FPS
2784980,Horror
2784980,Lore-Rich
2784980,Military
2784980,Mystery
2784980,Puzzle
2784980,Realistic
2784980,Science
2784980,Singleplayer
2784980,Story Rich
2784980,Time Travel
2789280,2.5D
2789280,3D Platformer
2789280,Adventure
2789280,Atmospheric
2789280,Cinematic
2789280,Controller
2789280,Dark
2789280,Dark Fantasy
2789280,Fantasy
2789280,Free to Play
2789280,Horror
2789280,Mystery
2789280,Platformer
2789280,Puzzle
2789280,Puzzle Platformer
2789280,Singleplayer
2789280,Story Rich
2789280,Strategy
2789280,Stylized
2789280,Surreal
2796550,3D
2796550,Adventure
2796550,Atmospheric
2796550,Cute
2796550,Dark
2796550,Exploration
2796550,Female Protagonist
2796550,Free to Play
2796550,Horror
2796550,Indie
2796550,Mystery
2796550,Psychological Horror
2796550,Retro
2796550,Short
2796550,Singleplayer
2796550,Story Rich
2799040,3D
2799040,Adventure
2799040,Atmospheric
2799040,Exploration
2799040,First-Person
2799040,Indie
2799040,Logic
2799040,Mystery
2799040,Nature
2799040,Nonlinear
2799040,Open World
2799040,Philosophical
2799040,Puzzle
2799040,Puzzle Platformer
2799040,Realistic
2799040,Relaxing
2799040,Rome
2799040,Singleplayer
2799040,Story Rich
2799040,Walking Simulator
2799320,2D
2799320,Adventure
2799320,Anime
2799320,Capitalism
2799320,Dark
2799320,Emotional
2799320,Free to Play
2799320,Futuristic
2799320,Indie
2799320,Interactive Fiction
2799320,LGBTQ+
2799320,Mystery
2799320,Narration
2799320,Philosophical
2799320,Psychological
2799320,Sci-fi
2799320,Singleplayer
2799320,Story Rich
2799320,Visual Novel
2800520,3D
2800520,3D Platformer
2800520,Adventure
2800520,Cartoon
2800520,Casual
2800520,Choices Matter
2800520,Cinematic
2800520,Colorful
2800520,Hentai
2800520,Indie
2800520,Medieval
2800520,Mystery
2800520,Nature
2800520,NSFW
2800520,Nudity
2800520,Sexual Content
2800520,Simulation
2800520,Singleplayer
2800520,Story Rich
2800520,Visual Novel
2803060,Casual
2803060,Dating Sim
2803060,Drama
2803060,Emotional
2803060,FMV
2803060,Funny
2803060,Immersive Sim
2803060,Interactive Fiction
2803060,Multiple Endings
2803060,Mystery
2803060,Romance
2803060,RPG
2803060,Sexual Content
2803060,Simulation
2803060,Singleplayer
2803060,Story Rich
2803660,2D
2803660,Adventure
2803660,Exploration
2803660,Free to Play
2803660,Indie
2803660,Interactive Fiction
2803660,Investigation
2803660,Lore-Rich
2803660,Mystery
2803660,Nature
2803660,Pixel Graphics
2803660,Singleplayer
2803660,Story Rich
2803660,Top-Down
2804540,3D
2804540,Adventure
2804540,Atmospheric
2804540,Choices Matter
2804540,Colorful
2804540,Conversation
2804540,Exploration
2804540,First-Person
2804540,Immersive
2804540,Indie
2804540,Investigation
2804540,Mystery
2804540,Nonlinear
2804540,Singleplayer
2804540,Story Rich
2804540,Stylized
2804540,Walking Simulator
2809510,3D
2809510,Action
2809510,Action-Adventure
2809510,Atmospheric
2809510,Cartoony
2809510,Dark
2809510,Exploration
2809510,First-Person
2809510,Horror
2809510,Inventory Management
2809510,Multiple Endings
2809510,Mystery
2809510,Noir
2809510,Psychological Horror
2809510,Puzzle
2809510,Singleplayer
2809510,Stealth
2809510,Story Rich
2809510,Stylized
2809510,Thriller
2812850,Adventure
2812850,Artificial Intelligence
2812850,Choices Matter
2812850,Dating Sim
2812850,Drama
2812850,Female Protagonist
2812850,First-Person
2812850,FMV
2812850,Immersive Sim
2812850,Interactive Fiction
2812850,Multiple Endings
2812850,Mystery
2812850,NSFW
2812850,Romance
2812850,RPG
2812850,Sci-fi
2812850,Sexual Content
2812850,Singleplayer
2812850,Story Rich
2812850,Visual Novel
2813750,2D
2813750,Anime
2813750,Casual
2813750,Colorful
2813750,Controller
2813750,Cute
2813750,Dating Sim
2813750,Funny
2813750,Hand-drawn
2813750,Indie
2813750,Interactive Fiction
2813750,Life Sim
2813750,Linear
2813750,Music
2813750,Mystery
2813750,Romance
2813750,RPG
2813750,Singleplayer
2813750,Story Rich
2813750,Visual Novel
2814080,2D
2814080,Dark
2814080,First-Person
2814080,Free to Play
2814080,Hand-drawn
2814080,Horror
2814080,Indie
2814080,Lore-Rich
2814080,Multiple Endings
2814080,Mystery
2814080,Psychological Horror
2814080,Puzzle
2814080,Singleplayer
2814080,Story Rich
2814080,Strategy
2814080,Stylized
2814080,Visual Novel
2814270,2D
2814270,Casual
2814270,Crime
2814270,Detective
2814270,Free to Play
2814270,Indie
2814270,Investigation
2814270,Mystery
2814270,Pixel Graphics
2814270,Singleplayer
2814270,Story Rich
2814270,Top-Down
2817190,3D
2817190,3D Platformer
2817190,Adventure
2817190,Cinematic
2817190,Detective
2817190,Drama
2817190,Exploration
2817190,First-Person
2817190,Gore
2817190,Horror
2817190,Indie
2817190,Multiple Endings
2817190,Mystery
2817190,Psychological
2817190,Psychological Horror
2817190,Puzzle
2817190,Singleplayer
2817190,Story Rich
2817190,Supernatural
2819490,Adventure
2819490,Atmospheric
2819490,Choices Matter
2819490,Choose Your Own Adventure
2819490,Comic Book
2819490,CRPG
2819490,Detective
2819490,Funny
2819490,Interactive Fiction
2819490,Lore-Rich
2819490,Mystery
2819490,Narrative
2819490,Noir
2819490,Nonlinear
2819490,RPG
2819490,Singleplayer
2819490,Story Rich
2819490,Text-Based
2819490,Visual Novel
2819490,Well-Written
2820650,2D
2820650,Adventure
2820650,Aliens
2820650,Comic Book
2820650,Exploration
2820650,Free to Play
2820650,Horror
2820650,Indie
2820650,Linear
2820650,Multiple Endings
2820650,Mystery
2820650,Pixel Graphics
2820650,Puzzle
2820650,Sci-fi
2820650,Singleplayer
2820650,Story Rich
2820650,Top-Down
2821850,Action
2821850,Atmospheric
2821850,Choices Matter
2821850,Dark
2821850,Demons
2821850,Detective
2821850,Dog
2821850,Gore
2821850,Hidden Object
2821850,Horror
2821850,Indie
2821850,Multiple Endings
2821850,Mystery
2821850,Psychological
2821850,Psychological Horror
2821850,Puzzle
2821850,Realistic
2821850,Singleplayer
2821850,Story Rich
2821850,Violent
2824140,2D
2824140,2D Platformer
2824140,Adventure
2824140,Anime
2824140,Choose Your Own Adventure
2824140,Cute
2824140,Dark
2824140,Fantasy
2824140,Gore
2824140,Horror
2824140,Mystery
2824140,Pixel Graphics
2824140,Psychological Horror
2824140,Roguelike
2824140,Roguelite
2824140,RPG
2824140,Singleplayer
2824140,Story Rich
2824140,Violent
2824140,Visual Novel
2825070,2D
2825070,Adventure
2825070,Choices Matter
2825070,Choose Your Own Adventure
2825070,Comedy
2825070,Cute
2825070,Investigation
2825070,Mystery
2825070,Singleplayer
2825070,Soundtrack
2825070,Story Rich
2825070,Visual Novel
2825070,Zombies
2826800,1990's
2826800,3D
2826800,Adventure
2826800,Atmospheric
2826800,Choose Your Own Adventure
2826800,Colorful
2826800,Dark
2826800,Exploration
2826800,First-Person
2826800,Horror
2826800,Indie
2826800,Interactive Fiction
2826800,Multiple Endings
2826800,Mystery
2826800,Point & Click
2826800,Psychological Horror
2826800,Puzzle
2826800,Singleplayer
2826800,Story Rich
2826800,Supernatural
2829370,Adventure
2829370,Atmospheric
2829370,Dark
2829370,Demons
2829370,Exploration
2829370,First-Person
2829370,Horror
2829370,Immersive Sim
2829370,Investigation
2829370,Mystery
2829370,Psychological
2829370,Psychological Horror
2829370,Realistic
2829370,Simulation
2829370,Singleplayer
2829370,Stealth
2829370,Story Rich
2829370,Survival
2829370,Survival Horror
2829370,Thriller
2830870,Adventure
2830870,Anime
2830870,Atmospheric
2830870,Choices Matter
2830870,Controller
2830870,Dark
2830870,Drama
2830870,Emotional
2830870,Fantasy
2830870,Free to Play
2830870,Multiple Endings
2830870,Mystery
2830870,Philosophical
2830870,Psychological
2830870,Singleplayer
2830870,Story Rich
2830870,Stylized
2830870,Supernatural
2830870,Surreal
2830870,Text-Based
2837420,3D
2837420,Action RPG
2837420,Adventure
2837420,Casual
2837420,Choices Matter
2837420,Dating Sim
2837420,Drama
2837420,Early Access
2837420,Hentai
2837420,Mature
2837420,Mystery
2837420,NSFW
2837420,Nudity
2837420,Point & Click
2837420,Romance
2837420,RPG
2837420,Sci-fi
2837420,Sexual Content
2837420,Story Rich
2837420,Visual Novel
2840900,2D
2840900,Adventure
2840900,Anime
2840900,Atmospheric
2840900,Casual
2840900,Cute
2840900,Drama
2840900,Emotional
2840900,Female Protagonist
2840900,LGBTQ+
2840900,Mystery
2840900,Singleplayer
2840900,Story Rich
2840900,Visual Novel
2841720,3D
2841720,Adventure
2841720,Atmospheric
2841720,Dog
2841720,Drama
2841720,Emotional
2841720,Exploration
2841720,Female Protagonist
2841720,First-Person
2841720,Investigation
2841720,Linear
2841720,Mystery
2841720,Pirates
2841720,Puzzle
2841720,Sailing
2841720,Story Rich
2841720,Stylized
2841720,Thriller
2841720,Underwater
2841720,Walking Simulator
2843110,3D
2843110,Action
2843110,Action-Adventure
2843110,Adventure
2843110,Casual
2843110,Exploration
2843110,First-Person
2843110,FPS
2843110,Hidden Object
2843110,Horror
2843110,Linear
2843110,Mystery
2843110,Psychological Horror
2843110,Puzzle
2843110,Realistic
2843110,Singleplayer
2843110,Story Rich
2843110,Supernatural
2843110,Survival Horror
2843110,Walking Simulator
2843530,1990's
2843530,2D
2843530,Adventure
2843530,Atmospheric
2843530,Clicker
2843530,Detective
2843530,Difficult
2843530,Exploration
2843530,Indie
2843530,Investigation
2843530,Logic
2843530,Mystery
2843530,Point & Click
2843530,Puzzle
2843530,Retro
2843530,Simulation
2843530,Singleplayer
2843530,Story Rich
2843530,Stylized
2844700,Adventure
2844700,Alternate History
2844700,Artificial Intelligence
2844700,Casual
2844700,Choose Your Own Adventure
2844700,Cinematic
2844700,Conversation
2844700,Detective
2844700,Drama
2844700,Emotional
2844700,Futuristic
2844700,Interactive Fiction
2844700,Investigation
2844700,Mystery
2844700,Procedural Generation
2844700,Realistic
2844700,Sci-fi
2844700,Science
2844700,Simulation
2844700,Story Rich
2846200,Abstract
2846200,Anime
2846200,Casual
2846200,Colorful
2846200,Dark
2846200,Drama
2846200,Emotional
2846200,Free to Play
2846200,Horror
2846200,Indie
2846200,Linear
2846200,Mystery
2846200,Psychological
2846200,Story Rich
2846200,Text-Based
2846200,Violent
2846200,Visual Novel
2846290,3D
2846290,Action
2846290,Action-Adventure
2846290,Adventure
2846290,Atmospheric
2846290,Dark
2846290,First-Person
2846290,Horror
2846290,Indie
2846290,Linear
2846290,Mystery
2846290,Narrative
2846290,Noir
2846290,Psychological Horror
2846290,Realistic
2846290,Retro
2846290,Shooter
2846290,Singleplayer
2846290,Story Rich
2846290,Thriller
2846790,1980s
2846790,1990's
2846790,3D
2846790,Action
2846790,Action-Adventure
2846790,Adventure
2846790,Atmospheric
2846790,Choose Your Own Adventure
2846790,Drama
2846790,First-Person
2846790,Horror
2846790,Immersive Sim
2846790,Linear
2846790,Multiple Endings
2846790,Mystery
2846790,Old School
2846790,Psychological Horror
2846790,Retro
2846790,Singleplayer
2846790,Story Rich
2849690,3D
2849690,Casual
2849690,Fantasy
2849690,Funny
2849690,Immersive Sim
2849690,LGBTQ+
2849690,Mystery
2849690,Nudity
2849690,Point & Click
2849690,Romance
2849690,Sexual Content
2849690,Simulation
2849690,Singleplayer
2849690,Story Rich
2849690,Supernatural
2849690,Visual Novel
2849730,3D
2849730,Adventure
2849730,Cinematic
2849730,Dark
2849730,Female Protagonist
2849730,First-Person
2849730,Gore
2849730,Horror
2849730,Inventory Management
2849730,Linear
2849730,Mystery
2849730,Physics
2849730,Psychological Horror
2849730,Puzzle
2849730,Realistic
2849730,Singleplayer
2849730,Story Rich
2849730,Stylized
2849730,Survival Horror
2849730,Werewolves
2850660,3D
2850660,Adventure
2850660,Atmospheric
2850660,Casual
2850660,Choose Your Own Adventure
2850660,Cinematic
2850660,Drama
2850660,Emotional
2850660,Exploration
2850660,Female Protagonist
2850660,Free to Play
2850660,Interactive Fiction
2850660,Investigation
2850660,Mystery
2850660,Singleplayer
2850660,Story Rich
2850660,Stylized
2850660,Supernatural
2850660,Third Person
2850660,Visual Novel
2850850,1990's
2850850,Adventure
2850850,Atmospheric
2850850,First-Person
2850850,Horror
2850850,Indie
2850850,Investigation
2850850,Linear
2850850,Mystery
2850850,Narration
2850850,Psychological
2850850,Psychological Horror
2850850,Retro
2850850,Short
2850850,Singleplayer
2850850,Story Rich
2850850,Supernatural
2850850,Walking Simulator
2852390,2D
2852390,Adventure
2852390,Conversation
2852390,Dark Fantasy
2852390,Emotional
2852390,Free to Play
2852390,Indie
2852390,Interactive Fiction
2852390,Linear
2852390,Multiple Endings
2852390,Mystery
2852390,Pixel Graphics
2852390,Psychological Horror
2852390,Singleplayer
2852390,Story Rich
2852930,3D
2852930,Adventure
2852930,America
2852930,Atmospheric
2852930,Cinematic
2852930,Exploration
2852930,First-Person
2852930,Hidden Object
2852930,Historical
2852930,Horror
2852930,Linear
2852930,Multiple Endings
2852930,Mystery
2852930,Psychological
2852930,Psychological Horror
2852930,Puzzle
2852930,Realistic
2852930,Simulation
2852930,Story Rich
2852930,Walking Simulator
2858380,3D
2858380,Adventure
2858380,Atmospheric
2858380,Choices Matter
2858380,Conspiracy
2858380,Exploration
2858380,First-Person
2858380,Free to Play
2858380,Indie
2858380,Mystery
2858380,Nonlinear
2858380,Point & Click
2858380,Psychedelic
2858380,Puzzle
2858380,Singleplayer
2858380,Story Rich
2858380,Supernatural
2858380,Surreal
2858390,3D
2858390,Action
2858390,Adventure
2858390,Atmospheric
2858390,Controller
2858390,Dark
2858390,Exploration
2858390,First-Person
2858390,Hidden Object
2858390,Horror
2858390,Interactive Fiction
2858390,Linear
2858390,Mystery
2858390,Realistic
2858390,Singleplayer
2858390,Stealth
2858390,Story Rich
2858390,Survival Horror
2858390,Thriller
2858390,Walking Simulator
2862730,3D
2862730,Adventure
2862730,Detective
2862730,Drama
2862730,Exploration
2862730,First-Person
2862730,Indie
2862730,Mystery
2862730,Psychological Horror
2862730,Puzzle
2862730,RPG
2862730,Singleplayer
2862730,Story Rich
2862730,Thriller
2866640,1980s
2866640,2D
2866640,Adventure
2866640,Choose Your Own Adventure
2866640,Comic Book
2866640,Conspiracy
2866640,Crime
2866640,Dark Comedy
2866640,Detective
2866640,Exploration
2866640,Interactive Fiction
2866640,Investigation
2866640,Mystery
2866640,Noir
2866640,Nonlinear
2866640,Open World
2866640,Point & Click
2866640,Puzzle
2866640,Story Rich
2866640,Stylized
2876980,3D
2876980,Adventure
2876980,Atmospheric
2876980,Cartoony
2876980,Colorful
2876980,Exploration
2876980,Fantasy
2876980,First-Person
2876980,Free to Play
2876980,Indie
2876980,Mystery
2876980,Nonlinear
2876980,Psychedelic
2876980,Psychological
2876980,Puzzle
2876980,Puzzle Platformer
2876980,Singleplayer
2876980,Story Rich
2876980,Stylized
2876980,Walking Simulator
2878000,3D
2878000,Action
2878000,Adventure
2878000,Dark Fantasy
2878000,Demons
2878000,Early Access
2878000,Exploration
2878000,Fantasy
2878000,Female Protagonist
2878000,LGBTQ+
2878000,Logic
2878000,Magic
2878000,Mystery
2878000,NSFW
2878000,Nudity
2878000,Puzzle
2878000,Sexual Content
2878000,Singleplayer
2878000,Story Rich
2878000,Third Person
2880120,2D
2880120,2D Platformer
2880120,Adventure
2880120,Anime
2880120,Choose Your Own Adventure
2880120,Drama
2880120,Fantasy
2880120,Female Protagonist
2880120,Historical
2880120,Indie
2880120,Interactive Fiction
2880120,Mystery
2880120,Narration
2880120,Otome
2880120,Romance
2880120,Sexual Content
2880120,Singleplayer
2880120,Story Rich
2880120,Visual Novel
2882080,Collectathon
2882080,Dark Fantasy
2882080,Demons
2882080,Exploration
2882080,Faith
2882080,Horror
2882080,Loot
2882080,Multiple Endings
2882080,Mystery
2882080,Nonlinear
2882080,Philosophical
2882080,Pixel Graphics
2882080,Post-apocalyptic
2882080,Psychological Horror
2882080,RPG
2882080,Stealth
2882080,Story Rich
2882080,Top-Down
2882080,Turn-Based Combat
2882080,Vampire
2889800,3D
2889800,Adventure
2889800,Atmospheric
2889800,Drama
2889800,Emotional
2889800,Exploration
2889800,First-Person
2889800,Indie
2889800,Linear
2889800,Mystery
2889800,Narration
2889800,Nature
2889800,Relaxing
2889800,Short
2889800,Singleplayer
2889800,Story Rich
2889800,Walking Simulator
2892000,3D
2892000,Adventure
2892000,Atmospheric
2892000,Cinematic
2892000,Controller
2892000,Dark
2892000,Demons
2892000,First-Person
2892000,Gore
2892000,Horror
2892000,Indie
2892000,Linear
2892000,Mystery
2892000,Psychological Horror
2892000,Realistic
2892000,Singleplayer
2892000,Story Rich
2892000,Supernatural
2892000,Thriller
2892000,Walking Simulator
2894960,2D
2894960,2D Platformer
2894960,Adventure
2894960,Anime
2894960,Artificial Intelligence
2894960,Atmospheric
2894960,Choices Matter
2894960,Choose Your Own Adventure
2894960,Comedy
2894960,Cute
2894960,Drama
2894960,Immersive Sim
2894960,Interactive Fiction
2894960,Logic
2894960,Multiple Endings
2894960,Mystery
2894960,Romance
2894960,Singleplayer
2894960,Story Rich
2894960,Text-Based
2903950,3D
2903950,Action
2903950,Action-Adventure
2903950,Adventure
2903950,Anime
2903950,Atmospheric
2903950,Colorful
2903950,Detective
2903950,Exploration
2903950,Mystery
2903950,Singleplayer
2903950,Story Rich
2903950,Third Person
2903950,Visual Novel
2907870,1990's
2907870,Action
2907870,Adventure
2907870,Atmospheric
2907870,Dark
2907870,Escape Room
2907870,First-Person
2907870,Horror
2907870,Immersive Sim
2907870,Investigation
2907870,Lovecraftian
2907870,Mystery
2907870,Old School
2907870,Psychological Horror
2907870,Puzzle
2907870,Realistic
2907870,Singleplayer
2907870,Story Rich
2907870,Survival Horror
2907870,Thriller
2911160,3D
2911160,3D Platformer
2911160,Adventure
2911160,Colorful
2911160,Comedy
2911160,Exploration
2911160,First-Person
2911160,Horror
2911160,Indie
2911160,Multiple Endings
2911160,Mystery
2911160,Old School
2911160,Open World
2911160,Singleplayer
2911160,Story Rich
2911160,Walking Simulator
2913680,2D
2913680,2D Platformer
2913680,Action
2913680,Action-Adventure
2913680,Adventure
2913680,Casual
2913680,Dark
2913680,Female Protagonist
2913680,Free to Play
2913680,Horror
2913680,Linear
2913680,Mystery
2913680,Parody
2913680,Pixel Graphics
2913680,Runner
2913680,Sci-fi
2913680,Singleplayer
2913680,Story Rich
2913680,Survival Horror
2913680,Top-Down
2916970,3D
2916970,Adventure
2916970,Animation & Modeling
2916970,Atmospheric
2916970,Casual
2916970,Cinematic
2916970,Cyberpunk
2916970,Design & Illustration
2916970,Drama
2916970,Exploration
2916970,Futuristic
2916970,Immersive Sim
2916970,Investigation
2916970,Logic
2916970,Mystery
2916970,Noir
2916970,Realistic
2916970,Simulation
2916970,Story Rich
2916970,Walking Simulator
2922980,Adventure
2922980,Atmospheric
2922980,Colorful
2922980,Crime
2922980,Detective
2922980,Exploration
2922980,Heist
2922980,Historical
2922980,Investigation
2922980,Mystery
2922980,Narration
2922980,Point & Click
2922980,Singleplayer
2922980,Stealth
2922980,Story Rich
2922980,Text-Based
2922980,Visual Novel
2928700,Adventure
2928700,Dating Sim
2928700,FMV
2928700,Indie
2928700,Mystery
2928700,RPG
2928700,Sexual Content
2928700,Simulation
2928700,Singleplayer
2928700,Story Rich
2928700,Strategy
2928700,Time Management
2930010,3D
2930010,Action
2930010,Adventure
2930010,Detective
2930010,First-Person
2930010,Free to Play
2930010,Horror
2930010,Investigation
2930010,Multiplayer
2930010,Multiple Endings
2930010,Mystery
2930010,Puzzle
2930010,Puzzle Platformer
2930010,Realistic
2930010,Simulation
2930010,Singleplayer
2930010,Story Rich
2930010,Thriller
2930010,Zombies
2930910,2D
2930910,2D Platformer
2930910,Action-Adventure
2930910,Adventure
2930910,Anime
2930910,Cartoon
2930910,Drama
2930910,Emotional
2930910,Fantasy
2930910,Interactive Fiction
2930910,Multiple Endings
2930910,Mystery
2930910,Puzzle
2930910,RPG
2930910,Story Rich
2930910,Strategy
2930910,Text-Based
2930910,Thriller
2930910,Visual Novel
2930910,Word Game
2933290,1980s
2933290,Adventure
2933290,Atmospheric
2933290,Dark
2933290,Demons
2933290,First-Person
2933290,Free to Play
2933290,Horror
2933290,Immersive
2933290,Indie
2933290,Lore-Rich
2933290,Multiplayer
2933290,Mystery
2933290,Psychological Horror
2933290,Retro
2933290,Singleplayer
2933290,Story Rich
2933290,Supernatural
2933290,Thriller
2933290,Walking Simulator
2947330,3D
2947330,Action
2947330,Action-Adventure
2947330,Adventure
2947330,Atmospheric
2947330,Casual
2947330,Dark
2947330,Demons
2947330,Exploration
2947330,First-Person
2947330,Horror
2947330,Interactive Fiction
2947330,Investigation
2947330,Mystery
2947330,Psychedelic
2947330,Psychological Horror
2947330,Retro
2947330,Singleplayer
2947330,Story Rich
2947330,Thriller
2947640,1980s
2947640,1990's
2947640,3D Platformer
2947640,Adventure
2947640,Cinematic
2947640,Comedy
2947640,Conversation
2947640,Drama
2947640,Emotional
2947640,Exploration
2947640,Multiple Endings
2947640,Mystery
2947640,Pixel Graphics
2947640,Puzzle
2947640,Retro
2947640,RPG
2947640,Side Scroller
2947640,Singleplayer
2947640,Story Rich
2947640,Time Manipulation
2949810,3D
2949810,Adventure
2949810,Atmospheric
2949810,Comedy
2949810,Exploration
2949810,First-Person
2949810,Funny
2949810,Immersive Sim
2949810,Mystery
2949810,Narration
2949810,Pixel Graphics
2949810,Psychological Horror
2949810,Sci-fi
2949810,Simulation
2949810,Singleplayer
2949810,Story Rich
2949810,Survival Horror
2949810,Trains
2949810,Walking Simulator
2949810,Western
2952590,Adventure
2952590,Anime
2952590,Casual
2952590,Choices Matter
2952590,Cute
2952590,Dark
2952590,Drama
2952590,Emotional
2952590,Horror
2952590,Interactive Fiction
2952590,Mystery
2952590,Philosophical
2952590,Psychological
2952590,Psychological Horror
2952590,Singleplayer
2952590,Social Deduction
2952590,Story Rich
2952590,Surreal
2952590,Time Management
2952590,Visual Novel
2956420,3D
2956420,Adventure
2956420,Atmospheric
2956420,Cinematic
2956420,Dark
2956420,Emotional
2956420,Exploration
2956420,Female Protagonist
2956420,First-Person
2956420,Horror
2956420,Indie
2956420,Linear
2956420,Mystery
2956420,Psychological
2956420,Psychological Horror
2956420,Realistic
2956420,Singleplayer
2956420,Story Rich
2956420,Thriller
2956420,Walking Simulator
2966110,Adventure
2966110,Atmospheric
2966110,Casual
2966110,Comedy
2966110,Cute
2966110,Exploration
2966110,First-Person
2966110,Game Development
2966110,Immersive Sim
2966110,Life Sim
2966110,Modern
2966110,Mystery
2966110,Philosophical
2966110,Psychological
2966110,Psychological Horror
2966110,Relaxing
2966110,Retro
2966110,Singleplayer
2966110,Story Rich
2966110,Walking Simulator
2967590,2D
2967590,Abstract
2967590,Action
2967590,Action-Adventure
2967590,Adventure
2967590,Cartoony
2967590,Comic Book
2967590,Cute
2967590,Detective
2967590,Early Access
2967590,Funny
2967590,Hand-drawn
2967590,Historical
2967590,Mystery
2967590,Open World
2967590,Puzzle
2967590,Story Rich
2967590,Time Travel
2967590,Top-Down
2967590,Visual Novel
2973390,3D
2973390,Adventure
2973390,Atmospheric
2973390,Detective
2973390,Exploration
2973390,First-Person
2973390,Free to Play
2973390,Horror
2973390,Indie
2973390,Lore-Rich
2973390,Multiplayer
2973390,Mystery
2973390,Narration
2973390,Open World
2973390,Retro
2973390,Singleplayer
2973390,Story Rich
2973390,Stylized
2973390,Walking Simulator
2975030,Action
2975030,Adventure
2975030,Anime
2975030,Dark
2975030,Dystopian
2975030,Emotional
2975030,Hand-drawn
2975030,Hentai
2975030,Linear
2975030,Mature
2975030,Mystery
2975030,Nudity
2975030,Pixel Graphics
2975030,Psychological Horror
2975030,PvE
2975030,Sexual Content
2975030,Singleplayer
2975030,Story Rich
2975030,Strategy
2975030,Visual Novel
2976170,3D
2976170,Action
2976170,Action-Adventure
2976170,Adventure
2976170,Atmospheric
2976170,Controller
2976170,Demons
2976170,Detective
2976170,Exploration
2976170,First-Person
2976170,Horror
2976170,Investigation
2976170,Linear
2976170,Mystery
2976170,Psychological
2976170,Psychological Horror
2976170,Realistic
2976170,Story Rich
2976170,Surreal
2976170,Thriller
2983770,Action RPG
2983770,Action-Adventure
2983770,Adventure
2983770,Atmospheric
2983770,Choices Matter
2983770,Dark
2983770,Exploration
2983770,Female Protagonist
2983770,First-Person
2983770,Horror
2983770,Investigation
2983770,Multiple Endings
2983770,Mystery
2983770,Narration
2983770,Nonlinear
2983770,Psychological Horror
2983770,Singleplayer
2983770,Story Rich
2983770,Supernatural
2983770,Thriller
2987120,1990's
2987120,3D
2987120,Action-Adventure
2987120,Adventure
2987120,Dark
2987120,Exploration
2987120,Female Protagonist
2987120,First-Person
2987120,Gore
2987120,Horror
2987120,Indie
2987120,Investigation
2987120,Mystery
2987120,Psychological
2987120,Psychological Horror
2987120,Realistic
2987120,Simulation
2987120,Singleplayer
2987120,Story Rich
2987120,Walking Simulator
2990560,3D
2990560,Abstract
2990560,Adventure
2990560,Collectathon
2990560,Detective
2990560,Hidden Object
2990560,Horror
2990560,Immersive Sim
2990560,Indie
2990560,Interactive Fiction
2990560,Mystery
2990560,Puzzle
2990560,Sci-fi
2990560,Singleplayer
2990560,Story Rich
2990560,Thriller
2990560,Walking Simulator
2999680,1990's
2999680,3D
2999680,Action
2999680,Action-Adventure
2999680,Adventure
2999680,Dark
2999680,Drama
2999680,Exploration
2999680,First-Person
2999680,Hidden Object
2999680,Horror
2999680,Mystery
2999680,Old School
2999680,Psychedelic
2999680,Puzzle
2999680,Simulation
2999680,Story Rich
2999680,Survival
2999680,Survival Horror
2999680,Vampire
3001730,3D
3001730,Action
3001730,Adventure
3001730,Atmospheric
3001730,Casual
3001730,Dark
3001730,First-Person
3001730,Horror
3001730,Investigation
3001730,Mystery
3001730,Old School
3001730,Psychological
3001730,Psychological Horror
3001730,Retro
3001730,Short
3001730,Singleplayer
3001730,Story Rich
3001730,Surreal
3001730,Thriller
3001730,Walking Simulator
3005350,2D
3005350,Adventure
3005350,Anime
3005350,Choices Matter
3005350,Detective
3005350,Escape Room
3005350,Horror
3005350,Interactive Fiction
3005350,Investigation
3005350,LGBTQ+
3005350,Multiple Endings
3005350,Mystery
3005350,Point & Click
3005350,Psychological Horror
3005350,Puzzle
3005350,Sci-fi
3005350,Singleplayer
3005350,Story Rich
3005350,Thriller
3005350,Visual Novel
3005370,1990's
3005370,3D
3005370,Action
3005370,Adventure
3005370,Atmospheric
3005370,First-Person
3005370,Hidden Object
3005370,Horror
3005370,Indie
3005370,Jump Scare
3005370,Mystery
3005370,Old School
3005370,Point & Click
3005370,Psychological
3005370,Psychological Horror
3005370,Quick-Time Events
3005370,Simulation
3005370,Singleplayer
3005370,Story Rich
3005370,Survival Horror
3015400,2.5D
3015400,Abstract
3015400,Atmospheric
3015400,Drama
3015400,Exploration
3015400,First-Person
3015400,Hand-drawn
3015400,Hidden Object
3015400,Horror
3015400,Minimalist
3015400,Mystery
3015400,Narration
3015400,Noir
3015400,Psychedelic
3015400,Psychological
3015400,Psychological Horror
3015400,Story Rich
3015400,Supernatural
3015400,Survival Horror
3015400,Walking Simulator
3015860,1980s
3015860,1990's
3015860,3D
3015860,Action
3015860,Adventure
3015860,Casual
3015860,Dark
3015860,Exploration
3015860,First-Person
3015860,Horror
3015860,Jump Scare
3015860,Mystery
3015860,Psychological Horror
3015860,Realistic
3015860,Simulation
3015860,Singleplayer
3015860,Story Rich
3015860,Thriller
3015860,Walking Simulator
3016170,2D
3016170,Adventure
3016170,Casual
3016170,Choices Matter
3016170,Choose Your Own Adventure
3016170,Detective
3016170,Drama
3016170,Historical
3016170,Horror
3016170,Indie
3016170,Interactive Fiction
3016170,Multiple Endings
3016170,Mystery
3016170,Point & Click
3016170,Puzzle
3016170,RPG
3016170,Singleplayer
3016170,Story Rich
3016170,Visual Novel
3016170,Word Game
3018480,2D
3018480,Adventure
3018480,Atmospheric
3018480,Dark Fantasy
3018480,Drama
3018480,Dystopian
3018480,Funny
3018480,Hidden Object
3018480,Indie
3018480,Linear
3018480,Mystery
3018480,Narration
3018480,Pixel Graphics
3018480,Point & Click
3018480,Puzzle
3018480,Retro
3018480,Sci-fi
3018480,Singleplayer
3018480,Story Rich
3018480,Thriller
3026460,3D
3026460,Adventure
3026460,America
3026460,Casual
3026460,Choices Matter
3026460,Choose Your Own Adventure
3026460,Detective
3026460,FMV
3026460,Immersive Sim
3026460,Mature
3026460,Mystery
3026460,NSFW
3026460,Nudity
3026460,Realistic
3026460,Retro
3026460,Sexual Content
3026460,Simulation
3026460,Story Rich
3026460,Text-Based
3026460,Visual Novel
3026480,2D
3026480,2D Platformer
3026480,Adventure
3026480,Atmospheric
3026480,Controller
3026480,Indie
3026480,Linear
3026480,Mystery
3026480,Physics
3026480,Pixel Graphics
3026480,Platformer
3026480,Puzzle
3026480,Puzzle Platformer
3026480,Singleplayer
3026480,Story Rich
3034520,3D
3034520,Adventure
3034520,Anime
3034520,Benchmark
3034520,Casual
3034520,Cute
3034520,Exploration
3034520,Fantasy
3034520,FPS
3034520,Indie
3034520,Interactive Fiction
3034520,Mystery
3034520,Romance
3034520,RPG
3034520,Sexual Content
3034520,Singleplayer
3034520,Story Rich
3034520,Thriller
3034520,Visual Novel
3036470,3D
3036470,Action
3036470,Adventure
3036470,Atmospheric
3036470,Dark
3036470,Exploration
3036470,First-Person
3036470,Horror
3036470,Indie
3036470,Mystery
3036470,Psychological Horror
3036470,Puzzle
3036470,Singleplayer
3036470,Story Rich
3036470,Supernatural
3036470,Violent
3037780,3D
3037780,Atmospheric
3037780,Cinematic
3037780,Demons
3037780,First-Person
3037780,FPS
3037780,Gothic
3037780,Horror
3037780,Multiple Endings
3037780,Mystery
3037780,Psychological Horror
3037780,Realistic
3037780,Simulation
3037780,Singleplayer
3037780,Story Rich
3037780,Supernatural
3037780,Surreal
3037780,Survival Horror
3037780,Thriller
3037780,Walking Simulator
3042250,2D
3042250,Casual
3042250,Colorful
3042250,Dark Fantasy
3042250,Drama
3042250,Early Access
3042250,Gore
3042250,Hand-drawn
3042250,Horror
3042250,Multiple Endings
3042250,Mystery
3042250,NSFW
3042250,Nudity
3042250,RPG
3042250,Sexual Content
3042250,Singleplayer
3042250,Story Rich
3042250,Violent
3042250,Visual Novel
3044960,2D
3044960,Anime
3044960,Atmospheric
3044960,Colorful
3044960,Fantasy
3044960,Grid-Based Movement
3044960,JRPG
3044960,Mystery
3044960,Party-Based RPG
3044960,RPG
3044960,Story Rich
3044960,Strategy
3044960,Strategy RPG
3044960,Stylized
3044960,Tactical
3044960,Tactical RPG
3044960,Turn-Based Combat
3044960,Turn-Based Strategy
3044960,Turn-Based Tactics
3044960,Visual Novel
3046080,Choices Matter
3046080,Choose Your Own Adventure
3046080,Dark Fantasy
3046080,First-Person
3046080,Hand-drawn
3046080,Horror
3046080,Idler
3046080,Magic
3046080,Medieval
3046080,Multiple Endings
3046080,Mystery
3046080,Narration
3046080,Noir
3046080,Point & Click
3046080,Psychological Horror
3046080,Realistic
3046080,RPG
3046080,Story Rich
3046080,Surreal
3046080,Visual Novel
3046350,3D
3046350,Action-Adventure
3046350,Adventure
3046350,Anime
3046350,Choose Your Own Adventure
3046350,Comedy
3046350,Cute
3046350,Exploration
3046350,First-Person
3046350,Indie
3046350,Life Sim
3046350,Mystery
3046350,Philosophical
3046350,Psychological
3046350,Psychological Horror
3046350,Relaxing
3046350,Short
3046350,Singleplayer
3046350,Story Rich
3046350,Walking Simulator
3052450,2D
3052450,Adventure
3052450,Atmospheric
3052450,Card Battler
3052450,Card Game
3052450,Deckbuilding
3052450,Free to Play
3052450,Horror
3052450,Lovecraftian
3052450,Multiplayer
3052450,Mystery
3052450,PvP
3052450,Roguelike
3052450,Roguelike Deckbuilder
3052450,Roguelite
3052450,RPG
3052450,Singleplayer
3052450,Story Rich
3052450,Strategy
3052450,Turn-Based
3057180,1980s
3057180,3D
3057180,Adventure
3057180,Collectathon
3057180,Conspiracy
3057180,Exploration
3057180,Horror
3057180,Immersive Sim
3057180,Mystery
3057180,Psychological Horror
3057180,Puzzle
3057180,Sci-fi
3057180,Singleplayer
3057180,Story Rich
3057180,Walking Simulator
3058940,2D
3058940,Adventure
3058940,Casual
3058940,Choices Matter
3058940,Choose Your Own Adventure
3058940,Conversation
3058940,Dark
3058940,Horror
3058940,Interactive Fiction
3058940,Multiple Endings
3058940,Mystery
3058940,Narrative
3058940,Pixel Graphics
3058940,Psychedelic
3058940,Psychological
3058940,Psychological Horror
3058940,Singleplayer
3058940,Story Rich
3058940,Survival Horror
3058940,Visual Novel
3064140,3D
3064140,Adventure
3064140,Atmospheric
3064140,Cinematic
3064140,Dark
3064140,Demons
3064140,Exploration
3064140,Female Protagonist
3064140,First-Person
3064140,Horror
3064140,Linear
3064140,Mystery
3064140,Psychological
3064140,Psychological Horror
3064140,Realistic
3064140,Singleplayer
3064140,Story Rich
3064140,Supernatural
3064140,Thriller
3064140,Walking Simulator
3070570,2D
3070570,Adventure
3070570,Atmospheric
3070570,Casual
3070570,Clicker
3070570,Dark
3070570,Dark Comedy
3070570,Gore
3070570,Hand-drawn
3070570,Hidden Object
3070570,Horror
3070570,Indie
3070570,Mystery
3070570,Point & Click
3070570,Psychological Horror
3070570,Puzzle
3070570,Short
3070570,Singleplayer
3070570,Story Rich
3070570,Surreal
3077670,3D
3077670,Adventure
3077670,Atmospheric
3077670,Choices Matter
3077670,Dark
3077670,Demons
3077670,Exploration
3077670,First-Person
3077670,Horror
3077670,Multiple Endings
3077670,Mystery
3077670,Psychological Horror
3077670,Simulation
3077670,Singleplayer
3077670,Story Rich
3077670,Stylized
3077670,Supernatural
3077670,Surreal
3077670,Violent
3077670,Walking Simulator
3079030,2D
3079030,Adventure
3079030,Anime
3079030,Casual
3079030,Choices Matter
3079030,Choose Your Own Adventure
3079030,Comedy
3079030,Detective
3079030,Female Protagonist
3079030,Investigation
3079030,Multiple Endings
3079030,Mystery
3079030,Otome
3079030,Point & Click
3079030,Puzzle
3079030,Romance
3079030,Singleplayer
3079030,Story Rich
3079030,Text-Based
3079030,Visual Novel
3089260,3D
3089260,Adventure
3089260,Atmospheric
3089260,Dark
3089260,Exploration
3089260,First-Person
3089260,Hidden Object
3089260,Horror
3089260,Indie
3089260,Mystery
3089260,Psychological
3089260,Psychological Horror
3089260,Puzzle
3089260,PvE
3089260,Realistic
3089260,Simulation
3089260,Singleplayer
3089260,Story Rich
3089260,Supernatural
3089260,Walking Simulator
3094810,2D
3094810,Adventure
3094810,Alternate History
3094810,Atmospheric
3094810,Cinematic
3094810,Conspiracy
3094810,Cozy
3094810,Drama
3094810,Emotional
3094810,Hand-drawn
3094810,Indie
3094810,Mystery
3094810,Narration
3094810,Narrative
3094810,Point & Click
3094810,Puzzle
3094810,Retro
3094810,Singleplayer
3094810,Story Rich
3094810,Stylized
3096050,3D
3096050,Action
3096050,Action-Adventure
3096050,Adventure
3096050,Atmospheric
3096050,Drama
3096050,Exploration
3096050,First-Person
3096050,Hidden Object
3096050,Horror
3096050,Lore-Rich
3096050,Mystery
3096050,Noir
3096050,Psychological
3096050,Psychological Horror
3096050,Realistic
3096050,Simulation
3096050,Story Rich
3096050,Thriller
3096050,Walking Simulator
3101670,1990's
3101670,3D
3101670,Action-Adventure
3101670,Adventure
3101670,Conversation
3101670,Dark
3101670,Demons
3101670,First-Person
3101670,Horror
3101670,Linear
3101670,Mystery
3101670,Psychological
3101670,Psychological Horror
3101670,Realistic
3101670,Snow
3101670,Story Rich
3101670,Supernatural
3101670,Survival
3101670,Survival Horror
3101670,Thriller
3101730,Adventure
3101730,Cinematic
3101730,Dating Sim
3101730,Detective
3101730,Drama
3101730,Emotional
3101730,First-Person
3101730,FMV
3101730,Immersive Sim
3101730,Indie
3101730,Interactive Fiction
3101730,Multiple Endings
3101730,Mystery
3101730,Puzzle Platformer
3101730,RPG
3101730,Simulation
3101730,Singleplayer
3101730,Story Rich
3101730,Visual Novel
3103010,2D
3103010,Choices Matter
3103010,Choose Your Own Adventure
3103010,Dark Fantasy
3103010,Dating Sim
3103010,Drama
3103010,Indie
3103010,Interactive Fiction
3103010,LGBTQ+
3103010,Multiple Endings
3103010,Mystery
3103010,Otome
3103010,Romance
3103010,Simulation
3103010,Singleplayer
3103010,Story Rich
3103010,Stylized
3103010,Text-Based
3103010,Visual Novel
3111140,2D
3111140,Card Battler
3111140,Card Game
3111140,Colorful
3111140,Conversation
3111140,Cute
3111140,Deckbuilding
3111140,Exploration
3111140,Fantasy
3111140,Female Protagonist
3111140,Hand-drawn
3111140,JRPG
3111140,Mystery
3111140,Narration
3111140,Psychological
3111140,Relaxing
3111140,RPG
3111140,Story Rich
3111140,Strategy
3111140,Trading Card Game
3113060,2D
3113060,Adventure
3113060,Arcade
3113060,Atmospheric
3113060,Cartoony
3113060,Choose Your Own Adventure
3113060,Comedy
3113060,CRPG
3113060,Cute
3113060,Dark
3113060,Design & Illustration
3113060,Drama
3113060,Emotional
3113060,Exploration
3113060,Hand-drawn
3113060,Mystery
3113060,Sci-fi
3113060,Story Rich
3113060,Text-Based
3113060,Visual Novel
3125050,3D
3125050,Adventure
3125050,Atmospheric
3125050,Casual
3125050,Choices Matter
3125050,Choose Your Own Adventure
3125050,Dating Sim
3125050,Emotional
3125050,Idler
3125050,Magic
3125050,Mature
3125050,Medieval
3125050,Mystery
3125050,NSFW
3125050,Nudity
3125050,Realistic
3125050,Sexual Content
3125050,Simulation
3125050,Story Rich
3125050,Visual Novel
3132040,3D
3132040,Action
3132040,Adventure
3132040,Atmospheric
3132040,Choices Matter
3132040,Exploration
3132040,First-Person
3132040,Horror
3132040,Indie
3132040,Investigation
3132040,Logic
3132040,Multiple Endings
3132040,Mystery
3132040,Physics
3132040,Psychological Horror
3132040,Puzzle
3132040,Realistic
3132040,Singleplayer
3132040,Story Rich
3132040,Walking Simulator
3133610,3D
3133610,Action
3133610,Action-Adventure
3133610,Adventure
3133610,Artificial Intelligence
3133610,Atmospheric
3133610,Combat
3133610,Dark
3133610,Exploration
3133610,First-Person
3133610,Free to Play
3133610,Futuristic
3133610,Horror
3133610,Linear
3133610,Mystery
3133610,Psychological Horror
3133610,Puzzle
3133610,Robots
3133610,Singleplayer
3133610,Story Rich
3134890,2D
3134890,2D Platformer
3134890,Action-Adventure
3134890,Adventure
3134890,Atmospheric
3134890,Emotional
3134890,Female Protagonist
3134890,Indie
3134890,Mystery
3134890,Pixel Graphics
3134890,Platformer
3134890,Point & Click
3134890,Puzzle Platformer
3134890,Sci-fi
3134890,Simulation
3134890,Singleplayer
3134890,Space
3134890,Story Rich
3135100,3D
3135100,Adventure
3135100,Artificial Intelligence
3135100,Controller
3135100,Exploration
3135100,First-Person
3135100,Futuristic
3135100,Indie
3135100,Linear
3135100,Logic
3135100,Mystery
3135100,Narration
3135100,Philosophical
3135100,Physics
3135100,Puzzle
3135100,Robots
3135100,Sci-fi
3135100,Singleplayer
3135100,Story Rich
3135100,Tutorial
3143590,2D
3143590,Adventure
3143590,Anime
3143590,Card Battler
3143590,Card Game
3143590,CRPG
3143590,Cute
3143590,Dark Humor
3143590,Detective
3143590,Dystopian
3143590,Female Protagonist
3143590,Funny
3143590,Gambling
3143590,Mystery
3143590,PvE
3143590,RPG
3143590,Sci-fi
3143590,Singleplayer
3143590,Story Rich
3143590,Visual Novel
3146640,3D
3146640,Adventure
3146640,Choose Your Own Adventure
3146640,Collectathon
3146640,Detective
3146640,Exploration
3146640,First-Person
3146640,Horror
3146640,Indie
3146640,Investigation
3146640,Mystery
3146640,Nonlinear
3146640,Puzzle
3146640,Singleplayer
3146640,Story Rich
3146640,Third Person
3162060,Adventure
3162060,Atmospheric
3162060,Casual
3162060,Conversation
3162060,Dark
3162060,Episodic
3162060,First-Person
3162060,Free to Play
3162060,Horror
3162060,Indie
3162060,Interactive Fiction
3162060,Mystery
3162060,Narrative
3162060,Psychological
3162060,Psychological Horror
3162060,Retro
3162060,Singleplayer
3162060,Story Rich
3162060,Thriller
3162060,Walking Simulator
3175910,2D
3175910,Atmospheric
3175910,Conversation
3175910,Dark
3175910,Drama
3175910,Emotional
3175910,Fantasy
3175910,Hand-drawn
3175910,Horror
3175910,Interactive Fiction
3175910,Linear
3175910,Mystery
3175910,Point & Click
3175910,Psychological
3175910,Psychological Horror
3175910,Simulation
3175910,Singleplayer
3175910,Story Rich
3175910,Surreal
3175910,Visual Novel
3175930,2D
3175930,Adventure
3175930,Conversation
3175930,Drama
3175930,Emotional
3175930,Free to Play
3175930,Hand-drawn
3175930,Indie
3175930,Interactive Fiction
3175930,Linear
3175930,Minimalist
3175930,Mystery
3175930,Narration
3175930,Psychological
3175930,Simulation
3175930,Singleplayer
3175930,Story Rich
3175930,Text-Based
3175930,Visual Novel
3195810,Action
3195810,Action-Adventure
3195810,Adventure
3195810,Atmospheric
3195810,Dark
3195810,Exploration
3195810,First-Person
3195810,Horror
3195810,Immersive Sim
3195810,Mystery
3195810,Psychological Horror
3195810,Puzzle
3195810,Realistic
3195810,Singleplayer
3195810,Stealth
3195810,Story Rich
3195810,Survival
3195810,Survival Horror
3195810,Underground
3195810,VR
3197050,1980s
3197050,1990's
3197050,3D
3197050,Adventure
3197050,Atmospheric
3197050,Exploration
3197050,First-Person
3197050,Horror
3197050,Linear
3197050,Lore-Rich
3197050,Mystery
3197050,Psychological Horror
3197050,Puzzle
3197050,Realistic
3197050,Story Rich
3197050,Surreal
3197050,Thriller
3197050,VR
3197050,Walking Simulator
3197050,World War II
3205080,1990's
3205080,3D
3205080,Adventure
3205080,Atmospheric
3205080,Cartoon
3205080,Dark
3205080,Exploration
3205080,Horror
3205080,Indie
3205080,Linear
3205080,Lore-Rich
3205080,Mystery
3205080,Psychological Horror
3205080,Retro
3205080,Singleplayer
3205080,Story Rich
3205080,Stylized
3205080,Violent
3205080,Walking Simulator
3206520,2.5D
3206520,2D
3206520,Cartoon
3206520,Character Customization
3206520,Clicker
3206520,Dating Sim
3206520,Drama
3206520,Emotional
3206520,Level Editor
3206520,Martial Arts
3206520,Moddable
3206520,Multiple Endings
3206520,Mystery
3206520,RPG
3206520,Singleplayer
3206520,Story Rich
3206520,Strategy
3206520,Strategy RPG
3206520,Turn-Based Combat
3206520,Turn-Based Strategy
3207400,3D
3207400,Atmospheric
3207400,Dark
3207400,Demons
3207400,First-Person
3207400,Horror
3207400,Linear
3207400,Mystery
3207400,Psychological
3207400,Psychological Horror
3207400,Realistic
3207400,Simulation
3207400,Singleplayer
3207400,Story Rich
3207400,Supernatural
3207400,Thriller
3207400,Walking Simulator
3212530,3D
3212530,Adventure
3212530,Cartoon
3212530,Comedy
3212530,Comic Book
3212530,Controller
3212530,Cute
3212530,Female Protagonist
3212530,Hand-drawn
3212530,Horror
3212530,Indie
3212530,Linear
3212530,Mystery
3212530,Psychedelic
3212530,Singleplayer
3212530,Story Rich
3212530,Surreal
3212530,Third Person
3212530,Thriller
3212530,Walking Simulator
3217200,Action
3217200,Action-Adventure
3217200,Adventure
3217200,Aliens
3217200,Cartoony
3217200,Choose Your Own Adventure
3217200,Combat
3217200,Early Access
3217200,First-Person
3217200,Medieval
3217200,Mystery
3217200,Narration
3217200,Narrative
3217200,Post-apocalyptic
3217200,Puzzle
3217200,Singleplayer
3217200,Space
3217200,Story Rich
3217200,Swordplay
3217200,VR
3223830,2D
3223830,Adventure
3223830,Casual
3223830,Choices Matter
3223830,Colorful
3223830,Detective
3223830,Exploration
3223830,Female Protagonist
3223830,Hidden Object
3223830,Investigation
3223830,Logic
3223830,Minimalist
3223830,Multiple Endings
3223830,Mystery
3223830,Point & Click
3223830,Psychological Horror
3223830,Puzzle
3223830,RPG
3223830,Story Rich
3223830,Supernatural
3227870,2D
3227870,Adventure
3227870,Anime
3227870,Choices Matter
3227870,Detective
3227870,Drama
3227870,Emotional
3227870,Historical
3227870,Interactive Fiction
3227870,Investigation
3227870,Martial Arts
3227870,Multiple Endings
3227870,Mystery
3227870,Psychological Horror
3227870,Retro
3227870,Romance
3227870,RPG
3227870,Singleplayer
3227870,Story Rich
3227870,Visual Novel
3232990,Adventure
3232990,Atmospheric
3232990,Dark
3232990,Drama
3232990,Emotional
3232990,Exploration
3232990,First-Person
3232990,Indie
3232990,Interactive Fiction
3232990,Investigation
3232990,Mystery
3232990,Narration
3232990,Narrative
3232990,Puzzle
3232990,Singleplayer
3232990,Story Rich
3232990,Visual Novel
3232990,Walking Simulator
3232990,World War I
3261560,Adventure
3261560,Atmospheric
3261560,Cinematic
3261560,Crime
3261560,Drama
3261560,Emotional
3261560,Indie
3261560,Interactive Fiction
3261560,Lore-Rich
3261560,Multiple Endings
3261560,Mystery
3261560,Point & Click
3261560,Psychedelic
3261560,Psychological
3261560,Puzzle
3261560,Singleplayer
3261560,Story Rich
3261560,Stylized
3261560,Visual Novel
3261560,Word Game
3261900,3D
3261900,Adventure
3261900,Atmospheric
3261900,Casual
3261900,Colorful
3261900,Cute
3261900,Dark Comedy
3261900,Detective
3261900,Dinosaurs
3261900,Exploration
3261900,First-Person
3261900,Funny
3261900,Indie
3261900,Interactive Fiction
3261900,Mystery
3261900,Short
3261900,Singleplayer
3261900,Story Rich
3266160,3D
3266160,Action
3266160,Adventure
3266160,Atmospheric
3266160,Dark
3266160,Emotional
3266160,Exploration
3266160,First-Person
3266160,Gore
3266160,Hidden Object
3266160,Horror
3266160,Multiple Endings
3266160,Mystery
3266160,Narration
3266160,Psychological
3266160,Psychological Horror
3266160,Puzzle
3266160,Story Rich
3266160,Survival Horror
3266160,Walking Simulator
3269890,2D
3269890,2D Platformer
3269890,Adventure
3269890,Anime
3269890,Choose Your Own Adventure
3269890,Detective
3269890,Drama
3269890,Exploration
3269890,Horror
3269890,Illuminati
3269890,Mystery
3269890,Pixel Graphics
3269890,Point & Click
3269890,Psychological Horror
3269890,Singleplayer
3269890,Story Rich
3269890,Supernatural
3269890,Text-Based
3269890,Visual Novel
3269890,Well-Written
