,app_id
0,3286590
1,3284630
2,3283400
3,3282810
4,3282750
5,3281870
6,3276460
7,3274520
8,3273470
9,3273250
10,3273110
11,3270630
12,3270360
13,3270310
14,3269890
15,3268300
16,3266780
17,3266280
18,3266190
19,3266160
20,3265630
21,3264210
22,3263900
23,3261900
24,3261690
25,3261580
26,3261560
28,3260800
29,3260510
30,3260480
31,3260360
32,3259160
33,3258130
34,3258060
35,3256750
36,3256480
37,3254100
38,3253160
39,3253000
40,3252640
41,3251480
42,3250090
43,3250070
45,3249480
46,3249180
47,3249060
48,3248750
49,3248320
50,3247490
52,3246570
53,3245630
54,3244930
55,3244490
56,3244460
59,3243840
60,3243360
61,3242420
64,3242130
65,3242000
66,3241800
67,3240730
68,3239380
69,3239280
71,3238740
73,3238160
74,3238120
75,3237190
76,3237150
77,3235020
79,3234080
81,3232990
82,3232970
83,3232770
87,3231090
88,3230290
89,3230020
91,3229620
94,3227870
97,3226250
101,3225260
102,3224960
103,3224700
104,3224660
105,3223830
106,3223720
107,3222810
108,3222660
109,3221930
111,3220420
113,3219810
114,3219020
115,3218820
117,3218320
118,3218260
120,3218090
121,3217940
123,3217240
125,3217120
128,3214880
130,3214000
132,3213920
133,3213880
136,3212570
138,3212510
140,3211900
141,3211800
142,3211790
144,3210820
145,3209400
147,3208510
149,3207710
151,3207090
152,3206520
154,3206030
155,3205550
164,3202450
171,3199440
172,3199410
174,3199290
175,3199170
176,3199040
178,3197110
180,3196540
181,3196000
182,3195960
183,3195830
184,3195810
185,3195680
186,3194350
187,3194310
193,3193050
194,3192990
196,3192850
199,3191880
200,3191850
204,3189680
205,3189140
206,3188900
208,3187430
209,3187030
210,3186680
211,3186450
212,3186190
213,3185930
214,3185900
215,3185760
216,3185680
218,3185140
219,3184160
222,3183270
223,3183050
225,3182240
229,3179270
230,3179110
233,3177840
237,3176800
240,3176020
241,3175930
242,3175910
244,3175540
245,3175150
246,3174970
248,3174640
249,3174080
253,3173050
256,3172790
261,3171810
262,3171670
268,3169740
269,3169680
270,3169620
271,3169340
272,3169100
274,3168920
275,3168820
276,3168470
278,3168320
280,3167230
281,3166830
282,3166530
283,3166060
288,3165060
290,3164900
291,3164650
293,3164300
294,3164240
297,3163250
298,3163060
299,3162780
300,3162350
301,3162060
305,3160750
308,3160400
309,3160290
311,3160240
314,3158960
316,3157910
317,3157850
319,3157260
320,3157070
322,3156480
323,3156310
324,3156040
327,3155230
328,3154950
330,3154360
331,3153620
332,3153610
333,3153010
335,3152590
337,3152510
338,3152370
339,3152020
341,3151900
346,3151090
348,3150950
350,3150660
352,3150230
353,3150120
355,3149880
358,3148650
359,3148120
360,3148070
364,3147760
365,3147390
367,3147250
369,3146800
373,3146280
375,3145380
376,3145170
378,3144590
379,3144250
383,3143590
384,3143440
386,3142570
387,3142450
389,3142310
390,3141480
391,3141170
395,3139740
398,3139190
403,3137720
404,3137690
406,3136910
407,3136590
408,3136430
409,3136420
412,3136050
413,3136030
417,3135530
418,3135170
419,3135100
420,3134890
422,3134550
424,3134300
425,3134200
427,3133750
428,3133610
430,3133570
431,3133340
432,3133040
433,3132990
434,3132850
435,3132330
436,3132180
437,3132100
438,3132040
439,3131950
441,3131610
442,3130730
445,3130330
446,3129810
449,3129370
451,3127970
453,3127460
464,3125030
465,3124880
467,3124390
468,3123640
470,3123460
471,3123450
472,3123320
474,3123050
476,3122740
477,3122530
481,3121970
482,3121650
483,3121120
484,3121070
486,3120700
493,3119940
495,3119560
496,3119490
504,3118290
505,3118160
508,3117040
509,3116880
510,3116360
513,3115590
516,3115440
517,3115360
518,3115290
519,3114760
521,3114570
522,3114470
523,3114230
525,3114000
528,3113660
532,3113060
533,3111910
534,3111800
536,3111630
539,3111440
541,3111140
542,3110830
545,3110740
548,3110490
550,3110130
551,3110080
556,3108900
557,3108760
558,3108710
559,3108490
560,3108210
561,3108060
568,3107680
571,3107510
572,3107440
574,3107250
575,3107150
576,3106770
579,3105760
580,3105670
581,3105570
582,3105220
583,3105050
584,3104570
588,3104160
592,3103930
593,3103840
594,3103830
595,3103760
599,3103010
602,3102440
603,3102380
606,3102030
608,3101950
610,3101730
611,3101720
613,3101640
615,3101290
617,3101160
618,3101110
620,3100990
626,3100110
629,3099520
631,3099020
634,3098430
635,3097920
636,3097670
639,3096840
640,3096730
641,3096700
642,3096620
643,3096560
651,3095590
655,3095380
658,3095080
659,3095010
661,3094810
662,3094350
663,3094240
665,3094130
666,3093850
667,3093600
669,3093380
671,3092860
672,3092820
674,3092680
675,3092660
676,3092540
677,3092380
678,3092370
680,3091940
681,3091770
682,3091760
683,3091540
684,3091510
687,3091320
691,3090990
692,3090980
693,3090870
696,3089760
698,3089450
701,3089150
703,3089050
704,3088990
705,3088770
706,3088540
709,3088420
715,3086940
716,3086850
719,3086550
720,3086510
721,3085950
726,3085680
729,3084990
731,3084590
736,3083880
739,3083270
740,3083200
741,3083090
743,3082170
744,3082030
745,3081940
747,3081340
753,3080810
755,3080310
763,3079150
764,3079030
765,3078730
766,3078710
767,3078700
771,3078530
772,3078390
776,3077780
777,3077710
779,3077520
780,3077360
781,3077280
786,3077030
787,3076680
788,3076640
789,3076520
791,3076350
792,3076110
794,3075700
795,3075690
796,3075350
797,3075280
798,3075140
801,3074340
803,3074090
805,3073860
806,3073680
808,3073460
810,3073290
815,3072280
816,3072100
819,3071740
820,3071290
823,3071010
824,3070920
825,3070890
826,3070830
830,3070500
831,3070490
834,3070330
835,3070240
836,3070180
838,3069990
839,3069880
841,3069860
843,3069620
844,3069530
848,3069230
849,3069190
850,3069150
852,3068430
853,3068320
854,3068310
855,3068300
856,3068030
857,3067770
858,3067650
859,3067420
862,3067390
863,3067380
868,3067330
871,3067080
872,3067070
874,3067050
876,3067030
879,3066970
883,3066830
885,3066470
887,3066320
888,3066230
890,3066060
891,3065920
892,3065860
895,3065470
897,3065090
898,3064990
899,3064950
905,3064370
906,3064270
907,3064160
909,3064020
910,3064010
915,3063130
916,3063060
920,3062750
921,3062580
922,3062440
923,3062420
924,3062410
925,3062380
926,3062370
927,3062270
928,3062260
929,3062090
930,3062030
934,3061650
935,3061500
936,3061200
937,3061020
939,3060730
940,3060300
941,3060260
942,3060080
943,3059840
944,3059750
945,3059480
948,3059300
949,3059220
950,3059150
954,3058800
955,3058790
956,3058700
960,3058250
961,3058160
962,3058130
964,3058030
965,3057940
966,3057850
969,3057390
972,3056940
973,3056880
974,3056750
976,3056600
977,3056550
979,3056370
982,3056060
984,3055460
986,3055390
989,3055020
996,3054490
998,3054350
1002,3053370
1003,3053220
1006,3052450
1009,3051560
1011,3050630
1015,3050180
1016,3050100
1017,3050010
1020,3049550
1022,3049150
1023,3048820
1025,3048640
1033,3047580
1035,3047240
1037,3047030
1039,3046660
1040,3046430
1044,3046190
1045,3046080
1047,3045510
1048,3045080
1049,3045060
1050,3044960
1055,3044180
1058,3043870
1061,3043290
1063,3042990
1064,3042810
1065,3042720
1066,3042480
1067,3042450
1070,3042130
1072,3042010
1073,3041970
1074,3041960
1075,3041920
1076,3041890
1077,3041880
1081,3040440
1085,3039550
1088,3038790
1094,3037090
1097,3036970
1099,3036480
1101,3036410
1102,3036380
1106,3035190
1107,3035180
1108,3035020
1109,3034780
1110,3034720
1116,3034400
1117,3034390
1118,3034360
1119,3034140
1123,3033810
1125,3033620
1127,3033490
1130,3032950
1131,3032700
1133,3032650
1134,3032640
1135,3032630
1141,3032350
1143,3031360
1148,3030580
1149,3030550
1151,3030450
1152,3030210
1154,3029960
1155,3029830
1157,3029670
1159,3029150
1161,3028680
1164,3028440
1175,3027940
1178,3027780
1182,3027170
1183,3027160
1185,3026980
1189,3025940
1190,3025910
1198,3025630
1200,3025320
1202,3025200
1204,3025020
1207,3024640
1209,3023940
1210,3023890
1212,3023780
1213,3023610
1215,3023170
1216,3022840
1217,3022780
1219,3022740
1222,3022640
1224,3022140
1225,3022110
1226,3022060
1227,3022040
1228,3021940
1229,3021900
1230,3021730
1232,3021620
1233,3021540
1234,3021340
1238,3020870
1239,3020650
1240,3020580
1242,3020020
1244,3019780
1245,3019520
1246,3019380
1247,3019370
1252,3018880
1254,3018760
1257,3017540
1258,3017450
1262,3017090
1264,3016800
1265,3016780
1268,3016640
1270,3016580
1272,3016170
1275,3015610
1276,3015460
1278,3015260
1279,3015240
1287,3014590
1290,3014070
1298,3012820
1301,3012510
1303,3012370
1304,3012360
1310,3011370
1312,3011160
1319,3010230
1321,3009960
1330,3009520
1332,3009320
1333,3009040
1334,3008970
1336,3008520
1338,3008050
1340,3007340
1343,3007130
1344,3007020
1348,3006510
1352,3006310
1356,3005540
1357,3005370
1358,3005350
1360,3004950
1361,3004790
1364,3003570
1368,3003060
1374,3002090
1377,3001900
1379,3001590
1381,3001280
1384,3001060
1385,3000570
1387,3000490
1393,2999860
1403,2999540
1405,2999270
1406,2999260
1407,2999250
1418,2997890
1420,2997410
1421,2997400
1422,2997240
1423,2996990
1424,2996570
1425,2996520
1429,2996190
1430,2996170
1431,2996100
1432,2996090
1433,2995970
1434,2995790
1436,2995530
1437,2995500
1438,2995480
1440,2995230
1443,2994870
1446,2994430
1449,2993680
1452,2993480
1453,2993140
1458,2992440
1459,2992230
1460,2992200
1461,2992180
1462,2992050
1466,2991740
1467,2991730
1468,2991470
1477,2990220
1478,2990210
1481,2989820
1482,2989720
1484,2989390
1485,2989360
1486,2989060
1487,2988880
1488,2988850
1492,2988130
1494,2987860
1496,2987730
1500,2987620
1501,2987370
1513,2985610
1514,2985370
1518,2985050
1520,2984220
1521,2984030
1526,2983630
1527,2983510
1528,2983300
1531,2983070
1532,2983040
1533,2982600
1535,2982480
1537,2982280
1542,2981640
1543,2981610
1551,2981030
1552,2980050
1553,2979950
1556,2979760
1557,2979690
1558,2979650
1563,2978840
1570,2977800
1572,2977590
1576,2976700
1577,2976510
1585,2975350
1589,2974290
1592,2973950
1600,2973520
1602,2973390
1603,2973240
1606,2972870
1609,2972040
1611,2971870
1612,2971820
1613,2971510
1616,2971110
1617,2970080
1619,2969320
1623,2968900
1625,2968510
1626,2968460
1629,2968180
1631,2968160
1635,2967750
1636,2967590
1638,2967190
1640,2966790
1642,2966270
1649,2965290
1651,2964410
1657,2963870
1661,2963250
1662,2963130
1663,2962810
1664,2962750
1666,2962650
1680,2961230
1682,2960870
1688,2960560
1692,2960430
1693,2960320
1694,2960090
1696,2959450
1699,2959120
1701,2958770
1703,2957940
1704,2957910
1709,2956410
1716,2955410
1717,2955300
1720,2955100
1721,2955060
1725,2954810
1726,2954730
1727,2954600
1730,2954190
1731,2954120
1733,2953600
1734,2953560
1735,2953440
1736,2953230
1737,2953210
1739,2952910
1741,2952590
1742,2952580
1744,2952090
1745,2952080
1753,2951500
1754,2951460
1759,2950720
1764,2950030
1767,2949740
1770,2949480
1772,2949290
1774,2949250
1779,2947840
1785,2947640
1793,2946880
1794,2946720
1796,2946100
1801,2946010
1803,2945900
1804,2945430
1810,2945260
1813,2944990
1818,2944680
1821,2943950
1823,2943730
1831,2942810
1833,2942750
1838,2942420
1840,2942070
1844,2941600
1846,2941480
1848,2941310
1852,2940890
1853,2940870
1856,2940450
1859,2940120
1863,2939630
1866,2939500
1871,2938610
1872,2938050
1876,2937930
1879,2937710
1881,2937340
1882,2937280
1883,2936990
1884,2936420
1885,2936380
1886,2936360
1887,2936310
1889,2936220
1891,2936120
1892,2936090
1893,2936060
1894,2935910
1896,2935730
1898,2935360
1900,2935040
1909,2933700
1910,2933590
1913,2933290
1931,2931040
1935,2930660
1936,2930550
1941,2930280
1942,2930160
1946,2930010
1948,2929760
1958,2928920
1961,2928670
1967,2928490
1969,2928430
1978,2926810
1985,2925730
1986,2925640
1988,2925450
1989,2925430
1990,2925410
1991,2925340
1993,2925280
1997,2924880
2001,2924160
2006,2923450
2008,2923420
2010,2923300
2015,2923110
2018,2922800
2022,2922680
2023,2922610
2024,2922460
2028,2921890
2029,2921870
2030,2921860
2031,2921850
2032,2921840
2033,2921830
2036,2921800
2037,2921790
2038,2921780
2040,2921760
2041,2921740
2045,2921140
2046,2921000
2047,2920980
2048,2920970
2049,2920830
2051,2920690
2052,2920660
2054,2920580
2058,2920270
2059,2919980
2062,2919650
2063,2919290
2068,2918600
2071,2918520
2072,2918450
2075,2918150
2080,2917030
2081,2916970
2083,2916840
2084,2916780
2086,2916620
2087,2916580
2090,2916270
2099,2915930
2104,2915450
2107,2915050
2108,2914960
2109,2914740
2111,2914320
2113,2913680
2116,2912870
2117,2912110
2118,2911850
2120,2911800
2121,2911710
2130,2910850
2131,2910820
2132,2910810
2133,2910500
2136,2909680
2137,2909650
2139,2909280
2145,2908480
2149,2908040
2151,2907700
2156,2907260
2157,2907250
2158,2907240
2159,2907230
2160,2907220
2164,2906540
2168,2906200
2170,2906100
2172,2905970
2173,2905950
2174,2905890
2175,2905680
2177,2905170
2180,2904880
2181,2904860
2185,2904320
2187,2904170
2189,2904050
2192,2903780
2196,2903060
2200,2902320
2202,2902070
2203,2902000
2206,2901650
2207,2901550
2211,2901300
2212,2901290
2213,2901210
2215,2901040
2218,2900540
2219,2900530
2222,2900420
2223,2900410
2226,2899920
2227,2899890
2230,2899640
2233,2899450
2237,2899060
2241,2898970
2243,2898880
2248,2898250
2249,2898150
2254,2897580
2263,2896440
2265,2895990
2266,2895770
2267,2895600
2274,2895060
2275,2895050
2279,2893970
2280,2893830
2283,2893310
2284,2893010
2285,2892880
2293,2892470
2295,2892300
2296,2892290
2298,2892260
2302,2891920
2303,2891770
2308,2891200
2312,2890990
2313,2890580
2314,2890300
2316,2890000
2318,2889840
2321,2889630
2329,2888980
2331,2888860
2335,2888340
2338,2888030
2339,2888010
2342,2887870
2343,2887860
2344,2887780
2351,2886920
2353,2886660
2354,2886590
2355,2886500
2356,2886480
2357,2886450
2358,2886440
2359,2885990
2360,2885880
2361,2885580
2362,2885400
2363,2885230
2364,2884650
2365,2884590
2366,2884490
2367,2884480
2368,2884210
2369,2884190
2370,2884020
2371,2883660
2372,2883630
2373,2883620
2374,2883610
2375,2883430
2376,2883280
2377,2883210
2378,2883070
2379,2883050
2380,2882870
2381,2882810
2382,2882710
2383,2882700
2384,2882610
2385,2882440
2386,2882080
2387,2881870
2388,2881830
2389,2881810
2390,2881650
2391,2881430
2392,2881360
2393,2881270
2394,2881230
2395,2881090
2396,2880990
2397,2880780
2398,2880750
2399,2880650
2400,2880530
2401,2880460
2402,2880310
2403,2880220
2404,2880180
2405,2880130
2406,2880120
2407,2880010
2408,2879720
2409,2879670
2410,2879560
2411,2879490
2412,2879480
2413,2879300
2414,2879090
2415,2879050
2416,2879030
2417,2879000
2418,2878980
2419,2878720
2420,2878710
2421,2878680
2422,2878600
2423,2878420
2424,2878410
2425,2878360
2426,2878350
2427,2878340
2428,2878330
2429,2878320
2430,2878310
2431,2878280
2432,2878270
2433,2878180
2434,2878140
2435,2878100
2436,2878060
2437,2878040
2438,2878000
2439,2877950
2440,2877880
2441,2877790
2442,2877720
2443,2877690
2444,2877640
2445,2877340
2446,2877240
2447,2877030
2448,2877020
2449,2876980
2450,2876920
2451,2876880
2452,2876250
2453,2875960
2454,2875910
2455,2875740
2456,2875650
2457,2875640
2458,2875520
2459,2875490
2460,2875400
2461,2875280
2462,2875140
2463,2875110
2464,2875100
2465,2875090
2466,2875030
2467,2874860
2468,2874780
2469,2874660
2470,2874610
2471,2874360
2472,2874300
2473,2874290
2474,2874230
2475,2873820
2476,2873800
2477,2873760
2478,2873740
2479,2873620
2480,2873430
2481,2873190
2482,2873170
2483,2873130
2484,2873090
2485,2873010
2486,2872990
2487,2872930
2488,2872860
2489,2872810
2490,2872800
2491,2872730
2492,2872700
2493,2872620
2494,2872580
2495,2872110
2496,2871940
2497,2871930
2498,2871860
2499,2871590
2500,2871580
2501,2871500
2502,2871180
2503,2870950
2504,2870840
2505,2870810
2506,2870710
2507,2870660
2508,2870580
2509,2870570
2510,2870420
2511,2870280
2512,2870110
2513,2870010
2514,2869960
2515,2869800
2516,2869610
2517,2869520
2518,2869340
2519,2869050
2520,2869000
2521,2868950
2522,2868820
2523,2868740
2524,2868700
2525,2868600
2526,2868430
2527,2868270
2528,2868260
2529,2868110
2530,2868070
2531,2868060
2532,2867840
2533,2867690
2534,2867510
2535,2867440
2536,2867410
2537,2867380
2538,2867360
2539,2867190
2540,2866910
2541,2866830
2542,2866710
2543,2866640
2544,2866600
2545,2866580
2546,2866550
2547,2866540
2548,2866410
2549,2866360
2550,2866250
2551,2866120
2552,2866000
2553,2865930
2554,2865920
2555,2865910
2556,2865900
2557,2865870
2558,2865840
2559,2865830
2560,2865800
2561,2865790
2562,2865700
2563,2865640
2564,2865590
2565,2865580
2566,2865490
2567,2865440
2568,2865360
2569,2865230
2570,2864890
2571,2864860
2572,2864830
2573,2864700
2574,2864680
2575,2864500
2576,2864390
2577,2864300
2578,2864210
2579,2864110
2580,2864100
2581,2863840
2582,2863820
2583,2863810
2584,2863790
2585,2863690
2586,2863330
2587,2863090
2588,2863070
2589,2863050
2590,2863000
2591,2862990
2592,2862970
2593,2862730
2594,2862670
2595,2862660
2596,2862610
2597,2862590
2598,2862580
2599,2862440
2600,2862430
2601,2862350
2602,2862220
2603,2862060
2604,2862050
2605,2862040
2606,2862030
2607,2862020
2608,2861860
2609,2861750
2610,2861560
2611,2861150
2612,2860950
2613,2860570
2614,2860510
2615,2860450
2616,2860270
2617,2860190
2618,2860150
2619,2860090
2620,2860000
2621,2859870
2622,2859810
2623,2859800
2624,2859450
2625,2859300
2626,2859060
2627,2858930
2628,2858840
2629,2858790
2630,2858430
2631,2858420
2632,2858410
2633,2858400
2634,2858390
2635,2858380
2636,2858180
2637,2858130
2638,2858050
2639,2857940
2640,2857880
2641,2857730
2642,2857690
2643,2857580
2644,2857560
2645,2856870
2646,2856650
2647,2856590
2648,2856570
2649,2856490
2650,2856370
2651,2856090
2652,2856040
2653,2856030
2654,2855990
2655,2855940
2656,2855820
2657,2855480
2658,2854950
2659,2854780
2660,2854770
2661,2854710
2662,2854690
2663,2854480
2664,2854370
2665,2854350
2666,2854290
2667,2854170
2668,2854140
2669,2854130
2670,2853840
2671,2853790
2672,2853730
2673,2853610
2674,2853180
2675,2853130
2676,2852980
2677,2852930
2678,2852880
2679,2852770
2680,2852710
2681,2852620
2682,2852500
2683,2852390
2684,2852210
2685,2852100
2686,2851820
2687,2851770
2688,2851730
2689,2851700
2690,2851690
2691,2851620
2692,2851430
2693,2851290
2694,2851150
2695,2851020
2696,2850970
2697,2850950
2698,2850920
2699,2850850
2700,2850820
2701,2850750
2702,2850690
2703,2850660
2704,2850640
2705,2850630
2706,2850560
2707,2850410
2708,2850400
2709,2850380
2710,2850350
2711,2850310
2712,2850300
2713,2850240
2714,2850170
2715,2850150
2716,2850100
2717,2850050
2718,2850000
2719,2849960
2720,2849870
2721,2849850
2722,2849730
2723,2849690
2724,2849680
2725,2849430
2726,2849080
2727,2849070
2728,2848660
2729,2848610
2730,2848420
2731,2848390
2732,2848070
2733,2847980
2734,2847850
2735,2847640
2736,2847430
2737,2847420
2738,2847400
2739,2847310
2740,2847250
2741,2847110
2742,2846810
2743,2846790
2744,2846750
2745,2846690
2746,2846290
2747,2846210
2748,2846200
2749,2846070
2750,2846060
2751,2845930
2752,2845860
2753,2845840
2754,2845630
2755,2845620
2756,2845400
2757,2845370
2758,2845320
2759,2845270
2760,2845260
2761,2845250
2762,2845220
2763,2845200
2764,2845190
2765,2845160
2766,2845150
2767,2845120
2768,2845080
2769,2845070
2770,2844990
2771,2844810
2772,2844700
2773,2844620
2774,2844520
2775,2844450
2776,2844310
2777,2844250
2778,2844240
2779,2843830
2780,2843550
2781,2843540
2782,2843530
2783,2843410
2784,2843340
2785,2843170
2786,2843130
2787,2843110
2788,2843090
2789,2842890
2790,2842880
2791,2842870
2792,2842860
2793,2842790
2794,2842600
2795,2842590
2796,2842570
2797,2842430
2798,2842420
2799,2842380
2800,2842120
2801,2842110
2802,2841950
2803,2841830
2804,2841720
2805,2841610
2806,2841520
2807,2841200
2808,2841130
2809,2841110
2810,2841070
2811,2841060
2812,2841010
2813,2840990
2814,2840960
2815,2840900
2816,2840890
2817,2840770
2818,2840690
2819,2840530
2820,2840480
2821,2840250
2822,2840210
2823,2840020
2824,2839990
2825,2839670
2826,2839600
2827,2839500
2828,2839480
2829,2839450
2830,2839430
2831,2839420
2832,2839290
2833,2839280
2834,2839200
2835,2839040
2836,2838930
2837,2838870
2838,2838550
2839,2838510
2840,2838400
2841,2838380
2842,2838040
2843,2837920
2844,2837870
2845,2837760
2846,2837640
2847,2837610
2848,2837600
2849,2837470
2850,2837460
2851,2837420
2852,2837370
2853,2837360
2854,2837350
2855,2837340
2856,2837330
2857,2837320
2858,2837310
2859,2837300
2860,2837280
2861,2836940
2862,2836830
2863,2836820
2864,2836810
2865,2836760
2866,2836550
2867,2836450
2868,2836290
2869,2836280
2870,2836010
2871,2835750
2872,2835590
2873,2835570
2874,2835540
2875,2835480
2876,2835410
2877,2835190
2878,2835180
2879,2835060
2880,2835030
2881,2834910
2882,2834780
2883,2834430
2884,2834400
2885,2834370
2886,2834330
2887,2834320
2888,2834220
2889,2834180
2890,2833960
2891,2833950
2892,2833860
2893,2833830
2894,2833820
2895,2833810
2896,2833590
2897,2833530
2898,2833170
2899,2832810
2900,2832790
2901,2832650
2902,2832630
2903,2832620
2904,2832580
2905,2832560
2906,2832490
2907,2832400
2908,2832380
2909,2832330
2910,2832320
2911,2832220
2912,2832170
2913,2832020
2914,2831910
2915,2831590
2916,2831340
2917,2831060
2918,2830890
2919,2830870
2920,2830720
2921,2830700
2922,2830690
2923,2830680
2924,2830670
2925,2830620
2926,2830430
2927,2830250
2928,2829910
2929,2829890
2930,2829790
2931,2829760
2932,2829600
2933,2829370
2934,2829320
2935,2829270
2936,2829240
2937,2829210
2938,2829100
2939,2828960
2940,2828930
2941,2828890
2942,2828860
2943,2828820
2944,2828790
2945,2828500
2946,2828260
2947,2828210
2948,2827860
2949,2827810
2950,2827780
2951,2827610
2952,2827520
2953,2827500
2954,2827460
2955,2827450
2956,2827310
2957,2827240
2958,2826800
2959,2826690
2960,2826570
2961,2826540
2962,2826180
2963,2826110
2964,2825870
2965,2825730
2966,2825600
2967,2825510
2968,2825400
2969,2825310
2970,2825300
2971,2825250
2972,2825210
2973,2825180
2974,2825110
2975,2825070
2976,2824930
2977,2824710
2978,2824670
2979,2824660
2980,2824470
2981,2824290
2982,2824230
2983,2824210
2984,2824160
2985,2824140
2986,2824080
2987,2824030
2988,2823890
2989,2823860
2990,2823400
2991,2823140
2992,2823080
2993,2822380
2994,2822030
2995,2822010
2996,2821920
2997,2821890
2998,2821860
2999,2821850
3000,2821830
3001,2821810
3002,2821800
3003,2821440
3004,2821400
3005,2821220
3006,2821040
3007,2821020
3008,2820940
3009,2820800
3010,2820790
3011,2820680
3012,2820650
3013,2820600
3014,2820590
3015,2820350
3016,2820310
3017,2820200
3018,2820160
3019,2820140
3020,2820130
3021,2820110
3022,2820100
3023,2820000
3024,2819970
3025,2819940
3026,2819520
3027,2819490
3028,2819300
3029,2819180
3030,2819120
3031,2819110
3032,2818980
3033,2818640
3034,2818510
3035,2818450
3036,2818390
3037,2818260
3038,2817970
3039,2817690
3040,2817620
3041,2817530
3042,2817520
3043,2817480
3044,2817210
3045,2817190
3046,2817140
3047,2816950
3048,2816940
3049,2816920
3050,2816710
3051,2816590
3052,2816580
3053,2816570
3054,2816530
3055,2816520
3056,2816140
3057,2815960
3058,2815840
3059,2815830
3060,2815770
3061,2815750
3062,2815690
3063,2815610
3064,2815530
3065,2815150
3066,2815120
3067,2815110
3068,2814950
3069,2814910
3070,2814870
3071,2814790
3072,2814760
3073,2814710
3074,2814660
3075,2814650
3076,2814610
3077,2814540
3078,2814340
3079,2814280
3080,2814270
3081,2814080
3082,2813760
3083,2813750
3084,2813710
3085,2813460
3086,2813380
3087,2813280
3088,2813170
3089,2812910
3090,2812850
3091,2812820
3092,2812490
3093,2812480
3094,2812430
3095,2812380
3096,2812240
3097,2812180
3098,2812040
3099,2811910
3100,2811860
3101,2811830
3102,2811760
3103,2811660
3104,2811580
3105,2811360
3106,2811250
3107,2811200
3108,2811110
3109,2811080
3110,2811000
3111,2810880
3112,2810780
3113,2810690
3114,2810650
3115,2810580
3116,2810330
3117,2810170
3118,2810120
3119,2810110
3120,2810090
3121,2809920
3122,2809830
3123,2809570
3124,2809510
3125,2809430
3126,2809370
3127,2809240
3128,2809170
3129,2809090
3130,2808930
3131,2808790
3132,2808780
3133,2808770
3134,2808760
3135,2808630
3136,2808570
3137,2808490
3138,2808320
3139,2808270
3140,2808130
3141,2807600
3142,2807490
3143,2807430
3144,2807390
3145,2807360
3146,2807340
3147,2807320
3148,2807310
3149,2807290
3150,2807250
3151,2807240
3152,2807210
3153,2807180
3154,2807150
3155,2806890
3156,2806830
3157,2806660
3158,2806530
3159,2806410
3160,2806350
3161,2806230
3162,2805960
3163,2805680
3164,2805660
3165,2805650
3166,2805640
3167,2805630
3168,2805620
3169,2805610
3170,2805530
3171,2805330
3172,2805230
3173,2805210
3174,2805130
3175,2805060
3176,2805040
3177,2804960
3178,2804740
3179,2804690
3180,2804620
3181,2804610
3182,2804580
3183,2804540
3184,2804510
3185,2804490
3186,2804470
3187,2804390
3188,2804310
3189,2804300
3190,2804250
3191,2804200
3192,2803950
3193,2803900
3194,2803860
3195,2803810
3196,2803660
3197,2803640
3198,2803360
3199,2803280
3200,2803230
3201,2803140
3202,2803060
3203,2803010
3204,2803000
3205,2802790
3206,2802690
3207,2802670
3208,2802660
3209,2802550
3210,2802520
3211,2802140
3212,2802110
3213,2802060
3214,2801010
3215,2800980
3216,2800950
3217,2800890
3218,2800770
3219,2800680
3220,2800530
3221,2800520
3222,2800510
3223,2800500
3224,2800450
3225,2800170
3226,2800150
3227,2800020
3228,2799950
3229,2799940
3230,2799930
3231,2799740
3232,2799690
3233,2799640
3234,2799560
3235,2799360
3236,2799320
3237,2799110
3238,2799040
3239,2798950
3240,2798880
3241,2798810
3242,2798600
3243,2798420
3244,2798100
3245,2798090
3246,2797900
3247,2797440
3248,2797340
3249,2797310
3250,2797180
3251,2797170
3252,2797120
3253,2797000
3254,2796920
3255,2796650
3256,2796590
3257,2796550
3258,2796460
3259,2796410
3260,2796340
3261,2796230
3262,2796210
3263,2796180
3264,2796140
3265,2796130
3266,2796020
3267,2795860
3268,2795840
3269,2795750
3270,2795640
3271,2795380
3272,2795310
3273,2795270
3274,2795120
3275,2795060
3276,2795030
3277,2795000
3278,2794860
3279,2794400
3280,2794290
3281,2794180
3282,2794050
3283,2793980
3284,2793860
3285,2793820
3286,2793810
3287,2793690
3288,2793680
3289,2793460
3290,2793380
3291,2793370
3292,2793310
3293,2793290
3294,2793250
3295,2793240
3296,2793220
3297,2793110
3298,2792960
3299,2792740
3300,2792420
3301,2792380
3302,2792340
3303,2792080
3304,2791880
3305,2791850
3306,2791700
3307,2791650
3308,2791570
3309,2791560
3310,2791380
3311,2791360
3312,2791300
3313,2791290
3314,2791240
3315,2791210
3316,2791180
3317,2791140
3318,2791080
3319,2791030
3320,2791020
3321,2791010
3322,2790800
3323,2790790
3324,2790680
3325,2790500
3326,2790320
3327,2790180
3328,2789870
3329,2789810
3330,2789770
3331,2789750
3332,2789420
3333,2789300
3334,2789280
3335,2788960
3336,2788870
3337,2788630
3338,2788600
3339,2788520
3340,2788360
3341,2788340
3342,2788310
3343,2788200
3344,2788150
3345,2787960
3346,2787920
3347,2787890
3348,2787630
3349,2787610
3350,2787590
3351,2787460
3352,2787350
3353,2787300
3354,2787050
3355,2786990
3356,2786870
3357,2786840
3358,2786830
3359,2786780
3360,2786700
3361,2786690
3362,2786680
3363,2786450
3364,2786360
3365,2786310
3366,2786250
3367,2786240
3368,2786160
3369,2785980
3370,2785920
3371,2785850
3372,2785800
3373,2785750
3374,2785690
3375,2785480
3376,2785450
3377,2785180
3378,2785170
3379,2784980
3380,2784970
3381,2784960
3382,2784910
3383,2784840
3384,2784660
3385,2784640
3386,2784540
3387,2784260
3388,2784250
3389,2784080
3390,2783880
3391,2783840
3392,2783610
3393,2783560
3394,2782570
3395,2782540
3396,2782530
3397,2782400
3398,2782380
3399,2782340
3400,2782290
3401,2782280
3402,2781960
3403,2781750
3404,2781740
3405,2781720
3406,2781370
3407,2781320
3408,2781250
3409,2781210
3410,2781170
3411,2781010
3412,2780980
3413,2780940
3414,2780930
3415,2780880
3416,2780740
3417,2780660
3418,2780640
3419,2780610
3420,2780410
3421,2780350
3422,2780310
3423,2780270
3424,2780140
3425,2779910
3426,2779890
3427,2779850
3428,2779680
3429,2779460
3430,2779440
3431,2779430
3432,2779390
3433,2779230
3434,2779220
3435,2779170
3436,2779130
3437,2779090
3438,2778760
3439,2778740
3440,2778600
3441,2778500
3442,2778480
3443,2778460
3444,2778420
3445,2778320
3446,2778250
3447,2778080
3448,2777820
3449,2777780
3450,2777740
3451,2777720
3452,2777670
3453,2777630
3454,2777550
3455,2777390
3456,2777230
3457,2777210
3458,2777190
3459,2777030
3460,2777000
3461,2776950
3462,2776810
3463,2776790
3464,2776750
3465,2776640
3466,2776630
3467,2776570
3468,2776550
3469,2776500
3470,2776290
3471,2776280
3472,2776230
3473,2776180
3474,2775910
3475,2775690
3476,2775500
3477,2775350
3478,2775310
3479,2775180
3480,2775110
3481,2775050
3482,2775030
3483,2774980
3484,2774830
3485,2774650
3486,2774580
3487,2774540
3488,2774490
3489,2774480
3490,2774380
3491,2774240
3492,2774190
3493,2774110
3494,2773930
3495,2773890
3496,2773870
3497,2773640
3498,2773600
3499,2773590
3500,2773570
3501,2773520
3502,2773460
3503,2773380
3504,2773230
3505,2773160
3506,2773120
3507,2772990
3508,2772900
3509,2772890
3510,2772830
3511,2772750
3512,2772720
3513,2772660
3514,2772650
3515,2772640
3516,2772630
3517,2772600
3518,2772560
3519,2772470
3520,2772460
3521,2772430
3522,2772410
3523,2772390
3524,2772300
3525,2771980
3526,2771860
3527,2771670
3528,2771650
3529,2771550
3530,2771320
3531,2771170
3532,2770470
3533,2770340
3534,2770280
3535,2770160
3536,2769820
3537,2769580
3538,2769410
3539,2769380
3540,2769310
3541,2769260
3542,2769250
3543,2769210
3544,2769100
3545,2769080
3546,2768590
3547,2768260
3548,2768050
3549,2767990
3550,2767570
3551,2767540
3552,2767520
3553,2767480
3554,2767210
3555,2767160
3556,2767010
3557,2766900
3558,2766860
3559,2766770
3560,2766760
3561,2766650
3562,2766540
3563,2766480
3564,2766450
3565,2766400
3566,2766290
3567,2766060
3568,2765860
3569,2765760
3570,2765750
3571,2765660
3572,2765600
3573,2765540
3574,2765460
3575,2765300
3576,2765200
3577,2765080
3578,2765030
3579,2764860
3580,2764850
3581,2764840
3582,2764830
3583,2764690
3584,2764490
3585,2764370
3586,2764200
3587,2764070
3588,2764050
3589,2763820
3590,2763740
3591,2763670
3592,2763510
3593,2763430
3594,2763420
3595,2763050
3596,2763000
3597,2762980
3598,2762940
3599,2762810
3600,2762710
3601,2762390
3602,2762290
3603,2762230
3604,2762110
3605,2761970
3606,2761960
3607,2761940
3608,2761920
3609,2761670
3610,2761620
3611,2761610
3612,2761580
3613,2761570
3614,2761510
3615,2761500
3616,2761490
3617,2761340
3618,2761240
3619,2761130
3620,2761100
3621,2760650
3622,2760500
3623,2759910
3624,2759900
3625,2759810
3626,2759770
3627,2759240
3628,2759230
3629,2759170
3630,2759160
3631,2759050
3632,2758550
3633,2758540
3634,2758490
3635,2758420
3636,2758350
3637,2758320
3638,2758290
3639,2758280
3640,2758260
3641,2758210
3642,2758030
3643,2758000
3644,2757850
3645,2757840
3646,2757770
3647,2757720
3648,2757630
3649,2757610
3650,2757600
3651,2757540
3652,2757520
3653,2757500
3654,2757490
3655,2757350
3656,2757330
3657,2757250
3658,2757220
3659,2757030
3660,2756860
3661,2756830
3662,2756820
3663,2756780
3664,2756770
3665,2756700
3666,2756570
3667,2756470
3668,2756450
3669,2756390
3670,2756380
3671,2756320
3672,2756120
3673,2755870
3674,2755810
3675,2755700
3676,2755460
3677,2755450
3678,2755410
3679,2755330
3680,2755210
3681,2754840
3682,2754830
3683,2754700
3684,2754690
3685,2754660
3686,2754530
3687,2754490
3688,2754340
3689,2754170
3690,2754120
3691,2753820
3692,2753730
3693,2753720
3694,2753660
3695,2753620
3696,2753570
3697,2753520
3698,2753330
3699,2753270
3700,2753240
3701,2753200
3702,2753100
3703,2752930
3704,2752850
3705,2752840
3706,2752770
3707,2752750
3708,2752720
3709,2752680
3710,2752660
3711,2752530
3712,2752330
3713,2752250
3714,2752230
3715,2752100
3716,2752040
3717,2751810
3718,2751720
3719,2751610
3720,2751580
3721,2751370
3722,2751350
3723,2751340
3724,2751330
3725,2751320
3726,2751310
3727,2751230
3728,2751220
3729,2751050
3730,2751020
3731,2751000
3732,2750960
3733,2750920
3734,2750690
3735,2750680
3736,2750480
3737,2750210
3738,2750080
3739,2749930
3740,2749770
3741,2749730
3742,2749660
3743,2749650
3744,2749350
3745,2749100
3746,2749000
3747,2748930
3748,2748880
3749,2748840
3750,2748600
3751,2748470
3752,2748450
3753,2748400
3754,2748050
3755,2747780
3756,2747740
3757,2747720
3758,2747610
3759,2747470
3760,2746960
3761,2746910
3762,2746760
3763,2746700
3764,2746630
3765,2746610
3766,2746490
3767,2746420
3768,2746220
3769,2746200
3770,2746030
3771,2746000
3772,2745900
3773,2745800
3774,2745740
3775,2745710
3776,2745660
3777,2745620
3778,2745610
3779,2745420
3780,2745220
3781,2745110
3782,2744900
3783,2744890
3784,2744880
3785,2744840
3786,2744650
3787,2744640
3788,2744420
3789,2744410
3790,2744340
3791,2744260
3792,2744230
3793,2744150
3794,2744080
3795,2744040
3796,2743970
3797,2743860
3798,2743770
3799,2743700
3800,2743650
3801,2743540
3802,2743320
3803,2743220
3804,2743080
3805,2743060
3806,2743030
3807,2742940
3808,2742750
3809,2742620
3810,2742250
3811,2742180
3812,2742150
3813,2742140
3814,2742040
3815,2742010
3816,2741950
3817,2741620
3818,2741560
3819,2741490
3820,2741440
3821,2741360
3822,2741320
3823,2741290
3824,2741260
3825,2741230
3826,2741110
3827,2741090
3828,2741070
3829,2740350
3830,2740280
3831,2740180
3832,2740090
3833,2740080
3834,2740040
3835,2740000
3836,2739990
3837,2739980
3838,2739930
3839,2739900
3840,2739830
3841,2739700
3842,2739620
3843,2739600
3844,2739590
3845,2739120
3846,2738940
3847,2738900
3848,2738890
3849,2738870
3850,2738750
3851,2738710
3852,2738670
3853,2738480
3854,2738430
3855,2738420
3856,2738380
3857,2738320
3858,2738080
3859,2738050
3860,2738000
3861,2737980
3862,2737970
3863,2737960
3864,2737580
3865,2737320
3866,2737300
3867,2737260
3868,2737100
3869,2736950
3870,2736910
3871,2736780
3872,2736740
3873,2736710
3874,2736650
3875,2736490
3876,2736480
3877,2736390
3878,2736290
3879,2736230
3880,2736220
3881,2736210
3882,2736200
3883,2736150
3884,2736020
3885,2735950
3886,2735930
3887,2735870
3888,2735700
3889,2735690
3890,2735630
3891,2735620
3892,2735540
3893,2735510
3894,2735220
3895,2735060
3896,2735020
3897,2734920
3898,2734830
3899,2734520
3900,2734450
3901,2734310
3902,2733920
3903,2733910
3904,2733820
3905,2733690
3906,2733530
3907,2733080
3908,2732980
3909,2732970
3910,2732960
3911,2732820
3912,2732730
3913,2732640
3914,2732610
3915,2732510
3916,2732500
3917,2732490
3918,2732240
3919,2732100
3920,2732020
3921,2731920
3922,2731880
3923,2731740
3924,2731650
3925,2731640
3926,2731530
3927,2731400
3928,2731300
3929,2731230
3930,2731180
3931,2730890
3932,2730800
3933,2730680
3934,2730650
3935,2730590
3936,2730580
3937,2730550
3938,2730480
3939,2730440
3940,2730350
3941,2730320
3942,2730270
3943,2730180
3944,2730090
3945,2730020
3946,2729940
3947,2729640
3948,2729600
3949,2729520
3950,2729480
3951,2729360
3952,2729250
3953,2729000
3954,2728990
3955,2728950
3956,2728910
3957,2728750
3958,2728250
3959,2728190
3960,2728080
3961,2728040
3962,2727850
3963,2727810
3964,2727670
3965,2727650
3966,2727570
3967,2727550
3968,2727470
3969,2727440
3970,2727350
3971,2727210
3972,2727020
3973,2726930
3974,2726910
3975,2726890
3976,2726870
3977,2726720
3978,2726680
3979,2726560
3980,2726490
3981,2726450
3982,2726320
3983,2726240
3984,2726180
3985,2726160
3986,2726130
3987,2726120
3988,2726100
3989,2726080
3990,2726020
3991,2725930
3992,2725770
3993,2725700
3994,2725650
3995,2725560
3996,2725530
3997,2725460
3998,2725420
3999,2725320
4000,2725260
4001,2725240
4002,2725200
4003,2725190
4004,2725160
4005,2725090
4006,2725080
4007,2724810
4008,2724740
4009,2724630
4010,2724570
4011,2724540
4012,2723880
4013,2723820
4014,2723730
4015,2723680
4016,2723640
4017,2723540
4018,2723520
4019,2723480
4020,2723460
4021,2723450
4022,2723390
4023,2723270
4024,2723220
4025,2722860
4026,2722820
4027,2722740
4028,2722710
4029,2722640
4030,2722570
4031,2722480
4032,2722380
4033,2722360
4034,2722310
4035,2722270
4036,2722210
4037,2722200
4038,2722020
4039,2721710
4040,2721530
4041,2721240
4042,2721150
4043,2720950
4044,2720840
4045,2720740
4046,2720700
4047,2720430
4048,2720360
4049,2720270
4050,2720010
4051,2719970
4052,2719950
4053,2719920
4054,2719840
4055,2719830
4056,2719730
4057,2719710
4058,2719650
4059,2719600
4060,2719420
4061,2719400
4062,2719290
4063,2719250
4064,2719200
4065,2719190
4066,2719160
4067,2719150
4068,2719060
4069,2719030
4070,2719020
4071,2718730
4072,2718720
4073,2718570
4074,2718450
4075,2718200
4076,2718190
4077,2718150
4078,2718010
4079,2717930
4080,2717880
4081,2717850
4082,2717810
4083,2717800
4084,2717750
4085,2717710
4086,2717610
4087,2717570
4088,2717480
4089,2717450
4090,2717310
4091,2717260
4092,2717120
4093,2717080
4094,2717050
4095,2717010
4096,2717000
4097,2716940
4098,2716930
4099,2716820
4100,2716750
4101,2716690
4102,2716550
4103,2716540
4104,2716520
4105,2716270
4106,2716230
4107,2716200
4108,2716140
4109,2716120
4110,2716110
4111,2716030
4112,2715980
4113,2715960
4114,2715910
4115,2715810
4116,2715720
4117,2715700
4118,2715680
4119,2715660
4120,2715650
4121,2715590
4122,2715420
4123,2715280
4124,2715240
4125,2715090
4126,2715060
4127,2715020
4128,2714970
4129,2714600
4130,2714330
4131,2714210
4132,2714170
4133,2713990
4134,2713760
4135,2713460
4136,2713390
4137,2713070
4138,2712930
4139,2712910
4140,2712810
4141,2712750
4142,2712580
4143,2712570
4144,2712550
4145,2712540
4146,2712480
4147,2712450
4148,2712400
4149,2712340
4150,2711630
4151,2711610
4152,2711590
4153,2711350
4154,2711320
4155,2711240
4156,2711230
4157,2711070
4158,2710970
4159,2710950
4160,2710660
4161,2710580
4162,2710560
4163,2710450
4164,2710420
4165,2710380
4166,2710320
4167,2710290
4168,2710260
4169,2710060
4170,2710010
4171,2709980
4172,2709940
4173,2709900
4174,2709800
4175,2709710
4176,2709700
4177,2709590
4178,2709570
4179,2709440
4180,2709300
4181,2709220
4182,2709190
4183,2709060
4184,2708990
4185,2708800
4186,2708790
4187,2708720
4188,2708710
4189,2708610
4190,2708570
4191,2708500
4192,2708480
4193,2708450
4194,2708320
4195,2708280
4196,2708210
4197,2707990
4198,2707970
4199,2707940
4200,2707930
4201,2707900
4202,2707860
4203,2707610
4204,2707520
4205,2707500
4206,2707410
4207,2707400
4208,2707390
4209,2707380
4210,2707360
4211,2707350
4212,2707340
4213,2707300
4214,2707280
4215,2707150
4216,2707140
4217,2707090
4218,2707040
4219,2706960
4220,2706950
4221,2706940
4222,2706900
4223,2706460
4224,2706450
4225,2706390
4226,2706370
4227,2706300
4228,2706290
4229,2706210
4230,2706140
4231,2705800
4232,2705370
4233,2705240
4234,2705230
4235,2704770
4236,2704720
4237,2704710
4238,2704660
4239,2704510
4240,2704370
4241,2704360
4242,2704280
4243,2704270
4244,2704120
4245,2704110
4246,2704060
4247,2703910
4248,2703850
4249,2703750
4250,2703550
4251,2703340
4252,2703300
4253,2703280
4254,2703270
4255,2703260
4256,2703250
4257,2703240
4258,2703230
4259,2703220
4260,2703210
4261,2703200
4262,2703190
4263,2703180
4264,2703100
4265,2703070
4266,2702700
4267,2702660
4268,2702570
4269,2702470
4270,2702360
4271,2702220
4272,2702080
4273,2702050
4274,2702020
4275,2702010
4276,2701910
4277,2701730
4278,2701700
4279,2701610
4280,2701590
4281,2701560
4282,2701510
4283,2701450
4284,2701420
4285,2701410
4286,2701350
4287,2701250
4288,2701240
4289,2701210
4290,2701170
4291,2701120
4292,2701080
4293,2701060
4294,2701050
4295,2701020
4296,2700970
4297,2700960
4298,2700950
4299,2700910
4300,2700780
4301,2700620
4302,2700570
4303,2700510
4304,2700380
4305,2700240
4306,2700230
4307,2700120
4308,2700100
4309,2700090
4310,2700080
4311,2700050
4312,2700030
4313,2699930
4314,2699880
4315,2699690
4316,2699670
4317,2699660
4318,2699630
4319,2699510
4320,2699340
4321,2699290
4322,2699250
4323,2699240
4324,2699000
4325,2698940
4326,2698910
4327,2698820
4328,2698780
4329,2698730
4330,2698600
4331,2698590
4332,2698560
4333,2698550
4334,2698540
4335,2698450
4336,2698350
4337,2698340
4338,2698300
4339,2698250
4340,2698230
4341,2698190
4342,2698110
4343,2697890
4344,2697470
4345,2697390
4346,2697200
4347,2697070
4348,2697060
4349,2696970
4350,2696850
4351,2696780
4352,2696680
4353,2696660
4354,2696520
4355,2696480
4356,2696400
4357,2696390
4358,2696320
4359,2696200
4360,2696170
4361,2696140
4362,2696120
4363,2696080
4364,2696070
4365,2696060
4366,2696050
4367,2696030
4368,2695960
4369,2695940
4370,2695910
4371,2695830
4372,2695780
4373,2695490
4374,2695350
4375,2695290
4376,2695270
4377,2695160
4378,2695080
4379,2695030
4380,2694920
4381,2694600
4382,2694460
4383,2694420
4384,2694140
4385,2694000
4386,2693960
4387,2693940
4388,2693930
4389,2693860
4390,2693730
4391,2693690
4392,2693530
4393,2693480
4394,2693460
4395,2693380
4396,2693340
4397,2693250
4398,2693210
4399,2693120
4400,2693070
4401,2693060
4402,2692800
4403,2692760
4404,2692570
4405,2692450
4406,2692440
4407,2692430
4408,2692300
4409,2692210
4410,2692200
4411,2692010
4412,2691980
4413,2691900
4414,2691830
4415,2691790
4416,2691750
4417,2691730
4418,2691700
4419,2691580
4420,2691470
4421,2691390
4422,2691350
4423,2691220
4424,2691010
4425,2690970
4426,2690960
4427,2690790
4428,2690770
4429,2690760
4430,2690700
4431,2690610
4432,2690580
4433,2690290
4434,2690160
4435,2690090
4436,2689870
4437,2689640
4438,2689610
4439,2689600
4440,2689230
4441,2689130
4442,2688940
4443,2688900
4444,2688720
4445,2688680
4446,2688650
4447,2688600
4448,2688570
4449,2688440
4450,2688140
4451,2687990
4452,2687970
4453,2687960
4454,2687940
4455,2687600
4456,2687530
4457,2687510
4458,2687300
4459,2687190
4460,2687160
4461,2687140
4462,2687110
4463,2687080
4464,2686980
4465,2686960
4466,2686940
4467,2686930
4468,2686900
4469,2686850
4470,2686810
4471,2686750
4472,2686740
4473,2686690
4474,2686580
4475,2686500
4476,2686360
4477,2686350
4478,2686330
4479,2686250
4480,2686060
4481,2685810
4482,2685770
4483,2685630
4484,2685620
4485,2685610
4486,2685590
4487,2685490
4488,2685410
4489,2685380
4490,2685360
4491,2685300
4492,2685290
4493,2685280
4494,2685270
4495,2685260
4496,2685250
4497,2685240
4498,2685230
4499,2685220
4500,2685210
4501,2685200
4502,2685150
4503,2685090
4504,2685070
4505,2685060
4506,2684930
4507,2684830
4508,2684800
4509,2684790
4510,2684780
4511,2684660
4512,2684650
4513,2684520
4514,2684500
4515,2684300
4516,2684290
4517,2684280
4518,2684260
4519,2684200
4520,2684130
4521,2684010
4522,2683800
4523,2683760
4524,2683730
4525,2683570
4526,2683490
4527,2683210
4528,2683200
4529,2683180
4530,2683150
4531,2683030
4532,2682860
4533,2682820
4534,2682810
4535,2682800
4536,2682600
4537,2682580
4538,2682570
4539,2682470
4540,2682370
4541,2682300
4542,2682120
4543,2681950
4544,2681890
4545,2681640
4546,2681530
4547,2681490
4548,2681310
4549,2681260
4550,2681240
4551,2681220
4552,2681180
4553,2681120
4554,2681100
4555,2681060
4556,2680840
4557,2680810
4558,2680700
4559,2680680
4560,2680630
4561,2680520
4562,2680420
4563,2680410
4564,2680370
4565,2680330
4566,2680250
4567,2680190
4568,2680050
4569,2679860
4570,2679690
4571,2679650
4572,2679640
4573,2679610
4574,2679590
4575,2679520
4576,2679460
4577,2679430
4578,2679350
4579,2679200
4580,2679060
4581,2678990
4582,2678700
4583,2678280
4584,2678160
4585,2677940
4586,2677930
4587,2677890
4588,2677750
4589,2677690
4590,2677680
4591,2677670
4592,2677640
4593,2677310
4594,2677290
4595,2677280
4596,2677230
4597,2677150
4598,2677140
4599,2677040
4600,2676980
4601,2676960
4602,2676910
4603,2676840
4604,2676820
4605,2676770
4606,2676580
4607,2676540
4608,2676440
4609,2676390
4610,2676210
4611,2676180
4612,2676160
4613,2676000
4614,2675850
4615,2675820
4616,2675800
4617,2675630
4618,2675390
4619,2675350
4620,2675290
4621,2675270
4622,2674930
4623,2674820
4624,2674810
4625,2674720
4626,2674590
4627,2674580
4628,2674370
4629,2674290
4630,2674270
4631,2674240
4632,2674230
4633,2674190
4634,2674120
4635,2673950
4636,2673760
4637,2673730
4638,2673700
4639,2673660
4640,2673490
4641,2673460
4642,2673310
4643,2673080
4644,2673070
4645,2673060
4646,2673010
4647,2672900
4648,2672850
4649,2672770
4650,2672430
4651,2672290
4652,2672260
4653,2672170
4654,2672130
4655,2672110
4656,2672090
4657,2672060
4658,2671970
4659,2671730
4660,2671550
4661,2671480
4662,2671350
4663,2671210
4664,2670920
4665,2670900
4666,2670890
4667,2670800
4668,2670770
4669,2670740
4670,2670730
4671,2670720
4672,2670700
4673,2670630
4674,2670400
4675,2670360
4676,2670280
4677,2670250
4678,2669910
4679,2669860
4680,2669820
4681,2669610
4682,2669600
4683,2669550
4684,2669540
4685,2669520
4686,2669440
4687,2669380
4688,2669320
4689,2669100
4690,2668870
4691,2668840
4692,2668710
4693,2668660
4694,2668580
4695,2668450
4696,2668330
4697,2668170
4698,2668160
4699,2668110
4700,2668080
4701,2668050
4702,2667980
4703,2667970
4704,2667850
4705,2667790
4706,2667750
4707,2667690
4708,2667680
4709,2667500
4710,2667480
4711,2667430
4712,2667410
4713,2667270
4714,2667160
4715,2666590
4716,2666570
4717,2666550
4718,2666530
4719,2666520
4720,2666510
4721,2666410
4722,2666390
4723,2666370
4724,2666360
4725,2666350
4726,2666250
4727,2666200
4728,2666080
4729,2665630
4730,2665500
4731,2665490
4732,2665380
4733,2665210
4734,2665170
4735,2665150
4736,2664930
4737,2664910
4738,2664890
4739,2664880
4740,2664720
4741,2664560
4742,2664370
4743,2664300
4744,2664190
4745,2664050
4746,2663870
4747,2663830
4748,2663800
4749,2663790
4750,2663780
4751,2663720
4752,2663600
4753,2663530
4754,2663450
4755,2662810
4756,2662630
4757,2662620
4758,2662590
4759,2662280
4760,2662270
4761,2661940
4762,2661900
4763,2661840
4764,2661780
4765,2661620
4766,2661530
4767,2661520
4768,2661210
4769,2661160
4770,2661040
4771,2660970
4772,2660930
4773,2660850
4774,2660840
4775,2660760
4776,2660750
4777,2660650
4778,2660610
4779,2660560
4780,2660500
4781,2660410
4782,2660320
4783,2660100
4784,2660090
4785,2659970
4786,2659960
4787,2659900
4788,2659860
4789,2659720
4790,2659710
4791,2659650
4792,2659340
4793,2659230
4794,2659200
4795,2659150
4796,2659050
4797,2658990
4798,2658920
4799,2658840
4800,2658820
4801,2658810
4802,2658780
4803,2658770
4804,2658720
4805,2658640
4806,2658590
4807,2658530
4808,2658490
4809,2658450
4810,2658180
4811,2658080
4812,2658030
4813,2657930
4814,2657890
4815,2657850
4816,2657730
4817,2657720
4818,2657710
4819,2657610
4820,2657600
4821,2657480
4822,2657310
4823,2657030
4824,2656980
4825,2656900
4826,2656710
4827,2656690
4828,2656410
4829,2656310
4830,2656180
4831,2655960
4832,2655920
4833,2655910
4834,2655840
4835,2655760
4836,2655740
4837,2655720
4838,2655620
4839,2655580
4840,2655470
4841,2655390
4842,2655230
4843,2655220
4844,2655190
4845,2655130
4846,2655020
4847,2655010
4848,2654910
4849,2654860
4850,2654670
4851,2654590
4852,2654540
4853,2654520
4854,2654470
4855,2654450
4856,2654420
4857,2654250
4858,2654220
4859,2654160
4860,2654120
4861,2654040
4862,2653940
4863,2653910
4864,2653860
4865,2653810
4866,2653790
4867,2653540
4868,2653530
4869,2653480
4870,2653460
4871,2653340
4872,2653240
4873,2653170
4874,2653080
4875,2652930
4876,2652820
4877,2652750
4878,2652670
4879,2652500
4880,2652490
4881,2652480
4882,2652000
4883,2651860
4884,2651800
4885,2651790
4886,2651760
4887,2651680
4888,2651580
4889,2651570
4890,2651500
4891,2651230
4892,2650840
4893,2650830
4894,2650800
4895,2650680
4896,2650630
4897,2650590
4898,2650510
4899,2650450
4900,2650190
4901,2650010
4902,2649990
4903,2649970
4904,2649800
4905,2649780
4906,2649230
4907,2649220
4908,2649190
4909,2649170
4910,2649080
4911,2648990
4912,2648890
4913,2648870
4914,2648660
4915,2648640
4916,2648560
4917,2648370
4918,2648290
4919,2648130
4920,2648080
4921,2648050
4922,2647930
4923,2647920
4924,2647820
4925,2647510
4926,2647500
4927,2647300
4928,2647230
4929,2647100
4930,2647060
4931,2646840
4932,2646800
4933,2646660
4934,2646520
4935,2646460
4936,2646440
4937,2646300
4938,2646250
4939,2646240
4940,2646200
4941,2646120
4942,2646070
4943,2646060
4944,2646050
4945,2645600
4946,2645580
4947,2645490
4948,2645390
4949,2645260
4950,2645220
4951,2645190
4952,2645180
4953,2645100
4954,2645030
4955,2644840
4956,2644820
4957,2644670
4958,2644620
4959,2644560
4960,2644520
4961,2644490
4962,2644470
4963,2644360
4964,2644330
4965,2644260
4966,2644130
4967,2644040
4968,2644020
4969,2644010
4970,2643960
4971,2643930
4972,2643850
4973,2643810
4974,2643310
4975,2643210
4976,2642970
4977,2642890
4978,2642700
4979,2642640
4980,2642460
4981,2642230
4982,2642170
4983,2642100
4984,2641930
4985,2641910
4986,2641890
4987,2641810
4988,2641740
4989,2641710
4990,2641630
4991,2641530
4992,2641500
4993,2641480
4994,2641470
4995,2641460
4996,2641350
4997,2641070
4998,2641000
4999,2640980
5000,2640910
5001,2640720
5002,2640640
5003,2640600
5004,2640580
5005,2640560
5006,2640520
5007,2640370
5008,2640100
5009,2639980
5010,2639950
5011,2639870
5012,2639860
5013,2639840
5014,2639810
5015,2639780
5016,2639460
5017,2639440
5018,2639420
5019,2639380
5020,2639350
5021,2639280
5022,2639100
5023,2639000
5024,2638880
5025,2638790
5026,2638370
5027,2638340
5028,2638210
5029,2638180
5030,2638150
5031,2638130
5032,2638100
5033,2637990
5034,2637960
5035,2637950
5036,2637900
5037,2637190
5038,2637100
5039,2637070
5040,2637050
5041,2636990
5042,2636670
5043,2636510
5044,2636420
5045,2636410
5046,2636380
5047,2636340
5048,2636320
5049,2636310
5050,2636260
5051,2636200
5052,2636020
5053,2635980
5054,2635930
5055,2635820
5056,2635750
5057,2635670
5058,2635620
5059,2635530
5060,2635510
5061,2635390
5062,2635360
5063,2635350
5064,2635340
5065,2635120
5066,2635110
5067,2635070
5068,2634890
5069,2634770
5070,2634610
5071,2634560
5072,2634470
5073,2634140
5074,2633970
5075,2633950
5076,2633890
5077,2633760
5078,2633640
5079,2633540
5080,2633500
5081,2633480
5082,2633340
5083,2633210
5084,2633170
5085,2633150
5086,2632930
5087,2632920
5088,2632850
5089,2632800
5090,2632720
5091,2632660
5092,2632630
5093,2632490
5094,2632480
5095,2632360
5096,2632120
5097,2632080
5098,2631960
5099,2631800
5100,2631580
5101,2631570
5102,2631520
5103,2631500
5104,2631470
5105,2631380
5106,2631240
5107,2631210
5108,2631170
5109,2631130
5110,2630920
5111,2630820
5112,2630810
5113,2630380
5114,2630350
5115,2630300
5116,2630140
5117,2630100
5118,2630080
5119,2630030
5120,2630000
5121,2629650
5122,2629410
5123,2629370
5124,2629360
5125,2629340
5126,2629330
5127,2629190
5128,2629050
5129,2629010
5130,2628800
5131,2628680
5132,2628600
5133,2628570
5134,2628560
5135,2628460
5136,2628420
5137,2628400
5138,2628230
5139,2628190
5140,2628100
5141,2628070
5142,2627780
5143,2627730
5144,2627600
5145,2627570
5146,2627550
5147,2627540
5148,2627340
5149,2627270
5150,2627210
5151,2627150
5152,2627030
5153,2626970
5154,2626960
5155,2626940
5156,2626910
5157,2626860
5158,2626780
5159,2626530
5160,2626410
5161,2626240
5162,2626120
5163,2626050
5164,2625960
5165,2625650
5166,2625620
5167,2625510
5168,2625430
5169,2625390
5170,2625350
5171,2625170
5172,2624950
5173,2624760
5174,2624740
5175,2624690
5176,2624410
5177,2624320
5178,2624020
5179,2623750
5180,2623730
5181,2623570
5182,2623560
5183,2623400
5184,2623150
5185,2623050
5186,2622850
5187,2622770
5188,2622750
5189,2622660
5190,2622500
5191,2622280
5192,2622260
5193,2622230
5194,2622220
5195,2622140
5196,2622000
5197,2621950
5198,2621900
5199,2621890
5200,2621650
5201,2621460
5202,2621440
5203,2621420
5204,2621160
5205,2621150
5206,2620940
5207,2620750
5208,2620730
5209,2620710
5210,2620610
5211,2620500
5212,2620420
5213,2620380
5214,2620350
5215,2620340
5216,2620310
5217,2620290
5218,2620240
5219,2620200
5220,2620020
5221,2620000
5222,2619940
5223,2619900
5224,2619860
5225,2619790
5226,2619570
5227,2619510
5228,2619450
5229,2619250
5230,2619210
5231,2619110
5232,2619030
5233,2619000
5234,2618940
5235,2618920
5236,2618850
5237,2618840
5238,2618830
5239,2618710
5240,2618500
5241,2618380
5242,2618370
5243,2618360
5244,2618270
5245,2618260
5246,2618190
5247,2618180
5248,2618100
5249,2618090
5250,2618050
5251,2617800
5252,2617740
5253,2617500
5254,2617470
5255,2617400
5256,2617350
5257,2617190
5258,2617090
5259,2617030
5260,2616730
5261,2616720
5262,2616550
5263,2616460
5264,2616450
5265,2616420
5266,2616170
5267,2616090
5268,2616060
5269,2616050
5270,2615810
5271,2615670
5272,2615630
5273,2615620
5274,2615580
5275,2615380
5276,2615300
5277,2615290
5278,2615230
5279,2615130
5280,2615010
5281,2614980
5282,2614970
5283,2614800
5284,2614790
5285,2614720
5286,2614700
5287,2614670
5288,2614550
5289,2614540
5290,2614480
5291,2614380
5292,2614360
5293,2614240
5294,2614200
5295,2614070
5296,2614000
5297,2613960
5298,2613950
5299,2613870
5300,2613850
5301,2613830
5302,2613800
5303,2613720
5304,2613610
5305,2613510
5306,2613400
5307,2613120
5308,2613070
5309,2613060
5310,2613010
5311,2612960
5312,2612870
5313,2612760
5314,2612680
5315,2612660
5316,2612530
5317,2612230
5318,2611890
5319,2611800
5320,2611750
5321,2611590
5322,2611580
5323,2611040
5324,2610830
5325,2610810
5326,2610720
5327,2610710
5328,2610690
5329,2610640
5330,2610630
5331,2610350
5332,2610320
5333,2610280
5334,2610230
5335,2610220
5336,2610210
5337,2610200
5338,2610090
5339,2610080
5340,2610050
5341,2609760
5342,2609610
5343,2609540
5344,2609500
5345,2609490
5346,2609410
5347,2609390
5348,2609320
5349,2609120
5350,2609050
5351,2608620
5352,2608440
5353,2608400
5354,2608350
5355,2608300
5356,2608270
5357,2608210
5358,2608120
5359,2608050
5360,2608040
5361,2607960
5362,2607920
5363,2607780
5364,2607760
5365,2607640
5366,2607620
5367,2607610
5368,2607330
5369,2607320
5370,2607200
5371,2607150
5372,2607120
5373,2607060
5374,2606920
5375,2606820
5376,2606760
5377,2606550
5378,2606290
5379,2606270
5380,2606190
5381,2605940
5382,2605920
5383,2605880
5384,2605780
5385,2605670
5386,2605640
5387,2605600
5388,2605500
5389,2605350
5390,2605330
5391,2605260
5392,2604940
5393,2604920
5394,2604660
5395,2604600
5396,2604580
5397,2604480
5398,2604450
5399,2604410
5400,2604300
5401,2604240
5402,2604230
5403,2604220
5404,2604030
5405,2603950
5406,2603860
5407,2603760
5408,2603450
5409,2603430
5410,2603410
5411,2603300
5412,2603280
5413,2603260
5414,2603230
5415,2603190
5416,2603030
5417,2603020
5418,2602790
5419,2602780
5420,2602770
5421,2602730
5422,2602550
5423,2602540
5424,2602510
5425,2602450
5426,2602380
5427,2602350
5428,2602300
5429,2602290
5430,2602270
5431,2602120
5432,2602050
5433,2602000
5434,2601940
5435,2601750
5436,2601740
5437,2601730
5438,2601700
5439,2601620
5440,2601600
5441,2601320
5442,2601240
5443,2601190
5444,2601120
5445,2601030
5446,2600830
5447,2600790
5448,2600670
5449,2600660
5450,2600640
5451,2600620
5452,2600600
5453,2600580
5454,2600570
5455,2600180
5456,2600140
5457,2600040
5458,2599950
5459,2599920
5460,2599900
5461,2599890
5462,2599860
5463,2599800
5464,2599780
5465,2599700
5466,2599620
5467,2599560
5468,2599540
5469,2599450
5470,2599420
5471,2599370
5472,2599320
5473,2599300
5474,2599270
5475,2598980
5476,2598940
5477,2598930
5478,2598860
5479,2598690
5480,2598670
5481,2598660
5482,2598630
5483,2598620
5484,2598490
5485,2598480
5486,2598410
5487,2598340
5488,2598190
5489,2598120
5490,2598080
5491,2598070
5492,2598050
5493,2597880
5494,2597710
5495,2597590
5496,2597580
5497,2597560
5498,2597480
5499,2597470
5500,2597460
5501,2597450
5502,2597300
5503,2597290
5504,2597260
5505,2597210
5506,2597190
5507,2597110
5508,2597080
5509,2596880
5510,2596800
5511,2596750
5512,2596670
5513,2596630
5514,2596480
5515,2596470
5516,2596460
5517,2596420
5518,2596250
5519,2596100
5520,2595880
5521,2595860
5522,2595780
5523,2595770
5524,2595630
5525,2595570
5526,2595540
5527,2595300
5528,2595230
5529,2595090
5530,2595080
5531,2595040
5532,2594940
5533,2594920
5534,2594870
5535,2594640
5536,2594580
5537,2594560
5538,2594540
5539,2594490
5540,2594480
5541,2594470
5542,2594200
5543,2594020
5544,2593900
5545,2593850
5546,2593780
5547,2593760
5548,2593710
5549,2593650
5550,2593580
5551,2593450
5552,2593440
5553,2593420
5554,2593410
5555,2593370
5556,2593070
5557,2592710
5558,2592560
5559,2592170
5560,2592070
5561,2592060
5562,2592040
5563,2591990
5564,2591970
5565,2591950
5566,2591910
5567,2591810
5568,2591520
5569,2591410
5570,2591380
5571,2591290
5572,2591280
5573,2591250
5574,2591210
5575,2591120
5576,2591070
5577,2591030
5578,2591010
5579,2590910
5580,2590810
5581,2590790
5582,2590770
5583,2590580
5584,2590250
5585,2590220
5586,2590150
5587,2590080
5588,2590050
5589,2590020
5590,2589990
5591,2589910
5592,2589840
5593,2589820
5594,2589710
5595,2589510
5596,2589470
5597,2589440
5598,2589200
5599,2589110
5600,2589060
5601,2588990
5602,2588760
5603,2588610
5604,2588590
5605,2588580
5606,2588500
5607,2588280
5608,2588240
5609,2588190
5610,2588160
5611,2587960
5612,2587950
5613,2587890
5614,2587840
5615,2587770
5616,2587630
5617,2587450
5618,2587390
5619,2587370
5620,2587360
5621,2587190
5622,2587170
5623,2587070
5624,2587030
5625,2586710
5626,2586540
5627,2586500
5628,2586330
5629,2586250
5630,2586160
5631,2586140
5632,2585720
5633,2585700
5634,2585530
5635,2585380
5636,2585270
5637,2585260
5638,2585120
5639,2585110
5640,2585050
5641,2585040
5642,2585020
5643,2584850
5644,2584680
5645,2584650
5646,2584590
5647,2584530
5648,2584500
5649,2584470
5650,2584370
5651,2584340
5652,2584290
5653,2584260
5654,2584180
5655,2584050
5656,2583960
5657,2583950
5658,2583930
5659,2583920
5660,2583830
5661,2583760
5662,2583640
5663,2583620
5664,2583550
5665,2583540
5666,2583430
5667,2583370
5668,2583330
5669,2583320
5670,2583300
5671,2583030
5672,2582900
5673,2582730
5674,2582660
5675,2582650
5676,2582560
5677,2582540
5678,2582500
5679,2582350
5680,2582300
5681,2582260
5682,2582240
5683,2582180
5684,2582100
5685,2581960
5686,2581810
5687,2581700
5688,2581630
5689,2581620
5690,2581610
5691,2581590
5692,2581570
5693,2581560
5694,2581500
5695,2581290
5696,2581200
5697,2581080
5698,2581050
5699,2580390
5700,2580210
5701,2580190
5702,2580100
5703,2580010
5704,2580000
5705,2579840
5706,2579710
5707,2579550
5708,2579540
5709,2579470
5710,2579430
5711,2579280
5712,2579270
5713,2579020
5714,2579000
5715,2578980
5716,2578940
5717,2578910
5718,2578880
5719,2578860
5720,2578810
5721,2578800
5722,2578530
5723,2578460
5724,2578270
5725,2578250
5726,2578240
5727,2578110
5728,2577890
5729,2577860
5730,2577760
5731,2577660
5732,2577640
5733,2577550
5734,2577520
5735,2577410
5736,2577320
5737,2577270
5738,2577180
5739,2576910
5740,2576600
5741,2576580
5742,2576550
5743,2576460
5744,2576250
5745,2576220
5746,2576170
5747,2576160
5748,2576040
5749,2576030
5750,2576020
5751,2575960
5752,2575900
5753,2575840
5754,2575360
5755,2575120
5756,2575110
5757,2575100
5758,2575070
5759,2575060
5760,2574840
5761,2574800
5762,2574520
5763,2574460
5764,2574430
5765,2574420
5766,2574270
5767,2574120
5768,2574030
5769,2574000
5770,2573950
5771,2573790
5772,2573670
5773,2573610
5774,2573470
5775,2573350
5776,2573320
5777,2573260
5778,2573200
5779,2573100
5780,2573050
5781,2573030
5782,2572670
5783,2572560
5784,2572400
5785,2572370
5786,2572360
5787,2572340
5788,2572330
5789,2572280
5790,2571880
5791,2571780
5792,2571650
5793,2571500
5794,2571490
5795,2571400
5796,2571350
5797,2571280
5798,2571240
5799,2571200
5800,2571170
5801,2570950
5802,2570810
5803,2570740
5804,2570710
5805,2570640
5806,2570630
5807,2570450
5808,2570410
5809,2570390
5810,2570280
5811,2570230
5812,2570210
5813,2570150
5814,2570140
5815,2569820
5816,2569780
5817,2569710
5818,2569610
5819,2569580
5820,2569570
5821,2569410
5822,2569330
5823,2569240
5824,2569170
5825,2568960
5826,2568910
5827,2568880
5828,2568870
5829,2568860
5830,2568640
5831,2568600
5832,2568060
5833,2568050
5834,2567870
5835,2567800
5836,2567730
5837,2567700
5838,2567620
5839,2567600
5840,2567570
5841,2567520
5842,2567490
5843,2567410
5844,2567230
5845,2567190
5846,2567170
5847,2567060
5848,2567040
5849,2566900
5850,2566520
5851,2566430
5852,2566350
5853,2566270
5854,2566210
5855,2566140
5856,2566090
5857,2566020
5858,2565960
5859,2565730
5860,2565600
5861,2565550
5862,2565520
5863,2565440
5864,2565340
5865,2565310
5866,2565260
5867,2565190
5868,2564970
5869,2564940
5870,2564880
5871,2564860
5872,2564850
5873,2564810
5874,2564700
5875,2564660
5876,2564460
5877,2564330
5878,2563980
5879,2563960
5880,2563920
5881,2563800
5882,2563740
5883,2563690
5884,2563550
5885,2563540
5886,2563350
5887,2563340
5888,2563300
5889,2563180
5890,2563160
5891,2563140
5892,2562980
5893,2562900
5894,2562810
5895,2562730
5896,2562620
5897,2562550
5898,2562510
5899,2562470
5900,2562460
5901,2562430
5902,2562350
5903,2562290
5904,2562240
5905,2562040
5906,2561990
5907,2561770
5908,2561680
5909,2561560
5910,2561500
5911,2561470
5912,2561360
5913,2561280
5914,2561270
5915,2561230
5916,2561220
5917,2561200
5918,2561190
5919,2561090
5920,2560870
5921,2560820
5922,2560680
5923,2560670
5924,2560660
5925,2560650
5926,2560640
5927,2560620
5928,2560590
5929,2560530
5930,2560520
5931,2560490
5932,2560460
5933,2560260
5934,2560120
5935,2560040
5936,2559950
5937,2559870
5938,2559860
5939,2559820
5940,2559550
5941,2559540
5942,2559530
5943,2559470
5944,2559400
5945,2559360
5946,2559350
5947,2559290
5948,2559270
5949,2559250
5950,2559070
5951,2559050
5952,2558980
5953,2558930
5954,2558830
5955,2558800
5956,2558750
5957,2558700
5958,2558630
5959,2558580
5960,2558570
5961,2558520
5962,2558440
5963,2558390
5964,2558360
5965,2558240
5966,2558200
5967,2558110
5968,2558060
5969,2557870
5970,2557750
5971,2557720
5972,2557660
5973,2557600
5974,2557580
5975,2557520
5976,2557490
5977,2557480
5978,2557460
5979,2557370
5980,2556990
5981,2556950
5982,2556810
5983,2556750
5984,2556740
5985,2556660
5986,2556450
5987,2556190
5988,2556180
5989,2556160
5990,2556050
5991,2556030
5992,2555970
5993,2555910
5994,2555580
5995,2555570
5996,2555440
5997,2555430
5998,2555320
5999,2555260
6000,2555090
6001,2555030
6002,2554990
6003,2554950
6004,2554820
6005,2554800
6006,2554770
6007,2554690
6008,2554670
6009,2553980
6010,2553960
6011,2553920
6012,2553910
6013,2553870
6014,2553840
6015,2553800
6016,2553780
6017,2553710
6018,2553640
6019,2553590
6020,2553550
6021,2553480
6022,2553440
6023,2553420
6024,2553380
6025,2553160
6026,2553050
6027,2552900
6028,2552850
6029,2552680
6030,2552620
6031,2552560
6032,2552450
6033,2552440
6034,2552430
6035,2552420
6036,2552410
6037,2552340
6038,2552330
6039,2552200
6040,2552130
6041,2552100
6042,2551920
6043,2551780
6044,2551690
6045,2551600
6046,2551500
6047,2551290
6048,2551280
6049,2551260
6050,2551200
6051,2551170
6052,2551110
6053,2551030
6054,2551020
6055,2550630
6056,2550480
6057,2550370
6058,2550330
6059,2550240
6060,2550230
6061,2550170
6062,2550140
6063,2550130
6064,2550100
6065,2550090
6066,2550040
6067,2550030
6068,2549960
6069,2549950
6070,2549940
6071,2549870
6072,2549780
6073,2549760
6074,2549680
6075,2549600
6076,2549580
6077,2549350
6078,2549270
6079,2549200
6080,2549090
6081,2548950
6082,2548680
6083,2548530
6084,2548370
6085,2548330
6086,2548250
6087,2548200
6088,2548070
6089,2548050
6090,2548000
6091,2547960
6092,2547930
6093,2547860
6094,2547830
6095,2547760
6096,2547750
6097,2547610
6098,2547570
6099,2547400
6100,2547330
6101,2547210
6102,2547200
6103,2547120
6104,2547030
6105,2546970
6106,2546940
6107,2546710
6108,2546690
6109,2546640
6110,2546630
6111,2546310
6112,2546170
6113,2546150
6114,2546110
6115,2546090
6116,2545830
6117,2545810
6118,2545760
6119,2545740
6120,2545650
6121,2545560
6122,2545530
6123,2545320
6124,2545220
6125,2545090
6126,2544990
6127,2544900
6128,2544880
6129,2544760
6130,2544720
6131,2544620
6132,2544590
6133,2544550
6134,2544480
6135,2544470
6136,2544120
6137,2544110
6138,2544100
6139,2544090
6140,2544030
6141,2544020
6142,2543770
6143,2543760
6144,2543650
6145,2543560
6146,2543410
6147,2543370
6148,2543350
6149,2543300
6150,2543210
6151,2543150
6152,2543110
6153,2543100
6154,2543050
6155,2543040
6156,2543030
6157,2542940
6158,2542860
6159,2542840
6160,2542800
6161,2542710
6162,2542630
6163,2542600
6164,2542560
6165,2542550
6166,2542530
6167,2542520
6168,2542460
6169,2542450
6170,2542440
6171,2542430
6172,2542380
6173,2542320
6174,2542190
6175,2542010
6176,2541990
6177,2541740
6178,2541620
6179,2541590
6180,2541580
6181,2541400
6182,2541360
6183,2541310
6184,2541180
6185,2541170
6186,2541160
6187,2541050
6188,2540960
6189,2540840
6190,2540820
6191,2540810
6192,2540800
6193,2540690
6194,2540630
6195,2540460
6196,2540410
6197,2540310
6198,2540230
6199,2540160
6200,2540110
6201,2540100
6202,2539960
6203,2539910
6204,2539880
6205,2539820
6206,2539620
6207,2539520
6208,2539440
6209,2539420
6210,2539350
6211,2539230
6212,2539180
6213,2539120
6214,2539090
6215,2539070
6216,2538840
6217,2538780
6218,2538730
6219,2538490
6220,2538430
6221,2538390
6222,2538340
6223,2538330
6224,2538190
6225,2538150
6226,2538100
6227,2538090
6228,2538000
6229,2537920
6230,2537770
6231,2537750
6232,2537730
6233,2537360
6234,2537150
6235,2537120
6236,2536840
6237,2536730
6238,2536660
6239,2536650
6240,2536600
6241,2536530
6242,2536490
6243,2536420
6244,2536130
6245,2536120
6246,2535970
6247,2535830
6248,2535820
6249,2535810
6250,2535790
6251,2535780
6252,2535770
6253,2535730
6254,2535670
6255,2535600
6256,2535420
6257,2534930
6258,2534660
6259,2534650
6260,2534630
6261,2534620
6262,2534550
6263,2534450
6264,2534370
6265,2534300
6266,2534250
6267,2534140
6268,2534120
6269,2534060
6270,2534020
6271,2533960
6272,2533950
6273,2533870
6274,2533830
6275,2533740
6276,2533470
6277,2533430
6278,2533370
6279,2533260
6280,2533180
6281,2533120
6282,2533030
6283,2533020
6284,2532780
6285,2532770
6286,2532720
6287,2532550
6288,2532430
6289,2532340
6290,2532300
6291,2532230
6292,2532200
6293,2532050
6294,2532040
6295,2531970
6296,2531550
6297,2531540
6298,2531460
6299,2531370
6300,2531340
6301,2531300
6302,2531230
6303,2531010
6304,2530990
6305,2530970
6306,2530950
6307,2530890
6308,2530810
6309,2530710
6310,2530700
6311,2530680
6312,2530670
6313,2530570
6314,2530500
6315,2530430
6316,2530420
6317,2530240
6318,2530170
6319,2530120
6320,2530030
6321,2529930
6322,2529910
6323,2529880
6324,2529830
6325,2529820
6326,2529770
6327,2529610
6328,2529590
6329,2529580
6330,2529570
6331,2529510
6332,2529340
6333,2529290
6334,2529220
6335,2529210
6336,2529180
6337,2529170
6338,2529130
6339,2529120
6340,2529090
6341,2529080
6342,2528860
6343,2528840
6344,2528820
6345,2528710
6346,2528580
6347,2528520
6348,2528400
6349,2528120
6350,2527870
6351,2527700
6352,2527690
6353,2527660
6354,2527600
6355,2527580
6356,2527540
6357,2527460
6358,2527450
6359,2527420
6360,2527390
6361,2527370
6362,2527360
6363,2527350
6364,2527140
6365,2527050
6366,2526880
6367,2526580
6368,2526500
6369,2526450
6370,2526410
6371,2526380
6372,2526370
6373,2526270
6374,2526210
6375,2526080
6376,2526010
6377,2525880
6378,2525830
6379,2525810
6380,2525690
6381,2525680
6382,2525550
6383,2525490
6384,2525270
6385,2525230
6386,2525190
6387,2525120
6388,2524980
6389,2524920
6390,2524890
6391,2524870
6392,2524700
6393,2524610
6394,2524590
6395,2524580
6396,2524490
6397,2524480
6398,2524400
6399,2524360
6400,2524340
6401,2524150
6402,2523910
6403,2523620
6404,2523390
6405,2523250
6406,2523120
6407,2522940
6408,2522850
6409,2522760
6410,2522660
6411,2522650
6412,2522620
6413,2522530
6414,2522520
6415,2522450
6416,2522350
6417,2522270
6418,2522260
6419,2522160
6420,2522060
6421,2521760
6422,2521730
6423,2521630
6424,2521600
6425,2521480
6426,2521390
6427,2521330
6428,2521250
6429,2521190
6430,2521180
6431,2521140
6432,2521110
6433,2520980
6434,2520950
6435,2520890
6436,2520870
6437,2520820
6438,2520630
6439,2520590
6440,2520580
6441,2520570
6442,2520560
6443,2520410
6444,2520280
6445,2520190
6446,2520000
6447,2519990
6448,2519910
6449,2519850
6450,2519830
6451,2519560
6452,2519450
6453,2519420
6454,2519380
6455,2519370
6456,2519220
6457,2519060
6458,2519010
6459,2518960
6460,2518900
6461,2518770
6462,2518680
6463,2518660
6464,2518560
6465,2518550
6466,2518540
6467,2518430
6468,2518360
6469,2518350
6470,2517970
6471,2517870
6472,2517860
6473,2517850
6474,2517810
6475,2517800
6476,2517770
6477,2517680
6478,2517560
6479,2517470
6480,2517220
6481,2517200
6482,2517190
6483,2517180
6484,2517130
6485,2517000
6486,2516980
6487,2516890
6488,2516820
6489,2516810
6490,2516770
6491,2516590
6492,2516570
6493,2516550
6494,2516430
6495,2516360
6496,2516270
6497,2516220
6498,2516170
6499,2515790
6500,2515540
6501,2515500
6502,2515310
6503,2515300
6504,2515240
6505,2515210
6506,2515070
6507,2515030
6508,2515020
6509,2514960
6510,2514920
6511,2514900
6512,2514850
6513,2514680
6514,2514650
6515,2514470
6516,2514460
6517,2514340
6518,2514100
6519,2513890
6520,2513810
6521,2513580
6522,2513380
6523,2513280
6524,2513240
6525,2513230
6526,2513170
6527,2513140
6528,2513130
6529,2513090
6530,2513080
6531,2512930
6532,2512920
6533,2512860
6534,2512840
6535,2512830
6536,2512820
6537,2512750
6538,2512690
6539,2512620
6540,2512500
6541,2512460
6542,2512430
6543,2512200
6544,2512190
6545,2512160
6546,2512090
6547,2512080
6548,2511780
6549,2511570
6550,2511500
6551,2511450
6552,2511440
6553,2511420
6554,2511350
6555,2511290
6556,2511180
6557,2511050
6558,2511040
6559,2511030
6560,2510890
6561,2510850
6562,2510830
6563,2510810
6564,2510770
6565,2510760
6566,2510710
6567,2510680
6568,2510130
6569,2510050
6570,2510010
6571,2509830
6572,2509700
6573,2509550
6574,2509500
6575,2509370
6576,2509320
6577,2509120
6578,2508980
6579,2508960
6580,2508940
6581,2508890
6582,2508880
6583,2508870
6584,2508690
6585,2508680
6586,2508670
6587,2508660
6588,2508610
6589,2508400
6590,2508210
6591,2507980
6592,2507900
6593,2507890
6594,2507870
6595,2507850
6596,2507840
6597,2507780
6598,2507750
6599,2507640
6600,2507630
6601,2507620
6602,2507610
6603,2507410
6604,2507400
6605,2507080
6606,2506900
6607,2506880
6608,2506870
6609,2506860
6610,2506850
6611,2506830
6612,2506820
6613,2506790
6614,2506780
6615,2506730
6616,2506690
6617,2506580
6618,2506510
6619,2506480
6620,2506460
6621,2506450
6622,2506430
6623,2506400
6624,2506360
6625,2506160
6626,2506140
6627,2506110
6628,2506000
6629,2505840
6630,2505790
6631,2505740
6632,2505700
6633,2505580
6634,2505570
6635,2505560
6636,2505440
6637,2505330
6638,2505250
6639,2505120
6640,2505090
6641,2505020
6642,2504660
6643,2504630
6644,2504620
6645,2504540
6646,2504480
6647,2504460
6648,2504400
6649,2504380
6650,2503900
6651,2503890
6652,2503780
6653,2503740
6654,2503710
6655,2503690
6656,2503250
6657,2503220
6658,2503150
6659,2503130
6660,2502980
6661,2502940
6662,2502830
6663,2502760
6664,2502660
6665,2502650
6666,2502600
6667,2502390
6668,2502350
6669,2502220
6670,2501980
6671,2501600
6672,2501590
6673,2501550
6674,2501210
6675,2500760
6676,2500750
6677,2500710
6678,2500680
6679,2500610
6680,2500570
6681,2500530
6682,2500470
6683,2500450
6684,2500420
6685,2500410
6686,2500400
6687,2500130
6688,2500080
6689,2500050
6690,2499990
6691,2499950
6692,2499880
6693,2499800
6694,2499770
6695,2499700
6696,2499680
6697,2499670
6698,2499520
6699,2499470
6700,2499420
6701,2499320
6702,2499180
6703,2499150
6704,2498910
6705,2498870
6706,2498790
6707,2498730
6708,2498680
6709,2498630
6710,2498620
6711,2498580
6712,2498570
6713,2498480
6714,2498300
6715,2497930
6716,2497920
6717,2497910
6718,2497900
6719,2497850
6720,2497610
6721,2497570
6722,2497560
6723,2497520
6724,2497500
6725,2497480
6726,2497430
6727,2497390
6728,2497310
6729,2497280
6730,2497210
6731,2497110
6732,2497010
6733,2496920
6734,2496850
6735,2496830
6736,2496640
6737,2496460
6738,2496440
6739,2496270
6740,2496160
6741,2496000
6742,2495990
6743,2495980
6744,2495960
6745,2495720
6746,2495570
6747,2495450
6748,2495380
6749,2495270
6750,2495200
6751,2495180
6752,2495160
6753,2495050
6754,2494930
6755,2494870
6756,2494860
6757,2494790
6758,2494780
6759,2494720
6760,2494680
6761,2494510
6762,2494500
6763,2494480
6764,2494450
6765,2494440
6766,2494370
6767,2494360
6768,2494350
6769,2494340
6770,2493980
6771,2493960
6772,2493910
6773,2493710
6774,2493560
6775,2493510
6776,2493360
6777,2493340
6778,2493250
6779,2493220
6780,2493180
6781,2493160
6782,2493140
6783,2493100
6784,2493010
6785,2492950
6786,2492800
6787,2492780
6788,2492740
6789,2492730
6790,2492600
6791,2492430
6792,2492410
6793,2492390
6794,2492380
6795,2492350
6796,2492290
6797,2492030
6798,2491770
6799,2491720
6800,2491710
6801,2491690
6802,2491670
6803,2491660
6804,2491640
6805,2491620
6806,2491360
6807,2491270
6808,2491200
6809,2491130
6810,2491050
6811,2491040
6812,2490990
6813,2490930
6814,2490910
6815,2490820
6816,2490790
6817,2490760
6818,2490750
6819,2490680
6820,2490510
6821,2490420
6822,2490210
6823,2490160
6824,2490100
6825,2490080
6826,2490020
6827,2489990
6828,2489880
6829,2489850
6830,2489670
6831,2489650
6832,2489560
6833,2489510
6834,2489460
6835,2489370
6836,2489010
6837,2488890
6838,2488690
6839,2488650
6840,2488630
6841,2488620
6842,2488590
6843,2488530
6844,2488510
6845,2488470
6846,2488350
6847,2488340
6848,2488300
6849,2488090
6850,2488050
6851,2487680
6852,2487640
6853,2487560
6854,2487490
6855,2487390
6856,2487350
6857,2487200
6858,2487130
6859,2487120
6860,2487110
6861,2487070
6862,2487060
6863,2486930
6864,2486880
6865,2486810
6866,2486750
6867,2486740
6868,2486570
6869,2486430
6870,2486400
6871,2486280
6872,2486180
6873,2486030
6874,2485980
6875,2485950
6876,2485890
6877,2485750
6878,2485640
6879,2485620
6880,2485540
6881,2485470
6882,2485460
6883,2485190
6884,2485180
6885,2485090
6886,2485080
6887,2485070
6888,2485000
6889,2484990
6890,2484860
6891,2484790
6892,2484610
6893,2484570
6894,2484540
6895,2484520
6896,2484500
6897,2484430
6898,2484370
6899,2484360
6900,2484280
6901,2484250
6902,2484230
6903,2484160
6904,2484110
6905,2484100
6906,2484060
6907,2483970
6908,2483950
6909,2483920
6910,2483900
6911,2483840
6912,2483760
6913,2483680
6914,2483380
6915,2483290
6916,2483250
6917,2483220
6918,2483150
6919,2483110
6920,2482900
6921,2482810
6922,2482780
6923,2482670
6924,2482660
6925,2482450
6926,2482440
6927,2482360
6928,2482270
6929,2482190
6930,2482150
6931,2482130
6932,2482030
6933,2482000
6934,2481930
6935,2481920
6936,2481890
6937,2481850
6938,2481440
6939,2481400
6940,2481340
6941,2481020
6942,2480970
6943,2480950
6944,2480930
6945,2480850
6946,2480740
6947,2480680
6948,2480660
6949,2480630
6950,2480590
6951,2480560
6952,2480280
6953,2480200
6954,2480180
6955,2480010
6956,2480000
6957,2479970
6958,2479960
6959,2479950
6960,2479840
6961,2479830
6962,2479810
6963,2479780
6964,2479720
6965,2479670
6966,2479390
6967,2479340
6968,2479320
6969,2479300
6970,2479290
6971,2479220
6972,2479170
6973,2479160
6974,2479030
6975,2479000
6976,2478970
6977,2478850
6978,2478750
6979,2478730
6980,2478640
6981,2478600
6982,2478580
6983,2478470
6984,2478450
6985,2478420
6986,2478310
6987,2478270
6988,2478210
6989,2478160
6990,2478140
6991,2478040
6992,2478020
6993,2477950
6994,2477930
6995,2477920
6996,2477780
6997,2477740
6998,2477630
6999,2477480
7000,2477350
7001,2477340
7002,2477300
7003,2477230
7004,2477200
7005,2477170
7006,2477140
7007,2477130
7008,2477100
7009,2477090
7010,2477010
7011,2477000
7012,2476960
7013,2476840
7014,2476760
7015,2476730
7016,2476720
7017,2476640
7018,2476580
7019,2476490
7020,2476330
7021,2476200
7022,2476190
7023,2476100
7024,2476070
7025,2476020
7026,2475980
7027,2475790
7028,2475780
7029,2475610
7030,2475490
7031,2475480
7032,2475460
7033,2475440
7034,2475420
7035,2475400
7036,2475390
7037,2475350
7038,2475290
7039,2475220
7040,2475150
7041,2475040
7042,2475020
7043,2474970
7044,2474960
7045,2474940
7046,2474900
7047,2474700
7048,2474690
7049,2474460
7050,2474180
7051,2474030
7052,2474020
7053,2473980
7054,2473710
7055,2473650
7056,2473640
7057,2473490
7058,2473310
7059,2473210
7060,2473150
7061,2473070
7062,2473030
7063,2472990
7064,2472840
7065,2472790
7066,2472630
7067,2472550
7068,2472390
7069,2472140
7070,2471900
7071,2471780
7072,2471690
7073,2471660
7074,2471650
7075,2471620
7076,2471600
7077,2471480
7078,2471340
7079,2471130
7080,2471120
7081,2471100
7082,2471090
7083,2471060
7084,2470980
7085,2470860
7086,2470740
7087,2470700
7088,2470650
7089,2470300
7090,2470290
7091,2470200
7092,2470130
7093,2469990
7094,2469950
7095,2469710
7096,2469610
7097,2469570
7098,2469370
7099,2469330
7100,2469290
7101,2469260
7102,2469240
7103,2469200
7104,2469080
7105,2469050
7106,2468990
7107,2468960
7108,2468940
7109,2468910
7110,2468800
7111,2468780
7112,2468740
7113,2468680
7114,2468670
7115,2468610
7116,2468600
7117,2468560
7118,2468470
7119,2468110
7120,2468100
7121,2468060
7122,2467830
7123,2467790
7124,2467770
7125,2467730
7126,2467720
7127,2467650
7128,2467630
7129,2467590
7130,2467570
7131,2467540
7132,2467510
7133,2467400
7134,2467300
7135,2467250
7136,2467190
7137,2467000
7138,2466920
7139,2466890
7140,2466880
7141,2466870
7142,2466850
7143,2466680
7144,2466660
7145,2466520
7146,2466400
7147,2466240
7148,2466160
7149,2466010
7150,2465950
7151,2465830
7152,2465670
7153,2465490
7154,2465300
7155,2465160
7156,2465090
7157,2465080
7158,2464980
7159,2464970
7160,2464950
7161,2464880
7162,2464800
7163,2464700
7164,2464680
7165,2464670
7166,2464660
7167,2464480
7168,2464470
7169,2464330
7170,2464220
7171,2464120
7172,2464090
7173,2464030
7174,2463980
7175,2463830
7176,2463820
7177,2463660
7178,2463600
7179,2463420
7180,2463340
7181,2463260
7182,2463210
7183,2463110
7184,2462880
7185,2462830
7186,2462790
7187,2462660
7188,2462600
7189,2462580
7190,2462570
7191,2462520
7192,2462490
7193,2462320
7194,2462000
7195,2461890
7196,2461850
7197,2461840
7198,2461780
7199,2461710
7200,2461600
7201,2461580
7202,2461560
7203,2461500
7204,2461460
7205,2461450
7206,2461430
7207,2461240
7208,2461110
7209,2461070
7210,2460980
7211,2460940
7212,2460920
7213,2460900
7214,2460880
7215,2460770
7216,2460680
7217,2460660
7218,2460490
7219,2460480
7220,2460380
7221,2460360
7222,2460310
7223,2460270
7224,2460130
7225,2460050
7226,2460000
7227,2459870
7228,2459860
7229,2459750
7230,2459620
7231,2459610
7232,2459550
7233,2459490
7234,2459460
7235,2459450
7236,2459430
7237,2459420
7238,2459350
7239,2459280
7240,2459180
7241,2459100
7242,2458940
7243,2458860
7244,2458830
7245,2458800
7246,2458700
7247,2458580
7248,2458560
7249,2458540
7250,2458530
7251,2458490
7252,2458250
7253,2458210
7254,2458120
7255,2458060
7256,2457970
7257,2457890
7258,2457870
7259,2457780
7260,2457730
7261,2457580
7262,2457550
7263,2457030
7264,2457000
7265,2456960
7266,2456860
7267,2456690
7268,2456620
7269,2456430
7270,2456410
7271,2456350
7272,2456340
7273,2456330
7274,2456320
7275,2456300
7276,2456280
7277,2456160
7278,2456130
7279,2456120
7280,2456090
7281,2456080
7282,2456070
7283,2455940
7284,2455920
7285,2455500
7286,2455480
7287,2455430
7288,2455370
7289,2455340
7290,2455180
7291,2455140
7292,2455110
7293,2455080
7294,2455070
7295,2455060
7296,2455040
7297,2454950
7298,2454890
7299,2454480
7300,2454420
7301,2454060
7302,2454020
7303,2453920
7304,2453770
7305,2453610
7306,2453570
7307,2453520
7308,2453400
7309,2453380
7310,2453360
7311,2453310
7312,2452930
7313,2452920
7314,2452900
7315,2452890
7316,2452850
7317,2452800
7318,2452760
7319,2452720
7320,2452650
7321,2452480
7322,2452430
7323,2452420
7324,2452350
7325,2452310
7326,2452260
7327,2452240
7328,2452220
7329,2452100
7330,2452090
7331,2451860
7332,2451820
7333,2451740
7334,2451730
7335,2451720
7336,2451640
7337,2451530
7338,2451470
7339,2451460
7340,2451320
7341,2451230
7342,2451140
7343,2451110
7344,2451010
7345,2450820
7346,2450720
7347,2450700
7348,2450570
7349,2450480
7350,2450450
7351,2450430
7352,2450400
7353,2450360
7354,2450240
7355,2450220
7356,2450130
7357,2450120
7358,2450110
7359,2450100
7360,2450030
7361,2449840
7362,2449830
7363,2449820
7364,2449710
7365,2449680
7366,2449430
7367,2449080
7368,2449070
7369,2449040
7370,2448970
7371,2448930
7372,2448810
7373,2448680
7374,2448620
7375,2448460
7376,2448420
7377,2448340
7378,2448270
7379,2448230
7380,2448140
7381,2448130
7382,2448030
7383,2447920
7384,2447820
7385,2447720
7386,2447670
7387,2447580
7388,2447310
7389,2447260
7390,2447190
7391,2447060
7392,2447030
7393,2446960
7394,2446920
7395,2446820
7396,2446740
7397,2446710
7398,2446700
7399,2446680
7400,2446550
7401,2446340
7402,2446330
7403,2446320
7404,2446270
7405,2446190
7406,2446180
7407,2446080
7408,2446030
7409,2445990
7410,2445900
7411,2445870
7412,2445700
7413,2445690
7414,2445680
7415,2445660
7416,2445640
7417,2445540
7418,2445490
7419,2445390
7420,2445340
7421,2445330
7422,2445310
7423,2445210
7424,2445160
7425,2445140
7426,2445130
7427,2445060
7428,2444900
7429,2444890
7430,2444840
7431,2444710
7432,2444660
7433,2444610
7434,2444600
7435,2444470
7436,2444350
7437,2444290
7438,2444210
7439,2444010
7440,2444000
7441,2443990
7442,2443980
7443,2443960
7444,2443910
7445,2443790
7446,2443780
7447,2443770
7448,2443760
7449,2443700
7450,2443560
7451,2443550
7452,2443520
7453,2443410
7454,2443370
7455,2443360
7456,2443160
7457,2443150
7458,2443110
7459,2443090
7460,2443000
7461,2442960
7462,2442880
7463,2442770
7464,2442760
7465,2442690
7466,2442670
7467,2442660
7468,2442550
7469,2442530
7470,2442520
7471,2442500
7472,2442440
7473,2442410
7474,2442390
7475,2442380
7476,2442260
7477,2442100
7478,2442060
7479,2442050
7480,2442040
7481,2442020
7482,2441700
7483,2441630
7484,2441610
7485,2441570
7486,2441360
7487,2441300
7488,2441270
7489,2441260
7490,2441170
7491,2441120
7492,2441100
7493,2441080
7494,2441070
7495,2440970
7496,2440730
7497,2440710
7498,2440550
7499,2440510
7500,2440380
7501,2440210
7502,2440200
7503,2440080
7504,2440060
7505,2439870
7506,2439830
7507,2439780
7508,2439760
7509,2439740
7510,2439730
7511,2439710
7512,2439640
7513,2439620
7514,2439510
7515,2439100
7516,2439010
7517,2439000
7518,2438950
7519,2438770
7520,2438540
7521,2438490
7522,2438240
7523,2438230
7524,2438170
7525,2438160
7526,2438090
7527,2437950
7528,2437890
7529,2437760
7530,2437750
7531,2437710
7532,2437690
7533,2437560
7534,2437510
7535,2437490
7536,2437430
7537,2437300
7538,2437230
7539,2437170
7540,2437160
7541,2437080
7542,2437040
7543,2437000
7544,2436790
7545,2436680
7546,2436570
7547,2436480
7548,2436420
7549,2436390
7550,2436340
7551,2436330
7552,2436280
7553,2436240
7554,2436190
7555,2436110
7556,2435980
7557,2435960
7558,2435920
7559,2435910
7560,2435900
7561,2435890
7562,2435630
7563,2435600
7564,2435590
7565,2435560
7566,2435450
7567,2435320
7568,2435310
7569,2435240
7570,2435180
7571,2435130
7572,2435090
7573,2435060
7574,2434860
7575,2434760
7576,2434730
7577,2434670
7578,2434620
7579,2434590
7580,2434490
7581,2434420
7582,2434400
7583,2434340
7584,2434160
7585,2434120
7586,2434090
7587,2433950
7588,2433830
7589,2433820
7590,2433760
7591,2433730
7592,2433710
7593,2433700
7594,2433690
7595,2433520
7596,2433470
7597,2433460
7598,2433380
7599,2433320
7600,2432990
7601,2432940
7602,2432770
7603,2432660
7604,2432470
7605,2432460
7606,2432450
7607,2432200
7608,2432190
7609,2432110
7610,2432100
7611,2432040
7612,2432010
7613,2432000
7614,2431980
7615,2431960
7616,2431880
7617,2431840
7618,2431730
7619,2431700
7620,2431690
7621,2431600
7622,2431510
7623,2431490
7624,2431410
7625,2431390
7626,2431330
7627,2431320
7628,2431310
7629,2431130
7630,2431100
7631,2431090
7632,2431070
7633,2431030
7634,2430990
7635,2430830
7636,2430820
7637,2430790
7638,2430730
7639,2430700
7640,2430690
7641,2430680
7642,2430660
7643,2430640
7644,2430580
7645,2430510
7646,2430450
7647,2430440
7648,2430410
7649,2430380
7650,2430370
7651,2430360
7652,2430300
7653,2430290
7654,2430250
7655,2430220
7656,2430200
7657,2430160
7658,2430110
7659,2430100
7660,2429960
7661,2429930
7662,2429890
7663,2429870
7664,2429860
7665,2429760
7666,2429720
7667,2429660
7668,2429640
7669,2429590
7670,2429540
7671,2429530
7672,2429490
7673,2429380
7674,2429350
7675,2429330
7676,2429310
7677,2429260
7678,2429250
7679,2429240
7680,2429160
7681,2429140
7682,2429100
7683,2429090
7684,2428990
7685,2428790
7686,2428780
7687,2428770
7688,2428750
7689,2428690
7690,2428660
7691,2428420
7692,2428310
7693,2428260
7694,2428190
7695,2428170
7696,2428140
7697,2428020
7698,2427960
7699,2427950
7700,2427910
7701,2427770
7702,2427700
7703,2427590
7704,2427570
7705,2427560
7706,2427520
7707,2427490
7708,2427470
7709,2427360
7710,2427320
7711,2427310
7712,2427290
7713,2427280
7714,2427200
7715,2427100
7716,2427000
7717,2426960
7718,2426900
7719,2426890
7720,2426840
7721,2426800
7722,2426710
7723,2426640
7724,2426610
7725,2426500
7726,2426400
7727,2426380
7728,2426350
7729,2426330
7730,2426310
7731,2426070
7732,2426020
7733,2425920
7734,2425890
7735,2425880
7736,2425620
7737,2425580
7738,2425500
7739,2425420
7740,2425410
7741,2425400
7742,2425370
7743,2425310
7744,2425290
7745,2425260
7746,2425090
7747,2425080
7748,2425010
7749,2424970
7750,2424910
7751,2424880
7752,2424830
7753,2424810
7754,2424740
7755,2424680
7756,2424660
7757,2424650
7758,2424450
7759,2424440
7760,2424240
7761,2424230
7762,2424140
7763,2424110
7764,2423960
7765,2423830
7766,2423720
7767,2423710
7768,2423660
7769,2423650
7770,2423620
7771,2423590
7772,2423470
7773,2423320
7774,2423300
7775,2423080
7776,2423070
7777,2422910
7778,2422870
7779,2422840
7780,2422830
7781,2422610
7782,2422590
7783,2422540
7784,2422390
7785,2422210
7786,2422170
7787,2422110
7788,2422090
7789,2422080
7790,2421910
7791,2421820
7792,2421800
7793,2421780
7794,2421690
7795,2421510
7796,2421480
7797,2421470
7798,2421430
7799,2421410
7800,2421370
7801,2421300
7802,2421290
7803,2420930
7804,2420900
7805,2420880
7806,2420820
7807,2420740
7808,2420690
7809,2420660
7810,2420640
7811,2420630
7812,2420620
7813,2420540
7814,2420520
7815,2420510
7816,2420460
7817,2420450
7818,2420390
7819,2420350
7820,2420330
7821,2420300
7822,2420240
7823,2420230
7824,2420110
7825,2420100
7826,2420050
7827,2419970
7828,2419900
7829,2419880
7830,2419830
7831,2419800
7832,2419720
7833,2419710
7834,2419690
7835,2419650
7836,2419380
7837,2419330
7838,2419220
7839,2419180
7840,2419120
7841,2419090
7842,2418990
7843,2418940
7844,2418820
7845,2418740
7846,2418720
7847,2418550
7848,2418520
7849,2418290
7850,2418000
7851,2417990
7852,2417940
7853,2417890
7854,2417850
7855,2417840
7856,2417790
7857,2417660
7858,2417620
7859,2417580
7860,2417490
7861,2417400
7862,2417310
7863,2417300
7864,2417260
7865,2417160
7866,2417150
7867,2417140
7868,2417100
7869,2417090
7870,2416920
7871,2416880
7872,2416860
7873,2416790
7874,2416780
7875,2416710
7876,2416650
7877,2416600
7878,2416550
7879,2416500
7880,2416460
7881,2416370
7882,2416350
7883,2416290
7884,2416190
7885,2416060
7886,2416050
7887,2416030
7888,2416000
7889,2415960
7890,2415950
7891,2415670
7892,2415660
7893,2415650
7894,2415640
7895,2415540
7896,2415480
7897,2415470
7898,2415430
7899,2415340
7900,2415240
7901,2415130
7902,2415120
7903,2415040
7904,2415010
7905,2414950
7906,2414920
7907,2414900
7908,2414750
7909,2414740
7910,2414730
7911,2414710
7912,2414640
7913,2414630
7914,2414600
7915,2414580
7916,2414550
7917,2414500
7918,2414410
7919,2414360
7920,2414350
7921,2414340
7922,2414320
7923,2414210
7924,2414190
7925,2414110
7926,2414020
7927,2414010
7928,2413940
7929,2413930
7930,2413840
7931,2413750
7932,2413720
7933,2413660
7934,2413640
7935,2413620
7936,2413570
7937,2413310
7938,2413230
7939,2413210
7940,2413160
7941,2413090
7942,2413050
7943,2413030
7944,2412890
7945,2412730
7946,2412700
7947,2412640
7948,2412490
7949,2412410
7950,2412200
7951,2412190
7952,2412150
7953,2412140
7954,2412050
7955,2411980
7956,2411970
7957,2411910
7958,2411830
7959,2411590
7960,2411560
7961,2411540
7962,2411530
7963,2411430
7964,2411390
7965,2411380
7966,2411360
7967,2411210
7968,2411140
7969,2411090
7970,2410970
7971,2410890
7972,2410880
7973,2410870
7974,2410820
7975,2410780
7976,2410750
7977,2410740
7978,2410700
7979,2410690
7980,2410640
7981,2410490
7982,2410480
7983,2410170
7984,2410130
7985,2410010
7986,2409840
7987,2409790
7988,2409780
7989,2409700
7990,2409690
7991,2409680
7992,2409540
7993,2409500
7994,2409410
7995,2409390
7996,2409360
7997,2409260
7998,2409250
7999,2409200
8000,2409130
8001,2409110
8002,2409050
8003,2409040
8004,2408920
8005,2408890
8006,2408790
8007,2408720
8008,2408680
8009,2408630
8010,2408330
8011,2408310
8012,2408280
8013,2408270
8014,2408240
8015,2408210
8016,2407920
8017,2407910
8018,2407900
8019,2407840
8020,2407800
8021,2407680
8022,2407660
8023,2407620
8024,2407550
8025,2407360
8026,2407350
8027,2407310
8028,2407300
8029,2407240
8030,2407200
8031,2407160
8032,2407010
8033,2406970
8034,2406870
8035,2406840
8036,2406770
8037,2406640
8038,2406610
8039,2406550
8040,2406540
8041,2406520
8042,2406360
8043,2406200
8044,2406180
8045,2406110
8046,2406100
8047,2406030
8048,2405830
8049,2405800
8050,2405740
8051,2405690
8052,2405660
8053,2405450
8054,2405390
8055,2405270
8056,2405120
8057,2405110
8058,2404990
8059,2404920
8060,2404820
8061,2404800
8062,2404770
8063,2404700
8064,2404550
8065,2404530
8066,2404510
8067,2404420
8068,2404400
8069,2404390
8070,2404370
8071,2404210
8072,2404130
8073,2404110
8074,2404070
8075,2404060
8076,2404010
8077,2404000
8078,2403950
8079,2403940
8080,2403620
8081,2403570
8082,2403430
8083,2403370
8084,2403350
8085,2403320
8086,2403290
8087,2403270
8088,2403260
8089,2403100
8090,2403020
8091,2403000
8092,2402920
8093,2402860
8094,2402820
8095,2402790
8096,2402710
8097,2402450
8098,2402430
8099,2402310
8100,2402280
8101,2402200
8102,2402170
8103,2402100
8104,2401970
8105,2401680
8106,2401580
8107,2401460
8108,2401450
8109,2401370
8110,2401080
8111,2400960
8112,2400880
8113,2400790
8114,2400770
8115,2400760
8116,2400740
8117,2400700
8118,2400690
8119,2400640
8120,2400590
8121,2400510
8122,2400420
8123,2400340
8124,2400290
8125,2400280
8126,2400160
8127,2399910
8128,2399830
8129,2399810
8130,2399770
8131,2399730
8132,2399710
8133,2399670
8134,2399600
8135,2399540
8136,2399420
8137,2399370
8138,2399360
8139,2399310
8140,2399220
8141,2399190
8142,2399160
8143,2399130
8144,2399080
8145,2399060
8146,2399040
8147,2398980
8148,2398940
8149,2398900
8150,2398880
8151,2398760
8152,2398660
8153,2398640
8154,2398630
8155,2398590
8156,2398580
8157,2398570
8158,2398550
8159,2398530
8160,2398520
8161,2398500
8162,2398490
8163,2398450
8164,2398430
8165,2398410
8166,2398350
8167,2398310
8168,2398300
8169,2398260
8170,2398180
8171,2398170
8172,2398030
8173,2398020
8174,2397880
8175,2397840
8176,2397690
8177,2397630
8178,2397600
8179,2397500
8180,2397420
8181,2397140
8182,2397120
8183,2396980
8184,2396910
8185,2396680
8186,2396630
8187,2396620
8188,2396530
8189,2396510
8190,2396380
8191,2396340
8192,2396330
8193,2396320
8194,2396300
8195,2396240
8196,2396180
8197,2396160
8198,2396150
8199,2396140
8200,2396120
8201,2396090
8202,2396060
8203,2396000
8204,2395910
8205,2395810
8206,2395760
8207,2395680
8208,2395630
8209,2395620
8210,2395550
8211,2395470
8212,2395450
8213,2395410
8214,2395380
8215,2395370
8216,2395360
8217,2395310
8218,2395260
8219,2395210
8220,2395150
8221,2395120
8222,2394980
8223,2394910
8224,2394830
8225,2394810
8226,2394740
8227,2394650
8228,2394610
8229,2394600
8230,2394590
8231,2394500
8232,2394450
8233,2394440
8234,2394350
8235,2394300
8236,2394110
8237,2394070
8238,2394040
8239,2393900
8240,2393890
8241,2393810
8242,2393770
8243,2393670
8244,2393550
8245,2393430
8246,2393340
8247,2392810
8248,2392760
8249,2392740
8250,2392730
8251,2392660
8252,2392520
8253,2392400
8254,2392310
8255,2392280
8256,2392230
8257,2392160
8258,2392140
8259,2392070
8260,2392060
8261,2392040
8262,2392000
8263,2391950
8264,2391900
8265,2391870
8266,2391840
8267,2391830
8268,2391780
8269,2391690
8270,2391680
8271,2391640
8272,2391400
8273,2391350
8274,2391310
8275,2391300
8276,2391140
8277,2391040
8278,2390860
8279,2390840
8280,2390820
8281,2390650
8282,2390580
8283,2390520
8284,2390510
8285,2390480
8286,2390310
8287,2390260
8288,2390220
8289,2390070
8290,2390060
8291,2390000
8292,2389930
8293,2389700
8294,2389570
8295,2389560
8296,2389500
8297,2389440
8298,2389340
8299,2389310
8300,2389270
8301,2389260
8302,2389250
8303,2389240
8304,2389120
8305,2389010
8306,2388980
8307,2388820
8308,2388600
8309,2388520
8310,2388460
8311,2388430
8312,2388390
8313,2388360
8314,2388070
8315,2388020
8316,2387950
8317,2387830
8318,2387820
8319,2387780
8320,2387660
8321,2387590
8322,2387510
8323,2387450
8324,2387410
8325,2387400
8326,2387380
8327,2387310
8328,2387280
8329,2387210
8330,2387110
8331,2387100
8332,2387030
8333,2387020
8334,2387010
8335,2386970
8336,2386930
8337,2386920
8338,2386880
8339,2386870
8340,2386850
8341,2386840
8342,2386800
8343,2386710
8344,2386620
8345,2386610
8346,2386590
8347,2386580
8348,2386460
8349,2386450
8350,2386350
8351,2386330
8352,2386310
8353,2386290
8354,2386250
8355,2386070
8356,2385900
8357,2385890
8358,2385860
8359,2385720
8360,2385620
8361,2385520
8362,2385280
8363,2385180
8364,2385140
8365,2384940
8366,2384920
8367,2384890
8368,2384860
8369,2384850
8370,2384790
8371,2384780
8372,2384720
8373,2384620
8374,2384610
8375,2384600
8376,2384310
8377,2384280
8378,2384240
8379,2384130
8380,2384010
8381,2383990
8382,2383950
8383,2383920
8384,2383860
8385,2383850
8386,2383780
8387,2383770
8388,2383760
8389,2383700
8390,2383620
8391,2383590
8392,2383530
8393,2383520
8394,2383220
8395,2383190
8396,2383120
8397,2383020
8398,2382920
8399,2382770
8400,2382730
8401,2382660
8402,2382650
8403,2382620
8404,2382610
8405,2382600
8406,2382580
8407,2382570
8408,2382450
8409,2382260
8410,2382250
8411,2382030
8412,2381950
8413,2381880
8414,2381740
8415,2381690
8416,2381670
8417,2381620
8418,2381600
8419,2381370
8420,2381340
8421,2381310
8422,2381270
8423,2381170
8424,2381160
8425,2381050
8426,2381010
8427,2380870
8428,2380860
8429,2380810
8430,2380780
8431,2380720
8432,2380590
8433,2380560
8434,2380550
8435,2380490
8436,2380450
8437,2380410
8438,2380340
8439,2380320
8440,2380310
8441,2380240
8442,2380230
8443,2380220
8444,2380190
8445,2380130
8446,2380090
8447,2380050
8448,2379910
8449,2379900
8450,2379850
8451,2379780
8452,2379730
8453,2379720
8454,2379700
8455,2379680
8456,2379620
8457,2379390
8458,2379030
8459,2378910
8460,2378900
8461,2378840
8462,2378690
8463,2378620
8464,2378540
8465,2378490
8466,2378460
8467,2378320
8468,2378290
8469,2378150
8470,2378120
8471,2377980
8472,2377970
8473,2377960
8474,2377860
8475,2377780
8476,2377530
8477,2377520
8478,2377490
8479,2377420
8480,2377410
8481,2377250
8482,2377240
8483,2377230
8484,2377210
8485,2377120
8486,2377110
8487,2376970
8488,2376780
8489,2376540
8490,2376510
8491,2376470
8492,2376390
8493,2376310
8494,2376280
8495,2376170
8496,2376070
8497,2376030
8498,2376020
8499,2375990
8500,2375960
8501,2375930
8502,2375780
8503,2375760
8504,2375740
8505,2375730
8506,2375600
8507,2375570
8508,2375550
8509,2375540
8510,2375410
8511,2375400
8512,2375290
8513,2375190
8514,2375180
8515,2375160
8516,2375080
8517,2375040
8518,2374820
8519,2374660
8520,2374590
8521,2374570
8522,2374480
8523,2374420
8524,2374410
8525,2374360
8526,2374340
8527,2374320
8528,2374090
8529,2374040
8530,2374030
8531,2374010
8532,2373850
8533,2373830
8534,2373810
8535,2373800
8536,2373630
8537,2373600
8538,2373540
8539,2373460
8540,2373450
8541,2373440
8542,2373390
8543,2373380
8544,2373360
8545,2373340
8546,2373290
8547,2372910
8548,2372870
8549,2372620
8550,2372580
8551,2372500
8552,2372440
8553,2372380
8554,2372350
8555,2372330
8556,2372170
8557,2372160
8558,2372080
8559,2372070
8560,2372030
8561,2371910
8562,2371820
8563,2371750
8564,2371670
8565,2371630
8566,2371560
8567,2371460
8568,2371410
8569,2371400
8570,2371280
8571,2371270
8572,2371220
8573,2371130
8574,2371120
8575,2370850
8576,2370740
8577,2370660
8578,2370650
8579,2370640
8580,2370570
8581,2370540
8582,2370380
8583,2370330
8584,2370310
8585,2370300
8586,2370180
8587,2370170
8588,2370140
8589,2370070
8590,2370030
8591,2369950
8592,2369900
8593,2369880
8594,2369610
8595,2369520
8596,2369410
8597,2369400
8598,2369390
8599,2369140
8600,2368860
8601,2368650
8602,2368510
8603,2368470
8604,2368430
8605,2368400
8606,2368310
8607,2368220
8608,2368190
8609,2368130
8610,2368100
8611,2368070
8612,2368060
8613,2367980
8614,2367970
8615,2367960
8616,2367880
8617,2367690
8618,2367680
8619,2367650
8620,2367580
8621,2367560
8622,2367500
8623,2367480
8624,2367470
8625,2367420
8626,2367230
8627,2367190
8628,2366990
8629,2366980
8630,2366970
8631,2366910
8632,2366850
8633,2366760
8634,2366710
8635,2366700
8636,2366530
8637,2366450
8638,2366430
8639,2366400
8640,2366230
8641,2366190
8642,2366120
8643,2366080
8644,2366060
8645,2366000
8646,2365980
8647,2365880
8648,2365860
8649,2365810
8650,2365780
8651,2365670
8652,2365660
8653,2365600
8654,2365570
8655,2365560
8656,2365500
8657,2365470
8658,2365200
8659,2365140
8660,2365110
8661,2364990
8662,2364970
8663,2364880
8664,2364850
8665,2364830
8666,2364820
8667,2364810
8668,2364770
8669,2364680
8670,2364610
8671,2364560
8672,2364390
8673,2364330
8674,2364090
8675,2364050
8676,2364030
8677,2363930
8678,2363920
8679,2363810
8680,2363790
8681,2363780
8682,2363760
8683,2363730
8684,2363710
8685,2363700
8686,2363620
8687,2363590
8688,2363580
8689,2363570
8690,2363530
8691,2363480
8692,2363390
8693,2363370
8694,2363270
8695,2363260
8696,2363140
8697,2363060
8698,2363000
8699,2362900
8700,2362840
8701,2362790
8702,2362740
8703,2362420
8704,2362300
8705,2362150
8706,2362120
8707,2362010
8708,2361780
8709,2361760
8710,2361700
8711,2361690
8712,2361680
8713,2361610
8714,2361570
8715,2361510
8716,2361460
8717,2361450
8718,2361400
8719,2361390
8720,2361240
8721,2361080
8722,2360900
8723,2360860
8724,2360710
8725,2360690
8726,2360620
8727,2360560
8728,2360410
8729,2360340
8730,2360290
8731,2360260
8732,2360250
8733,2360210
8734,2360160
8735,2360070
8736,2360030
8737,2360020
8738,2359950
8739,2359760
8740,2359570
8741,2359470
8742,2359320
8743,2359300
8744,2359220
8745,2359170
8746,2359030
8747,2358970
8748,2358790
8749,2358770
8750,2358720
8751,2358620
8752,2358610
8753,2358600
8754,2358500
8755,2358490
8756,2358440
8757,2358420
8758,2358380
8759,2358260
8760,2358220
8761,2358210
8762,2358170
8763,2358160
8764,2358100
8765,2358050
8766,2358040
8767,2357950
8768,2357910
8769,2357760
8770,2357670
8771,2357570
8772,2357430
8773,2357410
8774,2357400
8775,2357340
8776,2357310
8777,2357150
8778,2357130
8779,2357090
8780,2357080
8781,2357070
8782,2357050
8783,2357040
8784,2357000
8785,2356970
8786,2356930
8787,2356790
8788,2356730
8789,2356560
8790,2356500
8791,2356470
8792,2356460
8793,2356450
8794,2356440
8795,2356350
8796,2356330
8797,2356310
8798,2356180
8799,2356150
8800,2356070
8801,2356060
8802,2356050
8803,2355960
8804,2355860
8805,2355830
8806,2355790
8807,2355750
8808,2355740
8809,2355670
8810,2355440
8811,2355410
8812,2355350
8813,2355330
8814,2355290
8815,2355250
8816,2355220
8817,2355140
8818,2355080
8819,2355050
8820,2354970
8821,2354940
8822,2354890
8823,2354830
8824,2354730
8825,2354650
8826,2354600
8827,2354560
8828,2354520
8829,2354320
8830,2354310
8831,2354300
8832,2354120
8833,2354040
8834,2354000
8835,2353950
8836,2353930
8837,2353910
8838,2353870
8839,2353850
8840,2353790
8841,2353760
8842,2353730
8843,2353700
8844,2353680
8845,2353660
8846,2353470
8847,2353440
8848,2353410
8849,2353380
8850,2353280
8851,2353160
8852,2353130
8853,2353040
8854,2352890
8855,2352790
8856,2352640
8857,2352600
8858,2352540
8859,2352420
8860,2352260
8861,2352040
8862,2352000
8863,2351970
8864,2351930
8865,2351890
8866,2351770
8867,2351730
8868,2351610
8869,2351570
8870,2351560
8871,2351420
8872,2351400
8873,2351160
8874,2351120
8875,2351090
8876,2351080
8877,2350810
8878,2350720
8879,2350700
8880,2350660
8881,2350550
8882,2350530
8883,2350520
8884,2350430
8885,2350390
8886,2350380
8887,2350370
8888,2350310
8889,2350290
8890,2350280
8891,2350090
8892,2350030
8893,2350020
8894,2349990
8895,2349950
8896,2349870
8897,2349850
8898,2349830
8899,2349820
8900,2349760
8901,2349550
8902,2349500
8903,2349490
8904,2349400
8905,2349250
8906,2349240
8907,2349180
8908,2349140
8909,2349090
8910,2349040
8911,2349010
8912,2348880
8913,2348830
8914,2348820
8915,2348810
8916,2348700
8917,2348680
8918,2348650
8919,2348610
8920,2348530
8921,2348440
8922,2348380
8923,2348360
8924,2348290
8925,2348280
8926,2348260
8927,2348170
8928,2348120
8929,2348100
8930,2348090
8931,2348070
8932,2347960
8933,2347940
8934,2347910
8935,2347760
8936,2347750
8937,2347740
8938,2347550
8939,2347530
8940,2347410
8941,2347390
8942,2347380
8943,2347350
8944,2347340
8945,2347280
8946,2347200
8947,2347040
8948,2346890
8949,2346810
8950,2346780
8951,2346660
8952,2346580
8953,2346560
8954,2346550
8955,2346540
8956,2346510
8957,2346500
8958,2346490
8959,2346470
8960,2346370
8961,2346230
8962,2346160
8963,2346140
8964,2345960
8965,2345910
8966,2345870
8967,2345770
8968,2345660
8969,2345640
8970,2345630
8971,2345570
8972,2345410
8973,2345380
8974,2345370
8975,2345220
8976,2345110
8977,2345060
8978,2345050
8979,2345040
8980,2345020
8981,2344980
8982,2344950
8983,2344820
8984,2344640
8985,2344630
8986,2344520
8987,2344240
8988,2344060
8989,2344030
8990,2344020
8991,2343960
8992,2343930
8993,2343920
8994,2343860
8995,2343850
8996,2343820
8997,2343810
8998,2343720
8999,2343650
9000,2343600
9001,2343570
9002,2343460
9003,2343320
9004,2343240
9005,2343170
9006,2343160
9007,2343140
9008,2343100
9009,2342980
9010,2342950
9011,2342930
9012,2342920
9013,2342860
9014,2342750
9015,2342600
9016,2342550
9017,2342480
9018,2342430
9019,2342400
9020,2342390
9021,2342360
9022,2342280
9023,2342240
9024,2342210
9025,2342150
9026,2342030
9027,2341950
9028,2341920
9029,2341680
9030,2341610
9031,2341560
9032,2341540
9033,2341530
9034,2341450
9035,2341420
9036,2341410
9037,2341330
9038,2341130
9039,2341070
9040,2341030
9041,2341010
9042,2340910
9043,2340870
9044,2340800
9045,2340790
9046,2340670
9047,2340650
9048,2340600
9049,2340500
9050,2340400
9051,2340390
9052,2340380
9053,2340360
9054,2340300
9055,2340290
9056,2340280
9057,2340250
9058,2340160
9059,2340150
9060,2340030
9061,2340010
9062,2339930
9063,2339780
9064,2339690
9065,2339650
9066,2339580
9067,2339570
9068,2339500
9069,2339490
9070,2339480
9071,2339220
9072,2339180
9073,2339160
9074,2339110
9075,2339080
9076,2339040
9077,2339020
9078,2338950
9079,2338920
9080,2338910
9081,2338860
9082,2338850
9083,2338800
9084,2338770
9085,2338630
9086,2338490
9087,2338470
9088,2338260
9089,2338240
9090,2338220
9091,2338200
9092,2338140
9093,2338130
9094,2338120
9095,2338090
9096,2338070
9097,2338060
9098,2338000
9099,2337970
9100,2337910
9101,2337820
9102,2337760
9103,2337640
9104,2337630
9105,2337480
9106,2337460
9107,2337450
9108,2337230
9109,2337140
9110,2337090
9111,2337060
9112,2336990
9113,2336980
9114,2336840
9115,2336760
9116,2336730
9117,2336720
9118,2336600
9119,2336590
9120,2336580
9121,2336540
9122,2336420
9123,2336330
9124,2336290
9125,2336220
9126,2336200
9127,2336180
9128,2336160
9129,2336100
9130,2335960
9131,2335910
9132,2335810
9133,2335720
9134,2335690
9135,2335620
9136,2335590
9137,2335550
9138,2335370
9139,2335330
9140,2335250
9141,2335220
9142,2335190
9143,2335130
9144,2335050
9145,2334990
9146,2334850
9147,2334780
9148,2334730
9149,2334720
9150,2334710
9151,2334680
9152,2334490
9153,2334480
9154,2334340
9155,2334280
9156,2334220
9157,2334210
9158,2334180
9159,2334130
9160,2334040
9161,2333820
9162,2333720
9163,2333590
9164,2333530
9165,2333510
9166,2333480
9167,2333420
9168,2333390
9169,2333240
9170,2333060
9171,2333040
9172,2333030
9173,2333020
9174,2332970
9175,2332930
9176,2332810
9177,2332550
9178,2332500
9179,2332460
9180,2332410
9181,2332260
9182,2332250
9183,2332240
9184,2332210
9185,2332170
9186,2332130
9187,2331980
9188,2331970
9189,2331960
9190,2331950
9191,2331920
9192,2331880
9193,2331870
9194,2331850
9195,2331710
9196,2331660
9197,2331610
9198,2331330
9199,2331260
9200,2331220
9201,2331210
9202,2331170
9203,2331130
9204,2331110
9205,2331080
9206,2331060
9207,2331000
9208,2330970
9209,2330870
9210,2330850
9211,2330780
9212,2330770
9213,2330750
9214,2330730
9215,2330610
9216,2330500
9217,2330490
9218,2330430
9219,2330410
9220,2330400
9221,2330380
9222,2330360
9223,2330310
9224,2330300
9225,2330210
9226,2330190
9227,2330090
9228,2330040
9229,2329980
9230,2329950
9231,2329910
9232,2329630
9233,2329470
9234,2329390
9235,2329160
9236,2329130
9237,2329060
9238,2328990
9239,2328980
9240,2328970
9241,2328960
9242,2328890
9243,2328780
9244,2328770
9245,2328760
9246,2328750
9247,2328740
9248,2328730
9249,2328710
9250,2328670
9251,2328530
9252,2328410
9253,2328340
9254,2328310
9255,2328290
9256,2328240
9257,2328160
9258,2328140
9259,2328110
9260,2328090
9261,2328070
9262,2327980
9263,2327820
9264,2327810
9265,2327800
9266,2327790
9267,2327780
9268,2327730
9269,2327700
9270,2327670
9271,2327660
9272,2327600
9273,2327480
9274,2327340
9275,2327330
9276,2327260
9277,2327200
9278,2327190
9279,2327160
9280,2327130
9281,2326960
9282,2326840
9283,2326780
9284,2326770
9285,2326740
9286,2326720
9287,2326690
9288,2326590
9289,2326510
9290,2326480
9291,2326460
9292,2326450
9293,2326350
9294,2326260
9295,2326220
9296,2326210
9297,2326100
9298,2326070
9299,2326060
9300,2326050
9301,2326020
9302,2325880
9303,2325800
9304,2325770
9305,2325750
9306,2325720
9307,2325660
9308,2325650
9309,2325640
9310,2325570
9311,2325490
9312,2325470
9313,2325350
9314,2325330
9315,2325290
9316,2325190
9317,2325170
9318,2325150
9319,2325070
9320,2325060
9321,2325040
9322,2324940
9323,2324750
9324,2324700
9325,2324650
9326,2324610
9327,2324520
9328,2324440
9329,2324390
9330,2324380
9331,2324360
9332,2324340
9333,2324300
9334,2324260
9335,2324230
9336,2324210
9337,2324090
9338,2324070
9339,2323980
9340,2323810
9341,2323670
9342,2323660
9343,2323580
9344,2323570
9345,2323550
9346,2323540
9347,2323370
9348,2323340
9349,2323300
9350,2323080
9351,2323060
9352,2322950
9353,2322900
9354,2322850
9355,2322830
9356,2322660
9357,2322560
9358,2322520
9359,2322510
9360,2322440
9361,2322410
9362,2322380
9363,2322280
9364,2322180
9365,2322170
9366,2322130
9367,2322090
9368,2322050
9369,2322020
9370,2322010
9371,2321970
9372,2321900
9373,2321880
9374,2321870
9375,2321860
9376,2321770
9377,2321510
9378,2321470
9379,2321460
9380,2321450
9381,2321430
9382,2321420
9383,2321350
9384,2321310
9385,2321210
9386,2321180
9387,2321120
9388,2321000
9389,2320990
9390,2320950
9391,2320910
9392,2320860
9393,2320620
9394,2320570
9395,2320500
9396,2320410
9397,2320250
9398,2320130
9399,2320040
9400,2320010
9401,2319920
9402,2319870
9403,2319830
9404,2319640
9405,2319580
9406,2319470
9407,2319390
9408,2319370
9409,2319260
9410,2319240
9411,2319160
9412,2319100
9413,2319030
9414,2318920
9415,2318880
9416,2318860
9417,2318830
9418,2318820
9419,2318810
9420,2318680
9421,2318630
9422,2318570
9423,2318550
9424,2318480
9425,2318430
9426,2318420
9427,2318310
9428,2318280
9429,2318180
9430,2318100
9431,2318020
9432,2317960
9433,2317910
9434,2317880
9435,2317820
9436,2317760
9437,2317570
9438,2317560
9439,2317540
9440,2317510
9441,2317390
9442,2317340
9443,2317330
9444,2317300
9445,2317110
9446,2317070
9447,2316960
9448,2316950
9449,2316900
9450,2316820
9451,2316750
9452,2316660
9453,2316590
9454,2316580
9455,2316480
9456,2316450
9457,2316430
9458,2316410
9459,2316400
9460,2316340
9461,2316330
9462,2316290
9463,2316110
9464,2316030
9465,2316010
9466,2315940
9467,2315700
9468,2315690
9469,2315660
9470,2315620
9471,2315610
9472,2315580
9473,2315530
9474,2315450
9475,2315340
9476,2315140
9477,2315130
9478,2315020
9479,2314950
9480,2314850
9481,2314820
9482,2314720
9483,2314650
9484,2314470
9485,2314430
9486,2314270
9487,2314240
9488,2314180
9489,2314160
9490,2314110
9491,2313990
9492,2313980
9493,2313970
9494,2313960
9495,2313950
9496,2313930
9497,2313780
9498,2313720
9499,2313670
9500,2313630
9501,2313600
9502,2313530
9503,2313420
9504,2313330
9505,2313270
9506,2313250
9507,2313240
9508,2313230
9509,2313220
9510,2313180
9511,2313160
9512,2313140
9513,2313130
9514,2313020
9515,2312780
9516,2312770
9517,2312510
9518,2312500
9519,2312390
9520,2312380
9521,2312360
9522,2312340
9523,2312190
9524,2312170
9525,2312160
9526,2312130
9527,2312040
9528,2311990
9529,2311950
9530,2311840
9531,2311820
9532,2311760
9533,2311680
9534,2311530
9535,2311410
9536,2311350
9537,2311320
9538,2311290
9539,2311260
9540,2311220
9541,2311190
9542,2311140
9543,2311090
9544,2311070
9545,2310980
9546,2310920
9547,2310900
9548,2310870
9549,2310860
9550,2310810
9551,2310780
9552,2310720
9553,2310710
9554,2310700
9555,2310690
9556,2310670
9557,2310630
9558,2310610
9559,2310500
9560,2310400
9561,2310360
9562,2310300
9563,2310190
9564,2310160
9565,2310130
9566,2310030
9567,2309920
9568,2309830
9569,2309800
9570,2309730
9571,2309630
9572,2309520
9573,2309400
9574,2309270
9575,2309230
9576,2309040
9577,2309010
9578,2308940
9579,2308920
9580,2308880
9581,2308870
9582,2308790
9583,2308770
9584,2308670
9585,2308650
9586,2308520
9587,2308470
9588,2308400
9589,2308360
9590,2308220
9591,2308000
9592,2307950
9593,2307890
9594,2307870
9595,2307690
9596,2307630
9597,2307580
9598,2307450
9599,2307430
9600,2307370
9601,2307350
9602,2307300
9603,2307260
9604,2307250
9605,2307220
9606,2307160
9607,2307120
9608,2306980
9609,2306930
9610,2306880
9611,2306780
9612,2306740
9613,2306710
9614,2306630
9615,2306590
9616,2306580
9617,2306530
9618,2306480
9619,2306390
9620,2306380
9621,2306160
9622,2306080
9623,2305970
9624,2305930
9625,2305900
9626,2305840
9627,2305810
9628,2305790
9629,2305760
9630,2305520
9631,2305500
9632,2305490
9633,2305480
9634,2305380
9635,2305310
9636,2305180
9637,2305130
9638,2305110
9639,2304990
9640,2304970
9641,2304740
9642,2304710
9643,2304680
9644,2304660
9645,2304650
9646,2304640
9647,2304620
9648,2304600
9649,2304570
9650,2304540
9651,2304510
9652,2304490
9653,2304450
9654,2304440
9655,2304240
9656,2304200
9657,2304190
9658,2304180
9659,2304170
9660,2304160
9661,2304030
9662,2303950
9663,2303910
9664,2303810
9665,2303800
9666,2303740
9667,2303720
9668,2303620
9669,2303570
9670,2303560
9671,2303500
9672,2303450
9673,2303410
9674,2303360
9675,2303350
9676,2303320
9677,2303290
9678,2303180
9679,2303160
9680,2303060
9681,2302990
9682,2302960
9683,2302940
9684,2302870
9685,2302840
9686,2302820
9687,2302680
9688,2302670
9689,2302650
9690,2302640
9691,2302510
9692,2302240
9693,2302210
9694,2302160
9695,2302150
9696,2302140
9697,2302080
9698,2301990
9699,2301850
9700,2301790
9701,2301760
9702,2301670
9703,2301640
9704,2301630
9705,2301510
9706,2301470
9707,2301450
9708,2301370
9709,2301330
9710,2301210
9711,2301190
9712,2301060
9713,2301040
9714,2301000
9715,2300920
9716,2300850
9717,2300730
9718,2300690
9719,2300660
9720,2300580
9721,2300520
9722,2300440
9723,2300400
9724,2300390
9725,2300370
9726,2300300
9727,2300280
9728,2300230
9729,2300160
9730,2300110
9731,2299990
9732,2299950
9733,2299930
9734,2299920
9735,2299900
9736,2299890
9737,2299790
9738,2299750
9739,2299740
9740,2299730
9741,2299660
9742,2299620
9743,2299610
9744,2299510
9745,2299470
9746,2299400
9747,2299280
9748,2299240
9749,2299230
9750,2299150
9751,2299130
9752,2299080
9753,2299070
9754,2299040
9755,2298950
9756,2298730
9757,2298690
9758,2298650
9759,2298630
9760,2298620
9761,2298610
9762,2298590
9763,2298570
9764,2298500
9765,2298390
9766,2298330
9767,2298300
9768,2298280
9769,2298210
9770,2298080
9771,2298060
9772,2297960
9773,2297690
9774,2297650
9775,2297530
9776,2297360
9777,2297230
9778,2297210
9779,2297180
9780,2297150
9781,2297010
9782,2296990
9783,2296960
9784,2296870
9785,2296850
9786,2296590
9787,2296550
9788,2296380
9789,2296360
9790,2295970
9791,2295920
9792,2295700
9793,2295650
9794,2295610
9795,2295570
9796,2295530
9797,2295520
9798,2295390
9799,2295370
9800,2295290
9801,2295280
9802,2295240
9803,2295210
9804,2295200
9805,2295070
9806,2294990
9807,2294980
9808,2294950
9809,2294930
9810,2294910
9811,2294880
9812,2294860
9813,2294790
9814,2294730
9815,2294670
9816,2294630
9817,2294600
9818,2294590
9819,2294550
9820,2294540
9821,2294450
9822,2294330
9823,2294280
9824,2294160
9825,2294130
9826,2293900
9827,2293880
9828,2293850
9829,2293820
9830,2293700
9831,2293680
9832,2293660
9833,2293600
9834,2293570
9835,2293440
9836,2293420
9837,2293410
9838,2293200
9839,2293180
9840,2293010
9841,2292980
9842,2292960
9843,2292940
9844,2292910
9845,2292880
9846,2292720
9847,2292710
9848,2292650
9849,2292610
9850,2292590
9851,2292440
9852,2292300
9853,2292260
9854,2292220
9855,2292210
9856,2292180
9857,2292060
9858,2292030
9859,2292010
9860,2291980
9861,2291950
9862,2291910
9863,2291880
9864,2291850
9865,2291810
9866,2291760
9867,2291700
9868,2291690
9869,2291680
9870,2291340
9871,2291250
9872,2291130
9873,2291120
9874,2291060
9875,2291020
9876,2290890
9877,2290850
9878,2290650
9879,2290610
9880,2290600
9881,2290550
9882,2290490
9883,2290480
9884,2290320
9885,2290310
9886,2290300
9887,2290270
9888,2290250
9889,2290210
9890,2290200
9891,2290190
9892,2290180
9893,2290070
9894,2290010
9895,2290000
9896,2289970
9897,2289960
9898,2289860
9899,2289670
9900,2289650
9901,2289550
9902,2289450
9903,2289400
9904,2289390
9905,2289230
9906,2289210
9907,2289130
9908,2289120
9909,2289080
9910,2288880
9911,2288770
9912,2288660
9913,2288600
9914,2288580
9915,2288570
9916,2288560
9917,2288480
9918,2288310
9919,2288300
9920,2288210
9921,2288150
9922,2288080
9923,2288070
9924,2288020
9925,2287990
9926,2287980
9927,2287970
9928,2287960
9929,2287920
9930,2287790
9931,2287760
9932,2287650
9933,2287610
9934,2287600
9935,2287560
9936,2287520
9937,2287390
9938,2287350
9939,2287220
9940,2287140
9941,2287100
9942,2287080
9943,2287060
9944,2286990
9945,2286940
9946,2286880
9947,2286840
9948,2286830
9949,2286790
9950,2286780
9951,2286770
9952,2286760
9953,2286720
9954,2286680
9955,2286560
9956,2286540
9957,2286520
9958,2286510
9959,2286450
9960,2286390
9961,2286300
9962,2286260
9963,2286110
9964,2286020
9965,2285980
9966,2285950
9967,2285890
9968,2285820
9969,2285650
9970,2285640
9971,2285630
9972,2285610
9973,2285570
9974,2285520
9975,2285500
9976,2285490
9977,2285430
9978,2285400
9979,2285280
9980,2285210
9981,2285180
9982,2285150
9983,2285120
9984,2285080
9985,2284990
9986,2284900
9987,2284860
9988,2284810
9989,2284780
9990,2284510
9991,2284460
9992,2284410
9993,2284390
9994,2284370
9995,2284310
9996,2284270
9997,2284260
9998,2284240
9999,2284200
10000,2284100
10001,2284090
10002,2283950
10003,2283930
10004,2283880
10005,2283870
10006,2283860
10007,2283780
10008,2283690
10009,2283640
10010,2283470
10011,2283460
10012,2283400
10013,2283380
10014,2283360
10015,2283350
10016,2283280
10017,2283240
10018,2283200
10019,2283060
10020,2282780
10021,2282740
10022,2282700
10023,2282690
10024,2282630
10025,2282540
10026,2282480
10027,2282410
10028,2282400
10029,2282330
10030,2282200
10031,2282020
10032,2281940
10033,2281870
10034,2281860
10035,2281830
10036,2281820
10037,2281730
10038,2281650
10039,2281610
10040,2281550
10041,2281540
10042,2281480
10043,2281470
10044,2281460
10045,2281410
10046,2281390
10047,2281360
10048,2281310
10049,2281300
10050,2281230
10051,2281200
10052,2281170
10053,2281040
10054,2280970
10055,2280910
10056,2280810
10057,2280670
10058,2280630
10059,2280570
10060,2280540
10061,2280520
10062,2280510
10063,2280490
10064,2280440
10065,2280390
10066,2280370
10067,2280320
10068,2280220
10069,2280200
10070,2280140
10071,2280060
10072,2280020
10073,2280000
10074,2279960
10075,2279710
10076,2279700
10077,2279620
10078,2279600
10079,2279560
10080,2279550
10081,2279510
10082,2279500
10083,2279470
10084,2279450
10085,2279410
10086,2279390
10087,2279380
10088,2279330
10089,2279310
10090,2279220
10091,2279060
10092,2279040
10093,2278940
10094,2278920
10095,2278910
10096,2278830
10097,2278820
10098,2278790
10099,2278780
10100,2278640
10101,2278630
10102,2278550
10103,2278480
10104,2278390
10105,2278300
10106,2278220
10107,2278130
10108,2278120
10109,2278010
10110,2277960
10111,2277910
10112,2277840
10113,2277780
10114,2277740
10115,2277720
10116,2277670
10117,2277660
10118,2277410
10119,2277350
10120,2277320
10121,2277310
10122,2277300
10123,2277110
10124,2277070
10125,2277050
10126,2276960
10127,2276930
10128,2276850
10129,2276830
10130,2276590
10131,2276550
10132,2276480
10133,2276440
10134,2276420
10135,2276110
10136,2275990
10137,2275970
10138,2275820
10139,2275780
10140,2275710
10141,2275650
10142,2275640
10143,2275560
10144,2275420
10145,2275220
10146,2275180
10147,2275150
10148,2275030
10149,2275020
10150,2274980
10151,2274970
10152,2274860
10153,2274850
10154,2274820
10155,2274800
10156,2274700
10157,2274580
10158,2274550
10159,2274530
10160,2274510
10161,2274500
10162,2274480
10163,2274460
10164,2274430
10165,2274410
10166,2274390
10167,2274250
10168,2274160
10169,2274120
10170,2274110
10171,2273880
10172,2273570
10173,2273550
10174,2273510
10175,2273500
10176,2273470
10177,2273440
10178,2273430
10179,2273420
10180,2273050
10181,2273040
10182,2272970
10183,2272950
10184,2272940
10185,2272880
10186,2272870
10187,2272850
10188,2272770
10189,2272730
10190,2272710
10191,2272630
10192,2272430
10193,2272420
10194,2272400
10195,2272310
10196,2272290
10197,2272250
10198,2272190
10199,2272120
10200,2272090
10201,2272050
10202,2271980
10203,2271940
10204,2271810
10205,2271760
10206,2271750
10207,2271590
10208,2271560
10209,2271530
10210,2271520
10211,2271500
10212,2271490
10213,2271320
10214,2271300
10215,2271200
10216,2271190
10217,2271180
10218,2271170
10219,2271160
10220,2271060
10221,2271040
10222,2271030
10223,2271000
10224,2270980
10225,2270970
10226,2270930
10227,2270750
10228,2270600
10229,2270590
10230,2270550
10231,2270530
10232,2270520
10233,2270420
10234,2270410
10235,2270350
10236,2270320
10237,2270220
10238,2270210
10239,2270130
10240,2270120
10241,2270020
10242,2269980
10243,2269860
10244,2269750
10245,2269730
10246,2269700
10247,2269580
10248,2269530
10249,2269460
10250,2269450
10251,2269380
10252,2269330
10253,2269320
10254,2269280
10255,2269270
10256,2269230
10257,2268960
10258,2268800
10259,2268560
10260,2268540
10261,2268470
10262,2268040
10263,2267990
10264,2267950
10265,2267930
10266,2267870
10267,2267810
10268,2267770
10269,2267620
10270,2267590
10271,2267370
10272,2267290
10273,2267260
10274,2267070
10275,2266940
10276,2266930
10277,2266850
10278,2266820
10279,2266740
10280,2266580
10281,2266570
10282,2266410
10283,2266400
10284,2266320
10285,2266270
10286,2266200
10287,2266190
10288,2266160
10289,2266130
10290,2266020
10291,2265960
10292,2265680
10293,2265610
10294,2265530
10295,2265520
10296,2265450
10297,2265440
10298,2265330
10299,2265310
10300,2265210
10301,2265190
10302,2265180
10303,2265160
10304,2265120
10305,2265040
10306,2265020
10307,2264930
10308,2264880
10309,2264730
10310,2264700
10311,2264550
10312,2264470
10313,2264460
10314,2264400
10315,2264340
10316,2264310
10317,2264140
10318,2264090
10319,2264080
10320,2264070
10321,2264020
10322,2263980
10323,2263970
10324,2263920
10325,2263860
10326,2263710
10327,2263680
10328,2263570
10329,2263560
10330,2263510
10331,2263390
10332,2263340
10333,2263220
10334,2263170
10335,2263160
10336,2263010
10337,2262990
10338,2262980
10339,2262970
10340,2262960
10341,2262930
10342,2262770
10343,2262690
10344,2262620
10345,2262610
10346,2262370
10347,2262330
10348,2262320
10349,2262240
10350,2262220
10351,2262190
10352,2262110
10353,2262080
10354,2262070
10355,2261940
10356,2261920
10357,2261750
10358,2261680
10359,2261660
10360,2261650
10361,2261640
10362,2261570
10363,2261500
10364,2261390
10365,2261350
10366,2261240
10367,2261130
10368,2261120
10369,2261090
10370,2261070
10371,2261050
10372,2260930
10373,2260800
10374,2260750
10375,2260720
10376,2260650
10377,2260560
10378,2260540
10379,2260530
10380,2260420
10381,2260330
10382,2260230
10383,2260220
10384,2260130
10385,2260100
10386,2260050
10387,2259990
10388,2259740
10389,2259640
10390,2259530
10391,2259340
10392,2259320
10393,2259300
10394,2259270
10395,2259230
10396,2259210
10397,2259190
10398,2259180
10399,2259140
10400,2259130
10401,2258940
10402,2258910
10403,2258890
10404,2258870
10405,2258830
10406,2258770
10407,2258670
10408,2258590
10409,2258580
10410,2258510
10411,2258500
10412,2258380
10413,2258350
10414,2258300
10415,2258290
10416,2258260
10417,2258240
10418,2258120
10419,2258110
10420,2258090
10421,2258020
10422,2258010
10423,2257910
10424,2257840
10425,2257790
10426,2257770
10427,2257720
10428,2257680
10429,2257590
10430,2257560
10431,2257510
10432,2257460
10433,2257450
10434,2257410
10435,2257400
10436,2257360
10437,2257290
10438,2257170
10439,2257100
10440,2257070
10441,2257060
10442,2257050
10443,2256990
10444,2256970
10445,2256950
10446,2256920
10447,2256900
10448,2256880
10449,2256810
10450,2256790
10451,2256780
10452,2256600
10453,2256360
10454,2256280
10455,2256260
10456,2256230
10457,2256110
10458,2256100
10459,2255970
10460,2255950
10461,2255910
10462,2255820
10463,2255760
10464,2255730
10465,2255630
10466,2255550
10467,2255530
10468,2255490
10469,2255480
10470,2255420
10471,2255380
10472,2255350
10473,2255290
10474,2255140
10475,2255120
10476,2255080
10477,2255000
10478,2254910
10479,2254900
10480,2254890
10481,2254830
10482,2254780
10483,2254750
10484,2254740
10485,2254710
10486,2254670
10487,2254600
10488,2254490
10489,2254430
10490,2254340
10491,2254210
10492,2254160
10493,2254140
10494,2254110
10495,2254030
10496,2254000
10497,2253970
10498,2253930
10499,2253910
10500,2253770
10501,2253730
10502,2253720
10503,2253710
10504,2253510
10505,2253470
10506,2253460
10507,2253370
10508,2253290
10509,2253200
10510,2253160
10511,2253080
10512,2252960
10513,2252850
10514,2252820
10515,2252790
10516,2252680
10517,2252570
10518,2252550
10519,2252520
10520,2252360
10521,2252330
10522,2252190
10523,2252180
10524,2252070
10525,2251930
10526,2251910
10527,2251870
10528,2251810
10529,2251620
10530,2251580
10531,2251570
10532,2251540
10533,2251510
10534,2251420
10535,2251380
10536,2251340
10537,2251240
10538,2251120
10539,2251080
10540,2251040
10541,2251020
10542,2251010
10543,2250820
10544,2250790
10545,2250710
10546,2250690
10547,2250600
10548,2250590
10549,2250550
10550,2250520
10551,2250470
10552,2250340
10553,2250270
10554,2250250
10555,2250180
10556,2250170
10557,2250160
10558,2250110
10559,2250090
10560,2250060
10561,2250040
10562,2249950
10563,2249890
10564,2249850
10565,2249830
10566,2249700
10567,2249550
10568,2249520
10569,2249510
10570,2249450
10571,2249440
10572,2249340
10573,2249210
10574,2249160
10575,2249070
10576,2249040
10577,2248950
10578,2248900
10579,2248880
10580,2248870
10581,2248830
10582,2248820
10583,2248810
10584,2248760
10585,2248580
10586,2248570
10587,2248430
10588,2248400
10589,2248390
10590,2248350
10591,2248340
10592,2248330
10593,2248250
10594,2248180
10595,2248120
10596,2247850
10597,2247820
10598,2247810
10599,2247800
10600,2247790
10601,2247760
10602,2247730
10603,2247680
10604,2247670
10605,2247640
10606,2247620
10607,2247610
10608,2247570
10609,2247550
10610,2247480
10611,2247340
10612,2247200
10613,2247170
10614,2246940
10615,2246880
10616,2246850
10617,2246740
10618,2246700
10619,2246650
10620,2246640
10621,2246550
10622,2246520
10623,2246490
10624,2246400
10625,2246350
10626,2246330
10627,2246300
10628,2246290
10629,2246130
10630,2246120
10631,2246110
10632,2245890
10633,2245850
10634,2245830
10635,2245750
10636,2245730
10637,2245700
10638,2245590
10639,2245490
10640,2245460
10641,2245370
10642,2245270
10643,2245090
10644,2245080
10645,2245030
10646,2244970
10647,2244920
10648,2244880
10649,2244840
10650,2244830
10651,2244800
10652,2244770
10653,2244690
10654,2244660
10655,2244640
10656,2244630
10657,2244620
10658,2244550
10659,2244530
10660,2244480
10661,2244470
10662,2244420
10663,2244330
10664,2244320
10665,2244200
10666,2244160
10667,2244150
10668,2244130
10669,2244110
10670,2244080
10671,2243980
10672,2243950
10673,2243920
10674,2243900
10675,2243880
10676,2243710
10677,2243670
10678,2243580
10679,2243570
10680,2243560
10681,2243550
10682,2243510
10683,2243490
10684,2243250
10685,2243140
10686,2243110
10687,2243100
10688,2243080
10689,2243050
10690,2243040
10691,2242980
10692,2242820
10693,2242810
10694,2242760
10695,2242710
10696,2242590
10697,2242470
10698,2242420
10699,2242320
10700,2242310
10701,2242220
10702,2242100
10703,2241980
10704,2241970
10705,2241920
10706,2241910
10707,2241860
10708,2241800
10709,2241760
10710,2241630
10711,2241580
10712,2241570
10713,2241560
10714,2241410
10715,2241390
10716,2241250
10717,2241200
10718,2241190
10719,2241020
10720,2240920
10721,2240910
10722,2240890
10723,2240790
10724,2240700
10725,2240660
10726,2240630
10727,2240560
10728,2240530
10729,2240430
10730,2240410
10731,2240390
10732,2240220
10733,2240200
10734,2240150
10735,2240090
10736,2239820
10737,2239800
10738,2239650
10739,2239550
10740,2239520
10741,2239360
10742,2239340
10743,2239320
10744,2239270
10745,2239150
10746,2239140
10747,2239020
10748,2239000
10749,2238980
10750,2238900
10751,2238750
10752,2238740
10753,2238710
10754,2238690
10755,2238630
10756,2238440
10757,2238430
10758,2238360
10759,2238310
10760,2238240
10761,2238210
10762,2238180
10763,2238040
10764,2237980
10765,2237970
10766,2237950
10767,2237940
10768,2237800
10769,2237740
10770,2237690
10771,2237570
10772,2237350
10773,2237200
10774,2237190
10775,2237070
10776,2236930
10777,2236920
10778,2236900
10779,2236880
10780,2236860
10781,2236680
10782,2236590
10783,2236490
10784,2236480
10785,2236300
10786,2236240
10787,2236220
10788,2236070
10789,2235820
10790,2235810
10791,2235800
10792,2235790
10793,2235780
10794,2235760
10795,2235690
10796,2235620
10797,2235610
10798,2235530
10799,2235500
10800,2235440
10801,2235350
10802,2235340
10803,2235240
10804,2235150
10805,2235090
10806,2235020
10807,2234960
10808,2234930
10809,2234920
10810,2234890
10811,2234800
10812,2234770
10813,2234690
10814,2234640
10815,2234600
10816,2234500
10817,2234470
10818,2234420
10819,2234400
10820,2234370
10821,2234200
10822,2234150
10823,2234060
10824,2234020
10825,2234000
10826,2233980
10827,2233900
10828,2233890
10829,2233870
10830,2233850
10831,2233840
10832,2233790
10833,2233770
10834,2233750
10835,2233730
10836,2233700
10837,2233600
10838,2233580
10839,2233500
10840,2233360
10841,2233220
10842,2233150
10843,2233120
10844,2233040
10845,2232950
10846,2232840
10847,2232660
10848,2232650
10849,2232600
10850,2232380
10851,2232320
10852,2232290
10853,2232260
10854,2232240
10855,2232200
10856,2232180
10857,2232110
10858,2232100
10859,2232060
10860,2231920
10861,2231900
10862,2231890
10863,2231870
10864,2231850
10865,2231790
10866,2231770
10867,2231740
10868,2231730
10869,2231560
10870,2231550
10871,2231450
10872,2231380
10873,2231230
10874,2231190
10875,2231170
10876,2231160
10877,2231080
10878,2231060
10879,2231040
10880,2231010
10881,2230990
10882,2230980
10883,2230820
10884,2230800
10885,2230790
10886,2230770
10887,2230650
10888,2230630
10889,2230590
10890,2230560
10891,2230540
10892,2230410
10893,2230290
10894,2230280
10895,2230220
10896,2230210
10897,2230180
10898,2230170
10899,2230110
10900,2230090
10901,2230080
10902,2230070
10903,2230030
10904,2230000
10905,2229990
10906,2229920
10907,2229890
10908,2229880
10909,2229870
10910,2229850
10911,2229840
10912,2229830
10913,2229710
10914,2229680
10915,2229570
10916,2229560
10917,2229490
10918,2229480
10919,2229420
10920,2229350
10921,2229320
10922,2229300
10923,2229260
10924,2229160
10925,2229110
10926,2228890
10927,2228830
10928,2228430
10929,2228400
10930,2228390
10931,2228350
10932,2228340
10933,2228280
10934,2228220
10935,2228210
10936,2228140
10937,2228040
10938,2228030
10939,2228010
10940,2227990
10941,2227860
10942,2227630
10943,2227620
10944,2227450
10945,2227220
10946,2227180
10947,2227150
10948,2227130
10949,2227030
10950,2226990
10951,2226980
10952,2226940
10953,2226890
10954,2226870
10955,2226810
10956,2226800
10957,2226780
10958,2226750
10959,2226700
10960,2226660
10961,2226640
10962,2226610
10963,2226550
10964,2226480
10965,2226470
10966,2226440
10967,2226160
10968,2226100
10969,2226030
10970,2225870
10971,2225830
10972,2225800
10973,2225610
10974,2225530
10975,2225520
10976,2225480
10977,2225430
10978,2225250
10979,2225210
10980,2225130
10981,2225080
10982,2225070
10983,2225060
10984,2225010
10985,2224910
10986,2224860
10987,2224850
10988,2224790
10989,2224760
10990,2224740
10991,2224660
10992,2224640
10993,2224610
10994,2224530
10995,2224430
10996,2224400
10997,2224350
10998,2224330
10999,2224260
11000,2224160
11001,2224030
11002,2224020
11003,2223840
11004,2223820
11005,2223810
11006,2223800
11007,2223740
11008,2223700
11009,2223590
11010,2223470
11011,2223380
11012,2223170
11013,2223130
11014,2223020
11015,2222970
11016,2222950
11017,2222930
11018,2222910
11019,2222870
11020,2222860
11021,2222850
11022,2222830
11023,2222770
11024,2222750
11025,2222710
11026,2222680
11027,2222670
11028,2222540
11029,2222480
11030,2222370
11031,2222330
11032,2222310
11033,2222260
11034,2222200
11035,2222190
11036,2222180
11037,2222170
11038,2222160
11039,2222020
11040,2221990
11041,2221980
11042,2221940
11043,2221920
11044,2221840
11045,2221820
11046,2221750
11047,2221740
11048,2221540
11049,2221490
11050,2221260
11051,2221100
11052,2221090
11053,2220980
11054,2220870
11055,2220850
11056,2220810
11057,2220740
11058,2220690
11059,2220680
11060,2220660
11061,2220480
11062,2220430
11063,2220360
11064,2220320
11065,2220280
11066,2220170
11067,2220110
11068,2220070
11069,2219990
11070,2219970
11071,2219880
11072,2219820
11073,2219810
11074,2219800
11075,2219690
11076,2219660
11077,2219640
11078,2219580
11079,2219520
11080,2219470
11081,2219410
11082,2219370
11083,2219240
11084,2219210
11085,2219190
11086,2219180
11087,2219000
11088,2218980
11089,2218970
11090,2218960
11091,2218930
11092,2218850
11093,2218750
11094,2218720
11095,2218690
11096,2218680
11097,2218620
11098,2218570
11099,2218560
11100,2218510
11101,2218460
11102,2218440
11103,2218420
11104,2218400
11105,2218370
11106,2218350
11107,2218270
11108,2218260
11109,2218210
11110,2218190
11111,2218120
11112,2218090
11113,2218030
11114,2217980
11115,2217910
11116,2217840
11117,2217810
11118,2217740
11119,2217730
11120,2217680
11121,2217590
11122,2217580
11123,2217560
11124,2217550
11125,2217450
11126,2217440
11127,2217420
11128,2217210
11129,2217100
11130,2217000
11131,2216970
11132,2216960
11133,2216860
11134,2216830
11135,2216770
11136,2216750
11137,2216700
11138,2216660
11139,2216600
11140,2216370
11141,2216360
11142,2216260
11143,2216180
11144,2216170
11145,2216150
11146,2216130
11147,2216120
11148,2216110
11149,2216090
11150,2216060
11151,2216040
11152,2216000
11153,2215910
11154,2215820
11155,2215690
11156,2215650
11157,2215570
11158,2215540
11159,2215500
11160,2215430
11161,2215340
11162,2215290
11163,2215270
11164,2215260
11165,2215220
11166,2215190
11167,2215180
11168,2215080
11169,2215060
11170,2214950
11171,2214890
11172,2214880
11173,2214840
11174,2214500
11175,2214250
11176,2214170
11177,2214150
11178,2214140
11179,2214130
11180,2214120
11181,2214090
11182,2214000
11183,2213980
11184,2213910
11185,2213880
11186,2213850
11187,2213770
11188,2213660
11189,2213600
11190,2213500
11191,2213450
11192,2213430
11193,2213390
11194,2213340
11195,2213300
11196,2213290
11197,2213200
11198,2213120
11199,2212840
11200,2212830
11201,2212500
11202,2212410
11203,2212390
11204,2212370
11205,2212330
11206,2212110
11207,2211970
11208,2211870
11209,2211840
11210,2211800
11211,2211750
11212,2211730
11213,2211700
11214,2211660
11215,2211640
11216,2211460
11217,2211410
11218,2211400
11219,2211390
11220,2211280
11221,2211250
11222,2211190
11223,2211110
11224,2211090
11225,2210980
11226,2210810
11227,2210800
11228,2210780
11229,2210710
11230,2210700
11231,2210670
11232,2210630
11233,2210590
11234,2210210
11235,2210180
11236,2210130
11237,2210020
11238,2210000
11239,2209990
11240,2209910
11241,2209860
11242,2209790
11243,2209680
11244,2209660
11245,2209610
11246,2209580
11247,2209560
11248,2209470
11249,2209440
11250,2209380
11251,2209190
11252,2209150
11253,2209020
11254,2208960
11255,2208920
11256,2208900
11257,2208780
11258,2208730
11259,2208650
11260,2208620
11261,2208530
11262,2208520
11263,2208220
11264,2208160
11265,2208130
11266,2208070
11267,2208060
11268,2208000
11269,2207980
11270,2207970
11271,2207750
11272,2207670
11273,2207630
11274,2207590
11275,2207540
11276,2207520
11277,2207500
11278,2207490
11279,2207480
11280,2207470
11281,2207160
11282,2207120
11283,2207110
11284,2207100
11285,2207080
11286,2207070
11287,2207060
11288,2207050
11289,2207040
11290,2207030
11291,2207010
11292,2206980
11293,2206870
11294,2206820
11295,2206720
11296,2206700
11297,2206690
11298,2206680
11299,2206660
11300,2206590
11301,2206580
11302,2206570
11303,2206560
11304,2206490
11305,2206480
11306,2206460
11307,2206450
11308,2206410
11309,2206390
11310,2206350
11311,2206340
11312,2206320
11313,2206270
11314,2206240
11315,2206230
11316,2206210
11317,2206150
11318,2206140
11319,2206130
11320,2206000
11321,2205950
11322,2205870
11323,2205850
11324,2205750
11325,2205740
11326,2205730
11327,2205670
11328,2205640
11329,2205600
11330,2205500
11331,2205460
11332,2205440
11333,2205420
11334,2205380
11335,2205330
11336,2205290
11337,2205270
11338,2205260
11339,2205190
11340,2204970
11341,2204940
11342,2204900
11343,2204850
11344,2204830
11345,2204810
11346,2204760
11347,2204730
11348,2204720
11349,2204710
11350,2204680
11351,2204600
11352,2204350
11353,2204260
11354,2204230
11355,2204170
11356,2204130
11357,2204040
11358,2203990
11359,2203970
11360,2203860
11361,2203780
11362,2203730
11363,2203720
11364,2203710
11365,2203590
11366,2203510
11367,2203500
11368,2203480
11369,2203210
11370,2203170
11371,2203140
11372,2203130
11373,2203100
11374,2203070
11375,2203040
11376,2202900
11377,2202890
11378,2202880
11379,2202770
11380,2202750
11381,2202710
11382,2202690
11383,2202590
11384,2202510
11385,2202500
11386,2202470
11387,2202340
11388,2202220
11389,2202120
11390,2202110
11391,2201940
11392,2201930
11393,2201810
11394,2201710
11395,2201680
11396,2201660
11397,2201590
11398,2201420
11399,2201390
11400,2201260
11401,2201230
11402,2201210
11403,2201150
11404,2201070
11405,2201000
11406,2200820
11407,2200790
11408,2200780
11409,2200770
11410,2200760
11411,2200700
11412,2200620
11413,2200580
11414,2200530
11415,2200470
11416,2200450
11417,2200420
11418,2200410
11419,2200400
11420,2200390
11421,2200380
11422,2200360
11423,2200350
11424,2200270
11425,2200190
11426,2200030
11427,2199930
11428,2199860
11429,2199830
11430,2199810
11431,2199780
11432,2199750
11433,2199580
11434,2199570
11435,2199360
11436,2199340
11437,2199330
11438,2199300
11439,2199270
11440,2199230
11441,2199180
11442,2199060
11443,2198970
11444,2198940
11445,2198830
11446,2198800
11447,2198790
11448,2198740
11449,2198680
11450,2198650
11451,2198590
11452,2198510
11453,2198150
11454,2198070
11455,2198030
11456,2198000
11457,2197950
11458,2197910
11459,2197890
11460,2197780
11461,2197760
11462,2197680
11463,2197650
11464,2197600
11465,2197550
11466,2197490
11467,2197360
11468,2197160
11469,2197050
11470,2197030
11471,2197020
11472,2196980
11473,2196870
11474,2196850
11475,2196790
11476,2196770
11477,2196680
11478,2196640
11479,2196570
11480,2196560
11481,2196490
11482,2196430
11483,2196420
11484,2196390
11485,2196380
11486,2196370
11487,2196240
11488,2196230
11489,2196210
11490,2196140
11491,2196120
11492,2195790
11493,2195780
11494,2195720
11495,2195690
11496,2195670
11497,2195650
11498,2195630
11499,2195560
11500,2195530
11501,2195410
11502,2195400
11503,2195390
11504,2195340
11505,2195250
11506,2195230
11507,2195200
11508,2195190
11509,2195160
11510,2195150
11511,2195140
11512,2195120
11513,2195090
11514,2195060
11515,2195010
11516,2194980
11517,2194880
11518,2194840
11519,2194820
11520,2194810
11521,2194800
11522,2194760
11523,2194730
11524,2194710
11525,2194700
11526,2194670
11527,2194660
11528,2194640
11529,2194610
11530,2194600
11531,2194570
11532,2194530
11533,2194510
11534,2194410
11535,2194400
11536,2194190
11537,2194160
11538,2194080
11539,2194000
11540,2193940
11541,2193900
11542,2193870
11543,2193760
11544,2193720
11545,2193650
11546,2193580
11547,2193570
11548,2193540
11549,2193490
11550,2193440
11551,2193420
11552,2193410
11553,2193380
11554,2193370
11555,2193270
11556,2193090
11557,2193070
11558,2193050
11559,2192920
11560,2192900
11561,2192840
11562,2192790
11563,2192750
11564,2192700
11565,2192670
11566,2192650
11567,2192620
11568,2192570
11569,2192530
11570,2192500
11571,2192480
11572,2192460
11573,2192350
11574,2192280
11575,2192270
11576,2192220
11577,2192170
11578,2192060
11579,2191920
11580,2191670
11581,2191620
11582,2191610
11583,2191570
11584,2191560
11585,2191550
11586,2191490
11587,2191480
11588,2191410
11589,2191270
11590,2191190
11591,2191140
11592,2191120
11593,2191100
11594,2191090
11595,2191080
11596,2191020
11597,2190900
11598,2190880
11599,2190590
11600,2190570
11601,2190470
11602,2190420
11603,2190390
11604,2190290
11605,2190260
11606,2190250
11607,2190230
11608,2190220
11609,2190210
11610,2190200
11611,2190190
11612,2190180
11613,2189970
11614,2189910
11615,2189890
11616,2189860
11617,2189670
11618,2189640
11619,2189630
11620,2189620
11621,2189530
11622,2189470
11623,2189420
11624,2189370
11625,2189040
11626,2188960
11627,2188910
11628,2188880
11629,2188790
11630,2188740
11631,2188690
11632,2188650
11633,2188620
11634,2188570
11635,2188380
11636,2188220
11637,2188180
11638,2187920
11639,2187850
11640,2187840
11641,2187740
11642,2187690
11643,2187660
11644,2187570
11645,2187560
11646,2187370
11647,2187340
11648,2187320
11649,2187300
11650,2187290
11651,2187230
11652,2187220
11653,2187210
11654,2187160
11655,2187130
11656,2186980
11657,2186780
11658,2186700
11659,2186680
11660,2186570
11661,2186490
11662,2186460
11663,2186400
11664,2186380
11665,2186320
11666,2186300
11667,2186240
11668,2186140
11669,2186100
11670,2186010
11671,2185990
11672,2185930
11673,2185920
11674,2185880
11675,2185870
11676,2185860
11677,2185850
11678,2185840
11679,2185780
11680,2185770
11681,2185760
11682,2185730
11683,2185470
11684,2185400
11685,2185290
11686,2185280
11687,2185190
11688,2185180
11689,2184880
11690,2184770
11691,2184720
11692,2184650
11693,2184610
11694,2184590
11695,2184580
11696,2184570
11697,2184470
11698,2184440
11699,2184380
11700,2184350
11701,2184230
11702,2184220
11703,2184150
11704,2184130
11705,2184110
11706,2184010
11707,2183940
11708,2183910
11709,2183900
11710,2183750
11711,2183730
11712,2183720
11713,2183690
11714,2183660
11715,2183650
11716,2183600
11717,2183580
11718,2183530
11719,2183430
11720,2183320
11721,2183240
11722,2183230
11723,2183210
11724,2183200
11725,2183170
11726,2183110
11727,2183090
11728,2183070
11729,2182850
11730,2182840
11731,2182820
11732,2182790
11733,2182770
11734,2182690
11735,2182630
11736,2182590
11737,2182530
11738,2182500
11739,2182450
11740,2182420
11741,2182400
11742,2182180
11743,2182160
11744,2182130
11745,2182110
11746,2182020
11747,2181990
11748,2181980
11749,2181950
11750,2181940
11751,2181930
11752,2181830
11753,2181720
11754,2181710
11755,2181700
11756,2181640
11757,2181620
11758,2181610
11759,2181480
11760,2181440
11761,2181140
11762,2181100
11763,2181060
11764,2181000
11765,2180890
11766,2180840
11767,2180800
11768,2180750
11769,2180740
11770,2180710
11771,2180680
11772,2180610
11773,2180600
11774,2180550
11775,2180430
11776,2180350
11777,2180340
11778,2180330
11779,2180310
11780,2180210
11781,2180150
11782,2180070
11783,2180060
11784,2180050
11785,2180010
11786,2180000
11787,2179900
11788,2179860
11789,2179850
11790,2179790
11791,2179720
11792,2179690
11793,2179660
11794,2179630
11795,2179540
11796,2179520
11797,2179510
11798,2179460
11799,2179440
11800,2179380
11801,2179360
11802,2179350
11803,2179300
11804,2179290
11805,2179270
11806,2179260
11807,2179220
11808,2179170
11809,2179030
11810,2178970
11811,2178860
11812,2178670
11813,2178620
11814,2178590
11815,2178570
11816,2178560
11817,2178490
11818,2178410
11819,2178330
11820,2178170
11821,2178130
11822,2178090
11823,2178010
11824,2177820
11825,2177800
11826,2177730
11827,2177720
11828,2177700
11829,2177620
11830,2177610
11831,2177570
11832,2177540
11833,2177490
11834,2177290
11835,2177260
11836,2177210
11837,2177200
11838,2177170
11839,2177150
11840,2177060
11841,2177040
11842,2177030
11843,2176940
11844,2176930
11845,2176900
11846,2176880
11847,2176850
11848,2176790
11849,2176760
11850,2176570
11851,2176560
11852,2176510
11853,2176450
11854,2176430
11855,2176400
11856,2176320
11857,2176310
11858,2176270
11859,2176190
11860,2176180
11861,2176140
11862,2176130
11863,2176070
11864,2176060
11865,2175800
11866,2175790
11867,2175780
11868,2175770
11869,2175700
11870,2175690
11871,2175650
11872,2175640
11873,2175570
11874,2175540
11875,2175530
11876,2175510
11877,2175490
11878,2175450
11879,2175390
11880,2175250
11881,2175210
11882,2175200
11883,2175190
11884,2175100
11885,2175090
11886,2174930
11887,2174900
11888,2174720
11889,2174690
11890,2174620
11891,2174600
11892,2174460
11893,2174420
11894,2174320
11895,2174160
11896,2174080
11897,2173960
11898,2173940
11899,2173920
11900,2173910
11901,2173900
11902,2173890
11903,2173880
11904,2173870
11905,2173800
11906,2173760
11907,2173730
11908,2173700
11909,2173670
11910,2173650
11911,2173600
11912,2173570
11913,2173550
11914,2173380
11915,2173260
11916,2173200
11917,2173000
11918,2172940
11919,2172900
11920,2172860
11921,2172760
11922,2172750
11923,2172630
11924,2172600
11925,2172520
11926,2172510
11927,2172500
11928,2172490
11929,2172470
11930,2172420
11931,2172410
11932,2172320
11933,2172260
11934,2172200
11935,2172190
11936,2172180
11937,2172120
11938,2172110
11939,2172030
11940,2172010
11941,2171980
11942,2171930
11943,2171920
11944,2171840
11945,2171830
11946,2171750
11947,2171720
11948,2171690
11949,2171680
11950,2171650
11951,2171630
11952,2171610
11953,2171570
11954,2171560
11955,2171530
11956,2171500
11957,2171440
11958,2171420
11959,2171370
11960,2171310
11961,2171300
11962,2171290
11963,2171280
11964,2171270
11965,2171100
11966,2171060
11967,2171010
11968,2170960
11969,2170920
11970,2170890
11971,2170760
11972,2170700
11973,2170570
11974,2170520
11975,2170490
11976,2170450
11977,2170370
11978,2170230
11979,2170160
11980,2170100
11981,2170090
11982,2170050
11983,2169830
11984,2169810
11985,2169800
11986,2169730
11987,2169570
11988,2169460
11989,2169350
11990,2169300
11991,2169220
11992,2169140
11993,2169120
11994,2169060
11995,2168880
11996,2168870
11997,2168830
11998,2168810
11999,2168760
12000,2168680
12001,2168650
12002,2168630
12003,2168610
12004,2168600
12005,2168530
12006,2168490
12007,2168450
12008,2168260
12009,2168240
12010,2168200
12011,2168150
12012,2168090
12013,2168000
12014,2167990
12015,2167960
12016,2167900
12017,2167890
12018,2167880
12019,2167870
12020,2167860
12021,2167800
12022,2167790
12023,2167770
12024,2167750
12025,2167600
12026,2167580
12027,2167550
12028,2167430
12029,2167340
12030,2167220
12031,2167130
12032,2167040
12033,2166920
12034,2166910
12035,2166820
12036,2166780
12037,2166710
12038,2166690
12039,2166640
12040,2166630
12041,2166610
12042,2166530
12043,2166490
12044,2166470
12045,2166450
12046,2166430
12047,2166370
12048,2166320
12049,2166260
12050,2166250
12051,2166200
12052,2166170
12053,2166150
12054,2166140
12055,2166120
12056,2166060
12057,2166050
12058,2166020
12059,2165740
12060,2165690
12061,2165650
12062,2165620
12063,2165610
12064,2165600
12065,2165560
12066,2165470
12067,2165420
12068,2165390
12069,2165380
12070,2165370
12071,2165340
12072,2165030
12073,2164930
12074,2164880
12075,2164870
12076,2164790
12077,2164780
12078,2164760
12079,2164750
12080,2164690
12081,2164630
12082,2164610
12083,2164490
12084,2164390
12085,2164320
12086,2164310
12087,2164280
12088,2164200
12089,2164080
12090,2164030
12091,2163930
12092,2163800
12093,2163790
12094,2163760
12095,2163710
12096,2163620
12097,2163590
12098,2163540
12099,2163500
12100,2163480
12101,2163460
12102,2163450
12103,2163400
12104,2163330
12105,2163220
12106,2163210
12107,2163190
12108,2163160
12109,2163140
12110,2163100
12111,2163090
12112,2163060
12113,2163030
12114,2163000
12115,2162980
12116,2162960
12117,2162950
12118,2162900
12119,2162820
12120,2162810
12121,2162800
12122,2162790
12123,2162780
12124,2162750
12125,2162720
12126,2162680
12127,2162610
12128,2162520
12129,2162390
12130,2162350
12131,2162160
12132,2162130
12133,2162070
12134,2162050
12135,2162020
12136,2161940
12137,2161840
12138,2161810
12139,2161700
12140,2161620
12141,2161600
12142,2161590
12143,2161450
12144,2161440
12145,2161430
12146,2161120
12147,2161110
12148,2161050
12149,2161000
12150,2160840
12151,2160830
12152,2160700
12153,2160680
12154,2160480
12155,2160430
12156,2160420
12157,2160380
12158,2160360
12159,2160240
12160,2160230
12161,2160220
12162,2160200
12163,2160190
12164,2160000
12165,2159960
12166,2159880
12167,2159870
12168,2159860
12169,2159780
12170,2159730
12171,2159720
12172,2159680
12173,2159670
12174,2159650
12175,2159590
12176,2159530
12177,2159520
12178,2159500
12179,2159470
12180,2159450
12181,2159390
12182,2159300
12183,2159240
12184,2159230
12185,2159210
12186,2159180
12187,2159120
12188,2158900
12189,2158850
12190,2158740
12191,2158730
12192,2158710
12193,2158700
12194,2158670
12195,2158650
12196,2158600
12197,2158500
12198,2158430
12199,2158270
12200,2158240
12201,2158190
12202,2158130
12203,2158030
12204,2157960
12205,2157680
12206,2157650
12207,2157560
12208,2157510
12209,2157450
12210,2157440
12211,2157340
12212,2157290
12213,2157250
12214,2157130
12215,2157110
12216,2157100
12217,2157070
12218,2157060
12219,2156970
12220,2156960
12221,2156880
12222,2156830
12223,2156770
12224,2156620
12225,2156450
12226,2156440
12227,2156410
12228,2156290
12229,2156280
12230,2156270
12231,2156210
12232,2156120
12233,2156070
12234,2155970
12235,2155770
12236,2155760
12237,2155750
12238,2155720
12239,2155680
12240,2155600
12241,2155480
12242,2155280
12243,2155180
12244,2155120
12245,2155060
12246,2154990
12247,2154940
12248,2154820
12249,2154800
12250,2154760
12251,2154730
12252,2154720
12253,2154650
12254,2154570
12255,2154530
12256,2154430
12257,2154400
12258,2154380
12259,2154330
12260,2154290
12261,2154250
12262,2154230
12263,2154140
12264,2154130
12265,2154090
12266,2154000
12267,2153950
12268,2153920
12269,2153900
12270,2153880
12271,2153850
12272,2153780
12273,2153770
12274,2153750
12275,2153640
12276,2153630
12277,2153610
12278,2153590
12279,2153570
12280,2153430
12281,2153410
12282,2153390
12283,2153350
12284,2153330
12285,2153310
12286,2153280
12287,2153190
12288,2153160
12289,2153050
12290,2153020
12291,2152990
12292,2152940
12293,2152810
12294,2152790
12295,2152780
12296,2152690
12297,2152630
12298,2152610
12299,2152560
12300,2152540
12301,2152530
12302,2152460
12303,2152410
12304,2152350
12305,2152190
12306,2152180
12307,2152100
12308,2152090
12309,2152080
12310,2152070
12311,2152050
12312,2152000
12313,2151960
12314,2151900
12315,2151860
12316,2151820
12317,2151790
12318,2151770
12319,2151710
12320,2151700
12321,2151640
12322,2151600
12323,2151580
12324,2151480
12325,2151450
12326,2151430
12327,2151420
12328,2151410
12329,2151310
12330,2151290
12331,2150970
12332,2150950
12333,2150930
12334,2150910
12335,2150870
12336,2150820
12337,2150760
12338,2150700
12339,2150660
12340,2150580
12341,2150510
12342,2150370
12343,2150310
12344,2150300
12345,2150200
12346,2150180
12347,2150170
12348,2150090
12349,2150020
12350,2149980
12351,2149900
12352,2149870
12353,2149840
12354,2149690
12355,2149610
12356,2149580
12357,2149560
12358,2149490
12359,2149480
12360,2149430
12361,2149420
12362,2149330
12363,2149290
12364,2149120
12365,2149070
12366,2148940
12367,2148930
12368,2148880
12369,2148850
12370,2148830
12371,2148780
12372,2148760
12373,2148750
12374,2148740
12375,2148730
12376,2148720
12377,2148610
12378,2148320
12379,2148170
12380,2148060
12381,2147950
12382,2147890
12383,2147730
12384,2147710
12385,2147680
12386,2147670
12387,2147640
12388,2147600
12389,2147580
12390,2147530
12391,2147380
12392,2147340
12393,2147330
12394,2147260
12395,2147130
12396,2147110
12397,2147080
12398,2147050
12399,2147020
12400,2146970
12401,2146960
12402,2146790
12403,2146770
12404,2146720
12405,2146680
12406,2146600
12407,2146570
12408,2146560
12409,2146500
12410,2146490
12411,2146450
12412,2146430
12413,2146350
12414,2146320
12415,2146300
12416,2146260
12417,2146230
12418,2146180
12419,2146170
12420,2146140
12421,2146070
12422,2146040
12423,2145960
12424,2145810
12425,2145720
12426,2145700
12427,2145530
12428,2145490
12429,2145220
12430,2145190
12431,2145080
12432,2144830
12433,2144740
12434,2144640
12435,2144560
12436,2144530
12437,2144460
12438,2144390
12439,2144360
12440,2144350
12441,2144290
12442,2144280
12443,2144270
12444,2144260
12445,2144220
12446,2144180
12447,2144080
12448,2144040
12449,2143980
12450,2143930
12451,2143880
12452,2143810
12453,2143770
12454,2143680
12455,2143620
12456,2143540
12457,2143420
12458,2143340
12459,2143290
12460,2143280
12461,2143200
12462,2143170
12463,2143160
12464,2143140
12465,2143050
12466,2143030
12467,2143010
12468,2142920
12469,2142860
12470,2142850
12471,2142840
12472,2142810
12473,2142790
12474,2142780
12475,2142710
12476,2142640
12477,2142630
12478,2142540
12479,2142530
12480,2142470
12481,2142450
12482,2142400
12483,2142370
12484,2142330
12485,2142260
12486,2142250
12487,2142240
12488,2142230
12489,2142170
12490,2142160
12491,2142110
12492,2142030
12493,2141990
12494,2141910
12495,2141820
12496,2141810
12497,2141770
12498,2141730
12499,2141720
12500,2141710
12501,2141690
12502,2141520
12503,2141330
12504,2141250
12505,2141100
12506,2141090
12507,2141040
12508,2140960
12509,2140900
12510,2140870
12511,2140850
12512,2140700
12513,2140650
12514,2140600
12515,2140570
12516,2140510
12517,2140410
12518,2140380
12519,2140330
12520,2140240
12521,2140170
12522,2140100
12523,2140080
12524,2140070
12525,2140050
12526,2140020
12527,2140000
12528,2139890
12529,2139870
12530,2139840
12531,2139800
12532,2139690
12533,2139630
12534,2139620
12535,2139510
12536,2139460
12537,2139440
12538,2139350
12539,2139310
12540,2139300
12541,2139180
12542,2139100
12543,2139020
12544,2138960
12545,2138920
12546,2138790
12547,2138780
12548,2138710
12549,2138700
12550,2138610
12551,2138580
12552,2138570
12553,2138510
12554,2138450
12555,2138400
12556,2138290
12557,2138180
12558,2138150
12559,2138140
12560,2138100
12561,2138090
12562,2138010
12563,2138000
12564,2137920
12565,2137790
12566,2137770
12567,2137760
12568,2137740
12569,2137700
12570,2137660
12571,2137620
12572,2137600
12573,2137560
12574,2137480
12575,2137470
12576,2137460
12577,2137400
12578,2137350
12579,2137300
12580,2137250
12581,2137200
12582,2137190
12583,2137150
12584,2137090
12585,2136950
12586,2136820
12587,2136770
12588,2136550
12589,2136400
12590,2136380
12591,2136220
12592,2136210
12593,2136130
12594,2136110
12595,2136090
12596,2135990
12597,2135980
12598,2135970
12599,2135890
12600,2135870
12601,2135850
12602,2135690
12603,2135640
12604,2135630
12605,2135580
12606,2135500
12607,2135380
12608,2135320
12609,2135210
12610,2135190
12611,2135030
12612,2134970
12613,2134920
12614,2134900
12615,2134860
12616,2134770
12617,2134650
12618,2134640
12619,2134630
12620,2134580
12621,2134560
12622,2134540
12623,2134330
12624,2134300
12625,2134120
12626,2134060
12627,2134030
12628,2133930
12629,2133890
12630,2133870
12631,2133530
12632,2133440
12633,2133400
12634,2133360
12635,2133330
12636,2133300
12637,2133100
12638,2133080
12639,2132930
12640,2132850
12641,2132840
12642,2132770
12643,2132710
12644,2132690
12645,2132570
12646,2132540
12647,2132520
12648,2132480
12649,2132450
12650,2132430
12651,2132380
12652,2132370
12653,2132350
12654,2132160
12655,2132070
12656,2131960
12657,2131820
12658,2131800
12659,2131680
12660,2131650
12661,2131640
12662,2131630
12663,2131620
12664,2131430
12665,2131380
12666,2131350
12667,2131200
12668,2131050
12669,2131020
12670,2131010
12671,2130940
12672,2130680
12673,2130590
12674,2130550
12675,2130540
12676,2130510
12677,2130470
12678,2130460
12679,2130440
12680,2130380
12681,2130230
12682,2130060
12683,2130000
12684,2129970
12685,2129910
12686,2129880
12687,2129800
12688,2129720
12689,2129670
12690,2129540
12691,2129490
12692,2129470
12693,2129390
12694,2129290
12695,2129280
12696,2129220
12697,2129200
12698,2129160
12699,2129150
12700,2129130
12701,2129090
12702,2129030
12703,2129020
12704,2129000
12705,2128940
12706,2128810
12707,2128750
12708,2128690
12709,2128590
12710,2128560
12711,2128530
12712,2128480
12713,2128440
12714,2128400
12715,2128330
12716,2128310
12717,2128300
12718,2128290
12719,2128270
12720,2128220
12721,2128140
12722,2128070
12723,2128050
12724,2128040
12725,2128020
12726,2127920
12727,2127810
12728,2127590
12729,2127430
12730,2127310
12731,2127300
12732,2127230
12733,2127100
12734,2127010
12735,2126990
12736,2126980
12737,2126940
12738,2126870
12739,2126790
12740,2126700
12741,2126680
12742,2126630
12743,2126620
12744,2126600
12745,2126550
12746,2126500
12747,2126400
12748,2126370
12749,2126300
12750,2126250
12751,2126010
12752,2126000
12753,2125800
12754,2125790
12755,2125770
12756,2125720
12757,2125540
12758,2125420
12759,2125400
12760,2125360
12761,2125340
12762,2125250
12763,2125190
12764,2125160
12765,2125120
12766,2125100
12767,2125090
12768,2125050
12769,2124930
12770,2124870
12771,2124810
12772,2124780
12773,2124770
12774,2124660
12775,2124650
12776,2124580
12777,2124570
12778,2124490
12779,2124440
12780,2124420
12781,2124390
12782,2124380
12783,2124210
12784,2124070
12785,2124040
12786,2123840
12787,2123800
12788,2123640
12789,2123420
12790,2123390
12791,2123380
12792,2123320
12793,2123310
12794,2123290
12795,2123140
12796,2123120
12797,2123100
12798,2123050
12799,2123030
12800,2122980
12801,2122670
12802,2122550
12803,2122430
12804,2122360
12805,2122210
12806,2122190
12807,2122170
12808,2122130
12809,2122110
12810,2122070
12811,2122040
12812,2122010
12813,2122000
12814,2121980
12815,2121910
12816,2121840
12817,2121660
12818,2121620
12819,2121610
12820,2121490
12821,2121480
12822,2121430
12823,2121420
12824,2121400
12825,2121370
12826,2121360
12827,2121260
12828,2121210
12829,2121190
12830,2121150
12831,2121100
12832,2121000
12833,2120950
12834,2120900
12835,2120870
12836,2120820
12837,2120810
12838,2120750
12839,2120680
12840,2120670
12841,2120410
12842,2120320
12843,2120310
12844,2120270
12845,2120250
12846,2120070
12847,2120060
12848,2119940
12849,2119740
12850,2119730
12851,2119720
12852,2119680
12853,2119670
12854,2119660
12855,2119650
12856,2119640
12857,2119590
12858,2119580
12859,2119570
12860,2119550
12861,2119470
12862,2119440
12863,2119420
12864,2119240
12865,2119210
12866,2119160
12867,2119110
12868,2119050
12869,2118910
12870,2118850
12871,2118810
12872,2118750
12873,2118610
12874,2118600
12875,2118580
12876,2118570
12877,2118540
12878,2118520
12879,2118500
12880,2118370
12881,2118250
12882,2118130
12883,2118120
12884,2118110
12885,2117960
12886,2117930
12887,2117510
12888,2117420
12889,2117410
12890,2117290
12891,2117230
12892,2117140
12893,2117130
12894,2117120
12895,2116950
12896,2116930
12897,2116920
12898,2116890
12899,2116850
12900,2116790
12901,2116780
12902,2116770
12903,2116750
12904,2116710
12905,2116680
12906,2116600
12907,2116560
12908,2116520
12909,2116460
12910,2116380
12911,2116260
12912,2116250
12913,2116150
12914,2116120
12915,2116000
12916,2115850
12917,2115820
12918,2115800
12919,2115650
12920,2115610
12921,2115510
12922,2115470
12923,2115400
12924,2115390
12925,2115170
12926,2115130
12927,2115060
12928,2115050
12929,2114990
12930,2114970
12931,2114830
12932,2114820
12933,2114810
12934,2114790
12935,2114770
12936,2114750
12937,2114740
12938,2114710
12939,2114680
12940,2114670
12941,2114660
12942,2114580
12943,2114500
12944,2114430
12945,2114380
12946,2114370
12947,2114350
12948,2114320
12949,2114300
12950,2114240
12951,2114180
12952,2114170
12953,2114020
12954,2113990
12955,2113920
12956,2113900
12957,2113850
12958,2113770
12959,2113680
12960,2113660
12961,2113650
12962,2113630
12963,2113580
12964,2113570
12965,2113540
12966,2113530
12967,2113490
12968,2113450
12969,2113430
12970,2113370
12971,2113300
12972,2113220
12973,2113180
12974,2113150
12975,2113120
12976,2113050
12977,2113040
12978,2113030
12979,2113000
12980,2112880
12981,2112820
12982,2112750
12983,2112730
12984,2112680
12985,2112550
12986,2112520
12987,2112420
12988,2112380
12989,2112360
12990,2112280
12991,2112210
12992,2112200
12993,2112160
12994,2112150
12995,2112090
12996,2111990
12997,2111870
12998,2111860
12999,2111770
13000,2111760
13001,2111630
13002,2111540
13003,2111470
13004,2111420
13005,2111410
13006,2111400
13007,2111390
13008,2111360
13009,2111220
13010,2111200
13011,2111190
13012,2111170
13013,2111090
13014,2111070
13015,2111060
13016,2111040
13017,2111000
13018,2110890
13019,2110840
13020,2110820
13021,2110740
13022,2110700
13023,2110690
13024,2110630
13025,2110540
13026,2110510
13027,2110460
13028,2110110
13029,2109850
13030,2109700
13031,2109650
13032,2109640
13033,2109620
13034,2109570
13035,2109550
13036,2109510
13037,2109470
13038,2109460
13039,2109430
13040,2109400
13041,2109390
13042,2109380
13043,2109370
13044,2109360
13045,2109340
13046,2109270
13047,2109160
13048,2109060
13049,2109020
13050,2109010
13051,2108950
13052,2108760
13053,2108730
13054,2108600
13055,2108580
13056,2108560
13057,2108440
13058,2108420
13059,2108330
13060,2108310
13061,2108290
13062,2108210
13063,2108110
13064,2108060
13065,2107860
13066,2107820
13067,2107810
13068,2107710
13069,2107640
13070,2107580
13071,2107550
13072,2107520
13073,2107290
13074,2107280
13075,2107270
13076,2107180
13077,2107170
13078,2107150
13079,2107090
13080,2107040
13081,2106960
13082,2106910
13083,2106860
13084,2106840
13085,2106820
13086,2106810
13087,2106770
13088,2106760
13089,2106720
13090,2106680
13091,2106670
13092,2106610
13093,2106560
13094,2106530
13095,2106520
13096,2106450
13097,2106340
13098,2106290
13099,2106170
13100,2106110
13101,2106080
13102,2105990
13103,2105980
13104,2105960
13105,2105940
13106,2105910
13107,2105700
13108,2105690
13109,2105670
13110,2105660
13111,2105610
13112,2105600
13113,2105480
13114,2105460
13115,2105450
13116,2105250
13117,2105130
13118,2105000
13119,2104990
13120,2104920
13121,2104880
13122,2104860
13123,2104790
13124,2104780
13125,2104770
13126,2104760
13127,2104750
13128,2104670
13129,2104570
13130,2104560
13131,2104530
13132,2104520
13133,2104320
13134,2104310
13135,2104090
13136,2104010
13137,2103940
13138,2103710
13139,2103680
13140,2103640
13141,2103620
13142,2103540
13143,2103530
13144,2103510
13145,2103480
13146,2103470
13147,2103400
13148,2103350
13149,2103340
13150,2103320
13151,2103230
13152,2103190
13153,2103180
13154,2103160
13155,2103140
13156,2103070
13157,2103020
13158,2102980
13159,2102940
13160,2102810
13161,2102770
13162,2102760
13163,2102750
13164,2102680
13165,2102640
13166,2102610
13167,2102530
13168,2102520
13169,2102500
13170,2102490
13171,2102480
13172,2102450
13173,2102330
13174,2102320
13175,2102240
13176,2102070
13177,2102020
13178,2102010
13179,2102000
13180,2101990
13181,2101890
13182,2101800
13183,2101710
13184,2101630
13185,2101600
13186,2101560
13187,2101480
13188,2101350
13189,2101290
13190,2101280
13191,2101270
13192,2101260
13193,2101250
13194,2101220
13195,2101190
13196,2101130
13197,2101110
13198,2100980
13199,2100810
13200,2100790
13201,2100780
13202,2100730
13203,2100720
13204,2100710
13205,2100560
13206,2100390
13207,2100300
13208,2100230
13209,2100200
13210,2100160
13211,2100150
13212,2100140
13213,2100050
13214,2100040
13215,2099990
13216,2099900
13217,2099790
13218,2099680
13219,2099670
13220,2099440
13221,2099400
13222,2099390
13223,2099370
13224,2099240
13225,2099220
13226,2099150
13227,2099110
13228,2099080
13229,2099040
13230,2099030
13231,2099010
13232,2099000
13233,2098970
13234,2098960
13235,2098950
13236,2098930
13237,2098870
13238,2098860
13239,2098820
13240,2098790
13241,2098760
13242,2098620
13243,2098600
13244,2098560
13245,2098550
13246,2098510
13247,2098470
13248,2098390
13249,2098370
13250,2098350
13251,2098290
13252,2098280
13253,2098140
13254,2098130
13255,2098120
13256,2098100
13257,2098090
13258,2098080
13259,2098070
13260,2097890
13261,2097880
13262,2097850
13263,2097770
13264,2097750
13265,2097740
13266,2097720
13267,2097620
13268,2097540
13269,2097490
13270,2097410
13271,2097230
13272,2097180
13273,2097160
13274,2097100
13275,2097090
13276,2097030
13277,2096960
13278,2096790
13279,2096710
13280,2096680
13281,2096620
13282,2096610
13283,2096600
13284,2096580
13285,2096570
13286,2096510
13287,2096480
13288,2096400
13289,2096380
13290,2096220
13291,2096150
13292,2096130
13293,2096080
13294,2096050
13295,2096030
13296,2095950
13297,2095930
13298,2095900
13299,2095890
13300,2095800
13301,2095740
13302,2095600
13303,2095570
13304,2095540
13305,2095510
13306,2095460
13307,2095450
13308,2095430
13309,2095340
13310,2095330
13311,2095300
13312,2095290
13313,2095250
13314,2095230
13315,2095190
13316,2095180
13317,2095140
13318,2095130
13319,2095120
13320,2095090
13321,2095080
13322,2095060
13323,2094910
13324,2094850
13325,2094760
13326,2094750
13327,2094730
13328,2094720
13329,2094640
13330,2094620
13331,2094600
13332,2094580
13333,2094570
13334,2094550
13335,2094480
13336,2094440
13337,2094370
13338,2094350
13339,2094320
13340,2094300
13341,2094270
13342,2094250
13343,2094230
13344,2094220
13345,2094190
13346,2094180
13347,2094170
13348,2094090
13349,2094070
13350,2093980
13351,2093970
13352,2093950
13353,2093940
13354,2093920
13355,2093910
13356,2093900
13357,2093860
13358,2093760
13359,2093650
13360,2093640
13361,2093610
13362,2093590
13363,2093550
13364,2093420
13365,2093410
13366,2093380
13367,2093330
13368,2093300
13369,2093290
13370,2093270
13371,2093250
13372,2093220
13373,2093150
13374,2093100
13375,2093070
13376,2093060
13377,2093020
13378,2093010
13379,2093000
13380,2092850
13381,2092750
13382,2092730
13383,2092700
13384,2092660
13385,2092620
13386,2092520
13387,2092330
13388,2092260
13389,2092190
13390,2092180
13391,2092130
13392,2092070
13393,2092040
13394,2091980
13395,2091960
13396,2091930
13397,2091890
13398,2091850
13399,2091790
13400,2091760
13401,2091720
13402,2091640
13403,2091630
13404,2091620
13405,2091580
13406,2091550
13407,2091540
13408,2091520
13409,2091510
13410,2091500
13411,2091410
13412,2091370
13413,2091300
13414,2091250
13415,2091240
13416,2091230
13417,2091220
13418,2091160
13419,2091130
13420,2091110
13421,2091040
13422,2090980
13423,2090890
13424,2090810
13425,2090760
13426,2090700
13427,2090650
13428,2090630
13429,2090610
13430,2090600
13431,2090580
13432,2090450
13433,2090370
13434,2090230
13435,2090220
13436,2090180
13437,2090170
13438,2090160
13439,2090150
13440,2090060
13441,2090040
13442,2089980
13443,2089920
13444,2089830
13445,2089760
13446,2089720
13447,2089710
13448,2089670
13449,2089590
13450,2089520
13451,2089510
13452,2089500
13453,2089490
13454,2089450
13455,2089350
13456,2089340
13457,2089140
13458,2089120
13459,2089110
13460,2089060
13461,2089040
13462,2089000
13463,2088930
13464,2088860
13465,2088840
13466,2088770
13467,2088750
13468,2088680
13469,2088670
13470,2088650
13471,2088630
13472,2088570
13473,2088520
13474,2088360
13475,2088340
13476,2088280
13477,2088270
13478,2088250
13479,2088170
13480,2088160
13481,2088080
13482,2088030
13483,2087940
13484,2087910
13485,2087610
13486,2087480
13487,2087470
13488,2087460
13489,2087450
13490,2087440
13491,2087390
13492,2087350
13493,2087290
13494,2087180
13495,2087000
13496,2086990
13497,2086970
13498,2086910
13499,2086850
13500,2086820
13501,2086810
13502,2086570
13503,2086540
13504,2086520
13505,2086460
13506,2086390
13507,2086380
13508,2086370
13509,2086360
13510,2086280
13511,2086270
13512,2086180
13513,2086150
13514,2086140
13515,2086120
13516,2086060
13517,2085970
13518,2085920
13519,2085910
13520,2085800
13521,2085790
13522,2085760
13523,2085550
13524,2085510
13525,2085490
13526,2085460
13527,2085440
13528,2085410
13529,2085370
13530,2085360
13531,2085320
13532,2085270
13533,2085230
13534,2085160
13535,2085040
13536,2085000
13537,2084940
13538,2084930
13539,2084880
13540,2084820
13541,2084720
13542,2084660
13543,2084620
13544,2084590
13545,2084520
13546,2084470
13547,2084460
13548,2084450
13549,2084300
13550,2084240
13551,2084220
13552,2084180
13553,2084110
13554,2084090
13555,2084050
13556,2084040
13557,2084010
13558,2084000
13559,2083900
13560,2083840
13561,2083800
13562,2083790
13563,2083730
13564,2083690
13565,2083670
13566,2083640
13567,2083630
13568,2083600
13569,2083570
13570,2083560
13571,2083540
13572,2083450
13573,2083380
13574,2083280
13575,2083250
13576,2083240
13577,2083210
13578,2083180
13579,2083160
13580,2083010
13581,2082990
13582,2082950
13583,2082840
13584,2082810
13585,2082730
13586,2082650
13587,2082620
13588,2082580
13589,2082560
13590,2082540
13591,2082520
13592,2082510
13593,2082410
13594,2082350
13595,2082320
13596,2082300
13597,2082270
13598,2082260
13599,2082170
13600,2082150
13601,2082080
13602,2082060
13603,2082040
13604,2081970
13605,2081930
13606,2081860
13607,2081670
13608,2081640
13609,2081630
13610,2081580
13611,2081540
13612,2081490
13613,2081470
13614,2081460
13615,2081420
13616,2081400
13617,2081310
13618,2081230
13619,2081220
13620,2081180
13621,2081090
13622,2081080
13623,2080980
13624,2080970
13625,2080960
13626,2080950
13627,2080830
13628,2080820
13629,2080800
13630,2080690
13631,2080670
13632,2080660
13633,2080640
13634,2080580
13635,2080570
13636,2080560
13637,2080480
13638,2080300
13639,2080290
13640,2080280
13641,2080250
13642,2080240
13643,2080210
13644,2080140
13645,2080130
13646,2080100
13647,2080070
13648,2080060
13649,2080010
13650,2079950
13651,2079890
13652,2079810
13653,2079710
13654,2079610
13655,2079590
13656,2079540
13657,2079500
13658,2079380
13659,2079370
13660,2079230
13661,2079180
13662,2079160
13663,2079120
13664,2079020
13665,2078830
13666,2078820
13667,2078810
13668,2078780
13669,2078550
13670,2078530
13671,2078510
13672,2078460
13673,2078450
13674,2078360
13675,2078350
13676,2078290
13677,2078120
13678,2078070
13679,2078040
13680,2077990
13681,2077970
13682,2077950
13683,2077940
13684,2077910
13685,2077870
13686,2077800
13687,2077720
13688,2077650
13689,2077590
13690,2077550
13691,2077460
13692,2077430
13693,2077380
13694,2077310
13695,2077270
13696,2077180
13697,2077170
13698,2077150
13699,2077080
13700,2077060
13701,2077050
13702,2077040
13703,2077020
13704,2076850
13705,2076840
13706,2076810
13707,2076800
13708,2076740
13709,2076720
13710,2076670
13711,2076630
13712,2076580
13713,2076430
13714,2076390
13715,2076350
13716,2076260
13717,2076250
13718,2076240
13719,2076220
13720,2076140
13721,2076100
13722,2076070
13723,2076040
13724,2076030
13725,2076010
13726,2075960
13727,2075920
13728,2075760
13729,2075720
13730,2075680
13731,2075630
13732,2075580
13733,2075490
13734,2075480
13735,2075410
13736,2075390
13737,2075370
13738,2075340
13739,2075250
13740,2075240
13741,2075170
13742,2075160
13743,2075120
13744,2075070
13745,2075050
13746,2074980
13747,2074940
13748,2074930
13749,2074920
13750,2074910
13751,2074900
13752,2074890
13753,2074810
13754,2074800
13755,2074780
13756,2074750
13757,2074710
13758,2074700
13759,2074690
13760,2074580
13761,2074560
13762,2074500
13763,2074490
13764,2074480
13765,2074460
13766,2074440
13767,2074370
13768,2074330
13769,2074320
13770,2074310
13771,2074260
13772,2074190
13773,2074050
13774,2074040
13775,2074030
13776,2074000
13777,2073970
13778,2073930
13779,2073900
13780,2073880
13781,2073850
13782,2073830
13783,2073790
13784,2073710
13785,2073640
13786,2073570
13787,2073540
13788,2073530
13789,2073490
13790,2073470
13791,2073420
13792,2073410
13793,2073220
13794,2073140
13795,2073050
13796,2072970
13797,2072950
13798,2072910
13799,2072890
13800,2072840
13801,2072830
13802,2072780
13803,2072660
13804,2072640
13805,2072590
13806,2072540
13807,2072450
13808,2072430
13809,2072420
13810,2072400
13811,2072360
13812,2072170
13813,2072150
13814,2072140
13815,2072130
13816,2072110
13817,2072080
13818,2072040
13819,2072010
13820,2071770
13821,2071600
13822,2071530
13823,2071520
13824,2071510
13825,2071500
13826,2071460
13827,2071430
13828,2071390
13829,2071360
13830,2071350
13831,2071300
13832,2071280
13833,2071240
13834,2071200
13835,2071120
13836,2071050
13837,2071010
13838,2070990
13839,2070880
13840,2070850
13841,2070830
13842,2070560
13843,2070550
13844,2070540
13845,2070420
13846,2070410
13847,2070280
13848,2070220
13849,2070190
13850,2070120
13851,2070000
13852,2069990
13853,2069920
13854,2069900
13855,2069800
13856,2069760
13857,2069750
13858,2069710
13859,2069640
13860,2069580
13861,2069550
13862,2069500
13863,2069420
13864,2069410
13865,2069340
13866,2069310
13867,2069260
13868,2069220
13869,2069180
13870,2069110
13871,2069090
13872,2069040
13873,2069030
13874,2068980
13875,2068820
13876,2068810
13877,2068710
13878,2068560
13879,2068550
13880,2068520
13881,2068480
13882,2068460
13883,2068400
13884,2068370
13885,2068360
13886,2068350
13887,2068280
13888,2068230
13889,2068200
13890,2068130
13891,2068120
13892,2068040
13893,2068030
13894,2067970
13895,2067950
13896,2067940
13897,2067930
13898,2067920
13899,2067850
13900,2067830
13901,2067790
13902,2067780
13903,2067760
13904,2067750
13905,2067730
13906,2067610
13907,2067590
13908,2067570
13909,2067490
13910,2067470
13911,2067330
13912,2067300
13913,2067260
13914,2067160
13915,2067100
13916,2067050
13917,2067000
13918,2066960
13919,2066950
13920,2066940
13921,2066920
13922,2066780
13923,2066690
13924,2066680
13925,2066550
13926,2066490
13927,2066460
13928,2066420
13929,2066360
13930,2066330
13931,2066320
13932,2066300
13933,2066270
13934,2066240
13935,2066230
13936,2066220
13937,2066200
13938,2066170
13939,2066110
13940,2066030
13941,2066020
13942,2065920
13943,2065870
13944,2065840
13945,2065810
13946,2065800
13947,2065750
13948,2065630
13949,2065560
13950,2065520
13951,2065510
13952,2065420
13953,2065390
13954,2065330
13955,2065200
13956,2065180
13957,2065140
13958,2065110
13959,2065100
13960,2065000
13961,2064970
13962,2064950
13963,2064890
13964,2064870
13965,2064850
13966,2064810
13967,2064800
13968,2064700
13969,2064650
13970,2064490
13971,2064380
13972,2064320
13973,2064150
13974,2063970
13975,2063960
13976,2063950
13977,2063870
13978,2063850
13979,2063790
13980,2063700
13981,2063680
13982,2063610
13983,2063580
13984,2063560
13985,2063550
13986,2063530
13987,2063510
13988,2063480
13989,2063430
13990,2063420
13991,2063370
13992,2063330
13993,2063310
13994,2063240
13995,2063180
13996,2063120
13997,2063110
13998,2063050
13999,2063000
14000,2062940
14001,2062930
14002,2062920
14003,2062910
14004,2062820
14005,2062690
14006,2062550
14007,2062520
14008,2062210
14009,2062190
14010,2062130
14011,2062120
14012,2062100
14013,2061980
14014,2061750
14015,2061720
14016,2061710
14017,2061630
14018,2061620
14019,2061580
14020,2061510
14021,2061460
14022,2061440
14023,2061430
14024,2061300
14025,2061290
14026,2061260
14027,2061250
14028,2061230
14029,2061150
14030,2061020
14031,2060870
14032,2060790
14033,2060760
14034,2060750
14035,2060740
14036,2060730
14037,2060670
14038,2060590
14039,2060550
14040,2060540
14041,2060530
14042,2060520
14043,2060510
14044,2060480
14045,2060320
14046,2060240
14047,2060230
14048,2060170
14049,2060160
14050,2060130
14051,2060000
14052,2059960
14053,2059810
14054,2059790
14055,2059760
14056,2059740
14057,2059690
14058,2059670
14059,2059660
14060,2059650
14061,2059530
14062,2059480
14063,2059390
14064,2059350
14065,2059310
14066,2059300
14067,2059290
14068,2059280
14069,2059250
14070,2059170
14071,2059060
14072,2058980
14073,2058970
14074,2058950
14075,2058850
14076,2058800
14077,2058750
14078,2058570
14079,2058530
14080,2058460
14081,2058380
14082,2058370
14083,2058260
14084,2058200
14085,2058190
14086,2058180
14087,2058150
14088,2058130
14089,2058120
14090,2058090
14091,2058060
14092,2057980
14093,2057970
14094,2057830
14095,2057790
14096,2057770
14097,2057690
14098,2057610
14099,2057550
14100,2057430
14101,2057370
14102,2057310
14103,2057170
14104,2057110
14105,2057080
14106,2057070
14107,2057000
14108,2056970
14109,2056920
14110,2056880
14111,2056830
14112,2056690
14113,2056560
14114,2056550
14115,2056490
14116,2056340
14117,2056220
14118,2056210
14119,2056190
14120,2056110
14121,2056090
14122,2055910
14123,2055790
14124,2055730
14125,2055680
14126,2055600
14127,2055540
14128,2055500
14129,2055490
14130,2055470
14131,2055410
14132,2055390
14133,2055290
14134,2055270
14135,2055220
14136,2055180
14137,2055130
14138,2055090
14139,2055050
14140,2054970
14141,2054850
14142,2054810
14143,2054800
14144,2054770
14145,2054740
14146,2054730
14147,2054690
14148,2054680
14149,2054640
14150,2054620
14151,2054600
14152,2054340
14153,2054290
14154,2054220
14155,2054150
14156,2054100
14157,2054060
14158,2053950
14159,2053940
14160,2053760
14161,2053580
14162,2053360
14163,2053320
14164,2053250
14165,2053200
14166,2053090
14167,2053080
14168,2053050
14169,2052990
14170,2052780
14171,2052770
14172,2052760
14173,2052730
14174,2052680
14175,2052640
14176,2052460
14177,2052410
14178,2052290
14179,2052170
14180,2052140
14181,2052080
14182,2052040
14183,2051750
14184,2051640
14185,2051620
14186,2051590
14187,2051500
14188,2051440
14189,2051420
14190,2051130
14191,2051120
14192,2051110
14193,2051100
14194,2051080
14195,2051060
14196,2051050
14197,2051020
14198,2051010
14199,2050960
14200,2050940
14201,2050920
14202,2050860
14203,2050740
14204,2050720
14205,2050680
14206,2050650
14207,2050590
14208,2050560
14209,2050540
14210,2050530
14211,2050510
14212,2050490
14213,2050480
14214,2050470
14215,2050460
14216,2050450
14217,2050430
14218,2050400
14219,2050380
14220,2050310
14221,2050260
14222,2050210
14223,2050150
14224,2050080
14225,2050050
14226,2027970
14227,2027960
14228,2027920
14229,2027860
14230,2027810
14231,2027590
14232,2027570
14233,2027560
14234,2027550
14235,2027530
14236,2027510
14237,2027490
14238,2027400
14239,2027390
14240,2027370
14241,2027360
14242,2027350
14243,2027330
14244,2027310
14245,2027290
14246,2027170
14247,2027130
14248,2027090
14249,2027000
14250,2026990
14251,2026880
14252,2026870
14253,2026840
14254,2026750
14255,2026580
14256,2026520
14257,2026470
14258,2026460
14259,2026440
14260,2026370
14261,2026340
14262,2026270
14263,2026260
14264,2026070
14265,2026060
14266,2026000
14267,2025930
14268,2025840
14269,2025810
14270,2025780
14271,2025750
14272,2025720
14273,2025700
14274,2025680
14275,2025660
14276,2025650
14277,2025610
14278,2025550
14279,2025520
14280,2025330
14281,2025320
14282,2025310
14283,2025280
14284,2025080
14285,2025060
14286,2024990
14287,2024890
14288,2024860
14289,2024390
14290,2024300
14291,2024230
14292,2024070
14293,2023970
14294,2023920
14295,2023910
14296,2023880
14297,2023810
14298,2023800
14299,2023760
14300,2023670
14301,2023640
14302,2023630
14303,2023610
14304,2023500
14305,2023440
14306,2023430
14307,2023360
14308,2023330
14309,2023210
14310,2023200
14311,2023180
14312,2023170
14313,2023160
14314,2023080
14315,2023070
14316,2023050
14317,2023010
14318,2023000
14319,2022990
14320,2022980
14321,2022930
14322,2022920
14323,2022910
14324,2022880
14325,2022850
14326,2022780
14327,2022740
14328,2022680
14329,2022670
14330,2022470
14331,2022380
14332,2022360
14333,2022330
14334,2022290
14335,2022270
14336,2022230
14337,2022180
14338,2022140
14339,2022090
14340,2022030
14341,2022020
14342,2021910
14343,2021880
14344,2021840
14345,2021710
14346,2021690
14347,2021530
14348,2021410
14349,2021280
14350,2021230
14351,2021220
14352,2021210
14353,2021170
14354,2021130
14355,2021050
14356,2020950
14357,2020860
14358,2020850
14359,2020840
14360,2020790
14361,2020750
14362,2020710
14363,2020670
14364,2020630
14365,2020590
14366,2020570
14367,2020550
14368,2020540
14369,2020530
14370,2020520
14371,2020510
14372,2020500
14373,2020490
14374,2020480
14375,2020460
14376,2020380
14377,2020180
14378,2020090
14379,2020080
14380,2020030
14381,2019990
14382,2019950
14383,2019920
14384,2019840
14385,2019830
14386,2019810
14387,2019700
14388,2019680
14389,2019640
14390,2019630
14391,2019460
14392,2019380
14393,2019370
14394,2019360
14395,2019270
14396,2019260
14397,2019240
14398,2019220
14399,2019110
14400,2018930
14401,2018870
14402,2018850
14403,2018840
14404,2018830
14405,2018820
14406,2018740
14407,2018660
14408,2018640
14409,2018610
14410,2018560
14411,2018530
14412,2018500
14413,2018490
14414,2018350
14415,2018340
14416,2018310
14417,2018230
14418,2018130
14419,2018030
14420,2017950
14421,2017890
14422,2017840
14423,2017700
14424,2017640
14425,2017630
14426,2017620
14427,2017610
14428,2017580
14429,2017540
14430,2017490
14431,2017460
14432,2017370
14433,2017340
14434,2017270
14435,2017200
14436,2017160
14437,2017080
14438,2017020
14439,2017010
14440,2016590
14441,2016580
14442,2016540
14443,2016510
14444,2016410
14445,2016370
14446,2016350
14447,2016280
14448,2016220
14449,2016190
14450,2016170
14451,2016110
14452,2016080
14453,2015960
14454,2015950
14455,2015860
14456,2015830
14457,2015700
14458,2015650
14459,2015620
14460,2015500
14461,2015430
14462,2015360
14463,2015270
14464,2015260
14465,2015240
14466,2015200
14467,2015140
14468,2015080
14469,2015040
14470,2015000
14471,2014930
14472,2014910
14473,2014870
14474,2014780
14475,2014740
14476,2014690
14477,2014650
14478,2014620
14479,2014470
14480,2014420
14481,2014390
14482,2014380
14483,2014370
14484,2013990
14485,2013970
14486,2013900
14487,2013880
14488,2013870
14489,2013780
14490,2013770
14491,2013740
14492,2013730
14493,2013680
14494,2013670
14495,2013650
14496,2013580
14497,2013420
14498,2013360
14499,2013300
14500,2013240
14501,2013180
14502,2013120
14503,2013110
14504,2013080
14505,2013060
14506,2013030
14507,2012910
14508,2012840
14509,2012820
14510,2012690
14511,2012670
14512,2012650
14513,2012630
14514,2012620
14515,2012610
14516,2012590
14517,2012540
14518,2012530
14519,2012520
14520,2012510
14521,2012500
14522,2012440
14523,2012340
14524,2012290
14525,2012270
14526,2012140
14527,2012100
14528,2012070
14529,2011900
14530,2011870
14531,2011860
14532,2011780
14533,2011730
14534,2011650
14535,2011550
14536,2011470
14537,2011410
14538,2011340
14539,2011310
14540,2011230
14541,2011160
14542,2011140
14543,2011130
14544,2010960
14545,2010920
14546,2010900
14547,2010830
14548,2010720
14549,2010700
14550,2010690
14551,2010570
14552,2010540
14553,2010530
14554,2010460
14555,2010450
14556,2010420
14557,2010410
14558,2010400
14559,2010390
14560,2010380
14561,2010370
14562,2010340
14563,2010320
14564,2010250
14565,2010240
14566,2010210
14567,2010170
14568,2010150
14569,2010110
14570,2010030
14571,2010000
14572,2009950
14573,2009920
14574,2009860
14575,2009850
14576,2009840
14577,2009800
14578,2009780
14579,2009770
14580,2009730
14581,2009720
14582,2009670
14583,2009650
14584,2009620
14585,2009560
14586,2009470
14587,2009460
14588,2009450
14589,2009420
14590,2009390
14591,2009380
14592,2009350
14593,2009340
14594,2009310
14595,2009300
14596,2009240
14597,2009100
14598,2009030
14599,2009010
14600,2008990
14601,2008980
14602,2008920
14603,2008870
14604,2008860
14605,2008820
14606,2008560
14607,2008510
14608,2008480
14609,2008420
14610,2008410
14611,2008330
14612,2008100
14613,2008060
14614,2008050
14615,2007980
14616,2007930
14617,2007770
14618,2007710
14619,2007700
14620,2007530
14621,2007520
14622,2007470
14623,2007420
14624,2007180
14625,2007130
14626,2007120
14627,2007080
14628,2007050
14629,2007030
14630,2007010
14631,2007000
14632,2006990
14633,2006730
14634,2006700
14635,2006530
14636,2006470
14637,2006440
14638,2006390
14639,2006330
14640,2006170
14641,2006160
14642,2006140
14643,2006090
14644,2005950
14645,2005800
14646,2005780
14647,2005680
14648,2005660
14649,2005650
14650,2005640
14651,2005630
14652,2005580
14653,2005430
14654,2005400
14655,2005390
14656,2005360
14657,2005350
14658,2005320
14659,2005240
14660,2005210
14661,2005160
14662,2005090
14663,2005070
14664,2005050
14665,2005010
14666,2005000
14667,2004980
14668,2004960
14669,2004890
14670,2004880
14671,2004870
14672,2004770
14673,2004730
14674,2004700
14675,2004670
14676,2004650
14677,2004640
14678,2004610
14679,2004590
14680,2004490
14681,2004440
14682,2004430
14683,2004390
14684,2004380
14685,2004370
14686,2004360
14687,2004320
14688,2004290
14689,2004220
14690,2004180
14691,2004080
14692,2003990
14693,2003880
14694,2003750
14695,2003740
14696,2003730
14697,2003660
14698,2003620
14699,2003550
14700,2003510
14701,2003370
14702,2003310
14703,2003270
14704,2003240
14705,2003220
14706,2003160
14707,2003060
14708,2003050
14709,2002880
14710,2002870
14711,2002860
14712,2002850
14713,2002700
14714,2002600
14715,2002570
14716,2002560
14717,2002550
14718,2002540
14719,2002520
14720,2002510
14721,2002450
14722,2002410
14723,2002220
14724,2002200
14725,2002140
14726,2002010
14727,2001970
14728,2001870
14729,2001830
14730,2001670
14731,2001570
14732,2001460
14733,2001380
14734,2001340
14735,2001280
14736,2001150
14737,2001140
14738,2001110
14739,2000980
14740,2000960
14741,2000950
14742,2000890
14743,2000800
14744,2000770
14745,2000760
14746,2000750
14747,2000590
14748,2000570
14749,2000540
14750,2000480
14751,2000360
14752,2000350
14753,2000320
14754,2000310
14755,2000280
14756,2000270
14757,2000180
14758,2000160
14759,2000150
14760,2000090
14761,2000040
14762,1999970
14763,1999940
14764,1999920
14765,1999880
14766,1999870
14767,1999850
14768,1999770
14769,1999740
14770,1999730
14771,1999700
14772,1999680
14773,1999630
14774,1999520
14775,1999500
14776,1999470
14777,1999360
14778,1999320
14779,1999170
14780,1999140
14781,1999120
14782,1999090
14783,1998980
14784,1998760
14785,1998660
14786,1998590
14787,1998580
14788,1998530
14789,1998510
14790,1998450
14791,1998390
14792,1998380
14793,1998350
14794,1998340
14795,1998330
14796,1998300
14797,1998260
14798,1998250
14799,1998200
14800,1998170
14801,1998140
14802,1998130
14803,1998120
14804,1998110
14805,1998100
14806,1998050
14807,1998040
14808,1998030
14809,1997980
14810,1997920
14811,1997900
14812,1997880
14813,1997830
14814,1997780
14815,1997680
14816,1997670
14817,1997660
14818,1997630
14819,1997610
14820,1997590
14821,1997560
14822,1997550
14823,1997520
14824,1997490
14825,1997480
14826,1997470
14827,1997460
14828,1997430
14829,1997420
14830,1997300
14831,1997250
14832,1997190
14833,1997130
14834,1997110
14835,1997080
14836,1997070
14837,1997060
14838,1997040
14839,1996930
14840,1996880
14841,1996770
14842,1996760
14843,1996710
14844,1996630
14845,1996600
14846,1996500
14847,1996470
14848,1996430
14849,1996420
14850,1996380
14851,1996230
14852,1996210
14853,1996040
14854,1996010
14855,1995940
14856,1995930
14857,1995890
14858,1995840
14859,1995830
14860,1995800
14861,1995780
14862,1995760
14863,1995700
14864,1995680
14865,1995600
14866,1995590
14867,1995580
14868,1995520
14869,1995470
14870,1995460
14871,1995420
14872,1995330
14873,1995320
14874,1995300
14875,1995290
14876,1995280
14877,1995240
14878,1995180
14879,1995120
14880,1995110
14881,1995100
14882,1995090
14883,1994960
14884,1994860
14885,1994850
14886,1994760
14887,1994720
14888,1994670
14889,1994630
14890,1994520
14891,1994450
14892,1994440
14893,1994400
14894,1994350
14895,1994270
14896,1994230
14897,1994220
14898,1994070
14899,1994010
14900,1993910
14901,1993830
14902,1993710
14903,1993600
14904,1993560
14905,1993530
14906,1993450
14907,1993300
14908,1993200
14909,1993120
14910,1993060
14911,1993030
14912,1993010
14913,1992940
14914,1992890
14915,1992850
14916,1992840
14917,1992770
14918,1992700
14919,1992640
14920,1992590
14921,1992580
14922,1992430
14923,1992370
14924,1992260
14925,1992120
14926,1992110
14927,1992020
14928,1991990
14929,1991950
14930,1991900
14931,1991860
14932,1991850
14933,1991570
14934,1991520
14935,1991480
14936,1991470
14937,1991450
14938,1991090
14939,1991010
14940,1990980
14941,1990940
14942,1990910
14943,1990880
14944,1990830
14945,1990820
14946,1990810
14947,1990790
14948,1990730
14949,1990690
14950,1990610
14951,1990570
14952,1990550
14953,1990480
14954,1990450
14955,1990400
14956,1990370
14957,1990310
14958,1990270
14959,1990210
14960,1990190
14961,1990060
14962,1989990
14963,1989950
14964,1989940
14965,1989920
14966,1989850
14967,1989840
14968,1989820
14969,1989800
14970,1989770
14971,1989740
14972,1989710
14973,1989560
14974,1989320
14975,1989310
14976,1989200
14977,1989190
14978,1989180
14979,1989150
14980,1989140
14981,1989130
14982,1989090
14983,1988990
14984,1988940
14985,1988930
14986,1988890
14987,1988880
14988,1988830
14989,1988810
14990,1988750
14991,1988630
14992,1988600
14993,1988440
14994,1988430
14995,1988190
14996,1988150
14997,1988130
14998,1988100
14999,1988090
15000,1988080
15001,1988030
15002,1988010
15003,1987990
15004,1987970
15005,1987780
15006,1987750
15007,1987650
15008,1987590
15009,1987570
15010,1987500
15011,1987480
15012,1987470
15013,1987450
15014,1987440
15015,1987420
15016,1987350
15017,1987290
15018,1987260
15019,1987220
15020,1987160
15021,1987150
15022,1987130
15023,1987120
15024,1987060
15025,1987030
15026,1986980
15027,1986940
15028,1986930
15029,1986900
15030,1986800
15031,1986790
15032,1986780
15033,1986770
15034,1986760
15035,1986630
15036,1986620
15037,1986550
15038,1986470
15039,1986390
15040,1986240
15041,1986140
15042,1986070
15043,1986040
15044,1985820
15045,1985770
15046,1985710
15047,1985690
15048,1985660
15049,1985510
15050,1985500
15051,1985350
15052,1985320
15053,1985250
15054,1985240
15055,1985200
15056,1985170
15057,1985150
15058,1985040
15059,1984840
15060,1984720
15061,1984710
15062,1984590
15063,1984490
15064,1984390
15065,1984260
15066,1984230
15067,1984140
15068,1984110
15069,1984070
15070,1983740
15071,1983700
15072,1983670
15073,1983600
15074,1983580
15075,1983520
15076,1983430
15077,1983420
15078,1983330
15079,1983300
15080,1983180
15081,1983120
15082,1983010
15083,1982950
15084,1982900
15085,1982630
15086,1982620
15087,1982590
15088,1982460
15089,1982430
15090,1982340
15091,1982310
15092,1982230
15093,1982200
15094,1982150
15095,1982130
15096,1982050
15097,1981980
15098,1981970
15099,1981860
15100,1981830
15101,1981710
15102,1981700
15103,1981610
15104,1981590
15105,1981570
15106,1981480
15107,1981380
15108,1981300
15109,1981290
15110,1981250
15111,1981190
15112,1981160
15113,1981090
15114,1981050
15115,1980980
15116,1980920
15117,1980890
15118,1980780
15119,1980770
15120,1980590
15121,1980520
15122,1980420
15123,1980350
15124,1980260
15125,1980240
15126,1980010
15127,1979970
15128,1979930
15129,1979700
15130,1979640
15131,1979590
15132,1979570
15133,1979520
15134,1979460
15135,1979320
15136,1979280
15137,1979240
15138,1979220
15139,1979210
15140,1979160
15141,1979130
15142,1978920
15143,1978850
15144,1978800
15145,1978790
15146,1978760
15147,1978750
15148,1978690
15149,1978610
15150,1978580
15151,1978500
15152,1978470
15153,1978460
15154,1978380
15155,1978350
15156,1978290
15157,1978210
15158,1978090
15159,1978000
15160,1977960
15161,1977910
15162,1977900
15163,1977890
15164,1977770
15165,1977740
15166,1977730
15167,1977660
15168,1977450
15169,1977360
15170,1977280
15171,1977250
15172,1977230
15173,1977220
15174,1977070
15175,1977050
15176,1977030
15177,1976980
15178,1976950
15179,1976740
15180,1976650
15181,1976520
15182,1976490
15183,1976450
15184,1976440
15185,1976390
15186,1976180
15187,1976160
15188,1976130
15189,1976100
15190,1976030
15191,1976000
15192,1975840
15193,1975660
15194,1975570
15195,1975530
15196,1975450
15197,1975440
15198,1975420
15199,1975370
15200,1975340
15201,1975320
15202,1975290
15203,1975160
15204,1975120
15205,1974610
15206,1974540
15207,1974320
15208,1974310
15209,1974300
15210,1974290
15211,1974250
15212,1974220
15213,1974090
15214,1974080
15215,1973970
15216,1973950
15217,1973770
15218,1973730
15219,1973710
15220,1973700
15221,1973640
15222,1973630
15223,1973600
15224,1973530
15225,1973450
15226,1973370
15227,1973310
15228,1973280
15229,1973130
15230,1973110
15231,1973080
15232,1973040
15233,1973010
15234,1972970
15235,1972920
15236,1972890
15237,1972880
15238,1972830
15239,1972740
15240,1972640
15241,1972550
15242,1972460
15243,1972400
15244,1972360
15245,1972230
15246,1972200
15247,1972190
15248,1972180
15249,1971980
15250,1971870
15251,1971820
15252,1971790
15253,1971630
15254,1971570
15255,1971560
15256,1971400
15257,1971260
15258,1971190
15259,1971100
15260,1970820
15261,1970780
15262,1970750
15263,1970740
15264,1970730
15265,1970710
15266,1970700
15267,1970590
15268,1970560
15269,1970550
15270,1970540
15271,1970530
15272,1970520
15273,1970510
15274,1970450
15275,1970440
15276,1970300
15277,1970260
15278,1970070
15279,1970050
15280,1970010
15281,1969960
15282,1969920
15283,1969910
15284,1969870
15285,1969860
15286,1969850
15287,1969830
15288,1969820
15289,1969740
15290,1969720
15291,1969650
15292,1969530
15293,1969460
15294,1969440
15295,1969430
15296,1969420
15297,1969320
15298,1969310
15299,1969280
15300,1969150
15301,1969130
15302,1969100
15303,1969010
15304,1969000
15305,1968950
15306,1968870
15307,1968820
15308,1968790
15309,1968770
15310,1968650
15311,1968640
15312,1968610
15313,1968600
15314,1968570
15315,1968540
15316,1968330
15317,1968190
15318,1968160
15319,1968040
15320,1967950
15321,1967940
15322,1967870
15323,1967830
15324,1967750
15325,1967700
15326,1967580
15327,1967480
15328,1967470
15329,1967460
15330,1967450
15331,1967390
15332,1967360
15333,1967320
15334,1967310
15335,1967220
15336,1967180
15337,1967110
15338,1967100
15339,1967090
15340,1967010
15341,1966970
15342,1966930
15343,1966910
15344,1966870
15345,1966780
15346,1966740
15347,1966700
15348,1966690
15349,1966660
15350,1966580
15351,1966500
15352,1966440
15353,1966420
15354,1966370
15355,1966310
15356,1966300
15357,1966260
15358,1966170
15359,1966110
15360,1966100
15361,1966030
15362,1965970
15363,1965960
15364,1965920
15365,1965860
15366,1965840
15367,1965680
15368,1965580
15369,1965430
15370,1965410
15371,1965390
15372,1965370
15373,1965360
15374,1965280
15375,1965260
15376,1965130
15377,1965060
15378,1964980
15379,1964940
15380,1964870
15381,1964820
15382,1964810
15383,1964800
15384,1964780
15385,1964760
15386,1964750
15387,1964690
15388,1964670
15389,1964590
15390,1964500
15391,1964480
15392,1964470
15393,1964420
15394,1964380
15395,1964330
15396,1964310
15397,1964260
15398,1964220
15399,1964140
15400,1964040
15401,1964000
15402,1963950
15403,1963900
15404,1963740
15405,1963670
15406,1963660
15407,1963580
15408,1963570
15409,1963480
15410,1963450
15411,1963370
15412,1963360
15413,1963280
15414,1963210
15415,1963200
15416,1963180
15417,1963080
15418,1963060
15419,1963040
15420,1963010
15421,1963000
15422,1962980
15423,1962920
15424,1962840
15425,1962770
15426,1962663
15427,1962660
15428,1962600
15429,1962590
15430,1962570
15431,1962560
15432,1962540
15433,1962530
15434,1962520
15435,1962490
15436,1962450
15437,1962440
15438,1962220
15439,1962170
15440,1962150
15441,1962100
15442,1962030
15443,1961970
15444,1961940
15445,1961840
15446,1961780
15447,1961770
15448,1961750
15449,1961740
15450,1961490
15451,1961480
15452,1961460
15453,1961390
15454,1961260
15455,1961250
15456,1961060
15457,1961020
15458,1960950
15459,1960930
15460,1960890
15461,1960870
15462,1960800
15463,1960710
15464,1960630
15465,1960570
15466,1960400
15467,1960330
15468,1960200
15469,1960170
15470,1960110
15471,1960070
15472,1960060
15473,1959960
15474,1959940
15475,1959900
15476,1959880
15477,1959780
15478,1959580
15479,1959520
15480,1959510
15481,1959490
15482,1959480
15483,1959470
15484,1959380
15485,1959260
15486,1959050
15487,1958970
15488,1958850
15489,1958810
15490,1958750
15491,1958540
15492,1958460
15493,1958400
15494,1958270
15495,1958240
15496,1958190
15497,1958140
15498,1958130
15499,1957910
15500,1957880
15501,1957860
15502,1957780
15503,1957680
15504,1957670
15505,1957590
15506,1957300
15507,1957240
15508,1957220
15509,1957210
15510,1957170
15511,1957150
15512,1957100
15513,1957060
15514,1957040
15515,1956930
15516,1956860
15517,1956770
15518,1956740
15519,1956700
15520,1956690
15521,1956670
15522,1956630
15523,1956560
15524,1956430
15525,1956410
15526,1956400
15527,1956330
15528,1956280
15529,1956120
15530,1956110
15531,1956040
15532,1955970
15533,1955960
15534,1955820
15535,1955800
15536,1955690
15537,1955640
15538,1955490
15539,1955440
15540,1955390
15541,1955120
15542,1955030
15543,1955000
15544,1954930
15545,1954880
15546,1954720
15547,1954520
15548,1954420
15549,1954300
15550,1954130
15551,1954100
15552,1954070
15553,1954050
15554,1954020
15555,1953960
15556,1953780
15557,1953760
15558,1953620
15559,1953560
15560,1953530
15561,1953520
15562,1953510
15563,1953490
15564,1953470
15565,1953380
15566,1953370
15567,1953170
15568,1953110
15569,1953060
15570,1953020
15571,1953000
15572,1952970
15573,1952950
15574,1952900
15575,1952780
15576,1952770
15577,1952750
15578,1952740
15579,1952590
15580,1952540
15581,1952520
15582,1952490
15583,1952440
15584,1952400
15585,1952360
15586,1952340
15587,1952270
15588,1952260
15589,1952250
15590,1952160
15591,1952120
15592,1952030
15593,1952010
15594,1951970
15595,1951950
15596,1951880
15597,1951840
15598,1951750
15599,1951670
15600,1951660
15601,1951560
15602,1951540
15603,1951530
15604,1951520
15605,1951450
15606,1951410
15607,1951380
15608,1951220
15609,1951140
15610,1951050
15611,1951040
15612,1950990
15613,1950930
15614,1950920
15615,1950820
15616,1950770
15617,1950580
15618,1950490
15619,1950460
15620,1950370
15621,1950310
15622,1950200
15623,1950080
15624,1950020
15625,1949970
15626,1949890
15627,1949880
15628,1949850
15629,1949840
15630,1949750
15631,1949740
15632,1949490
15633,1949480
15634,1949440
15635,1949420
15636,1949300
15637,1949290
15638,1949220
15639,1949180
15640,1949100
15641,1948950
15642,1948930
15643,1948920
15644,1948890
15645,1948870
15646,1948800
15647,1948700
15648,1948690
15649,1948650
15650,1948620
15651,1948540
15652,1948470
15653,1948450
15654,1948440
15655,1948430
15656,1948390
15657,1948290
15658,1948240
15659,1948220
15660,1948210
15661,1948140
15662,1948100
15663,1948090
15664,1947990
15665,1947970
15666,1947950
15667,1947940
15668,1947750
15669,1947660
15670,1947500
15671,1947460
15672,1947440
15673,1947350
15674,1947300
15675,1947280
15676,1947260
15677,1947240
15678,1947060
15679,1947050
15680,1946990
15681,1946970
15682,1946810
15683,1946700
15684,1946650
15685,1946610
15686,1946590
15687,1946330
15688,1946310
15689,1946300
15690,1946260
15691,1946150
15692,1945990
15693,1945980
15694,1945850
15695,1945820
15696,1945800
15697,1945790
15698,1945780
15699,1945760
15700,1945750
15701,1945700
15702,1945670
15703,1945590
15704,1945560
15705,1945540
15706,1945400
15707,1945310
15708,1945060
15709,1945030
15710,1945000
15711,1944970
15712,1944940
15713,1944920
15714,1944910
15715,1944850
15716,1944790
15717,1944780
15718,1944730
15719,1944710
15720,1944700
15721,1944670
15722,1944660
15723,1944630
15724,1944500
15725,1944440
15726,1944360
15727,1944310
15728,1944280
15729,1944210
15730,1944140
15731,1944050
15732,1944000
15733,1943980
15734,1943950
15735,1943930
15736,1943890
15737,1943850
15738,1943810
15739,1943760
15740,1943740
15741,1943710
15742,1943690
15743,1943610
15744,1943420
15745,1943400
15746,1943370
15747,1943360
15748,1943310
15749,1943280
15750,1943240
15751,1943230
15752,1943220
15753,1943060
15754,1943030
15755,1942900
15756,1942890
15757,1942860
15758,1942660
15759,1942610
15760,1942540
15761,1942530
15762,1942450
15763,1942440
15764,1942380
15765,1942330
15766,1942280
15767,1942080
15768,1942030
15769,1941940
15770,1941890
15771,1941780
15772,1941760
15773,1941750
15774,1941740
15775,1941720
15776,1941510
15777,1941420
15778,1941400
15779,1941340
15780,1941310
15781,1941180
15782,1941170
15783,1941100
15784,1941000
15785,1940990
15786,1940980
15787,1940880
15788,1940490
15789,1940410
15790,1940380
15791,1940370
15792,1940340
15793,1940310
15794,1940200
15795,1940190
15796,1940180
15797,1940140
15798,1940090
15799,1939920
15800,1939810
15801,1939770
15802,1939740
15803,1939640
15804,1939500
15805,1939430
15806,1939350
15807,1939290
15808,1939270
15809,1939130
15810,1939070
15811,1939040
15812,1938990
15813,1938800
15814,1938740
15815,1938690
15816,1938670
15817,1938530
15818,1938460
15819,1938400
15820,1938360
15821,1938330
15822,1938290
15823,1938260
15824,1938200
15825,1938180
15826,1938150
15827,1938120
15828,1938090
15829,1938060
15830,1938040
15831,1938010
15832,1937970
15833,1937900
15834,1937850
15835,1937840
15836,1937820
15837,1937780
15838,1937700
15839,1937670
15840,1937650
15841,1937620
15842,1937600
15843,1937570
15844,1937550
15845,1937540
15846,1937510
15847,1937300
15848,1937260
15849,1937230
15850,1937180
15851,1937160
15852,1937120
15853,1937110
15854,1936990
15855,1936740
15856,1936710
15857,1936700
15858,1936490
15859,1936450
15860,1936250
15861,1936230
15862,1936210
15863,1936200
15864,1936190
15865,1936140
15866,1936130
15867,1935960
15868,1935940
15869,1935910
15870,1935830
15871,1935800
15872,1935790
15873,1935710
15874,1935580
15875,1935570
15876,1935490
15877,1935470
15878,1935460
15879,1935430
15880,1935410
15881,1935370
15882,1935170
15883,1935100
15884,1935080
15885,1934990
15886,1934930
15887,1934910
15888,1934900
15889,1934810
15890,1934740
15891,1934700
15892,1934540
15893,1934520
15894,1934370
15895,1934360
15896,1934340
15897,1934330
15898,1934180
15899,1934100
15900,1934090
15901,1934080
15902,1934040
15903,1934020
15904,1933970
15905,1933890
15906,1933800
15907,1933780
15908,1933700
15909,1933680
15910,1933670
15911,1933640
15912,1933510
15913,1933490
15914,1933320
15915,1933190
15916,1933180
15917,1933070
15918,1933050
15919,1933020
15920,1932890
15921,1932700
15922,1932690
15923,1932670
15924,1932590
15925,1932500
15926,1932470
15927,1932360
15928,1932350
15929,1932330
15930,1932280
15931,1932210
15932,1932180
15933,1932100
15934,1931990
15935,1931980
15936,1931960
15937,1931950
15938,1931870
15939,1931850
15940,1931840
15941,1931750
15942,1931730
15943,1931710
15944,1931680
15945,1931600
15946,1931510
15947,1931380
15948,1931240
15949,1931090
15950,1930960
15951,1930920
15952,1930870
15953,1930770
15954,1930740
15955,1930600
15956,1930580
15957,1930440
15958,1930420
15959,1930390
15960,1930380
15961,1930340
15962,1930230
15963,1930140
15964,1930060
15965,1930030
15966,1929990
15967,1929930
15968,1929850
15969,1929830
15970,1929670
15971,1929650
15972,1929630
15973,1929480
15974,1929460
15975,1929450
15976,1929250
15977,1928980
15978,1928940
15979,1928910
15980,1928870
15981,1928810
15982,1928800
15983,1928790
15984,1928710
15985,1928670
15986,1928660
15987,1928650
15988,1928620
15989,1928600
15990,1928510
15991,1928500
15992,1928430
15993,1928420
15994,1928370
15995,1928360
15996,1928320
15997,1928120
15998,1928100
15999,1928090
16000,1928030
16001,1928020
16002,1928010
16003,1927950
16004,1927930
16005,1927920
16006,1927780
16007,1927710
16008,1927650
16009,1927580
16010,1927570
16011,1927560
16012,1927540
16013,1927520
16014,1927480
16015,1927440
16016,1927400
16017,1927380
16018,1927270
16019,1927250
16020,1927150
16021,1927090
16022,1927080
16023,1927040
16024,1927030
16025,1926890
16026,1926870
16027,1926810
16028,1926800
16029,1926730
16030,1926710
16031,1926680
16032,1926650
16033,1926630
16034,1926590
16035,1926560
16036,1926490
16037,1926470
16038,1926440
16039,1926390
16040,1926370
16041,1926340
16042,1926270
16043,1926260
16044,1926240
16045,1926220
16046,1926190
16047,1926180
16048,1926170
16049,1926120
16050,1926110
16051,1926090
16052,1925970
16053,1925930
16054,1925910
16055,1925860
16056,1925830
16057,1925760
16058,1925740
16059,1925730
16060,1925620
16061,1925600
16062,1925560
16063,1925550
16064,1925500
16065,1925310
16066,1925230
16067,1925210
16068,1925130
16069,1925100
16070,1925090
16071,1925060
16072,1925050
16073,1925040
16074,1925030
16075,1924990
16076,1924940
16077,1924820
16078,1924810
16079,1924710
16080,1924680
16081,1924590
16082,1924510
16083,1924490
16084,1924480
16085,1924440
16086,1924430
16087,1924370
16088,1924350
16089,1924310
16090,1924170
16091,1924150
16092,1924100
16093,1924020
16094,1924010
16095,1923900
16096,1923800
16097,1923730
16098,1923720
16099,1923650
16100,1923640
16101,1923630
16102,1923480
16103,1923450
16104,1923380
16105,1923360
16106,1923170
16107,1923080
16108,1923070
16109,1923060
16110,1922960
16111,1922750
16112,1922670
16113,1922650
16114,1922550
16115,1922360
16116,1922340
16117,1922210
16118,1922180
16119,1922140
16120,1922100
16121,1922070
16122,1922020
16123,1921850
16124,1921840
16125,1921570
16126,1921550
16127,1921530
16128,1921480
16129,1921470
16130,1921390
16131,1921340
16132,1921270
16133,1921250
16134,1921160
16135,1921140
16136,1921130
16137,1921090
16138,1921080
16139,1920960
16140,1920940
16141,1920820
16142,1920800
16143,1920790
16144,1920720
16145,1920700
16146,1920650
16147,1920520
16148,1920500
16149,1920490
16150,1920450
16151,1920420
16152,1920410
16153,1920390
16154,1920320
16155,1920270
16156,1920120
16157,1920010
16158,1919920
16159,1919910
16160,1919740
16161,1919720
16162,1919590
16163,1919500
16164,1919470
16165,1919440
16166,1919400
16167,1919350
16168,1919320
16169,1919270
16170,1919240
16171,1919150
16172,1919100
16173,1919070
16174,1919060
16175,1919040
16176,1918970
16177,1918930
16178,1918920
16179,1918880
16180,1918790
16181,1918700
16182,1918680
16183,1918590
16184,1918550
16185,1918540
16186,1918440
16187,1918400
16188,1918270
16189,1918260
16190,1918250
16191,1918240
16192,1918170
16193,1918030
16194,1917860
16195,1917840
16196,1917830
16197,1917810
16198,1917780
16199,1917760
16200,1917740
16201,1917710
16202,1917610
16203,1917390
16204,1917370
16205,1917350
16206,1917320
16207,1917310
16208,1917260
16209,1917080
16210,1916960
16211,1916950
16212,1916940
16213,1916930
16214,1916920
16215,1916890
16216,1916860
16217,1916830
16218,1916710
16219,1916630
16220,1916610
16221,1916450
16222,1916420
16223,1916380
16224,1916350
16225,1916340
16226,1916320
16227,1916310
16228,1916280
16229,1916150
16230,1916100
16231,1916090
16232,1916000
16233,1915940
16234,1915910
16235,1915800
16236,1915780
16237,1915660
16238,1915550
16239,1915460
16240,1915410
16241,1915340
16242,1915240
16243,1915210
16244,1915160
16245,1915040
16246,1915010
16247,1914980
16248,1914940
16249,1914900
16250,1914750
16251,1914740
16252,1914680
16253,1914630
16254,1914580
16255,1914570
16256,1914530
16257,1914460
16258,1914390
16259,1914290
16260,1914190
16261,1914150
16262,1914100
16263,1914050
16264,1914020
16265,1914010
16266,1914000
16267,1913980
16268,1913970
16269,1913960
16270,1913870
16271,1913780
16272,1913740
16273,1913720
16274,1913690
16275,1913680
16276,1913670
16277,1913620
16278,1913550
16279,1913370
16280,1913360
16281,1913330
16282,1913320
16283,1913230
16284,1913210
16285,1913200
16286,1913190
16287,1912980
16288,1912970
16289,1912870
16290,1912770
16291,1912760
16292,1912710
16293,1912700
16294,1912630
16295,1912590
16296,1912500
16297,1912490
16298,1912460
16299,1912420
16300,1912380
16301,1912170
16302,1912140
16303,1911980
16304,1911960
16305,1911900
16306,1911800
16307,1911780
16308,1911600
16309,1911590
16310,1911560
16311,1911530
16312,1911510
16313,1911450
16314,1911250
16315,1911220
16316,1911170
16317,1910820
16318,1910790
16319,1910780
16320,1910610
16321,1910580
16322,1910550
16323,1910490
16324,1910420
16325,1910360
16326,1910330
16327,1910320
16328,1910300
16329,1910260
16330,1910230
16331,1910130
16332,1910020
16333,1909980
16334,1909880
16335,1909840
16336,1909820
16337,1909800
16338,1909750
16339,1909650
16340,1909450
16341,1909380
16342,1909370
16343,1909330
16344,1909320
16345,1909270
16346,1909260
16347,1909240
16348,1909230
16349,1909220
16350,1909150
16351,1909090
16352,1909040
16353,1909020
16354,1908900
16355,1908850
16356,1908790
16357,1908740
16358,1908730
16359,1908680
16360,1908670
16361,1908650
16362,1908500
16363,1908490
16364,1908460
16365,1908430
16366,1908320
16367,1908250
16368,1908240
16369,1908150
16370,1908140
16371,1908080
16372,1907980
16373,1907900
16374,1907720
16375,1907700
16376,1907660
16377,1907570
16378,1907440
16379,1907430
16380,1907420
16381,1907380
16382,1907350
16383,1907280
16384,1907230
16385,1907180
16386,1907170
16387,1907150
16388,1907140
16389,1907070
16390,1907060
16391,1906950
16392,1906910
16393,1906880
16394,1906870
16395,1906800
16396,1906640
16397,1906590
16398,1906570
16399,1906510
16400,1906400
16401,1906320
16402,1906250
16403,1906220
16404,1906180
16405,1906160
16406,1906150
16407,1906140
16408,1906130
16409,1906100
16410,1906070
16411,1906050
16412,1905980
16413,1905950
16414,1905940
16415,1905900
16416,1905700
16417,1905640
16418,1905510
16419,1905470
16420,1905430
16421,1905420
16422,1905270
16423,1905260
16424,1905220
16425,1905180
16426,1905160
16427,1905110
16428,1905040
16429,1905020
16430,1905000
16431,1904980
16432,1904860
16433,1904820
16434,1904800
16435,1904730
16436,1904690
16437,1904650
16438,1904640
16439,1904610
16440,1904590
16441,1904580
16442,1904560
16443,1904530
16444,1904430
16445,1904410
16446,1904400
16447,1904330
16448,1904310
16449,1904280
16450,1904160
16451,1904050
16452,1904040
16453,1903970
16454,1903810
16455,1903780
16456,1903770
16457,1903720
16458,1903670
16459,1903640
16460,1903630
16461,1903600
16462,1903540
16463,1903530
16464,1903510
16465,1903490
16466,1903480
16467,1903400
16468,1903290
16469,1903270
16470,1903200
16471,1903170
16472,1903080
16473,1903060
16474,1903040
16475,1902880
16476,1902830
16477,1902820
16478,1902750
16479,1902690
16480,1902640
16481,1902490
16482,1902370
16483,1902350
16484,1902290
16485,1902270
16486,1902260
16487,1902250
16488,1902240
16489,1902210
16490,1902150
16491,1902120
16492,1902050
16493,1901990
16494,1901970
16495,1901910
16496,1901900
16497,1901870
16498,1901810
16499,1901780
16500,1901620
16501,1901610
16502,1901560
16503,1901490
16504,1901450
16505,1901410
16506,1901300
16507,1901260
16508,1901200
16509,1901130
16510,1901040
16511,1901030
16512,1900970
16513,1900930
16514,1900890
16515,1900810
16516,1900720
16517,1900530
16518,1900490
16519,1900480
16520,1900400
16521,1900300
16522,1900280
16523,1900160
16524,1900130
16525,1900070
16526,1900020
16527,1899980
16528,1899950
16529,1899830
16530,1899820
16531,1899800
16532,1899790
16533,1899710
16534,1899700
16535,1899430
16536,1899400
16537,1899350
16538,1899300
16539,1899290
16540,1899210
16541,1899170
16542,1899010
16543,1898990
16544,1898880
16545,1898860
16546,1898830
16547,1898790
16548,1898680
16549,1898670
16550,1898560
16551,1898430
16552,1898420
16553,1898300
16554,1898210
16555,1898130
16556,1897960
16557,1897830
16558,1897820
16559,1897810
16560,1897740
16561,1897720
16562,1897680
16563,1897630
16564,1897580
16565,1897530
16566,1897490
16567,1897480
16568,1897460
16569,1897420
16570,1897380
16571,1897320
16572,1897250
16573,1897150
16574,1897140
16575,1897050
16576,1897040
16577,1897000
16578,1896900
16579,1896840
16580,1896820
16581,1896810
16582,1896800
16583,1896770
16584,1896750
16585,1896710
16586,1896660
16587,1896650
16588,1896570
16589,1896550
16590,1896450
16591,1896160
16592,1896090
16593,1896020
16594,1896010
16595,1895970
16596,1895960
16597,1895950
16598,1895920
16599,1895810
16600,1895780
16601,1895740
16602,1895660
16603,1895640
16604,1895410
16605,1895370
16606,1895130
16607,1895040
16608,1894990
16609,1894790
16610,1894770
16611,1894730
16612,1894680
16613,1894510
16614,1894470
16615,1894460
16616,1894370
16617,1894320
16618,1894220
16619,1893960
16620,1893880
16621,1893860
16622,1893820
16623,1893800
16624,1893530
16625,1893460
16626,1893420
16627,1893350
16628,1893330
16629,1893310
16630,1893200
16631,1893150
16632,1893080
16633,1893050
16634,1893020
16635,1892970
16636,1892910
16637,1892900
16638,1892850
16639,1892700
16640,1892640
16641,1892620
16642,1892600
16643,1892570
16644,1892520
16645,1892410
16646,1892400
16647,1892370
16648,1892240
16649,1892220
16650,1891940
16651,1891930
16652,1891920
16653,1891900
16654,1891740
16655,1891700
16656,1891640
16657,1891600
16658,1891560
16659,1891440
16660,1891430
16661,1891350
16662,1891270
16663,1891230
16664,1891210
16665,1891140
16666,1891090
16667,1891040
16668,1891010
16669,1890810
16670,1890760
16671,1890750
16672,1890720
16673,1890680
16674,1890650
16675,1890590
16676,1890550
16677,1890340
16678,1890280
16679,1890220
16680,1890200
16681,1890010
16682,1889920
16683,1889890
16684,1889790
16685,1889770
16686,1889660
16687,1889650
16688,1889620
16689,1889520
16690,1889440
16691,1889420
16692,1889330
16693,1889320
16694,1889130
16695,1889120
16696,1889100
16697,1889000
16698,1888930
16699,1888810
16700,1888800
16701,1888750
16702,1888720
16703,1888660
16704,1888620
16705,1888590
16706,1888560
16707,1888520
16708,1888490
16709,1888470
16710,1888450
16711,1888380
16712,1888340
16713,1888300
16714,1888130
16715,1888100
16716,1888000
16717,1887990
16718,1887960
16719,1887930
16720,1887760
16721,1887730
16722,1887630
16723,1887550
16724,1887540
16725,1887490
16726,1887390
16727,1887360
16728,1887330
16729,1887310
16730,1887260
16731,1887250
16732,1887240
16733,1887200
16734,1887070
16735,1887050
16736,1887020
16737,1887010
16738,1886990
16739,1886930
16740,1886870
16741,1886850
16742,1886840
16743,1886630
16744,1886400
16745,1886290
16746,1886270
16747,1886200
16748,1886150
16749,1886120
16750,1886080
16751,1886010
16752,1885980
16753,1885820
16754,1885670
16755,1885660
16756,1885640
16757,1885570
16758,1885520
16759,1885510
16760,1885460
16761,1885250
16762,1885200
16763,1885160
16764,1885140
16765,1885130
16766,1885120
16767,1885090
16768,1885010
16769,1884990
16770,1884890
16771,1884850
16772,1884800
16773,1884750
16774,1884570
16775,1884540
16776,1884430
16777,1884390
16778,1884300
16779,1883990
16780,1883820
16781,1883710
16782,1883680
16783,1883670
16784,1883570
16785,1883530
16786,1883320
16787,1883200
16788,1883120
16789,1883050
16790,1882950
16791,1882930
16792,1882820
16793,1882750
16794,1882700
16795,1882680
16796,1882670
16797,1882600
16798,1882590
16799,1882580
16800,1882550
16801,1882520
16802,1882420
16803,1882330
16804,1882230
16805,1882200
16806,1882160
16807,1882120
16808,1882050
16809,1882000
16810,1881950
16811,1881940
16812,1881800
16813,1881700
16814,1881690
16815,1881670
16816,1881610
16817,1881520
16818,1881480
16819,1881430
16820,1881420
16821,1881350
16822,1881340
16823,1881290
16824,1881270
16825,1881260
16826,1881250
16827,1881180
16828,1881160
16829,1881140
16830,1881040
16831,1881010
16832,1880980
16833,1880960
16834,1880930
16835,1880910
16836,1880890
16837,1880860
16838,1880840
16839,1880720
16840,1880640
16841,1880490
16842,1880470
16843,1880370
16844,1880280
16845,1880250
16846,1880230
16847,1880200
16848,1880160
16849,1880020
16850,1879970
16851,1879950
16852,1879850
16853,1879840
16854,1879820
16855,1879790
16856,1879780
16857,1879750
16858,1879720
16859,1879690
16860,1879680
16861,1879670
16862,1879620
16863,1879400
16864,1879340
16865,1879220
16866,1879190
16867,1879180
16868,1879100
16869,1879040
16870,1879030
16871,1879000
16872,1878970
16873,1878920
16874,1878840
16875,1878810
16876,1878770
16877,1878720
16878,1878580
16879,1878460
16880,1878450
16881,1878350
16882,1878300
16883,1878220
16884,1878210
16885,1878200
16886,1877970
16887,1877960
16888,1877930
16889,1877800
16890,1877780
16891,1877580
16892,1877560
16893,1877460
16894,1877440
16895,1877410
16896,1877360
16897,1877350
16898,1877190
16899,1877160
16900,1877140
16901,1877100
16902,1877060
16903,1877020
16904,1877000
16905,1876980
16906,1876950
16907,1876920
16908,1876830
16909,1876720
16910,1876470
16911,1876460
16912,1876390
16913,1876350
16914,1876340
16915,1876150
16916,1876070
16917,1876030
16918,1876000
16919,1875980
16920,1875830
16921,1875810
16922,1875750
16923,1875720
16924,1875670
16925,1875610
16926,1875590
16927,1875560
16928,1875540
16929,1875530
16930,1875460
16931,1875450
16932,1875360
16933,1875310
16934,1875280
16935,1875160
16936,1875140
16937,1875120
16938,1875100
16939,1874990
16940,1874950
16941,1874920
16942,1874910
16943,1874900
16944,1874880
16945,1874840
16946,1874810
16947,1874780
16948,1874770
16949,1874680
16950,1874660
16951,1874400
16952,1874340
16953,1874260
16954,1874220
16955,1874200
16956,1874190
16957,1874010
16958,1874000
16959,1873990
16960,1873960
16961,1873920
16962,1873870
16963,1873860
16964,1873800
16965,1873750
16966,1873570
16967,1873550
16968,1873540
16969,1873510
16970,1873440
16971,1873430
16972,1873420
16973,1873270
16974,1873230
16975,1873170
16976,1873130
16977,1873120
16978,1873040
16979,1873000
16980,1872780
16981,1872770
16982,1872740
16983,1872730
16984,1872680
16985,1872580
16986,1872550
16987,1872500
16988,1872470
16989,1872350
16990,1872330
16991,1872200
16992,1872160
16993,1872130
16994,1872110
16995,1872040
16996,1871990
16997,1871970
16998,1871880
16999,1871840
17000,1871830
17001,1871790
17002,1871770
17003,1871750
17004,1871740
17005,1871620
17006,1871590
17007,1871580
17008,1871500
17009,1871480
17010,1871470
17011,1871430
17012,1871350
17013,1871290
17014,1871170
17015,1871000
17016,1870970
17017,1870910
17018,1870660
17019,1870630
17020,1870580
17021,1870490
17022,1870440
17023,1870410
17024,1870320
17025,1870280
17026,1870180
17027,1870150
17028,1870140
17029,1869980
17030,1869900
17031,1869890
17032,1869880
17033,1869870
17034,1869710
17035,1869690
17036,1869600
17037,1869590
17038,1869580
17039,1869560
17040,1869510
17041,1869430
17042,1869370
17043,1869330
17044,1869310
17045,1869200
17046,1869070
17047,1869020
17048,1868870
17049,1868850
17050,1868820
17051,1868710
17052,1868520
17053,1868510
17054,1868410
17055,1868310
17056,1868300
17057,1868280
17058,1868240
17059,1868140
17060,1868120
17061,1868070
17062,1868060
17063,1868030
17064,1868000
17065,1867930
17066,1867810
17067,1867790
17068,1867670
17069,1867640
17070,1867610
17071,1867590
17072,1867580
17073,1867520
17074,1867510
17075,1867480
17076,1867450
17077,1867420
17078,1867400
17079,1867330
17080,1867290
17081,1867280
17082,1867270
17083,1867200
17084,1867190
17085,1867100
17086,1867070
17087,1867000
17088,1866990
17089,1866890
17090,1866710
17091,1866610
17092,1866570
17093,1866470
17094,1866420
17095,1866310
17096,1866220
17097,1866140
17098,1866120
17099,1866110
17100,1865730
17101,1865680
17102,1865510
17103,1865440
17104,1865370
17105,1865340
17106,1865280
17107,1865220
17108,1865210
17109,1865170
17110,1865130
17111,1865100
17112,1865080
17113,1865050
17114,1864860
17115,1864850
17116,1864680
17117,1864650
17118,1864630
17119,1864620
17120,1864590
17121,1864580
17122,1864530
17123,1864460
17124,1864320
17125,1864190
17126,1864180
17127,1864080
17128,1864070
17129,1863980
17130,1863920
17131,1863910
17132,1863820
17133,1863700
17134,1863650
17135,1863570
17136,1863560
17137,1863530
17138,1863520
17139,1863420
17140,1863400
17141,1863390
17142,1863300
17143,1863280
17144,1863250
17145,1863100
17146,1863020
17147,1862960
17148,1862940
17149,1862880
17150,1862830
17151,1862790
17152,1862710
17153,1862660
17154,1862530
17155,1862500
17156,1862430
17157,1862230
17158,1862210
17159,1862200
17160,1862180
17161,1862070
17162,1862030
17163,1862020
17164,1861980
17165,1861940
17166,1861870
17167,1861700
17168,1861670
17169,1861630
17170,1861620
17171,1861610
17172,1861500
17173,1861490
17174,1861230
17175,1861120
17176,1861110
17177,1861090
17178,1860960
17179,1860900
17180,1860870
17181,1860850
17182,1860750
17183,1860700
17184,1860600
17185,1860590
17186,1860550
17187,1860540
17188,1860530
17189,1860510
17190,1860500
17191,1860410
17192,1860370
17193,1860150
17194,1860120
17195,1860090
17196,1860080
17197,1859990
17198,1859910
17199,1859770
17200,1859760
17201,1859650
17202,1859640
17203,1859630
17204,1859520
17205,1859490
17206,1859030
17207,1859020
17208,1858980
17209,1858900
17210,1858860
17211,1858780
17212,1858760
17213,1858670
17214,1858630
17215,1858620
17216,1858540
17217,1858530
17218,1858450
17219,1858400
17220,1858270
17221,1858240
17222,1858190
17223,1858120
17224,1858060
17225,1857970
17226,1857910
17227,1857660
17228,1857550
17229,1857540
17230,1857370
17231,1857340
17232,1857160
17233,1857140
17234,1857090
17235,1857080
17236,1857020
17237,1856970
17238,1856930
17239,1856910
17240,1856860
17241,1856850
17242,1856750
17243,1856740
17244,1856730
17245,1856680
17246,1856550
17247,1856540
17248,1856490
17249,1856190
17250,1856130
17251,1856110
17252,1856040
17253,1856020
17254,1856000
17255,1855950
17256,1855920
17257,1855760
17258,1855750
17259,1855710
17260,1855660
17261,1855580
17262,1855500
17263,1855470
17264,1855270
17265,1855220
17266,1855180
17267,1855170
17268,1855130
17269,1855100
17270,1855070
17271,1855030
17272,1855020
17273,1854940
17274,1854870
17275,1854840
17276,1854810
17277,1854800
17278,1854740
17279,1854650
17280,1854630
17281,1854580
17282,1854430
17283,1854350
17284,1854290
17285,1854270
17286,1854160
17287,1854140
17288,1854120
17289,1854090
17290,1854050
17291,1853920
17292,1853890
17293,1853840
17294,1853820
17295,1853810
17296,1853780
17297,1853680
17298,1853630
17299,1853560
17300,1853360
17301,1853270
17302,1853260
17303,1853190
17304,1853140
17305,1853090
17306,1853080
17307,1852990
17308,1852940
17309,1852890
17310,1852870
17311,1852840
17312,1852830
17313,1852760
17314,1852660
17315,1852650
17316,1852530
17317,1852520
17318,1852490
17319,1852380
17320,1852280
17321,1852150
17322,1852140
17323,1852100
17324,1852090
17325,1851790
17326,1851690
17327,1851680
17328,1851620
17329,1851570
17330,1851560
17331,1851530
17332,1851490
17333,1851470
17334,1851450
17335,1851390
17336,1851380
17337,1851350
17338,1851330
17339,1851320
17340,1851120
17341,1851090
17342,1851060
17343,1851030
17344,1851020
17345,1851010
17346,1851000
17347,1850930
17348,1850840
17349,1850790
17350,1850710
17351,1850520
17352,1850490
17353,1850480
17354,1850420
17355,1850390
17356,1850280
17357,1850240
17358,1850150
17359,1850070
17360,1850020
17361,1849930
17362,1849900
17363,1849850
17364,1849830
17365,1849800
17366,1849760
17367,1849740
17368,1849610
17369,1849560
17370,1849530
17371,1849510
17372,1849440
17373,1849430
17374,1849380
17375,1849370
17376,1849360
17377,1849350
17378,1849300
17379,1849270
17380,1849260
17381,1849250
17382,1849230
17383,1849210
17384,1849190
17385,1849040
17386,1848940
17387,1848910
17388,1848890
17389,1848840
17390,1848730
17391,1848590
17392,1848580
17393,1848570
17394,1848470
17395,1848460
17396,1848450
17397,1848380
17398,1848350
17399,1848330
17400,1848310
17401,1848290
17402,1848250
17403,1848220
17404,1848200
17405,1848160
17406,1848150
17407,1848130
17408,1848120
17409,1848080
17410,1848070
17411,1847990
17412,1847970
17413,1847900
17414,1847870
17415,1847860
17416,1847820
17417,1847750
17418,1847600
17419,1847520
17420,1847460
17421,1847390
17422,1847380
17423,1847290
17424,1847230
17425,1847220
17426,1847210
17427,1847150
17428,1847130
17429,1847110
17430,1847100
17431,1847060
17432,1847020
17433,1846990
17434,1846940
17435,1846890
17436,1846820
17437,1846640
17438,1846510
17439,1846480
17440,1846370
17441,1846340
17442,1846330
17443,1846260
17444,1846040
17445,1846030
17446,1845880
17447,1845790
17448,1845760
17449,1845730
17450,1845660
17451,1845630
17452,1845610
17453,1845560
17454,1845480
17455,1845420
17456,1845400
17457,1845370
17458,1845350
17459,1845280
17460,1845050
17461,1844990
17462,1844860
17463,1844790
17464,1844720
17465,1844650
17466,1844610
17467,1844580
17468,1844550
17469,1844540
17470,1844410
17471,1844400
17472,1844380
17473,1844340
17474,1844330
17475,1844300
17476,1844280
17477,1844270
17478,1844260
17479,1844240
17480,1844230
17481,1844170
17482,1844150
17483,1844140
17484,1844130
17485,1844110
17486,1844100
17487,1844080
17488,1844060
17489,1844030
17490,1843980
17491,1843920
17492,1843900
17493,1843880
17494,1843860
17495,1843750
17496,1843720
17497,1843710
17498,1843550
17499,1843350
17500,1843310
17501,1843050
17502,1843030
17503,1842990
17504,1842900
17505,1842890
17506,1842800
17507,1842610
17508,1842510
17509,1842480
17510,1842450
17511,1842410
17512,1842390
17513,1842380
17514,1842370
17515,1842360
17516,1842330
17517,1842270
17518,1842220
17519,1842050
17520,1841870
17521,1841850
17522,1841780
17523,1841760
17524,1841720
17525,1841710
17526,1841700
17527,1841630
17528,1841520
17529,1841320
17530,1841270
17531,1841200
17532,1841150
17533,1841100
17534,1841070
17535,1841060
17536,1841040
17537,1841030
17538,1841020
17539,1840870
17540,1840820
17541,1840800
17542,1840790
17543,1840770
17544,1840730
17545,1840710
17546,1840700
17547,1840660
17548,1840590
17549,1840540
17550,1840510
17551,1840480
17552,1840450
17553,1840440
17554,1840380
17555,1840330
17556,1840150
17557,1840140
17558,1840130
17559,1840080
17560,1839960
17561,1839940
17562,1839860
17563,1839840
17564,1839760
17565,1839750
17566,1839660
17567,1839610
17568,1839590
17569,1839570
17570,1839540
17571,1839440
17572,1839420
17573,1839360
17574,1839350
17575,1839340
17576,1839260
17577,1839190
17578,1839180
17579,1839080
17580,1839070
17581,1839060
17582,1838820
17583,1838800
17584,1838790
17585,1838740
17586,1838680
17587,1838590
17588,1838560
17589,1838490
17590,1838400
17591,1838340
17592,1838220
17593,1838140
17594,1837980
17595,1837920
17596,1837910
17597,1837820
17598,1837800
17599,1837690
17600,1837630
17601,1837620
17602,1837580
17603,1837510
17604,1837440
17605,1837340
17606,1837280
17607,1837210
17608,1837200
17609,1837160
17610,1837130
17611,1836970
17612,1836940
17613,1836920
17614,1836880
17615,1836850
17616,1836690
17617,1836680
17618,1836600
17619,1836590
17620,1836550
17621,1836520
17622,1836500
17623,1836450
17624,1836420
17625,1836360
17626,1836310
17627,1836290
17628,1836280
17629,1836240
17630,1836230
17631,1836220
17632,1836200
17633,1836180
17634,1836170
17635,1836030
17636,1835970
17637,1835930
17638,1835840
17639,1835830
17640,1835690
17641,1835640
17642,1835580
17643,1835560
17644,1835530
17645,1835510
17646,1835490
17647,1835440
17648,1835360
17649,1835350
17650,1835310
17651,1835260
17652,1835200
17653,1835190
17654,1835090
17655,1835040
17656,1835020
17657,1834960
17658,1834740
17659,1834710
17660,1834690
17661,1834620
17662,1834580
17663,1834550
17664,1834540
17665,1834500
17666,1834470
17667,1834420
17668,1834310
17669,1834290
17670,1834120
17671,1834110
17672,1834000
17673,1833960
17674,1833890
17675,1833850
17676,1833840
17677,1833820
17678,1833710
17679,1833680
17680,1833670
17681,1833560
17682,1833540
17683,1833380
17684,1833360
17685,1833090
17686,1833040
17687,1832750
17688,1832740
17689,1832720
17690,1832690
17691,1832680
17692,1832640
17693,1832620
17694,1832560
17695,1832380
17696,1832300
17697,1832250
17698,1832240
17699,1832220
17700,1832190
17701,1832140
17702,1832130
17703,1832070
17704,1832040
17705,1832030
17706,1831980
17707,1831960
17708,1831930
17709,1831910
17710,1831900
17711,1831870
17712,1831790
17713,1831780
17714,1831740
17715,1831720
17716,1831700
17717,1831690
17718,1831680
17719,1831670
17720,1831560
17721,1831530
17722,1831480
17723,1831410
17724,1831370
17725,1831320
17726,1831260
17727,1831130
17728,1831090
17729,1831060
17730,1831050
17731,1830980
17732,1830870
17733,1830840
17734,1830780
17735,1830700
17736,1830630
17737,1830620
17738,1830540
17739,1830490
17740,1830480
17741,1830450
17742,1830280
17743,1830270
17744,1830260
17745,1830210
17746,1830190
17747,1830040
17748,1830000
17749,1829810
17750,1829800
17751,1829770
17752,1829730
17753,1829640
17754,1829520
17755,1829490
17756,1829450
17757,1829370
17758,1829360
17759,1829340
17760,1829310
17761,1829200
17762,1829120
17763,1828970
17764,1828950
17765,1828940
17766,1828910
17767,1828900
17768,1828890
17769,1828880
17770,1828870
17771,1828800
17772,1828750
17773,1828740
17774,1828710
17775,1828700
17776,1828630
17777,1828540
17778,1828510
17779,1828410
17780,1828400
17781,1828320
17782,1828270
17783,1828220
17784,1828100
17785,1828080
17786,1827980
17787,1827950
17788,1827910
17789,1827870
17790,1827770
17791,1827760
17792,1827740
17793,1827730
17794,1827720
17795,1827690
17796,1827680
17797,1827660
17798,1827640
17799,1827600
17800,1827580
17801,1827550
17802,1827430
17803,1827420
17804,1827180
17805,1827050
17806,1826980
17807,1826920
17808,1826760
17809,1826660
17810,1826640
17811,1826540
17812,1826480
17813,1826450
17814,1826410
17815,1826300
17816,1826290
17817,1826160
17818,1826090
17819,1826060
17820,1825970
17821,1825880
17822,1825700
17823,1825690
17824,1825670
17825,1825650
17826,1825620
17827,1825480
17828,1825460
17829,1825440
17830,1825390
17831,1825380
17832,1825350
17833,1825250
17834,1825160
17835,1825150
17836,1825080
17837,1825070
17838,1825060
17839,1825050
17840,1824990
17841,1824970
17842,1824840
17843,1824830
17844,1824760
17845,1824580
17846,1824540
17847,1824450
17848,1824440
17849,1824390
17850,1824380
17851,1824290
17852,1824250
17853,1824210
17854,1824170
17855,1824150
17856,1824130
17857,1824040
17858,1824020
17859,1824010
17860,1823980
17861,1823940
17862,1823900
17863,1823830
17864,1823730
17865,1823670
17866,1823600
17867,1823590
17868,1823570
17869,1823540
17870,1823490
17871,1823470
17872,1823380
17873,1823370
17874,1823360
17875,1823350
17876,1823340
17877,1823320
17878,1823190
17879,1823170
17880,1823080
17881,1822970
17882,1822900
17883,1822770
17884,1822640
17885,1822620
17886,1822560
17887,1822530
17888,1822490
17889,1822460
17890,1822340
17891,1822300
17892,1822230
17893,1822190
17894,1822130
17895,1822120
17896,1822040
17897,1822030
17898,1822020
17899,1821960
17900,1821870
17901,1821820
17902,1821800
17903,1821680
17904,1821630
17905,1821570
17906,1821430
17907,1821340
17908,1821310
17909,1821140
17910,1821090
17911,1820980
17912,1820910
17913,1820890
17914,1820790
17915,1820770
17916,1820740
17917,1820720
17918,1820690
17919,1820570
17920,1820560
17921,1820470
17922,1820430
17923,1820390
17924,1820320
17925,1820170
17926,1820160
17927,1820140
17928,1820050
17929,1820040
17930,1820030
17931,1819980
17932,1819970
17933,1819950
17934,1819890
17935,1819870
17936,1819860
17937,1819800
17938,1819660
17939,1819650
17940,1819630
17941,1819620
17942,1819610
17943,1819580
17944,1819570
17945,1819560
17946,1819520
17947,1819440
17948,1819370
17949,1819300
17950,1819250
17951,1819240
17952,1819180
17953,1819120
17954,1819020
17955,1818960
17956,1818940
17957,1818880
17958,1818860
17959,1818830
17960,1818800
17961,1818790
17962,1818780
17963,1818750
17964,1818740
17965,1818640
17966,1818610
17967,1818590
17968,1818570
17969,1818450
17970,1818400
17971,1818370
17972,1818340
17973,1818320
17974,1818250
17975,1818240
17976,1818230
17977,1818150
17978,1818060
17979,1818010
17980,1817910
17981,1817670
17982,1817610
17983,1817560
17984,1817400
17985,1817310
17986,1817300
17987,1817290
17988,1817250
17989,1817120
17990,1817020
17991,1816950
17992,1816930
17993,1816920
17994,1816890
17995,1816880
17996,1816790
17997,1816710
17998,1816690
17999,1816650
18000,1816570
18001,1816560
18002,1816520
18003,1816420
18004,1816410
18005,1816390
18006,1816300
18007,1816270
18008,1816140
18009,1816080
18010,1816070
18011,1816050
18012,1815970
18013,1815880
18014,1815860
18015,1815780
18016,1815750
18017,1815730
18018,1815580
18019,1815550
18020,1815530
18021,1815440
18022,1815400
18023,1815370
18024,1815360
18025,1815350
18026,1815340
18027,1815290
18028,1815270
18029,1815260
18030,1815170
18031,1815160
18032,1815060
18033,1815030
18034,1815010
18035,1815000
18036,1814990
18037,1814980
18038,1814950
18039,1814930
18040,1814920
18041,1814870
18042,1814850
18043,1814780
18044,1814670
18045,1814630
18046,1814600
18047,1814570
18048,1814510
18049,1814490
18050,1814460
18051,1814360
18052,1814310
18053,1814270
18054,1814260
18055,1814250
18056,1814230
18057,1814200
18058,1814160
18059,1814110
18060,1814060
18061,1813910
18062,1813890
18063,1813730
18064,1813690
18065,1813650
18066,1813550
18067,1813470
18068,1813440
18069,1813370
18070,1813340
18071,1813320
18072,1813300
18073,1813270
18074,1813190
18075,1813170
18076,1813140
18077,1813130
18078,1813100
18079,1812970
18080,1812950
18081,1812910
18082,1812850
18083,1812840
18084,1812820
18085,1812760
18086,1812710
18087,1812620
18088,1812580
18089,1812450
18090,1812420
18091,1812410
18092,1812400
18093,1812390
18094,1812340
18095,1812300
18096,1812290
18097,1812280
18098,1812230
18099,1812210
18100,1812170
18101,1812130
18102,1812070
18103,1811940
18104,1811910
18105,1811900
18106,1811820
18107,1811750
18108,1811710
18109,1811590
18110,1811480
18111,1811440
18112,1811430
18113,1811300
18114,1811260
18115,1811140
18116,1811070
18117,1810980
18118,1810920
18119,1810810
18120,1810700
18121,1810610
18122,1810600
18123,1810590
18124,1810580
18125,1810510
18126,1810500
18127,1810490
18128,1810430
18129,1810410
18130,1810350
18131,1810340
18132,1810310
18133,1810270
18134,1810230
18135,1810210
18136,1810130
18137,1810000
18138,1809930
18139,1809770
18140,1809760
18141,1809740
18142,1809730
18143,1809710
18144,1809700
18145,1809690
18146,1809610
18147,1809560
18148,1809540
18149,1809530
18150,1809500
18151,1809420
18152,1809310
18153,1809300
18154,1809250
18155,1809160
18156,1809040
18157,1808860
18158,1808830
18159,1808810
18160,1808800
18161,1808730
18162,1808700
18163,1808690
18164,1808640
18165,1808630
18166,1808620
18167,1808490
18168,1808480
18169,1808460
18170,1808420
18171,1808400
18172,1808360
18173,1808270
18174,1808260
18175,1808250
18176,1808240
18177,1808210
18178,1808080
18179,1808060
18180,1807980
18181,1807940
18182,1807810
18183,1807730
18184,1807690
18185,1807660
18186,1807610
18187,1807600
18188,1807590
18189,1807570
18190,1807560
18191,1807540
18192,1807500
18193,1807480
18194,1807460
18195,1807450
18196,1807430
18197,1807360
18198,1807330
18199,1807310
18200,1807300
18201,1807260
18202,1807250
18203,1807240
18204,1807220
18205,1807210
18206,1807200
18207,1807160
18208,1807140
18209,1806960
18210,1806940
18211,1806840
18212,1806830
18213,1806670
18214,1806660
18215,1806640
18216,1806630
18217,1806610
18218,1806580
18219,1806550
18220,1806420
18221,1806400
18222,1806340
18223,1806120
18224,1806110
18225,1806090
18226,1806070
18227,1806040
18228,1806030
18229,1806000
18230,1805970
18231,1805700
18232,1805680
18233,1805670
18234,1805560
18235,1805510
18236,1805490
18237,1805390
18238,1805310
18239,1805270
18240,1805260
18241,1805250
18242,1805240
18243,1805210
18244,1805190
18245,1805140
18246,1805040
18247,1805000
18248,1804980
18249,1804970
18250,1804890
18251,1804760
18252,1804740
18253,1804720
18254,1804710
18255,1804650
18256,1804610
18257,1804590
18258,1804580
18259,1804500
18260,1804450
18261,1804360
18262,1804340
18263,1804180
18264,1804130
18265,1804020
18266,1803960
18267,1803840
18268,1803760
18269,1803690
18270,1803630
18271,1803610
18272,1803590
18273,1803580
18274,1803450
18275,1803420
18276,1803400
18277,1803310
18278,1803290
18279,1803220
18280,1803190
18281,1803160
18282,1803150
18283,1803060
18284,1803020
18285,1802970
18286,1802920
18287,1802880
18288,1802860
18289,1802710
18290,1802700
18291,1802690
18292,1802630
18293,1802590
18294,1802570
18295,1802560
18296,1802520
18297,1802500
18298,1802460
18299,1802430
18300,1802420
18301,1802410
18302,1802390
18303,1802340
18304,1802330
18305,1802270
18306,1802210
18307,1802190
18308,1802110
18309,1802080
18310,1801920
18311,1801860
18312,1801670
18313,1801630
18314,1801620
18315,1801560
18316,1801490
18317,1801410
18318,1801400
18319,1801220
18320,1801060
18321,1801030
18322,1800980
18323,1800970
18324,1800950
18325,1800920
18326,1800890
18327,1800860
18328,1800730
18329,1800650
18330,1800570
18331,1800520
18332,1800480
18333,1800430
18334,1800390
18335,1800370
18336,1800300
18337,1799950
18338,1799940
18339,1799850
18340,1799830
18341,1799710
18342,1799650
18343,1799560
18344,1799530
18345,1799520
18346,1799380
18347,1799370
18348,1799290
18349,1799280
18350,1799220
18351,1799190
18352,1799180
18353,1799160
18354,1799140
18355,1799080
18356,1799020
18357,1798970
18358,1798950
18359,1798930
18360,1798910
18361,1798810
18362,1798770
18363,1798750
18364,1798740
18365,1798720
18366,1798690
18367,1798670
18368,1798640
18369,1798600
18370,1798540
18371,1798480
18372,1798300
18373,1798220
18374,1798210
18375,1798170
18376,1798130
18377,1797940
18378,1797880
18379,1797840
18380,1797630
18381,1797580
18382,1797510
18383,1797490
18384,1797480
18385,1797410
18386,1797250
18387,1797060
18388,1797040
18389,1796980
18390,1796950
18391,1796910
18392,1796640
18393,1796630
18394,1796610
18395,1796590
18396,1796550
18397,1796510
18398,1796410
18399,1796270
18400,1796220
18401,1796210
18402,1796200
18403,1796130
18404,1796100
18405,1796080
18406,1796060
18407,1795980
18408,1795960
18409,1795880
18410,1795820
18411,1795770
18412,1795750
18413,1795640
18414,1795570
18415,1795550
18416,1795470
18417,1795410
18418,1795390
18419,1795310
18420,1795180
18421,1795170
18422,1795110
18423,1795080
18424,1795070
18425,1795010
18426,1794970
18427,1794960
18428,1794950
18429,1794920
18430,1794840
18431,1794760
18432,1794740
18433,1794710
18434,1794700
18435,1794680
18436,1794640
18437,1794620
18438,1794600
18439,1794530
18440,1794520
18441,1794490
18442,1794440
18443,1794430
18444,1794400
18445,1794390
18446,1794330
18447,1794320
18448,1794300
18449,1794250
18450,1794170
18451,1794030
18452,1793910
18453,1793900
18454,1793840
18455,1793800
18456,1793780
18457,1793560
18458,1793420
18459,1793380
18460,1793370
18461,1793350
18462,1793340
18463,1793300
18464,1793260
18465,1793240
18466,1793220
18467,1793170
18468,1793150
18469,1793120
18470,1793090
18471,1793070
18472,1793060
18473,1793040
18474,1793020
18475,1792890
18476,1792820
18477,1792740
18478,1792660
18479,1792650
18480,1792610
18481,1792600
18482,1792520
18483,1792450
18484,1792290
18485,1792270
18486,1792230
18487,1792010
18488,1791910
18489,1791870
18490,1791820
18491,1791710
18492,1791700
18493,1791680
18494,1791650
18495,1791610
18496,1791590
18497,1791460
18498,1791430
18499,1791310
18500,1791120
18501,1791080
18502,1791030
18503,1790990
18504,1790960
18505,1790870
18506,1790800
18507,1790700
18508,1790630
18509,1790470
18510,1790380
18511,1790360
18512,1790340
18513,1790330
18514,1790250
18515,1789670
18516,1789660
18517,1789620
18518,1789560
18519,1789480
18520,1789370
18521,1789360
18522,1789340
18523,1789300
18524,1789270
18525,1789180
18526,1789130
18527,1789060
18528,1789050
18529,1788940
18530,1788930
18531,1788920
18532,1788900
18533,1788890
18534,1788840
18535,1788800
18536,1788730
18537,1788710
18538,1788700
18539,1788560
18540,1788520
18541,1788490
18542,1788430
18543,1788410
18544,1788390
18545,1788270
18546,1788170
18547,1788120
18548,1788100
18549,1788040
18550,1787960
18551,1787920
18552,1787840
18553,1787820
18554,1787810
18555,1787800
18556,1787790
18557,1787770
18558,1787730
18559,1787670
18560,1787650
18561,1787640
18562,1787630
18563,1787600
18564,1787480
18565,1787470
18566,1787420
18567,1787320
18568,1787210
18569,1787180
18570,1787150
18571,1787100
18572,1787090
18573,1787080
18574,1787050
18575,1787030
18576,1787010
18577,1786960
18578,1786950
18579,1786930
18580,1786830
18581,1786820
18582,1786800
18583,1786760
18584,1786750
18585,1786730
18586,1786710
18587,1786690
18588,1786660
18589,1786640
18590,1786590
18591,1786480
18592,1786290
18593,1786230
18594,1786200
18595,1786070
18596,1786030
18597,1785980
18598,1785930
18599,1785910
18600,1785900
18601,1785820
18602,1785750
18603,1785700
18604,1785680
18605,1785650
18606,1785460
18607,1785440
18608,1785370
18609,1785320
18610,1785220
18611,1785200
18612,1784990
18613,1784980
18614,1784730
18615,1784630
18616,1784610
18617,1784580
18618,1784570
18619,1784550
18620,1784470
18621,1784410
18622,1784220
18623,1783960
18624,1783930
18625,1783900
18626,1783750
18627,1783740
18628,1783700
18629,1783620
18630,1783540
18631,1783530
18632,1783510
18633,1783490
18634,1783470
18635,1783380
18636,1783370
18637,1783190
18638,1783090
18639,1783080
18640,1783050
18641,1783000
18642,1782970
18643,1782880
18644,1782860
18645,1782810
18646,1782750
18647,1782740
18648,1782710
18649,1782680
18650,1782670
18651,1782620
18652,1782600
18653,1782570
18654,1782480
18655,1782420
18656,1782390
18657,1782380
18658,1782330
18659,1782320
18660,1782270
18661,1782260
18662,1782230
18663,1782210
18664,1782150
18665,1782130
18666,1782120
18667,1782050
18668,1782010
18669,1781960
18670,1781920
18671,1781880
18672,1781840
18673,1781750
18674,1781730
18675,1781710
18676,1781640
18677,1781500
18678,1781290
18679,1781270
18680,1781230
18681,1781170
18682,1781160
18683,1781140
18684,1781010
18685,1780990
18686,1780940
18687,1780880
18688,1780850
18689,1780840
18690,1780780
18691,1780730
18692,1780720
18693,1780690
18694,1780520
18695,1780480
18696,1780470
18697,1780450
18698,1780420
18699,1780380
18700,1780300
18701,1780290
18702,1780280
18703,1780270
18704,1780260
18705,1780250
18706,1780060
18707,1779990
18708,1779960
18709,1779950
18710,1779840
18711,1779810
18712,1779790
18713,1779760
18714,1779720
18715,1779710
18716,1779690
18717,1779650
18718,1779530
18719,1779220
18720,1779190
18721,1779130
18722,1779080
18723,1779070
18724,1779040
18725,1778950
18726,1778870
18727,1778850
18728,1778830
18729,1778820
18730,1778780
18731,1778770
18732,1778720
18733,1778630
18734,1778590
18735,1778560
18736,1778470
18737,1778460
18738,1778430
18739,1778320
18740,1778310
18741,1778290
18742,1778280
18743,1778200
18744,1778090
18745,1778060
18746,1778030
18747,1777990
18748,1777930
18749,1777820
18750,1777800
18751,1777790
18752,1777760
18753,1777670
18754,1777640
18755,1777620
18756,1777600
18757,1777510
18758,1777380
18759,1777350
18760,1777320
18761,1777280
18762,1777160
18763,1777090
18764,1776930
18765,1776900
18766,1776840
18767,1776730
18768,1776650
18769,1776640
18770,1776600
18771,1776590
18772,1776560
18773,1776540
18774,1776490
18775,1776400
18776,1776380
18777,1776350
18778,1776260
18779,1776250
18780,1776170
18781,1776160
18782,1775990
18783,1775860
18784,1775770
18785,1775750
18786,1775740
18787,1775640
18788,1775520
18789,1775470
18790,1775460
18791,1775300
18792,1775270
18793,1775220
18794,1775110
18795,1775080
18796,1774970
18797,1774910
18798,1774890
18799,1774860
18800,1774770
18801,1774700
18802,1774650
18803,1774580
18804,1774560
18805,1774380
18806,1774220
18807,1774160
18808,1774100
18809,1774080
18810,1773830
18811,1773570
18812,1773560
18813,1773500
18814,1773490
18815,1773410
18816,1773330
18817,1773200
18818,1773180
18819,1773060
18820,1772950
18821,1772920
18822,1772910
18823,1772820
18824,1772810
18825,1772780
18826,1772750
18827,1772720
18828,1772710
18829,1772530
18830,1772490
18831,1772380
18832,1772370
18833,1772350
18834,1772310
18835,1772180
18836,1771990
18837,1771930
18838,1771880
18839,1771830
18840,1771780
18841,1771730
18842,1771620
18843,1771600
18844,1771540
18845,1771520
18846,1771440
18847,1771430
18848,1771400
18849,1771380
18850,1771260
18851,1771210
18852,1771200
18853,1771130
18854,1770840
18855,1770830
18856,1770820
18857,1770810
18858,1770760
18859,1770660
18860,1770550
18861,1770540
18862,1770500
18863,1770490
18864,1770460
18865,1770440
18866,1770380
18867,1770230
18868,1770210
18869,1770160
18870,1770140
18871,1770080
18872,1770050
18873,1769980
18874,1769880
18875,1769780
18876,1769640
18877,1769630
18878,1769510
18879,1769470
18880,1769360
18881,1769280
18882,1769160
18883,1769130
18884,1769100
18885,1769060
18886,1768980
18887,1768830
18888,1768800
18889,1768730
18890,1768660
18891,1768590
18892,1768550
18893,1768540
18894,1768530
18895,1768350
18896,1768300
18897,1768270
18898,1768260
18899,1768200
18900,1767990
18901,1767950
18902,1767940
18903,1767930
18904,1767910
18905,1767890
18906,1767860
18907,1767740
18908,1767700
18909,1767610
18910,1767580
18911,1767570
18912,1767480
18913,1767320
18914,1767310
18915,1767270
18916,1767250
18917,1767190
18918,1766830
18919,1766810
18920,1766780
18921,1766750
18922,1766580
18923,1766550
18924,1766420
18925,1766400
18926,1766380
18927,1766350
18928,1766340
18929,1766320
18930,1766270
18931,1766230
18932,1766200
18933,1766160
18934,1766150
18935,1766110
18936,1766060
18937,1766000
18938,1765990
18939,1765960
18940,1765820
18941,1765810
18942,1765800
18943,1765720
18944,1765700
18945,1765690
18946,1765540
18947,1765520
18948,1765320
18949,1765310
18950,1765300
18951,1765280
18952,1765180
18953,1765160
18954,1765060
18955,1765040
18956,1764960
18957,1764890
18958,1764870
18959,1764820
18960,1764810
18961,1764730
18962,1764660
18963,1764650
18964,1764550
18965,1764450
18966,1764400
18967,1764270
18968,1764240
18969,1764050
18970,1764010
18971,1763990
18972,1763900
18973,1763740
18974,1763620
18975,1763610
18976,1763600
18977,1763590
18978,1763550
18979,1763520
18980,1763270
18981,1763230
18982,1763190
18983,1763180
18984,1763170
18985,1763150
18986,1763120
18987,1763110
18988,1762920
18989,1762830
18990,1762510
18991,1762400
18992,1762370
18993,1762130
18994,1762120
18995,1762010
18996,1761980
18997,1761900
18998,1761870
18999,1761860
19000,1761820
19001,1761770
19002,1761740
19003,1761680
19004,1761660
19005,1761630
19006,1761620
19007,1761600
19008,1761560
19009,1761530
19010,1761450
19011,1761420
19012,1761380
19013,1761320
19014,1761260
19015,1761220
19016,1761130
19017,1761040
19018,1761010
19019,1760980
19020,1760690
19021,1760670
19022,1760640
19023,1760590
19024,1760340
19025,1760320
19026,1760250
19027,1760160
19028,1760140
19029,1760090
19030,1760040
19031,1760020
19032,1759980
19033,1759930
19034,1759920
19035,1759870
19036,1759650
19037,1759460
19038,1759440
19039,1759130
19040,1758910
19041,1758870
19042,1758520
19043,1758470
19044,1758450
19045,1758440
19046,1758370
19047,1758360
19048,1758320
19049,1758220
19050,1758200
19051,1758120
19052,1758080
19053,1757970
19054,1757950
19055,1757920
19056,1757890
19057,1757880
19058,1757760
19059,1757750
19060,1757690
19061,1757680
19062,1757580
19063,1757560
19064,1757470
19065,1757450
19066,1757440
19067,1757240
19068,1757090
19069,1756960
19070,1756950
19071,1756840
19072,1756810
19073,1756800
19074,1756790
19075,1756710
19076,1756650
19077,1756480
19078,1756330
19079,1756320
19080,1756160
19081,1756150
19082,1756120
19083,1756090
19084,1755980
19085,1755950
19086,1755920
19087,1755910
19088,1755890
19089,1755870
19090,1755830
19091,1755740
19092,1755680
19093,1755670
19094,1755650
19095,1755600
19096,1755570
19097,1755530
19098,1755460
19099,1755420
19100,1755340
19101,1755300
19102,1755280
19103,1755240
19104,1755180
19105,1754960
19106,1754870
19107,1754860
19108,1754840
19109,1754760
19110,1754740
19111,1754480
19112,1754440
19113,1754380
19114,1754260
19115,1754200
19116,1754150
19117,1754000
19118,1753900
19119,1753890
19120,1753790
19121,1753530
19122,1753490
19123,1753440
19124,1753410
19125,1753400
19126,1753370
19127,1753270
19128,1753250
19129,1753220
19130,1753100
19131,1753090
19132,1753050
19133,1753010
19134,1752850
19135,1752840
19136,1752830
19137,1752810
19138,1752760
19139,1752740
19140,1752730
19141,1752610
19142,1752500
19143,1752430
19144,1752410
19145,1752400
19146,1752090
19147,1752060
19148,1751980
19149,1751970
19150,1751890
19151,1751880
19152,1751800
19153,1751780
19154,1751710
19155,1751680
19156,1751560
19157,1751400
19158,1751350
19159,1751320
19160,1751310
19161,1751270
19162,1751230
19163,1751190
19164,1751110
19165,1751100
19166,1751070
19167,1751000
19168,1750980
19169,1750640
19170,1750600
19171,1750490
19172,1750410
19173,1750350
19174,1750330
19175,1750170
19176,1750110
19177,1750070
19178,1750060
19179,1749980
19180,1749840
19181,1749800
19182,1749770
19183,1749750
19184,1749720
19185,1749460
19186,1749430
19187,1749420
19188,1749380
19189,1749310
19190,1749300
19191,1749200
19192,1749170
19193,1749030
19194,1749020
19195,1749010
19196,1748980
19197,1748930
19198,1748890
19199,1748840
19200,1748750
19201,1748740
19202,1748660
19203,1748370
19204,1748330
19205,1748310
19206,1748290
19207,1748170
19208,1748160
19209,1748050
19210,1747940
19211,1747900
19212,1747850
19213,1747790
19214,1747770
19215,1747690
19216,1747680
19217,1747670
19218,1747650
19219,1747590
19220,1747580
19221,1747560
19222,1747520
19223,1747510
19224,1747450
19225,1747430
19226,1747340
19227,1747330
19228,1747310
19229,1747300
19230,1747160
19231,1747110
19232,1747080
19233,1747030
19234,1746970
19235,1746930
19236,1746920
19237,1746890
19238,1746870
19239,1746780
19240,1746770
19241,1746700
19242,1746660
19243,1746650
19244,1746630
19245,1746620
19246,1746590
19247,1746560
19248,1746520
19249,1746500
19250,1746400
19251,1746370
19252,1746150
19253,1746130
19254,1746080
19255,1745990
19256,1745980
19257,1745800
19258,1745780
19259,1745750
19260,1745740
19261,1745710
19262,1745690
19263,1745640
19264,1745620
19265,1745560
19266,1745550
19267,1745520
19268,1745430
19269,1745380
19270,1745280
19271,1745260
19272,1745220
19273,1745210
19274,1745200
19275,1745000
19276,1744910
19277,1744790
19278,1744750
19279,1744670
19280,1744650
19281,1744640
19282,1744580
19283,1744570
19284,1744450
19285,1744400
19286,1744380
19287,1744200
19288,1744140
19289,1744120
19290,1744060
19291,1744050
19292,1743940
19293,1743930
19294,1743920
19295,1743880
19296,1743860
19297,1743830
19298,1743820
19299,1743810
19300,1743770
19301,1743720
19302,1743710
19303,1743650
19304,1743580
19305,1743570
19306,1743530
19307,1743470
19308,1743410
19309,1743390
19310,1743380
19311,1743260
19312,1743230
19313,1743190
19314,1743120
19315,1743010
19316,1742940
19317,1742850
19318,1742690
19319,1742590
19320,1742530
19321,1742500
19322,1742470
19323,1742360
19324,1742340
19325,1742330
19326,1742290
19327,1742020
19328,1742010
19329,1741730
19330,1741520
19331,1741420
19332,1741160
19333,1741150
19334,1741140
19335,1741130
19336,1741120
19337,1741080
19338,1741040
19339,1741030
19340,1740990
19341,1740930
19342,1740890
19343,1740760
19344,1740730
19345,1740710
19346,1740660
19347,1740630
19348,1740570
19349,1740540
19350,1740530
19351,1740470
19352,1740420
19353,1740360
19354,1740310
19355,1740270
19356,1740250
19357,1740240
19358,1740230
19359,1740170
19360,1740150
19361,1740140
19362,1740120
19363,1740100
19364,1740080
19365,1740050
19366,1740010
19367,1740000
19368,1739930
19369,1739880
19370,1739800
19371,1739770
19372,1739650
19373,1739630
19374,1739530
19375,1739400
19376,1739340
19377,1739200
19378,1739160
19379,1739150
19380,1739100
19381,1739000
19382,1738990
19383,1738890
19384,1738740
19385,1738710
19386,1738670
19387,1738630
19388,1738610
19389,1738570
19390,1738540
19391,1738520
19392,1738490
19393,1738420
19394,1738150
19395,1738100
19396,1737980
19397,1737760
19398,1737730
19399,1737690
19400,1737620
19401,1737600
19402,1737450
19403,1737400
19404,1737330
19405,1737280
19406,1737240
19407,1737220
19408,1737200
19409,1737150
19410,1737130
19411,1737050
19412,1736980
19413,1736930
19414,1736900
19415,1736850
19416,1736840
19417,1736740
19418,1736730
19419,1736710
19420,1736680
19421,1736670
19422,1736510
19423,1736490
19424,1736480
19425,1736450
19426,1736400
19427,1736360
19428,1736310
19429,1736290
19430,1736270
19431,1736260
19432,1736250
19433,1736120
19434,1736090
19435,1735930
19436,1735850
19437,1735790
19438,1735610
19439,1735490
19440,1735420
19441,1735400
19442,1735280
19443,1735230
19444,1735160
19445,1735110
19446,1734980
19447,1734890
19448,1734870
19449,1734820
19450,1734790
19451,1734770
19452,1734610
19453,1734540
19454,1734500
19455,1734470
19456,1734400
19457,1734390
19458,1734280
19459,1734270
19460,1734250
19461,1734230
19462,1734160
19463,1734070
19464,1733890
19465,1733880
19466,1733860
19467,1733840
19468,1733660
19469,1733640
19470,1733620
19471,1733610
19472,1733480
19473,1733460
19474,1733300
19475,1733280
19476,1733240
19477,1733050
19478,1733030
19479,1732920
19480,1732840
19481,1732800
19482,1732760
19483,1732720
19484,1732650
19485,1732480
19486,1732340
19487,1732310
19488,1732240
19489,1732220
19490,1732210
19491,1732190
19492,1732140
19493,1732130
19494,1732090
19495,1732070
19496,1731940
19497,1731930
19498,1731880
19499,1731730
19500,1731720
19501,1731690
19502,1731470
19503,1731460
19504,1731410
19505,1731390
19506,1731360
19507,1731270
19508,1731240
19509,1731120
19510,1731040
19511,1730980
19512,1730930
19513,1730920
19514,1730910
19515,1730850
19516,1730760
19517,1730750
19518,1730650
19519,1730630
19520,1730540
19521,1730310
19522,1730290
19523,1730240
19524,1730190
19525,1730140
19526,1730110
19527,1730100
19528,1730080
19529,1730060
19530,1730020
19531,1730000
19532,1729940
19533,1729900
19534,1729790
19535,1729780
19536,1729770
19537,1729730
19538,1729710
19539,1729600
19540,1729590
19541,1729580
19542,1729570
19543,1729420
19544,1729410
19545,1729370
19546,1729290
19547,1729260
19548,1729250
19549,1729170
19550,1729160
19551,1729150
19552,1729100
19553,1729090
19554,1729070
19555,1729050
19556,1728980
19557,1728880
19558,1728840
19559,1728740
19560,1728700
19561,1728690
19562,1728680
19563,1728640
19564,1728560
19565,1728550
19566,1728520
19567,1728460
19568,1728430
19569,1728390
19570,1728320
19571,1728180
19572,1727930
19573,1727810
19574,1727670
19575,1727660
19576,1727650
19577,1727620
19578,1727550
19579,1727490
19580,1727450
19581,1727320
19582,1727270
19583,1727220
19584,1727140
19585,1727100
19586,1727020
19587,1726870
19588,1726850
19589,1726730
19590,1726720
19591,1726590
19592,1726410
19593,1726390
19594,1726360
19595,1726330
19596,1726310
19597,1726280
19598,1726160
19599,1726130
19600,1726120
19601,1726050
19602,1725990
19603,1725950
19604,1725910
19605,1725880
19606,1725860
19607,1725850
19608,1725680
19609,1725660
19610,1725620
19611,1725480
19612,1725470
19613,1725430
19614,1725420
19615,1725360
19616,1725350
19617,1725340
19618,1725250
19619,1725130
19620,1724980
19621,1724910
19622,1724880
19623,1724860
19624,1724840
19625,1724810
19626,1724660
19627,1724630
19628,1724600
19629,1724540
19630,1724470
19631,1724390
19632,1724160
19633,1724130
19634,1724120
19635,1724100
19636,1724010
19637,1723930
19638,1723790
19639,1723720
19640,1723680
19641,1723570
19642,1723530
19643,1723490
19644,1723420
19645,1723320
19646,1723190
19647,1723170
19648,1722860
19649,1722780
19650,1722770
19651,1722750
19652,1722700
19653,1722660
19654,1722570
19655,1722420
19656,1722390
19657,1722140
19658,1722110
19659,1722100
19660,1722040
19661,1721980
19662,1721960
19663,1721720
19664,1721690
19665,1721680
19666,1721650
19667,1721460
19668,1721440
19669,1721410
19670,1721350
19671,1721270
19672,1721090
19673,1721070
19674,1721020
19675,1720960
19676,1720800
19677,1720790
19678,1720770
19679,1720750
19680,1720740
19681,1720600
19682,1720580
19683,1720540
19684,1720470
19685,1720370
19686,1720240
19687,1720220
19688,1720210
19689,1720140
19690,1720050
19691,1720040
19692,1719890
19693,1719880
19694,1719770
19695,1719730
19696,1719690
19697,1719670
19698,1719660
19699,1719630
19700,1719550
19701,1719460
19702,1719350
19703,1719240
19704,1719130
19705,1719100
19706,1719000
19707,1718860
19708,1718700
19709,1718660
19710,1718650
19711,1718560
19712,1718430
19713,1718340
19714,1718240
19715,1718070
19716,1718040
19717,1718020
19718,1717810
19719,1717640
19720,1717610
19721,1717510
19722,1717420
19723,1717410
19724,1717370
19725,1717290
19726,1717270
19727,1717260
19728,1717250
19729,1717170
19730,1717130
19731,1717120
19732,1717050
19733,1717020
19734,1716950
19735,1716940
19736,1716910
19737,1716770
19738,1716740
19739,1716690
19740,1716600
19741,1716500
19742,1716480
19743,1716440
19744,1716390
19745,1716360
19746,1716310
19747,1716170
19748,1716070
19749,1715970
19750,1715880
19751,1715850
19752,1715840
19753,1715830
19754,1715750
19755,1715550
19756,1715530
19757,1715470
19758,1715380
19759,1715370
19760,1715350
19761,1715280
19762,1715160
19763,1715130
19764,1715000
19765,1714920
19766,1714910
19767,1714900
19768,1714850
19769,1714730
19770,1714680
19771,1714660
19772,1714640
19773,1714590
19774,1714580
19775,1714550
19776,1714460
19777,1714440
19778,1714420
19779,1714380
19780,1714350
19781,1714320
19782,1714300
19783,1714270
19784,1714250
19785,1714240
19786,1714190
19787,1714180
19788,1714080
19789,1714070
19790,1714050
19791,1714040
19792,1714020
19793,1714010
19794,1713990
19795,1713910
19796,1713810
19797,1713720
19798,1713680
19799,1713640
19800,1713610
19801,1713470
19802,1713400
19803,1713350
19804,1713290
19805,1713260
19806,1713200
19807,1713190
19808,1713170
19809,1713140
19810,1713100
19811,1713080
19812,1713070
19813,1713050
19814,1712950
19815,1712890
19816,1712840
19817,1712830
19818,1712820
19819,1712810
19820,1712750
19821,1712730
19822,1712690
19823,1712670
19824,1712570
19825,1712420
19826,1712390
19827,1712370
19828,1712360
19829,1712350
19830,1712310
19831,1712150
19832,1712120
19833,1712110
19834,1712050
19835,1712020
19836,1711980
19837,1711960
19838,1711950
19839,1711840
19840,1711740
19841,1711690
19842,1711680
19843,1711620
19844,1711610
19845,1711600
19846,1711520
19847,1711490
19848,1711480
19849,1711400
19850,1711320
19851,1711190
19852,1711120
19853,1711080
19854,1710990
19855,1710930
19856,1710920
19857,1710890
19858,1710880
19859,1710870
19860,1710840
19861,1710830
19862,1710810
19863,1710750
19864,1710740
19865,1710720
19866,1710710
19867,1710670
19868,1710620
19869,1710580
19870,1710570
19871,1710550
19872,1710540
19873,1710520
19874,1710490
19875,1710400
19876,1710390
19877,1710290
19878,1710250
19879,1710180
19880,1710170
19881,1710140
19882,1710100
19883,1709950
19884,1709920
19885,1709900
19886,1709870
19887,1709820
19888,1709780
19889,1709730
19890,1709700
19891,1709630
19892,1709590
19893,1709580
19894,1709510
19895,1709500
19896,1709460
19897,1709450
19898,1709350
19899,1709320
19900,1709260
19901,1709240
19902,1709210
19903,1709180
19904,1709170
19905,1709080
19906,1709070
19907,1709060
19908,1709050
19909,1709040
19910,1708990
19911,1708970
19912,1708870
19913,1708850
19914,1708820
19915,1708810
19916,1708800
19917,1708710
19918,1708610
19919,1708570
19920,1708550
19921,1708470
19922,1708460
19923,1708390
19924,1708320
19925,1708200
19926,1708190
19927,1708150
19928,1708110
19929,1708010
19930,1707870
19931,1707850
19932,1707840
19933,1707800
19934,1707790
19935,1707780
19936,1707770
19937,1707720
19938,1707650
19939,1707620
19940,1707610
19941,1707560
19942,1707550
19943,1707540
19944,1707400
19945,1707320
19946,1707310
19947,1707210
19948,1707120
19949,1707050
19950,1707040
19951,1707030
19952,1706940
19953,1706930
19954,1706920
19955,1706870
19956,1706850
19957,1706820
19958,1706810
19959,1706770
19960,1706710
19961,1706670
19962,1706650
19963,1706640
19964,1706570
19965,1706540
19966,1706470
19967,1706450
19968,1706440
19969,1706340
19970,1706310
19971,1706260
19972,1706220
19973,1706210
19974,1706190
19975,1706170
19976,1706090
19977,1705930
19978,1705880
19979,1705870
19980,1705760
19981,1705660
19982,1705590
19983,1705580
19984,1705560
19985,1705540
19986,1705520
19987,1705480
19988,1705410
19989,1705400
19990,1705390
19991,1705220
19992,1705180
19993,1705150
19994,1705140
19995,1705030
19996,1705020
19997,1704980
19998,1704830
19999,1704820
20000,1704780
20001,1704760
20002,1704730
20003,1704550
20004,1704310
20005,1704250
20006,1704080
20007,1704070
20008,1704060
20009,1703950
20010,1703930
20011,1703740
20012,1703650
20013,1703600
20014,1703480
20015,1703470
20016,1703460
20017,1703340
20018,1703230
20019,1703210
20020,1703180
20021,1703140
20022,1703020
20023,1702990
20024,1702980
20025,1702970
20026,1702910
20027,1702880
20028,1702830
20029,1702780
20030,1702760
20031,1702740
20032,1702670
20033,1702550
20034,1702450
20035,1702430
20036,1702390
20037,1702360
20038,1702330
20039,1702320
20040,1702260
20041,1702220
20042,1702210
20043,1702190
20044,1702180
20045,1702140
20046,1702130
20047,1702010
20048,1701950
20049,1701930
20050,1701890
20051,1701830
20052,1701800
20053,1701780
20054,1701740
20055,1701690
20056,1701670
20057,1701660
20058,1701560
20059,1701520
20060,1701460
20061,1701380
20062,1701370
20063,1701330
20064,1701320
20065,1701300
20066,1701190
20067,1701140
20068,1701130
20069,1701090
20070,1701040
20071,1700940
20072,1700900
20073,1700890
20074,1700870
20075,1700800
20076,1700780
20077,1700690
20078,1700680
20079,1700630
20080,1700600
20081,1700550
20082,1700460
20083,1700450
20084,1700300
20085,1700270
20086,1700250
20087,1700240
20088,1700220
20089,1700140
20090,1700130
20091,1700110
20092,1700040
20093,1699960
20094,1699870
20095,1699860
20096,1699830
20097,1699780
20098,1699740
20099,1699690
20100,1699660
20101,1699530
20102,1699500
20103,1699460
20104,1699450
20105,1699390
20106,1699380
20107,1699290
20108,1699280
20109,1699260
20110,1699200
20111,1699130
20112,1698960
20113,1698930
20114,1698870
20115,1698850
20116,1698750
20117,1698690
20118,1698670
20119,1698640
20120,1698630
20121,1698570
20122,1698520
20123,1698480
20124,1698470
20125,1698440
20126,1698400
20127,1698350
20128,1698340
20129,1698290
20130,1698280
20131,1698220
20132,1698080
20133,1698030
20134,1698020
20135,1698000
20136,1697940
20137,1697880
20138,1697810
20139,1697780
20140,1697760
20141,1697720
20142,1697700
20143,1697680
20144,1697620
20145,1697600
20146,1697590
20147,1697560
20148,1697460
20149,1697420
20150,1697310
20151,1697190
20152,1697160
20153,1697080
20154,1696960
20155,1696900
20156,1696890
20157,1696860
20158,1696820
20159,1696810
20160,1696720
20161,1696710
20162,1696670
20163,1696440
20164,1696400
20165,1696230
20166,1696220
20167,1696200
20168,1696090
20169,1696080
20170,1696040
20171,1696020
20172,1695870
20173,1695840
20174,1695830
20175,1695795
20176,1695794
20177,1695793
20178,1695791
20179,1695680
20180,1695670
20181,1695620
20182,1695480
20183,1695400
20184,1695270
20185,1695260
20186,1695150
20187,1695090
20188,1695080
20189,1695000
20190,1694960
20191,1694880
20192,1694870
20193,1694810
20194,1694750
20195,1694720
20196,1694670
20197,1694600
20198,1694560
20199,1694550
20200,1694530
20201,1694510
20202,1694500
20203,1694450
20204,1694430
20205,1694420
20206,1694360
20207,1694310
20208,1694290
20209,1694270
20210,1694260
20211,1694230
20212,1694200
20213,1694180
20214,1694160
20215,1694110
20216,1694100
20217,1693990
20218,1693980
20219,1693970
20220,1693950
20221,1693930
20222,1693780
20223,1693760
20224,1693710
20225,1693680
20226,1693660
20227,1693650
20228,1693610
20229,1693540
20230,1693500
20231,1693480
20232,1693430
20233,1693380
20234,1693310
20235,1693280
20236,1693260
20237,1693250
20238,1693230
20239,1693200
20240,1693190
20241,1693180
20242,1693150
20243,1693090
20244,1693060
20245,1693040
20246,1693000
20247,1692900
20248,1692700
20249,1692620
20250,1692590
20251,1692580
20252,1692520
20253,1692510
20254,1692430
20255,1692390
20256,1692340
20257,1692290
20258,1692280
20259,1692250
20260,1692240
20261,1692210
20262,1692200
20263,1692190
20264,1692080
20265,1692060
20266,1692000
20267,1691970
20268,1691890
20269,1691830
20270,1691790
20271,1691750
20272,1691700
20273,1691640
20274,1691620
20275,1691560
20276,1691510
20277,1691480
20278,1691420
20279,1691400
20280,1691320
20281,1691290
20282,1691270
20283,1691190
20284,1691170
20285,1691130
20286,1691110
20287,1691010
20288,1690990
20289,1690880
20290,1690860
20291,1690820
20292,1690730
20293,1690710
20294,1690690
20295,1690650
20296,1690640
20297,1690560
20298,1690530
20299,1690440
20300,1690430
20301,1690380
20302,1690360
20303,1690270
20304,1690250
20305,1690240
20306,1690210
20307,1690150
20308,1690060
20309,1690030
20310,1690000
20311,1689980
20312,1689930
20313,1689910
20314,1689870
20315,1689750
20316,1689730
20317,1689720
20318,1689680
20319,1689550
20320,1689510
20321,1689500
20322,1689480
20323,1689420
20324,1689350
20325,1689310
20326,1689280
20327,1689270
20328,1689250
20329,1689190
20330,1689150
20331,1689090
20332,1689070
20333,1689010
20334,1689000
20335,1688850
20336,1688750
20337,1688690
20338,1688580
20339,1688470
20340,1688460
20341,1688350
20342,1688340
20343,1688320
20344,1688310
20345,1688290
20346,1688240
20347,1688200
20348,1688100
20349,1688080
20350,1687990
20351,1687980
20352,1687970
20353,1687960
20354,1687950
20355,1687940
20356,1687840
20357,1687730
20358,1687710
20359,1687700
20360,1687590
20361,1687550
20362,1687470
20363,1687250
20364,1687210
20365,1687190
20366,1687150
20367,1687100
20368,1687080
20369,1687060
20370,1687040
20371,1687030
20372,1687020
20373,1687000
20374,1686980
20375,1686960
20376,1686940
20377,1686880
20378,1686870
20379,1686850
20380,1686820
20381,1686810
20382,1686690
20383,1686620
20384,1686540
20385,1686530
20386,1686480
20387,1686470
20388,1686440
20389,1686430
20390,1686380
20391,1686370
20392,1686340
20393,1686290
20394,1686130
20395,1686060
20396,1686050
20397,1685940
20398,1685880
20399,1685850
20400,1685840
20401,1685750
20402,1685730
20403,1685610
20404,1685510
20405,1685460
20406,1684930
20407,1684860
20408,1684840
20409,1684830
20410,1684820
20411,1684780
20412,1684760
20413,1684750
20414,1684720
20415,1684670
20416,1684660
20417,1684620
20418,1684610
20419,1684530
20420,1684510
20421,1684480
20422,1684440
20423,1684410
20424,1684400
20425,1684350
20426,1684330
20427,1684270
20428,1684230
20429,1684220
20430,1684210
20431,1684170
20432,1684100
20433,1684080
20434,1684010
20435,1683950
20436,1683910
20437,1683900
20438,1683890
20439,1683860
20440,1683820
20441,1683800
20442,1683730
20443,1683720
20444,1683710
20445,1683690
20446,1683670
20447,1683620
20448,1683590
20449,1683580
20450,1683560
20451,1683430
20452,1683420
20453,1683410
20454,1683380
20455,1683370
20456,1683340
20457,1683320
20458,1683300
20459,1683240
20460,1683200
20461,1683150
20462,1683100
20463,1683070
20464,1683020
20465,1683010
20466,1683000
20467,1682990
20468,1682970
20469,1682950
20470,1682840
20471,1682820
20472,1682790
20473,1682620
20474,1682610
20475,1682600
20476,1682580
20477,1682550
20478,1682530
20479,1682520
20480,1682490
20481,1682450
20482,1682410
20483,1682380
20484,1682340
20485,1682330
20486,1682320
20487,1682310
20488,1682300
20489,1682290
20490,1682260
20491,1682200
20492,1682060
20493,1682050
20494,1682030
20495,1681970
20496,1681920
20497,1681890
20498,1681880
20499,1681870
20500,1681840
20501,1681730
20502,1681670
20503,1681640
20504,1681600
20505,1681560
20506,1681520
20507,1681510
20508,1681490
20509,1681480
20510,1681430
20511,1681400
20512,1681360
20513,1681350
20514,1681310
20515,1681160
20516,1681120
20517,1681110
20518,1681060
20519,1681040
20520,1681020
20521,1681010
20522,1680900
20523,1680880
20524,1680700
20525,1680670
20526,1680650
20527,1680560
20528,1680550
20529,1680500
20530,1680400
20531,1680340
20532,1680310
20533,1680300
20534,1680270
20535,1680250
20536,1680050
20537,1680020
20538,1680000
20539,1679990
20540,1679960
20541,1679930
20542,1679910
20543,1679870
20544,1679840
20545,1679830
20546,1679740
20547,1679700
20548,1679690
20549,1679590
20550,1679530
20551,1679510
20552,1679470
20553,1679360
20554,1679340
20555,1679320
20556,1679290
20557,1679220
20558,1679210
20559,1679200
20560,1679170
20561,1679010
20562,1678960
20563,1678950
20564,1678910
20565,1678860
20566,1678790
20567,1678770
20568,1678760
20569,1678750
20570,1678710
20571,1678700
20572,1678520
20573,1678450
20574,1678430
20575,1678420
20576,1678320
20577,1678250
20578,1678150
20579,1678140
20580,1678090
20581,1678050
20582,1678030
20583,1677980
20584,1677970
20585,1677900
20586,1677890
20587,1677870
20588,1677800
20589,1677770
20590,1677740
20591,1677730
20592,1677620
20593,1677580
20594,1677570
20595,1677520
20596,1677490
20597,1677470
20598,1677430
20599,1677410
20600,1677400
20601,1677380
20602,1677360
20603,1677350
20604,1677310
20605,1677280
20606,1677260
20607,1677220
20608,1677190
20609,1677180
20610,1677140
20611,1677110
20612,1677090
20613,1677080
20614,1677020
20615,1676920
20616,1676910
20617,1676880
20618,1676870
20619,1676860
20620,1676840
20621,1676770
20622,1676740
20623,1676710
20624,1676700
20625,1676670
20626,1676620
20627,1676580
20628,1676550
20629,1676380
20630,1676350
20631,1676200
20632,1676150
20633,1676130
20634,1676050
20635,1675940
20636,1675920
20637,1675900
20638,1675830
20639,1675670
20640,1675640
20641,1675620
20642,1675600
20643,1675530
20644,1675510
20645,1675480
20646,1675440
20647,1675430
20648,1675330
20649,1675270
20650,1675180
20651,1675140
20652,1675100
20653,1675090
20654,1675070
20655,1675040
20656,1675020
20657,1675000
20658,1674980
20659,1674960
20660,1674920
20661,1674900
20662,1674890
20663,1674880
20664,1674840
20665,1674830
20666,1674820
20667,1674810
20668,1674780
20669,1674770
20670,1674720
20671,1674670
20672,1674660
20673,1674640
20674,1674620
20675,1674590
20676,1674530
20677,1674440
20678,1674340
20679,1674320
20680,1674270
20681,1674240
20682,1674180
20683,1674170
20684,1674150
20685,1674100
20686,1674060
20687,1674030
20688,1673940
20689,1673840
20690,1673830
20691,1673780
20692,1673740
20693,1673670
20694,1673650
20695,1673630
20696,1673620
20697,1673600
20698,1673570
20699,1673560
20700,1673550
20701,1673540
20702,1673520
20703,1673320
20704,1673230
20705,1673190
20706,1673140
20707,1673090
20708,1673040
20709,1673020
20710,1673000
20711,1672970
20712,1672960
20713,1672930
20714,1672920
20715,1672880
20716,1672840
20717,1672780
20718,1672690
20719,1672680
20720,1672670
20721,1672630
20722,1672500
20723,1672490
20724,1672470
20725,1672460
20726,1672440
20727,1672310
20728,1672170
20729,1672140
20730,1671770
20731,1671720
20732,1671710
20733,1671670
20734,1671600
20735,1671590
20736,1671550
20737,1671510
20738,1671490
20739,1671480
20740,1671420
20741,1671410
20742,1671390
20743,1671380
20744,1671360
20745,1671350
20746,1671340
20747,1671330
20748,1671310
20749,1671280
20750,1671250
20751,1671240
20752,1671200
20753,1671180
20754,1670890
20755,1670880
20756,1670870
20757,1670810
20758,1670700
20759,1670460
20760,1670320
20761,1670310
20762,1670240
20763,1670120
20764,1670070
20765,1670010
20766,1669980
20767,1669930
20768,1669870
20769,1669660
20770,1669560
20771,1669500
20772,1669490
20773,1669420
20774,1669360
20775,1669350
20776,1669340
20777,1669330
20778,1669320
20779,1669170
20780,1669160
20781,1669150
20782,1669070
20783,1669050
20784,1669000
20785,1668990
20786,1668890
20787,1668880
20788,1668870
20789,1668850
20790,1668840
20791,1668830
20792,1668820
20793,1668780
20794,1668720
20795,1668710
20796,1668690
20797,1668670
20798,1668650
20799,1668640
20800,1668620
20801,1668610
20802,1668590
20803,1668580
20804,1668540
20805,1668530
20806,1668520
20807,1668510
20808,1668460
20809,1668420
20810,1668310
20811,1668290
20812,1668280
20813,1668190
20814,1668170
20815,1668130
20816,1668080
20817,1668020
20818,1667920
20819,1667800
20820,1667770
20821,1667750
20822,1667730
20823,1667720
20824,1667700
20825,1667550
20826,1667530
20827,1667490
20828,1667440
20829,1667400
20830,1667360
20831,1667320
20832,1667270
20833,1667240
20834,1667180
20835,1667170
20836,1667160
20837,1667130
20838,1667120
20839,1667110
20840,1666970
20841,1666890
20842,1666810
20843,1666720
20844,1666660
20845,1666520
20846,1666510
20847,1666500
20848,1666430
20849,1666320
20850,1666310
20851,1666260
20852,1666250
20853,1666210
20854,1666170
20855,1666070
20856,1666030
20857,1665900
20858,1665650
20859,1665600
20860,1665520
20861,1665510
20862,1665500
20863,1665490
20864,1665460
20865,1665280
20866,1665260
20867,1665250
20868,1665210
20869,1665200
20870,1665190
20871,1665130
20872,1665080
20873,1664980
20874,1664920
20875,1664910
20876,1664810
20877,1664670
20878,1664580
20879,1664490
20880,1664430
20881,1664410
20882,1664370
20883,1664360
20884,1664350
20885,1664240
20886,1664220
20887,1664200
20888,1664130
20889,1664100
20890,1664090
20891,1664060
20892,1664050
20893,1664010
20894,1663990
20895,1663970
20896,1663950
20897,1663940
20898,1663930
20899,1663910
20900,1663860
20901,1663730
20902,1663650
20903,1663640
20904,1663580
20905,1663440
20906,1663410
20907,1663400
20908,1663390
20909,1663380
20910,1663370
20911,1663270
20912,1663260
20913,1663250
20914,1663220
20915,1663200
20916,1663190
20917,1663170
20918,1663040
20919,1662940
20920,1662920
20921,1662910
20922,1662860
20923,1662850
20924,1662840
20925,1662830
20926,1662790
20927,1662770
20928,1662750
20929,1662710
20930,1662690
20931,1662680
20932,1662670
20933,1662570
20934,1662480
20935,1662350
20936,1662340
20937,1662230
20938,1662220
20939,1662210
20940,1662140
20941,1662090
20942,1662080
20943,1662010
20944,1661930
20945,1661920
20946,1661900
20947,1661880
20948,1661800
20949,1661700
20950,1661690
20951,1661640
20952,1661630
20953,1661600
20954,1661580
20955,1661450
20956,1661360
20957,1661320
20958,1661280
20959,1661270
20960,1661260
20961,1661240
20962,1661180
20963,1661130
20964,1661020
20965,1660990
20966,1660910
20967,1660890
20968,1660860
20969,1660840
20970,1660750
20971,1660590
20972,1660560
20973,1660520
20974,1660480
20975,1660460
20976,1660430
20977,1660420
20978,1660370
20979,1660300
20980,1660290
20981,1660280
20982,1660040
20983,1659950
20984,1659920
20985,1659810
20986,1659800
20987,1659650
20988,1659600
20989,1659590
20990,1659490
20991,1659470
20992,1659420
20993,1659410
20994,1659400
20995,1659210
20996,1659180
20997,1659170
20998,1659150
20999,1659090
21000,1659050
21001,1659040
21002,1658970
21003,1658960
21004,1658930
21005,1658920
21006,1658880
21007,1658870
21008,1658830
21009,1658650
21010,1658620
21011,1658530
21012,1658480
21013,1658450
21014,1658400
21015,1658370
21016,1658310
21017,1658290
21018,1658280
21019,1658150
21020,1658080
21021,1658050
21022,1658040
21023,1657960
21024,1657880
21025,1657810
21026,1657780
21027,1657760
21028,1657630
21029,1657600
21030,1657320
21031,1657290
21032,1657170
21033,1656900
21034,1656880
21035,1656860
21036,1656840
21037,1656820
21038,1656780
21039,1656680
21040,1656640
21041,1656600
21042,1656310
21043,1656300
21044,1656240
21045,1656050
21046,1656020
21047,1655970
21048,1655960
21049,1655940
21050,1655930
21051,1655920
21052,1655890
21053,1655880
21054,1655840
21055,1655740
21056,1655700
21057,1655670
21058,1655560
21059,1655550
21060,1655480
21061,1655430
21062,1655420
21063,1655410
21064,1655310
21065,1655250
21066,1655220
21067,1655190
21068,1655140
21069,1655090
21070,1655050
21071,1654970
21072,1654900
21073,1654890
21074,1654860
21075,1654830
21076,1654810
21077,1654800
21078,1654730
21079,1654700
21080,1654680
21081,1654660
21082,1654520
21083,1654440
21084,1654330
21085,1654280
21086,1654200
21087,1654190
21088,1654170
21089,1654160
21090,1654130
21091,1654120
21092,1654050
21093,1653980
21094,1653970
21095,1653880
21096,1653870
21097,1653850
21098,1653790
21099,1653770
21100,1653760
21101,1653700
21102,1653660
21103,1653650
21104,1653640
21105,1653420
21106,1653330
21107,1653320
21108,1653300
21109,1653260
21110,1653200
21111,1653180
21112,1653170
21113,1653120
21114,1653100
21115,1653060
21116,1653050
21117,1653030
21118,1652960
21119,1652840
21120,1652800
21121,1652780
21122,1652740
21123,1652720
21124,1652710
21125,1652680
21126,1652670
21127,1652650
21128,1652490
21129,1652330
21130,1652300
21131,1652250
21132,1652220
21133,1652170
21134,1652120
21135,1652030
21136,1651960
21137,1651950
21138,1651930
21139,1651870
21140,1651860
21141,1651850
21142,1651780
21143,1651760
21144,1651730
21145,1651680
21146,1651610
21147,1651560
21148,1651540
21149,1651500
21150,1651490
21151,1651450
21152,1651360
21153,1651280
21154,1651090
21155,1651030
21156,1650890
21157,1650860
21158,1650830
21159,1650810
21160,1650770
21161,1650670
21162,1650610
21163,1650590
21164,1650550
21165,1650400
21166,1650390
21167,1650320
21168,1650300
21169,1650250
21170,1650200
21171,1650150
21172,1650130
21173,1650110
21174,1650040
21175,1650020
21176,1650010
21177,1649960
21178,1649950
21179,1649920
21180,1649870
21181,1649860
21182,1649830
21183,1649820
21184,1649740
21185,1649730
21186,1649630
21187,1649570
21188,1649540
21189,1649480
21190,1649290
21191,1649280
21192,1649240
21193,1649130
21194,1649080
21195,1649030
21196,1649010
21197,1648900
21198,1648860
21199,1648800
21200,1648760
21201,1648730
21202,1648610
21203,1648590
21204,1648580
21205,1648560
21206,1648550
21207,1648460
21208,1648440
21209,1648390
21210,1648350
21211,1648300
21212,1648230
21213,1648190
21214,1648100
21215,1648050
21216,1648040
21217,1647990
21218,1647940
21219,1647920
21220,1647780
21221,1647770
21222,1647740
21223,1647730
21224,1647550
21225,1647440
21226,1647420
21227,1647390
21228,1647310
21229,1647250
21230,1647200
21231,1647190
21232,1647160
21233,1647100
21234,1647070
21235,1647060
21236,1647050
21237,1647000
21238,1646930
21239,1646910
21240,1646890
21241,1646850
21242,1646790
21243,1646750
21244,1646730
21245,1646710
21246,1646580
21247,1646560
21248,1646480
21249,1646410
21250,1646390
21251,1646380
21252,1646350
21253,1646280
21254,1646180
21255,1646120
21256,1646090
21257,1646070
21258,1646050
21259,1646030
21260,1645980
21261,1645950
21262,1645940
21263,1645820
21264,1645780
21265,1645770
21266,1645720
21267,1645670
21268,1645640
21269,1645570
21270,1645270
21271,1645180
21272,1645140
21273,1644990
21274,1644940
21275,1644930
21276,1644920
21277,1644840
21278,1644720
21279,1644650
21280,1644640
21281,1644600
21282,1644580
21283,1644510
21284,1644500
21285,1644490
21286,1644320
21287,1644310
21288,1644280
21289,1644200
21290,1644190
21291,1644150
21292,1644140
21293,1644080
21294,1644020
21295,1644010
21296,1643850
21297,1643820
21298,1643660
21299,1643590
21300,1643490
21301,1643440
21302,1643310
21303,1643280
21304,1643190
21305,1643180
21306,1643100
21307,1643040
21308,1642970
21309,1642940
21310,1642890
21311,1642840
21312,1642820
21313,1642790
21314,1642640
21315,1642620
21316,1642610
21317,1642590
21318,1642580
21319,1642540
21320,1642260
21321,1642250
21322,1642230
21323,1642220
21324,1642190
21325,1642170
21326,1642130
21327,1642040
21328,1642010
21329,1641990
21330,1641960
21331,1641890
21332,1641860
21333,1641830
21334,1641780
21335,1641730
21336,1641700
21337,1641670
21338,1641660
21339,1641650
21340,1641580
21341,1641520
21342,1641510
21343,1641500
21344,1641450
21345,1641410
21346,1641400
21347,1641300
21348,1641270
21349,1641250
21350,1641240
21351,1641230
21352,1641220
21353,1641210
21354,1641120
21355,1641100
21356,1641090
21357,1641080
21358,1641020
21359,1641010
21360,1640930
21361,1640890
21362,1640880
21363,1640810
21364,1640760
21365,1640720
21366,1640710
21367,1640670
21368,1640640
21369,1640630
21370,1640540
21371,1640370
21372,1640350
21373,1640320
21374,1640300
21375,1640180
21376,1640160
21377,1640130
21378,1640100
21379,1639990
21380,1639930
21381,1639920
21382,1639900
21383,1639890
21384,1639860
21385,1639790
21386,1639780
21387,1639760
21388,1639730
21389,1639690
21390,1639650
21391,1639610
21392,1639590
21393,1639580
21394,1639530
21395,1639430
21396,1639400
21397,1639340
21398,1639300
21399,1639250
21400,1639230
21401,1639210
21402,1639190
21403,1639180
21404,1639140
21405,1639130
21406,1639120
21407,1639090
21408,1639080
21409,1639040
21410,1638950
21411,1638930
21412,1638920
21413,1638870
21414,1638860
21415,1638760
21416,1638670
21417,1638660
21418,1638650
21419,1638520
21420,1638500
21421,1638440
21422,1638430
21423,1638390
21424,1638340
21425,1638330
21426,1638300
21427,1638230
21428,1638220
21429,1638140
21430,1638130
21431,1637970
21432,1637950
21433,1637820
21434,1637740
21435,1637730
21436,1637670
21437,1637630
21438,1637540
21439,1637520
21440,1637510
21441,1637490
21442,1637370
21443,1637320
21444,1637300
21445,1637230
21446,1637200
21447,1637140
21448,1637120
21449,1637110
21450,1637070
21451,1637030
21452,1636980
21453,1636910
21454,1636850
21455,1636730
21456,1636710
21457,1636700
21458,1636690
21459,1636660
21460,1636550
21461,1636490
21462,1636420
21463,1636390
21464,1636360
21465,1636350
21466,1636270
21467,1636260
21468,1636250
21469,1636200
21470,1636150
21471,1636070
21472,1636030
21473,1636000
21474,1635980
21475,1635950
21476,1635920
21477,1635800
21478,1635790
21479,1635770
21480,1635730
21481,1635620
21482,1635600
21483,1635590
21484,1635550
21485,1635450
21486,1635350
21487,1635250
21488,1635210
21489,1635140
21490,1635120
21491,1635030
21492,1635020
21493,1634990
21494,1634980
21495,1634950
21496,1634940
21497,1634870
21498,1634860
21499,1634830
21500,1634750
21501,1634680
21502,1634600
21503,1634450
21504,1634410
21505,1634280
21506,1634220
21507,1634210
21508,1634190
21509,1634150
21510,1634130
21511,1634110
21512,1634100
21513,1634090
21514,1634080
21515,1633860
21516,1633830
21517,1633740
21518,1633640
21519,1633580
21520,1633460
21521,1633430
21522,1633410
21523,1633390
21524,1633370
21525,1633260
21526,1633230
21527,1633210
21528,1633140
21529,1633110
21530,1633080
21531,1633060
21532,1633010
21533,1633000
21534,1632930
21535,1632910
21536,1632880
21537,1632770
21538,1632750
21539,1632710
21540,1632670
21541,1632650
21542,1632640
21543,1632610
21544,1632590
21545,1632530
21546,1632500
21547,1632490
21548,1632420
21549,1632330
21550,1632310
21551,1632300
21552,1632210
21553,1632170
21554,1632160
21555,1632140
21556,1632030
21557,1632020
21558,1632010
21559,1631900
21560,1631860
21561,1631850
21562,1631830
21563,1631790
21564,1631780
21565,1631670
21566,1631640
21567,1631630
21568,1631600
21569,1631560
21570,1631540
21571,1631530
21572,1631500
21573,1631470
21574,1631350
21575,1631280
21576,1631250
21577,1631240
21578,1631210
21579,1631160
21580,1631140
21581,1631090
21582,1631080
21583,1631010
21584,1630960
21585,1630920
21586,1630910
21587,1630890
21588,1630880
21589,1630850
21590,1630800
21591,1630780
21592,1630690
21593,1630650
21594,1630630
21595,1630590
21596,1630570
21597,1630500
21598,1630490
21599,1630420
21600,1630360
21601,1630290
21602,1630180
21603,1630130
21604,1630110
21605,1630080
21606,1629940
21607,1629910
21608,1629830
21609,1629710
21610,1629600
21611,1629550
21612,1629530
21613,1629520
21614,1629470
21615,1629350
21616,1629320
21617,1629300
21618,1629210
21619,1629200
21620,1629190
21621,1629100
21622,1629060
21623,1628940
21624,1628890
21625,1628850
21626,1628760
21627,1628750
21628,1628650
21629,1628620
21630,1628610
21631,1628550
21632,1628510
21633,1628480
21634,1628440
21635,1628270
21636,1628260
21637,1628130
21638,1628000
21639,1627890
21640,1627870
21641,1627850
21642,1627840
21643,1627820
21644,1627720
21645,1627710
21646,1627680
21647,1627660
21648,1627610
21649,1627570
21650,1627520
21651,1627510
21652,1627420
21653,1627410
21654,1627360
21655,1627330
21656,1627310
21657,1627240
21658,1627120
21659,1627040
21660,1626900
21661,1626890
21662,1626740
21663,1626640
21664,1626610
21665,1626600
21666,1626560
21667,1626530
21668,1626460
21669,1626370
21670,1626350
21671,1626110
21672,1626040
21673,1625960
21674,1625930
21675,1625830
21676,1625820
21677,1625800
21678,1625790
21679,1625760
21680,1625720
21681,1625640
21682,1625610
21683,1625520
21684,1625510
21685,1625450
21686,1625440
21687,1625370
21688,1625340
21689,1625310
21690,1625270
21691,1625260
21692,1625230
21693,1625130
21694,1625110
21695,1625100
21696,1625080
21697,1625060
21698,1625020
21699,1624990
21700,1624980
21701,1624900
21702,1624880
21703,1624850
21704,1624830
21705,1624760
21706,1624570
21707,1624560
21708,1624550
21709,1624540
21710,1624470
21711,1624460
21712,1624380
21713,1624350
21714,1624320
21715,1624220
21716,1624210
21717,1624180
21718,1624060
21719,1623960
21720,1623940
21721,1623930
21722,1623880
21723,1623850
21724,1623730
21725,1623700
21726,1623690
21727,1623660
21728,1623650
21729,1623530
21730,1623440
21731,1623420
21732,1623390
21733,1623380
21734,1623340
21735,1623310
21736,1623300
21737,1623240
21738,1623210
21739,1623120
21740,1623090
21741,1623080
21742,1623070
21743,1623000
21744,1622970
21745,1622920
21746,1622910
21747,1622900
21748,1622840
21749,1622830
21750,1622810
21751,1622800
21752,1622780
21753,1622770
21754,1622720
21755,1622710
21756,1622690
21757,1622680
21758,1622660
21759,1622640
21760,1622610
21761,1622600
21762,1622560
21763,1622510
21764,1622470
21765,1622350
21766,1622340
21767,1622270
21768,1622250
21769,1622180
21770,1622090
21771,1622060
21772,1622040
21773,1622030
21774,1621990
21775,1621980
21776,1621860
21777,1621760
21778,1621690
21779,1621680
21780,1621560
21781,1621490
21782,1621420
21783,1621380
21784,1621320
21785,1621310
21786,1621200
21787,1621140
21788,1621070
21789,1620920
21790,1620890
21791,1620870
21792,1620860
21793,1620850
21794,1620800
21795,1620750
21796,1620720
21797,1620640
21798,1620580
21799,1620540
21800,1620520
21801,1620410
21802,1620390
21803,1620380
21804,1620340
21805,1620290
21806,1620260
21807,1620160
21808,1620110
21809,1620100
21810,1620040
21811,1620030
21812,1620020
21813,1619970
21814,1619900
21815,1619890
21816,1619830
21817,1619820
21818,1619790
21819,1619750
21820,1619590
21821,1619570
21822,1619540
21823,1619520
21824,1619420
21825,1619350
21826,1619330
21827,1619270
21828,1619230
21829,1619220
21830,1619110
21831,1619080
21832,1619060
21833,1618910
21834,1618740
21835,1618720
21836,1618540
21837,1618450
21838,1618380
21839,1618330
21840,1618310
21841,1618290
21842,1618280
21843,1618240
21844,1618230
21845,1618220
21846,1618050
21847,1618020
21848,1617900
21849,1617800
21850,1617790
21851,1617580
21852,1617480
21853,1617450
21854,1617430
21855,1617420
21856,1617390
21857,1617370
21858,1617360
21859,1617280
21860,1617270
21861,1617220
21862,1617190
21863,1617030
21864,1617020
21865,1617010
21866,1616870
21867,1616690
21868,1616580
21869,1616540
21870,1616520
21871,1616510
21872,1616400
21873,1616290
21874,1616280
21875,1616230
21876,1616210
21877,1616190
21878,1616110
21879,1616050
21880,1616030
21881,1615960
21882,1615930
21883,1615920
21884,1615890
21885,1615740
21886,1615410
21887,1615380
21888,1615290
21889,1615100
21890,1615060
21891,1614990
21892,1614960
21893,1614940
21894,1614890
21895,1614850
21896,1614740
21897,1614730
21898,1614550
21899,1614500
21900,1614440
21901,1614380
21902,1614360
21903,1614340
21904,1614310
21905,1614270
21906,1614250
21907,1614040
21908,1614010
21909,1613960
21910,1613950
21911,1613770
21912,1613680
21913,1613670
21914,1613620
21915,1613580
21916,1613540
21917,1613510
21918,1613490
21919,1613470
21920,1613450
21921,1613350
21922,1613330
21923,1613320
21924,1613220
21925,1613210
21926,1613190
21927,1613150
21928,1613100
21929,1613090
21930,1613080
21931,1613050
21932,1612960
21933,1612950
21934,1612920
21935,1612910
21936,1612900
21937,1612820
21938,1612810
21939,1612780
21940,1612770
21941,1612730
21942,1612620
21943,1612570
21944,1612550
21945,1612540
21946,1612520
21947,1612480
21948,1612420
21949,1612380
21950,1612360
21951,1612230
21952,1612200
21953,1612160
21954,1612140
21955,1612100
21956,1612030
21957,1612020
21958,1611980
21959,1611970
21960,1611960
21961,1611910
21962,1611900
21963,1611850
21964,1611830
21965,1611800
21966,1611760
21967,1611740
21968,1611710
21969,1611650
21970,1611640
21971,1611600
21972,1611580
21973,1611550
21974,1611540
21975,1611490
21976,1611430
21977,1611420
21978,1611410
21979,1611360
21980,1611350
21981,1611300
21982,1611290
21983,1611150
21984,1611130
21985,1611070
21986,1611060
21987,1610990
21988,1610900
21989,1610890
21990,1610870
21991,1610860
21992,1610840
21993,1610820
21994,1610790
21995,1610730
21996,1610700
21997,1610670
21998,1610660
21999,1610650
22000,1610610
22001,1610560
22002,1610520
22003,1610500
22004,1610470
22005,1610460
22006,1610440
22007,1610410
22008,1610370
22009,1610350
22010,1610330
22011,1610320
22012,1610290
22013,1610230
22014,1610150
22015,1610130
22016,1610120
22017,1610060
22018,1609870
22019,1609830
22020,1609780
22021,1609730
22022,1609590
22023,1609580
22024,1609570
22025,1609470
22026,1609440
22027,1609390
22028,1609310
22029,1609300
22030,1609230
22031,1609220
22032,1609160
22033,1609090
22034,1609080
22035,1609050
22036,1609040
22037,1609010
22038,1608980
22039,1608730
22040,1608710
22041,1608700
22042,1608680
22043,1608660
22044,1608640
22045,1608590
22046,1608560
22047,1608550
22048,1608470
22049,1608450
22050,1608400
22051,1608310
22052,1608290
22053,1608270
22054,1608230
22055,1608210
22056,1608200
22057,1608110
22058,1608090
22059,1608070
22060,1608040
22061,1607980
22062,1607860
22063,1607850
22064,1607720
22065,1607680
22066,1607670
22067,1607620
22068,1607530
22069,1607480
22070,1607430
22071,1607400
22072,1607370
22073,1607340
22074,1607310
22075,1607280
22076,1607250
22077,1607240
22078,1607200
22079,1607170
22080,1607130
22081,1607100
22082,1607040
22083,1606980
22084,1606950
22085,1606940
22086,1606800
22087,1606770
22088,1606760
22089,1606640
22090,1606590
22091,1606580
22092,1606570
22093,1606490
22094,1606430
22095,1606350
22096,1606340
22097,1606300
22098,1606280
22099,1606270
22100,1606210
22101,1606180
22102,1606030
22103,1605960
22104,1605930
22105,1605760
22106,1605720
22107,1605690
22108,1605600
22109,1605580
22110,1605520
22111,1605480
22112,1605460
22113,1605440
22114,1605430
22115,1605320
22116,1605290
22117,1605230
22118,1605220
22119,1605200
22120,1605190
22121,1605130
22122,1605010
22123,1604840
22124,1604800
22125,1604780
22126,1604690
22127,1604640
22128,1604610
22129,1604540
22130,1604450
22131,1604440
22132,1604400
22133,1604380
22134,1604350
22135,1604300
22136,1604280
22137,1604250
22138,1604240
22139,1604210
22140,1604180
22141,1604060
22142,1604030
22143,1604020
22144,1604000
22145,1603990
22146,1603980
22147,1603960
22148,1603940
22149,1603920
22150,1603900
22151,1603860
22152,1603780
22153,1603720
22154,1603650
22155,1603640
22156,1603500
22157,1603440
22158,1603420
22159,1603410
22160,1603260
22161,1603200
22162,1603180
22163,1603170
22164,1602990
22165,1602980
22166,1602930
22167,1602900
22168,1602880
22169,1602700
22170,1602560
22171,1602540
22172,1602490
22173,1602390
22174,1602380
22175,1602370
22176,1602350
22177,1602330
22178,1602280
22179,1602110
22180,1602080
22181,1602010
22182,1601970
22183,1601950
22184,1601860
22185,1601850
22186,1601840
22187,1601810
22188,1601740
22189,1601680
22190,1601670
22191,1601630
22192,1601580
22193,1601410
22194,1601340
22195,1601280
22196,1601170
22197,1601100
22198,1601040
22199,1600970
22200,1600950
22201,1600930
22202,1600910
22203,1600900
22204,1600890
22205,1600880
22206,1600870
22207,1600840
22208,1600830
22209,1600820
22210,1600810
22211,1600780
22212,1600760
22213,1600720
22214,1600670
22215,1600600
22216,1600550
22217,1600530
22218,1600520
22219,1600500
22220,1600470
22221,1600450
22222,1600370
22223,1600320
22224,1600280
22225,1600260
22226,1600250
22227,1600140
22228,1600130
22229,1600100
22230,1600090
22231,1600080
22232,1600020
22233,1599940
22234,1599880
22235,1599860
22236,1599700
22237,1599690
22238,1599660
22239,1599630
22240,1599600
22241,1599560
22242,1599530
22243,1599510
22244,1599470
22245,1599410
22246,1599390
22247,1599340
22248,1599330
22249,1599270
22250,1599250
22251,1599210
22252,1599150
22253,1599130
22254,1599080
22255,1599070
22256,1599020
22257,1599000
22258,1598970
22259,1598920
22260,1598910
22261,1598810
22262,1598760
22263,1598750
22264,1598730
22265,1598710
22266,1598600
22267,1598580
22268,1598560
22269,1598470
22270,1598370
22271,1598360
22272,1598300
22273,1598220
22274,1598210
22275,1598190
22276,1598180
22277,1598160
22278,1598090
22279,1598010
22280,1597980
22281,1597950
22282,1597790
22283,1597780
22284,1597730
22285,1597720
22286,1597710
22287,1597610
22288,1597580
22289,1597560
22290,1597550
22291,1597520
22292,1597480
22293,1597470
22294,1597460
22295,1597440
22296,1597430
22297,1597400
22298,1597330
22299,1597310
22300,1597290
22301,1597280
22302,1597270
22303,1597260
22304,1597220
22305,1597200
22306,1597170
22307,1597110
22308,1597090
22309,1597060
22310,1597040
22311,1596980
22312,1596950
22313,1596940
22314,1596920
22315,1596850
22316,1596820
22317,1596750
22318,1596730
22319,1596640
22320,1596610
22321,1596580
22322,1596540
22323,1596440
22324,1596380
22325,1596370
22326,1596310
22327,1596270
22328,1596250
22329,1596240
22330,1596170
22331,1596110
22332,1596070
22333,1596030
22334,1596010
22335,1595930
22336,1595710
22337,1595640
22338,1595630
22339,1595600
22340,1595510
22341,1595490
22342,1595410
22343,1595380
22344,1595350
22345,1595310
22346,1595290
22347,1595280
22348,1595270
22349,1595250
22350,1595180
22351,1595050
22352,1595030
22353,1595020
22354,1595000
22355,1594950
22356,1594940
22357,1594890
22358,1594880
22359,1594860
22360,1594810
22361,1594570
22362,1594490
22363,1594460
22364,1594420
22365,1594410
22366,1594400
22367,1594370
22368,1594340
22369,1594320
22370,1594310
22371,1594220
22372,1594200
22373,1594170
22374,1594130
22375,1594120
22376,1594110
22377,1594090
22378,1594060
22379,1594010
22380,1593950
22381,1593930
22382,1593790
22383,1593780
22384,1593750
22385,1593730
22386,1593700
22387,1593660
22388,1593590
22389,1593500
22390,1593490
22391,1593410
22392,1593390
22393,1593350
22394,1593310
22395,1593280
22396,1593260
22397,1593220
22398,1593210
22399,1593180
22400,1593170
22401,1593100
22402,1593080
22403,1593040
22404,1593030
22405,1592990
22406,1592980
22407,1592970
22408,1592890
22409,1592880
22410,1592840
22411,1592780
22412,1592750
22413,1592740
22414,1592720
22415,1592680
22416,1592670
22417,1592650
22418,1592640
22419,1592610
22420,1592600
22421,1592550
22422,1592540
22423,1592530
22424,1592520
22425,1592490
22426,1592480
22427,1592390
22428,1592370
22429,1592360
22430,1592340
22431,1592320
22432,1592290
22433,1592280
22434,1592260
22435,1592240
22436,1592230
22437,1592190
22438,1592180
22439,1592120
22440,1592110
22441,1592100
22442,1591960
22443,1591950
22444,1591910
22445,1591900
22446,1591870
22447,1591830
22448,1591760
22449,1591730
22450,1591690
22451,1591680
22452,1591670
22453,1591570
22454,1591540
22455,1591530
22456,1591520
22457,1591500
22458,1591490
22459,1591470
22460,1591450
22461,1591420
22462,1591380
22463,1591360
22464,1591340
22465,1591310
22466,1591300
22467,1591290
22468,1591220
22469,1591200
22470,1591150
22471,1591130
22472,1591050
22473,1590920
22474,1590910
22475,1590850
22476,1590840
22477,1590750
22478,1590730
22479,1590700
22480,1590680
22481,1590670
22482,1590660
22483,1590640
22484,1590600
22485,1590570
22486,1590380
22487,1590360
22488,1590330
22489,1590320
22490,1590270
22491,1590250
22492,1590230
22493,1590190
22494,1590180
22495,1590160
22496,1590150
22497,1590130
22498,1590110
22499,1590080
22500,1590070
22501,1590030
22502,1590020
22503,1590000
22504,1589920
22505,1589890
22506,1589790
22507,1589770
22508,1589730
22509,1589680
22510,1589570
22511,1589540
22512,1589500
22513,1589490
22514,1589410
22515,1589380
22516,1589370
22517,1589360
22518,1589270
22519,1589120
22520,1589080
22521,1589070
22522,1589040
22523,1589020
22524,1589010
22525,1588950
22526,1588940
22527,1588910
22528,1588880
22529,1588870
22530,1588760
22531,1588700
22532,1588620
22533,1588610
22534,1588570
22535,1588560
22536,1588540
22537,1588530
22538,1588510
22539,1588460
22540,1588410
22541,1588400
22542,1588390
22543,1588380
22544,1588340
22545,1588250
22546,1588190
22547,1588160
22548,1588140
22549,1588120
22550,1588040
22551,1588010
22552,1587970
22553,1587940
22554,1587910
22555,1587880
22556,1587860
22557,1587810
22558,1587790
22559,1587710
22560,1587700
22561,1587610
22562,1587560
22563,1587540
22564,1587350
22565,1587290
22566,1587260
22567,1587240
22568,1587200
22569,1587190
22570,1587180
22571,1587130
22572,1587090
22573,1587070
22574,1587020
22575,1586990
22576,1586980
22577,1586970
22578,1586960
22579,1586920
22580,1586880
22581,1586850
22582,1586840
22583,1586830
22584,1586820
22585,1586800
22586,1586750
22587,1586710
22588,1586700
22589,1586660
22590,1586620
22591,1586530
22592,1586370
22593,1586350
22594,1586340
22595,1586300
22596,1586290
22597,1586270
22598,1586240
22599,1586230
22600,1586220
22601,1586150
22602,1586110
22603,1586050
22604,1585910
22605,1585830
22606,1585700
22607,1585680
22608,1585660
22609,1585650
22610,1585570
22611,1585540
22612,1585530
22613,1585500
22614,1585440
22615,1585400
22616,1585390
22617,1585360
22618,1585350
22619,1585330
22620,1585250
22621,1585230
22622,1585220
22623,1585180
22624,1585160
22625,1585130
22626,1585030
22627,1585020
22628,1584980
22629,1584940
22630,1584900
22631,1584860
22632,1584840
22633,1584830
22634,1584820
22635,1584810
22636,1584800
22637,1584750
22638,1584720
22639,1584690
22640,1584680
22641,1584670
22642,1584660
22643,1584640
22644,1584540
22645,1584460
22646,1584450
22647,1584440
22648,1584420
22649,1584350
22650,1584330
22651,1584300
22652,1584280
22653,1584200
22654,1584190
22655,1584150
22656,1584140
22657,1584090
22658,1584040
22659,1583910
22660,1583900
22661,1583880
22662,1583850
22663,1583820
22664,1583690
22665,1583670
22666,1583650
22667,1583630
22668,1583590
22669,1583570
22670,1583530
22671,1583500
22672,1583410
22673,1583390
22674,1583320
22675,1583300
22676,1583280
22677,1583240
22678,1583230
22679,1583170
22680,1583140
22681,1582990
22682,1582960
22683,1582950
22684,1582900
22685,1582890
22686,1582850
22687,1582740
22688,1582720
22689,1582680
22690,1582650
22691,1582600
22692,1582570
22693,1582510
22694,1582410
22695,1582380
22696,1582290
22697,1582200
22698,1582180
22699,1582130
22700,1582090
22701,1581950
22702,1581880
22703,1581860
22704,1581830
22705,1581800
22706,1581770
22707,1581740
22708,1581720
22709,1581700
22710,1581680
22711,1581660
22712,1581580
22713,1581500
22714,1581490
22715,1581480
22716,1581460
22717,1581420
22718,1581280
22719,1581250
22720,1581240
22721,1581220
22722,1581200
22723,1581180
22724,1581170
22725,1581080
22726,1581070
22727,1581050
22728,1581040
22729,1580970
22730,1580960
22731,1580800
22732,1580790
22733,1580780
22734,1580770
22735,1580640
22736,1580600
22737,1580570
22738,1580560
22739,1580520
22740,1580480
22741,1580460
22742,1580440
22743,1580380
22744,1580340
22745,1580300
22746,1580260
22747,1580240
22748,1580210
22749,1580180
22750,1580150
22751,1580100
22752,1580010
22753,1579920
22754,1579890
22755,1579880
22756,1579850
22757,1579800
22758,1579780
22759,1579730
22760,1579720
22761,1579680
22762,1579660
22763,1579530
22764,1579490
22765,1579390
22766,1579380
22767,1579320
22768,1579310
22769,1579300
22770,1579280
22771,1579260
22772,1579190
22773,1579170
22774,1579160
22775,1579120
22776,1579100
22777,1579020
22778,1579010
22779,1579000
22780,1578990
22781,1578960
22782,1578950
22783,1578890
22784,1578880
22785,1578860
22786,1578700
22787,1578660
22788,1578650
22789,1578570
22790,1578550
22791,1578540
22792,1578500
22793,1578470
22794,1578440
22795,1578430
22796,1578410
22797,1578390
22798,1578340
22799,1578330
22800,1578290
22801,1578270
22802,1578250
22803,1578220
22804,1578170
22805,1578160
22806,1578110
22807,1578100
22808,1578060
22809,1578050
22810,1577940
22811,1577880
22812,1577750
22813,1577700
22814,1577690
22815,1577660
22816,1577620
22817,1577530
22818,1577470
22819,1577460
22820,1577450
22821,1577420
22822,1577410
22823,1577320
22824,1577280
22825,1577260
22826,1577250
22827,1577240
22828,1577160
22829,1577150
22830,1577120
22831,1577080
22832,1577050
22833,1576990
22834,1576970
22835,1576950
22836,1576920
22837,1576910
22838,1576880
22839,1576850
22840,1576840
22841,1576790
22842,1576750
22843,1576720
22844,1576600
22845,1576590
22846,1576560
22847,1576550
22848,1576500
22849,1576490
22850,1576420
22851,1576370
22852,1576350
22853,1576280
22854,1576240
22855,1576230
22856,1576150
22857,1576130
22858,1576080
22859,1576000
22860,1575980
22861,1575970
22862,1575960
22863,1575950
22864,1575940
22865,1575920
22866,1575870
22867,1575860
22868,1575830
22869,1575730
22870,1575710
22871,1575690
22872,1575680
22873,1575670
22874,1575650
22875,1575640
22876,1575590
22877,1575580
22878,1575540
22879,1575520
22880,1575510
22881,1575470
22882,1575450
22883,1575430
22884,1575330
22885,1575300
22886,1575290
22887,1575070
22888,1575060
22889,1575040
22890,1574990
22891,1574910
22892,1574900
22893,1574870
22894,1574850
22895,1574830
22896,1574820
22897,1574800
22898,1574780
22899,1574760
22900,1574750
22901,1574720
22902,1574700
22903,1574620
22904,1574580
22905,1574530
22906,1574470
22907,1574450
22908,1574390
22909,1574360
22910,1574330
22911,1574310
22912,1574270
22913,1574260
22914,1574250
22915,1574240
22916,1574200
22917,1574110
22918,1574050
22919,1574030
22920,1574010
22921,1574000
22922,1573970
22923,1573860
22924,1573790
22925,1573750
22926,1573730
22927,1573720
22928,1573700
22929,1573630
22930,1573620
22931,1573590
22932,1573580
22933,1573540
22934,1573430
22935,1573420
22936,1573390
22937,1573360
22938,1573350
22939,1573300
22940,1573280
22941,1573250
22942,1573170
22943,1573160
22944,1573100
22945,1573090
22946,1573080
22947,1573060
22948,1573010
22949,1572990
22950,1572920
22951,1572910
22952,1572830
22953,1572810
22954,1572800
22955,1572790
22956,1572470
22957,1572450
22958,1572440
22959,1572420
22960,1572380
22961,1572340
22962,1572330
22963,1572270
22964,1572190
22965,1572180
22966,1572120
22967,1572100
22968,1572080
22969,1572050
22970,1572040
22971,1571990
22972,1571960
22973,1571950
22974,1571940
22975,1571910
22976,1571890
22977,1571880
22978,1571840
22979,1571820
22980,1571690
22981,1571660
22982,1571640
22983,1571600
22984,1571540
22985,1571460
22986,1571440
22987,1571380
22988,1571340
22989,1571330
22990,1571280
22991,1571230
22992,1571220
22993,1571200
22994,1571190
22995,1571180
22996,1571170
22997,1571160
22998,1571140
22999,1571130
23000,1571120
23001,1571100
23002,1571090
23003,1571070
23004,1571030
23005,1571010
23006,1570980
23007,1570960
23008,1570850
23009,1570830
23010,1570790
23011,1570760
23012,1570750
23013,1570740
23014,1570730
23015,1570720
23016,1570700
23017,1570650
23018,1570510
23019,1570500
23020,1570420
23021,1570360
23022,1570340
23023,1570330
23024,1570320
23025,1570290
23026,1570210
23027,1570200
23028,1570160
23029,1570130
23030,1570120
23031,1570080
23032,1570070
23033,1570020
23034,1570010
23035,1570000
23036,1569970
23037,1569930
23038,1569920
23039,1569820
23040,1569810
23041,1569760
23042,1569720
23043,1569700
23044,1569690
23045,1569650
23046,1569620
23047,1569590
23048,1569560
23049,1569550
23050,1569520
23051,1569470
23052,1569420
23053,1569350
23054,1569220
23055,1569200
23056,1569180
23057,1569170
23058,1569150
23059,1569140
23060,1569090
23061,1569040
23062,1568970
23063,1568960
23064,1568940
23065,1568920
23066,1568880
23067,1568730
23068,1568720
23069,1568650
23070,1568620
23071,1568590
23072,1568580
23073,1568570
23074,1568540
23075,1568500
23076,1568480
23077,1568400
23078,1568330
23079,1568310
23080,1568210
23081,1568190
23082,1568130
23083,1568070
23084,1568050
23085,1568030
23086,1567950
23087,1567930
23088,1567890
23089,1567860
23090,1567830
23091,1567800
23092,1567740
23093,1567580
23094,1567550
23095,1567520
23096,1567490
23097,1567480
23098,1567440
23099,1567420
23100,1567400
23101,1567380
23102,1567370
23103,1567270
23104,1567260
23105,1567200
23106,1567080
23107,1567060
23108,1567030
23109,1567020
23110,1567000
23111,1566990
23112,1566920
23113,1566910
23114,1566880
23115,1566840
23116,1566830
23117,1566820
23118,1566740
23119,1566700
23120,1566690
23121,1566680
23122,1566670
23123,1566620
23124,1566580
23125,1566570
23126,1566560
23127,1566550
23128,1566540
23129,1566490
23130,1566460
23131,1566450
23132,1566430
23133,1566410
23134,1566390
23135,1566360
23136,1566340
23137,1566250
23138,1566230
23139,1566220
23140,1566200
23141,1566160
23142,1566120
23143,1566090
23144,1566070
23145,1566060
23146,1566050
23147,1565970
23148,1565940
23149,1565910
23150,1565890
23151,1565880
23152,1565840
23153,1565680
23154,1565670
23155,1565660
23156,1565650
23157,1565610
23158,1565580
23159,1565530
23160,1565430
23161,1565290
23162,1565220
23163,1565210
23164,1565140
23165,1565090
23166,1565080
23167,1565060
23168,1564980
23169,1564950
23170,1564940
23171,1564930
23172,1564920
23173,1564840
23174,1564830
23175,1564790
23176,1564760
23177,1564700
23178,1564670
23179,1564660
23180,1564630
23181,1564600
23182,1564590
23183,1564560
23184,1564550
23185,1564520
23186,1564450
23187,1564280
23188,1564220
23189,1564150
23190,1564110
23191,1564100
23192,1564090
23193,1564080
23194,1563970
23195,1563950
23196,1563940
23197,1563870
23198,1563860
23199,1563850
23200,1563840
23201,1563830
23202,1563820
23203,1563780
23204,1563770
23205,1563760
23206,1563730
23207,1563720
23208,1563710
23209,1563700
23210,1563550
23211,1563530
23212,1563490
23213,1563460
23214,1563340
23215,1563320
23216,1563180
23217,1563170
23218,1563160
23219,1563150
23220,1563130
23221,1563070
23222,1563030
23223,1563010
23224,1562940
23225,1562930
23226,1562920
23227,1562910
23228,1562870
23229,1562860
23230,1562800
23231,1562780
23232,1562700
23233,1562510
23234,1562470
23235,1562450
23236,1562430
23237,1562420
23238,1562400
23239,1562260
23240,1562240
23241,1562230
23242,1562020
23243,1561980
23244,1561910
23245,1561890
23246,1561880
23247,1561870
23248,1561860
23249,1561850
23250,1561800
23251,1561750
23252,1561670
23253,1561660
23254,1561610
23255,1561560
23256,1561520
23257,1561430
23258,1561400
23259,1561390
23260,1561380
23261,1561370
23262,1561350
23263,1561340
23264,1561090
23265,1561060
23266,1561040
23267,1561020
23268,1561010
23269,1560970
23270,1560940
23271,1560890
23272,1560860
23273,1560850
23274,1560790
23275,1560770
23276,1560640
23277,1560590
23278,1560580
23279,1560560
23280,1560540
23281,1560450
23282,1560420
23283,1560330
23284,1560320
23285,1560260
23286,1560250
23287,1560200
23288,1560130
23289,1560110
23290,1560100
23291,1560060
23292,1560010
23293,1559970
23294,1559960
23295,1559920
23296,1559850
23297,1559840
23298,1559810
23299,1559790
23300,1559760
23301,1559750
23302,1559700
23303,1559680
23304,1559660
23305,1559600
23306,1559570
23307,1559500
23308,1559460
23309,1559450
23310,1559430
23311,1559390
23312,1559330
23313,1559300
23314,1559160
23315,1559100
23316,1558990
23317,1558970
23318,1558930
23319,1558900
23320,1558840
23321,1558830
23322,1558750
23323,1558730
23324,1558670
23325,1558650
23326,1558630
23327,1558510
23328,1558490
23329,1558480
23330,1558440
23331,1558430
23332,1558420
23333,1558210
23334,1558180
23335,1558130
23336,1558100
23337,1558060
23338,1558020
23339,1558000
23340,1557990
23341,1557880
23342,1557860
23343,1557840
23344,1557760
23345,1557740
23346,1557720
23347,1557710
23348,1557700
23349,1557690
23350,1557670
23351,1557580
23352,1557550
23353,1557540
23354,1557510
23355,1557480
23356,1557430
23357,1557420
23358,1557410
23359,1557350
23360,1557240
23361,1557230
23362,1557200
23363,1557190
23364,1557180
23365,1557100
23366,1557060
23367,1557050
23368,1557040
23369,1556980
23370,1556930
23371,1556920
23372,1556870
23373,1556860
23374,1556790
23375,1556770
23376,1556670
23377,1556660
23378,1556650
23379,1556610
23380,1556540
23381,1556490
23382,1556480
23383,1556420
23384,1556250
23385,1556200
23386,1556190
23387,1556160
23388,1556150
23389,1556100
23390,1556010
23391,1555950
23392,1555800
23393,1555770
23394,1555710
23395,1555650
23396,1555640
23397,1555590
23398,1555580
23399,1555570
23400,1555400
23401,1555310
23402,1555230
23403,1555160
23404,1555150
23405,1555140
23406,1555110
23407,1555080
23408,1554970
23409,1554960
23410,1554860
23411,1554840
23412,1554790
23413,1554780
23414,1554770
23415,1554700
23416,1554680
23417,1554670
23418,1554660
23419,1554650
23420,1554640
23421,1554600
23422,1554590
23423,1554550
23424,1554530
23425,1554470
23426,1554460
23427,1554400
23428,1554380
23429,1554260
23430,1554220
23431,1554170
23432,1554160
23433,1554140
23434,1554130
23435,1554080
23436,1554070
23437,1554050
23438,1554030
23439,1554010
23440,1553980
23441,1553970
23442,1553910
23443,1553890
23444,1553840
23445,1553810
23446,1553800
23447,1553740
23448,1553710
23449,1553690
23450,1553650
23451,1553580
23452,1553420
23453,1553390
23454,1553320
23455,1553230
23456,1553120
23457,1553080
23458,1553000
23459,1552960
23460,1552810
23461,1552760
23462,1552740
23463,1552730
23464,1552680
23465,1552620
23466,1552600
23467,1552550
23468,1552530
23469,1552510
23470,1552460
23471,1552430
23472,1552350
23473,1552310
23474,1552250
23475,1552240
23476,1552220
23477,1552210
23478,1552140
23479,1552130
23480,1552080
23481,1551990
23482,1551920
23483,1551910
23484,1551820
23485,1551730
23486,1551670
23487,1551650
23488,1551640
23489,1551630
23490,1551620
23491,1551600
23492,1551590
23493,1551570
23494,1551560
23495,1551550
23496,1551540
23497,1551530
23498,1551520
23499,1551510
23500,1551470
23501,1551360
23502,1551290
23503,1551230
23504,1551220
23505,1551180
23506,1551160
23507,1551150
23508,1551080
23509,1551050
23510,1551030
23511,1551010
23512,1551000
23513,1550990
23514,1550950
23515,1550870
23516,1550840
23517,1550760
23518,1550750
23519,1550740
23520,1550730
23521,1550710
23522,1550680
23523,1550660
23524,1550650
23525,1550600
23526,1550560
23527,1550510
23528,1550460
23529,1550450
23530,1550340
23531,1550280
23532,1550270
23533,1550260
23534,1550230
23535,1550180
23536,1550110
23537,1550080
23538,1550020
23539,1550010
23540,1549980
23541,1549970
23542,1549850
23543,1549750
23544,1549730
23545,1549690
23546,1549660
23547,1549620
23548,1549550
23549,1549440
23550,1549420
23551,1549340
23552,1549250
23553,1549240
23554,1549220
23555,1549200
23556,1549160
23557,1549140
23558,1549070
23559,1549060
23560,1549030
23561,1548940
23562,1548930
23563,1548910
23564,1548870
23565,1548860
23566,1548850
23567,1548830
23568,1548820
23569,1548800
23570,1548750
23571,1548680
23572,1548620
23573,1548600
23574,1548590
23575,1548540
23576,1548430
23577,1548400
23578,1548350
23579,1548320
23580,1548280
23581,1548270
23582,1548240
23583,1548190
23584,1548130
23585,1548090
23586,1548050
23587,1547970
23588,1547910
23589,1547900
23590,1547890
23591,1547860
23592,1547820
23593,1547780
23594,1547670
23595,1547630
23596,1547620
23597,1547500
23598,1547490
23599,1547470
23600,1547440
23601,1547410
23602,1547380
23603,1547350
23604,1547340
23605,1547320
23606,1547300
23607,1547290
23608,1547170
23609,1547160
23610,1547150
23611,1547110
23612,1547090
23613,1547070
23614,1547030
23615,1547000
23616,1546990
23617,1546970
23618,1546950
23619,1546940
23620,1546930
23621,1546920
23622,1546870
23623,1546860
23624,1546790
23625,1546770
23626,1546750
23627,1546710
23628,1546640
23629,1546570
23630,1546550
23631,1546500
23632,1546440
23633,1546400
23634,1546380
23635,1546370
23636,1546340
23637,1546320
23638,1546310
23639,1546280
23640,1546210
23641,1546190
23642,1546100
23643,1546090
23644,1546060
23645,1546010
23646,1545990
23647,1545850
23648,1545830
23649,1545820
23650,1545780
23651,1545710
23652,1545700
23653,1545620
23654,1545610
23655,1545600
23656,1545590
23657,1545570
23658,1545560
23659,1545450
23660,1545430
23661,1545350
23662,1545340
23663,1545290
23664,1545280
23665,1545250
23666,1545040
23667,1544890
23668,1544740
23669,1544580
23670,1544570
23671,1544540
23672,1544510
23673,1544500
23674,1544460
23675,1544430
23676,1544360
23677,1544260
23678,1544250
23679,1544150
23680,1544140
23681,1544090
23682,1544020
23683,1544000
23684,1543980
23685,1543970
23686,1543830
23687,1543790
23688,1543760
23689,1543750
23690,1543730
23691,1543710
23692,1543690
23693,1543590
23694,1543550
23695,1543520
23696,1543470
23697,1543460
23698,1543430
23699,1543380
23700,1543340
23701,1543330
23702,1543320
23703,1543290
23704,1543280
23705,1543270
23706,1543240
23707,1543210
23708,1543150
23709,1543100
23710,1543090
23711,1543080
23712,1543030
23713,1542950
23714,1542860
23715,1542850
23716,1542840
23717,1542810
23718,1542790
23719,1542760
23720,1542710
23721,1542670
23722,1542630
23723,1542550
23724,1542490
23725,1542460
23726,1542440
23727,1542390
23728,1542290
23729,1542280
23730,1542170
23731,1542140
23732,1542120
23733,1542110
23734,1542100
23735,1542060
23736,1541850
23737,1541830
23738,1541790
23739,1541710
23740,1541690
23741,1541530
23742,1541520
23743,1541420
23744,1541410
23745,1541250
23746,1541240
23747,1541220
23748,1541020
23749,1540960
23750,1540910
23751,1540840
23752,1540830
23753,1540780
23754,1540700
23755,1540680
23756,1540570
23757,1540490
23758,1540360
23759,1540350
23760,1540330
23761,1540220
23762,1540210
23763,1540150
23764,1540130
23765,1540060
23766,1540000
23767,1539810
23768,1539780
23769,1539770
23770,1539750
23771,1539680
23772,1539640
23773,1539620
23774,1539600
23775,1539580
23776,1539160
23777,1539140
23778,1539090
23779,1538970
23780,1538920
23781,1538910
23782,1538900
23783,1538850
23784,1538750
23785,1538730
23786,1538680
23787,1538670
23788,1538650
23789,1538640
23790,1538620
23791,1538610
23792,1538600
23793,1538570
23794,1538480
23795,1538460
23796,1538380
23797,1538350
23798,1538340
23799,1538260
23800,1538100
23801,1537980
23802,1537970
23803,1537960
23804,1537910
23805,1537830
23806,1537820
23807,1537800
23808,1537740
23809,1537600
23810,1537540
23811,1537480
23812,1537470
23813,1537430
23814,1537090
23815,1537080
23816,1537030
23817,1536980
23818,1536890
23819,1536870
23820,1536830
23821,1536770
23822,1536750
23823,1536730
23824,1536720
23825,1536620
23826,1536610
23827,1536600
23828,1536570
23829,1536520
23830,1536470
23831,1536420
23832,1536210
23833,1536180
23834,1536090
23835,1536080
23836,1536070
23837,1536000
23838,1535870
23839,1535780
23840,1535610
23841,1535590
23842,1535560
23843,1535500
23844,1535490
23845,1535420
23846,1535360
23847,1535290
23848,1535210
23849,1535200
23850,1535190
23851,1535100
23852,1535090
23853,1535060
23854,1534980
23855,1534930
23856,1534900
23857,1534850
23858,1534770
23859,1534700
23860,1534630
23861,1534610
23862,1534590
23863,1534550
23864,1534520
23865,1534510
23866,1534490
23867,1534340
23868,1534290
23869,1534270
23870,1534260
23871,1534200
23872,1534180
23873,1534050
23874,1533940
23875,1533870
23876,1533720
23877,1533680
23878,1533600
23879,1533590
23880,1533560
23881,1533500
23882,1533470
23883,1533430
23884,1533420
23885,1533390
23886,1533370
23887,1533300
23888,1533280
23889,1533120
23890,1533090
23891,1533080
23892,1533070
23893,1533050
23894,1532920
23895,1532830
23896,1532780
23897,1532770
23898,1532760
23899,1532710
23900,1532690
23901,1532650
23902,1532520
23903,1532510
23904,1532460
23905,1532400
23906,1532380
23907,1532360
23908,1532350
23909,1532260
23910,1532250
23911,1532200
23912,1532190
23913,1532180
23914,1532170
23915,1532150
23916,1532110
23917,1532080
23918,1531800
23919,1531790
23920,1531780
23921,1531680
23922,1531620
23923,1531610
23924,1531550
23925,1531540
23926,1531490
23927,1531340
23928,1531300
23929,1531250
23930,1531190
23931,1531140
23932,1531070
23933,1531040
23934,1531020
23935,1531010
23936,1531000
23937,1530920
23938,1530890
23939,1530860
23940,1530800
23941,1530770
23942,1530760
23943,1530750
23944,1530720
23945,1530670
23946,1530660
23947,1530650
23948,1530630
23949,1530470
23950,1530440
23951,1530370
23952,1530340
23953,1530300
23954,1530230
23955,1530160
23956,1530150
23957,1530140
23958,1529990
23959,1529860
23960,1529810
23961,1529770
23962,1529710
23963,1529570
23964,1529560
23965,1529550
23966,1529470
23967,1529430
23968,1529410
23969,1529290
23970,1529250
23971,1529240
23972,1529230
23973,1529220
23974,1529160
23975,1529140
23976,1528970
23977,1528920
23978,1528880
23979,1528860
23980,1528810
23981,1528780
23982,1528680
23983,1528590
23984,1528580
23985,1528570
23986,1528560
23987,1528550
23988,1528370
23989,1528300
23990,1528240
23991,1528220
23992,1528200
23993,1528130
23994,1528120
23995,1528110
23996,1528080
23997,1528050
23998,1528020
23999,1528010
24000,1528000
24001,1527980
24002,1527950
24003,1527930
24004,1527920
24005,1527910
24006,1527890
24007,1527880
24008,1527830
24009,1527780
24010,1527670
24011,1527630
24012,1527620
24013,1527520
24014,1527510
24015,1527500
24016,1527460
24017,1527380
24018,1527270
24019,1527260
24020,1527140
24021,1527090
24022,1527080
24023,1527060
24024,1526930
24025,1526920
24026,1526870
24027,1526820
24028,1526790
24029,1526780
24030,1526750
24031,1526700
24032,1526680
24033,1526600
24034,1526490
24035,1526430
24036,1526380
24037,1526370
24038,1526350
24039,1526340
24040,1526330
24041,1526260
24042,1526230
24043,1526180
24044,1526120
24045,1526090
24046,1526080
24047,1525970
24048,1525900
24049,1525890
24050,1525810
24051,1525770
24052,1525760
24053,1525700
24054,1525660
24055,1525650
24056,1525620
24057,1525600
24058,1525580
24059,1525490
24060,1525460
24061,1525440
24062,1525420
24063,1525410
24064,1525330
24065,1525320
24066,1525190
24067,1525060
24068,1525050
24069,1525040
24070,1524930
24071,1524810
24072,1524790
24073,1524750
24074,1524710
24075,1524690
24076,1524650
24077,1524630
24078,1524550
24079,1524530
24080,1524470
24081,1524400
24082,1524380
24083,1524350
24084,1524340
24085,1524250
24086,1524230
24087,1524110
24088,1524020
24089,1523990
24090,1523900
24091,1523800
24092,1523790
24093,1523750
24094,1523720
24095,1523680
24096,1523670
24097,1523650
24098,1523510
24099,1523440
24100,1523400
24101,1523390
24102,1523370
24103,1523360
24104,1523350
24105,1523260
24106,1523170
24107,1523150
24108,1523100
24109,1523010
24110,1522960
24111,1522950
24112,1522930
24113,1522870
24114,1522850
24115,1522820
24116,1522770
24117,1522710
24118,1522660
24119,1522630
24120,1522560
24121,1522540
24122,1522530
24123,1522470
24124,1522320
24125,1522280
24126,1522260
24127,1522230
24128,1522190
24129,1522180
24130,1522160
24131,1522140
24132,1522080
24133,1521970
24134,1521930
24135,1521920
24136,1521890
24137,1521870
24138,1521810
24139,1521770
24140,1521690
24141,1521670
24142,1521600
24143,1521580
24144,1521520
24145,1521490
24146,1521190
24147,1521160
24148,1521110
24149,1521100
24150,1521070
24151,1521040
24152,1520900
24153,1520850
24154,1520840
24155,1520810
24156,1520760
24157,1520710
24158,1520680
24159,1520610
24160,1520510
24161,1520500
24162,1520470
24163,1520420
24164,1520380
24165,1520370
24166,1520330
24167,1520310
24168,1520280
24169,1520270
24170,1520250
24171,1520170
24172,1520120
24173,1520110
24174,1520090
24175,1520060
24176,1519900
24177,1519890
24178,1519820
24179,1519800
24180,1519790
24181,1519780
24182,1519770
24183,1519710
24184,1519690
24185,1519660
24186,1519640
24187,1519590
24188,1519560
24189,1519550
24190,1519490
24191,1519470
24192,1519380
24193,1519350
24194,1519340
24195,1519240
24196,1519190
24197,1519140
24198,1519130
24199,1519110
24200,1519090
24201,1519070
24202,1519060
24203,1519050
24204,1519040
24205,1519020
24206,1519010
24207,1518970
24208,1518950
24209,1518940
24210,1518820
24211,1518810
24212,1518770
24213,1518690
24214,1518640
24215,1518630
24216,1518440
24217,1518430
24218,1518360
24219,1518350
24220,1518300
24221,1518220
24222,1518200
24223,1518190
24224,1518140
24225,1518090
24226,1518020
24227,1518000
24228,1517970
24229,1517960
24230,1517930
24231,1517890
24232,1517850
24233,1517830
24234,1517810
24235,1517530
24236,1517520
24237,1517490
24238,1517470
24239,1517390
24240,1517350
24241,1517340
24242,1517320
24243,1517290
24244,1517240
24245,1517230
24246,1517160
24247,1517150
24248,1516960
24249,1516950
24250,1516940
24251,1516900
24252,1516820
24253,1516760
24254,1516750
24255,1516680
24256,1516550
24257,1516490
24258,1516440
24259,1516400
24260,1516350
24261,1516340
24262,1516330
24263,1516320
24264,1516240
24265,1516190
24266,1516080
24267,1516050
24268,1515990
24269,1515980
24270,1515950
24271,1515900
24272,1515890
24273,1515870
24274,1515830
24275,1515820
24276,1515800
24277,1515740
24278,1515710
24279,1515640
24280,1515580
24281,1515570
24282,1515490
24283,1515470
24284,1515460
24285,1515450
24286,1515420
24287,1515400
24288,1515320
24289,1515290
24290,1515280
24291,1515260
24292,1515230
24293,1515210
24294,1515200
24295,1515140
24296,1515040
24297,1515020
24298,1514950
24299,1514930
24300,1514900
24301,1514880
24302,1514840
24303,1514780
24304,1514690
24305,1514660
24306,1514650
24307,1514640
24308,1514620
24309,1514610
24310,1514480
24311,1514460
24312,1514380
24313,1514370
24314,1514360
24315,1514300
24316,1514190
24317,1514100
24318,1514070
24319,1514030
24320,1514000
24321,1513950
24322,1513910
24323,1513860
24324,1513840
24325,1513740
24326,1513680
24327,1513670
24328,1513580
24329,1513530
24330,1513510
24331,1513500
24332,1513480
24333,1513460
24334,1513450
24335,1513420
24336,1513310
24337,1513300
24338,1513250
24339,1513180
24340,1513130
24341,1513120
24342,1513110
24343,1512960
24344,1512940
24345,1512860
24346,1512840
24347,1512830
24348,1512790
24349,1512750
24350,1512720
24351,1512710
24352,1512590
24353,1512570
24354,1512530
24355,1512480
24356,1512470
24357,1512390
24358,1512320
24359,1512300
24360,1512280
24361,1512240
24362,1512210
24363,1512200
24364,1512070
24365,1512050
24366,1511970
24367,1511950
24368,1511870
24369,1511860
24370,1511850
24371,1511830
24372,1511780
24373,1511690
24374,1511670
24375,1511650
24376,1511630
24377,1511490
24378,1511460
24379,1511450
24380,1511410
24381,1511360
24382,1511330
24383,1511310
24384,1511270
24385,1511240
24386,1511190
24387,1511140
24388,1511090
24389,1511040
24390,1510950
24391,1510930
24392,1510890
24393,1510880
24394,1510860
24395,1510800
24396,1510730
24397,1510670
24398,1510630
24399,1510620
24400,1510600
24401,1510580
24402,1510570
24403,1510460
24404,1510410
24405,1510380
24406,1510370
24407,1510280
24408,1510100
24409,1510090
24410,1510070
24411,1510030
24412,1509960
24413,1509950
24414,1509850
24415,1509840
24416,1509830
24417,1509820
24418,1509810
24419,1509790
24420,1509780
24421,1509750
24422,1509720
24423,1509650
24424,1509640
24425,1509590
24426,1509520
24427,1509510
24428,1509460
24429,1509450
24430,1509420
24431,1509400
24432,1509360
24433,1509230
24434,1509220
24435,1509110
24436,1509090
24437,1509080
24438,1509050
24439,1509040
24440,1509000
24441,1508980
24442,1508960
24443,1508950
24444,1508920
24445,1508900
24446,1508890
24447,1508750
24448,1508740
24449,1508730
24450,1508680
24451,1508670
24452,1508660
24453,1508650
24454,1508640
24455,1508630
24456,1508620
24457,1508570
24458,1508530
24459,1508490
24460,1508460
24461,1508430
24462,1508400
24463,1508360
24464,1508280
24465,1508270
24466,1508260
24467,1508200
24468,1508170
24469,1508030
24470,1508000
24471,1507990
24472,1507970
24473,1507950
24474,1507910
24475,1507860
24476,1507850
24477,1507800
24478,1507790
24479,1507780
24480,1507760
24481,1507740
24482,1507720
24483,1507650
24484,1507640
24485,1507630
24486,1507620
24487,1507600
24488,1507530
24489,1507490
24490,1507420
24491,1507410
24492,1507400
24493,1507390
24494,1507220
24495,1507190
24496,1507180
24497,1507110
24498,1506980
24499,1506970
24500,1506940
24501,1506900
24502,1506850
24503,1506830
24504,1506820
24505,1506810
24506,1506770
24507,1506760
24508,1506720
24509,1506710
24510,1506680
24511,1506660
24512,1506640
24513,1506630
24514,1506620
24515,1506610
24516,1506600
24517,1506520
24518,1506510
24519,1506450
24520,1506440
24521,1506430
24522,1506420
24523,1506410
24524,1506300
24525,1506280
24526,1506260
24527,1506250
24528,1506230
24529,1506100
24530,1506080
24531,1505980
24532,1505910
24533,1505770
24534,1505700
24535,1505680
24536,1505620
24537,1505600
24538,1505560
24539,1505540
24540,1505470
24541,1505460
24542,1505450
24543,1505440
24544,1505430
24545,1505420
24546,1505400
24547,1505390
24548,1505380
24549,1505010
24550,1504910
24551,1504840
24552,1504760
24553,1504740
24554,1504670
24555,1504660
24556,1504570
24557,1504550
24558,1504500
24559,1504490
24560,1504460
24561,1504360
24562,1504340
24563,1504310
24564,1504270
24565,1504260
24566,1504250
24567,1504220
24568,1504150
24569,1504110
24570,1504100
24571,1504090
24572,1504030
24573,1504020
24574,1503990
24575,1503930
24576,1503920
24577,1503850
24578,1503820
24579,1503790
24580,1503670
24581,1503630
24582,1503590
24583,1503580
24584,1503540
24585,1503530
24586,1503440
24587,1503430
24588,1503390
24589,1503370
24590,1503280
24591,1503250
24592,1503180
24593,1503040
24594,1502990
24595,1502980
24596,1502970
24597,1502950
24598,1502920
24599,1502800
24600,1502790
24601,1502770
24602,1502760
24603,1502730
24604,1502710
24605,1502680
24606,1502660
24607,1502630
24608,1502620
24609,1502600
24610,1502560
24611,1502540
24612,1502520
24613,1502480
24614,1502410
24615,1502380
24616,1502260
24617,1502240
24618,1502230
24619,1502190
24620,1502180
24621,1502160
24622,1502120
24623,1502110
24624,1502080
24625,1502070
24626,1502060
24627,1502040
24628,1502010
24629,1501970
24630,1501920
24631,1501900
24632,1501820
24633,1501800
24634,1501780
24635,1501750
24636,1501720
24637,1501690
24638,1501650
24639,1501610
24640,1501490
24641,1501480
24642,1501420
24643,1501410
24644,1501390
24645,1501320
24646,1501210
24647,1501160
24648,1501150
24649,1501140
24650,1501120
24651,1501100
24652,1500980
24653,1500970
24654,1500940
24655,1500820
24656,1500800
24657,1500750
24658,1500740
24659,1500650
24660,1500600
24661,1500540
24662,1500490
24663,1500470
24664,1500390
24665,1500380
24666,1500350
24667,1500320
24668,1500300
24669,1500290
24670,1500260
24671,1500240
24672,1500220
24673,1500180
24674,1500130
24675,1500120
24676,1500110
24677,1500100
24678,1499990
24679,1499930
24680,1499890
24681,1499800
24682,1499770
24683,1499750
24684,1499720
24685,1499700
24686,1499690
24687,1499680
24688,1499660
24689,1499640
24690,1499540
24691,1499520
24692,1499430
24693,1499300
24694,1499240
24695,1499220
24696,1499210
24697,1499190
24698,1499180
24699,1499140
24700,1499120
24701,1498940
24702,1498900
24703,1498740
24704,1498680
24705,1498630
24706,1498600
24707,1498590
24708,1498570
24709,1498490
24710,1498450
24711,1498310
24712,1498290
24713,1498280
24714,1498250
24715,1498220
24716,1498140
24717,1498120
24718,1498110
24719,1498050
24720,1497950
24721,1497940
24722,1497850
24723,1497820
24724,1497790
24725,1497780
24726,1497710
24727,1497700
24728,1497650
24729,1497640
24730,1497630
24731,1497600
24732,1497590
24733,1497520
24734,1497510
24735,1497450
24736,1497440
24737,1497360
24738,1497330
24739,1497250
24740,1497230
24741,1497180
24742,1497130
24743,1497120
24744,1497110
24745,1497080
24746,1497000
24747,1496990
24748,1496930
24749,1496790
24750,1496680
24751,1496640
24752,1496620
24753,1496590
24754,1496380
24755,1496320
24756,1496310
24757,1496250
24758,1496240
24759,1496180
24760,1496150
24761,1495990
24762,1495940
24763,1495920
24764,1495910
24765,1495870
24766,1495860
24767,1495830
24768,1495780
24769,1495670
24770,1495640
24771,1495580
24772,1495570
24773,1495510
24774,1495460
24775,1495420
24776,1495380
24777,1495350
24778,1495320
24779,1495250
24780,1495140
24781,1495130
24782,1495080
24783,1495070
24784,1495050
24785,1495000
24786,1494990
24787,1494960
24788,1494920
24789,1494910
24790,1494840
24791,1494810
24792,1494720
24793,1494680
24794,1494670
24795,1494650
24796,1494560
24797,1494500
24798,1494470
24799,1494460
24800,1494450
24801,1494440
24802,1494420
24803,1494400
24804,1494390
24805,1494370
24806,1494310
24807,1494280
24808,1494260
24809,1494220
24810,1494190
24811,1494180
24812,1494140
24813,1494110
24814,1493970
24815,1493960
24816,1493940
24817,1493910
24818,1493880
24819,1493840
24820,1493810
24821,1493800
24822,1493760
24823,1493750
24824,1493730
24825,1493720
24826,1493640
24827,1493560
24828,1493520
24829,1493460
24830,1493450
24831,1493410
24832,1493400
24833,1493360
24834,1493310
24835,1493300
24836,1493240
24837,1493230
24838,1493160
24839,1493060
24840,1493020
24841,1492990
24842,1492980
24843,1492930
24844,1492900
24845,1492870
24846,1492860
24847,1492750
24848,1492730
24849,1492720
24850,1492680
24851,1492650
24852,1492640
24853,1492620
24854,1492610
24855,1492570
24856,1492510
24857,1492480
24858,1492450
24859,1492430
24860,1492420
24861,1492380
24862,1492360
24863,1492350
24864,1492330
24865,1492320
24866,1492310
24867,1492290
24868,1492250
24869,1492230
24870,1492210
24871,1492200
24872,1492160
24873,1492150
24874,1492140
24875,1492120
24876,1492080
24877,1492070
24878,1492000
24879,1491980
24880,1491960
24881,1491950
24882,1491910
24883,1491790
24884,1491780
24885,1491770
24886,1491720
24887,1491680
24888,1491670
24889,1491650
24890,1491640
24891,1491550
24892,1491530
24893,1491510
24894,1491490
24895,1491460
24896,1491400
24897,1491390
24898,1491340
24899,1491280
24900,1491200
24901,1491170
24902,1491150
24903,1491120
24904,1491090
24905,1491040
24906,1491000
24907,1490980
24908,1490970
24909,1490910
24910,1490900
24911,1490890
24912,1490870
24913,1490860
24914,1490850
24915,1490840
24916,1490790
24917,1490680
24918,1490620
24919,1490610
24920,1490590
24921,1490490
24922,1490460
24923,1490410
24924,1490400
24925,1490340
24926,1490310
24927,1490250
24928,1490190
24929,1490180
24930,1490130
24931,1490060
24932,1489970
24933,1489880
24934,1489850
24935,1489840
24936,1489830
24937,1489810
24938,1489680
24939,1489660
24940,1489630
24941,1489610
24942,1489600
24943,1489590
24944,1489500
24945,1489490
24946,1489480
24947,1489470
24948,1489410
24949,1489400
24950,1489390
24951,1489380
24952,1489330
24953,1489310
24954,1489300
24955,1489290
24956,1489280
24957,1489170
24958,1489150
24959,1489130
24960,1489120
24961,1489110
24962,1489010
24963,1489000
24964,1488860
24965,1488820
24966,1488810
24967,1488750
24968,1488740
24969,1488670
24970,1488650
24971,1488640
24972,1488620
24973,1488560
24974,1488540
24975,1488510
24976,1488430
24977,1488230
24978,1488200
24979,1488100
24980,1488080
24981,1487940
24982,1487900
24983,1487870
24984,1487840
24985,1487800
24986,1487780
24987,1487680
24988,1487630
24989,1487590
24990,1487560
24991,1487470
24992,1487460
24993,1487450
24994,1487440
24995,1487430
24996,1487420
24997,1487410
24998,1487390
24999,1487360
25000,1487320
25001,1487270
25002,1487210
25003,1487120
25004,1487100
25005,1487030
25006,1486950
25007,1486890
25008,1486870
25009,1486840
25010,1486800
25011,1486790
25012,1486750
25013,1486690
25014,1486670
25015,1486660
25016,1486630
25017,1486620
25018,1486520
25019,1486440
25020,1486350
25021,1486330
25022,1486280
25023,1486270
25024,1486140
25025,1486120
25026,1486080
25027,1486060
25028,1486050
25029,1486030
25030,1485900
25031,1485870
25032,1485690
25033,1485650
25034,1485630
25035,1485600
25036,1485590
25037,1485580
25038,1485450
25039,1485370
25040,1485350
25041,1485340
25042,1485280
25043,1485260
25044,1485250
25045,1485240
25046,1485210
25047,1485190
25048,1485140
25049,1485120
25050,1485100
25051,1485080
25052,1485070
25053,1485050
25054,1485010
25055,1484960
25056,1484940
25057,1484900
25058,1484800
25059,1484760
25060,1484730
25061,1484720
25062,1484620
25063,1484600
25064,1484580
25065,1484560
25066,1484490
25067,1484340
25068,1484320
25069,1484280
25070,1484250
25071,1484180
25072,1484130
25073,1484050
25074,1483980
25075,1483970
25076,1483940
25077,1483890
25078,1483870
25079,1483800
25080,1483780
25081,1483610
25082,1483600
25083,1483580
25084,1483570
25085,1483470
25086,1483430
25087,1483370
25088,1483350
25089,1483330
25090,1483320
25091,1483310
25092,1483300
25093,1483130
25094,1483110
25095,1483100
25096,1483090
25097,1483060
25098,1483040
25099,1483010
25100,1482970
25101,1482940
25102,1482920
25103,1482910
25104,1482880
25105,1482870
25106,1482860
25107,1482840
25108,1482830
25109,1482820
25110,1482800
25111,1482770
25112,1482750
25113,1482720
25114,1482700
25115,1482640
25116,1482620
25117,1482610
25118,1482580
25119,1482530
25120,1482520
25121,1482490
25122,1482450
25123,1482430
25124,1482380
25125,1482340
25126,1482330
25127,1482320
25128,1482150
25129,1482130
25130,1482060
25131,1482050
25132,1482000
25133,1481970
25134,1481930
25135,1481910
25136,1481840
25137,1481810
25138,1481780
25139,1481720
25140,1481700
25141,1481680
25142,1481630
25143,1481580
25144,1481550
25145,1481440
25146,1481400
25147,1481340
25148,1481210
25149,1481140
25150,1481120
25151,1481080
25152,1481060
25153,1481020
25154,1481000
25155,1480960
25156,1480930
25157,1480910
25158,1480870
25159,1480830
25160,1480810
25161,1480740
25162,1480650
25163,1480630
25164,1480560
25165,1480540
25166,1480520
25167,1480480
25168,1480440
25169,1480410
25170,1480400
25171,1480370
25172,1480140
25173,1480120
25174,1480050
25175,1480040
25176,1480030
25177,1480010
25178,1479990
25179,1479980
25180,1479960
25181,1479940
25182,1479890
25183,1479880
25184,1479850
25185,1479840
25186,1479810
25187,1479610
25188,1479540
25189,1479530
25190,1479500
25191,1479480
25192,1479470
25193,1479460
25194,1479400
25195,1479390
25196,1479370
25197,1479340
25198,1479310
25199,1479300
25200,1479280
25201,1479140
25202,1479030
25203,1479020
25204,1478970
25205,1478930
25206,1478880
25207,1478860
25208,1478850
25209,1478830
25210,1478670
25211,1478650
25212,1478620
25213,1478600
25214,1478590
25215,1478470
25216,1478440
25217,1478420
25218,1478410
25219,1478350
25220,1478340
25221,1478320
25222,1478310
25223,1478240
25224,1478220
25225,1478210
25226,1478180
25227,1478160
25228,1478070
25229,1478050
25230,1478030
25231,1477980
25232,1477950
25233,1477940
25234,1477920
25235,1477900
25236,1477890
25237,1477880
25238,1477870
25239,1477830
25240,1477810
25241,1477790
25242,1477770
25243,1477700
25244,1477650
25245,1477610
25246,1477590
25247,1477570
25248,1477460
25249,1477330
25250,1477170
25251,1477130
25252,1477070
25253,1477060
25254,1477050
25255,1477020
25256,1477010
25257,1476970
25258,1476940
25259,1476920
25260,1476830
25261,1476800
25262,1476760
25263,1476690
25264,1476680
25265,1476520
25266,1476450
25267,1476430
25268,1476420
25269,1476350
25270,1476340
25271,1476330
25272,1476230
25273,1476170
25274,1476100
25275,1476080
25276,1475970
25277,1475960
25278,1475890
25279,1475850
25280,1475840
25281,1475810
25282,1475780
25283,1475740
25284,1475650
25285,1475460
25286,1475440
25287,1475430
25288,1475420
25289,1475400
25290,1475380
25291,1475350
25292,1475330
25293,1475260
25294,1475200
25295,1475180
25296,1475170
25297,1475160
25298,1475150
25299,1475140
25300,1475080
25301,1474990
25302,1474930
25303,1474900
25304,1474880
25305,1474860
25306,1474850
25307,1474770
25308,1474740
25309,1474700
25310,1474580
25311,1474550
25312,1474440
25313,1474390
25314,1474300
25315,1474220
25316,1474200
25317,1474160
25318,1474130
25319,1474120
25320,1474100
25321,1474090
25322,1474000
25323,1473940
25324,1473930
25325,1473920
25326,1473880
25327,1473870
25328,1473840
25329,1473820
25330,1473760
25331,1473740
25332,1473660
25333,1473630
25334,1473550
25335,1473420
25336,1473350
25337,1473290
25338,1473270
25339,1473250
25340,1473220
25341,1473170
25342,1473050
25343,1473030
25344,1473000
25345,1472960
25346,1472950
25347,1472930
25348,1472740
25349,1472660
25350,1472640
25351,1472620
25352,1472600
25353,1472560
25354,1472550
25355,1472540
25356,1472320
25357,1472260
25358,1472250
25359,1472220
25360,1472160
25361,1472130
25362,1472110
25363,1472070
25364,1472060
25365,1472040
25366,1471980
25367,1471960
25368,1471940
25369,1471910
25370,1471700
25371,1471680
25372,1471630
25373,1471610
25374,1471570
25375,1471530
25376,1471490
25377,1471470
25378,1471410
25379,1471270
25380,1471250
25381,1471210
25382,1471200
25383,1471190
25384,1471180
25385,1471080
25386,1471040
25387,1470970
25388,1470940
25389,1470930
25390,1470920
25391,1470860
25392,1470790
25393,1470750
25394,1470730
25395,1470720
25396,1470670
25397,1470590
25398,1470550
25399,1470480
25400,1470430
25401,1470420
25402,1470390
25403,1470380
25404,1470320
25405,1470310
25406,1470280
25407,1470270
25408,1470220
25409,1470150
25410,1470120
25411,1470110
25412,1470060
25413,1470030
25414,1470020
25415,1470010
25416,1469960
25417,1469910
25418,1469850
25419,1469800
25420,1469690
25421,1469620
25422,1469610
25423,1469550
25424,1469540
25425,1469490
25426,1469460
25427,1469430
25428,1469370
25429,1469350
25430,1469340
25431,1469310
25432,1469300
25433,1469280
25434,1469260
25435,1469220
25436,1469170
25437,1469160
25438,1469120
25439,1469110
25440,1469050
25441,1469000
25442,1468960
25443,1468810
25444,1468800
25445,1468720
25446,1468680
25447,1468510
25448,1468430
25449,1468420
25450,1468380
25451,1468280
25452,1468260
25453,1468250
25454,1468240
25455,1468220
25456,1468180
25457,1468160
25458,1468060
25459,1468040
25460,1468000
25461,1467920
25462,1467870
25463,1467830
25464,1467810
25465,1467740
25466,1467670
25467,1467620
25468,1467590
25469,1467410
25470,1467390
25471,1467340
25472,1467260
25473,1467130
25474,1467070
25475,1467060
25476,1467020
25477,1466860
25478,1466750
25479,1466690
25480,1466680
25481,1466640
25482,1466610
25483,1466580
25484,1466450
25485,1466430
25486,1466400
25487,1466350
25488,1466290
25489,1466260
25490,1466230
25491,1466190
25492,1466180
25493,1466100
25494,1466090
25495,1466060
25496,1466010
25497,1465950
25498,1465890
25499,1465860
25500,1465710
25501,1465640
25502,1465610
25503,1465560
25504,1465550
25505,1465510
25506,1465500
25507,1465470
25508,1465460
25509,1465440
25510,1465410
25511,1465390
25512,1465380
25513,1465370
25514,1465360
25515,1465330
25516,1465260
25517,1465210
25518,1465200
25519,1465190
25520,1465170
25521,1465070
25522,1465050
25523,1465040
25524,1464930
25525,1464910
25526,1464850
25527,1464730
25528,1464650
25529,1464620
25530,1464610
25531,1464550
25532,1464500
25533,1464480
25534,1464410
25535,1464400
25536,1464380
25537,1464350
25538,1464320
25539,1464290
25540,1464220
25541,1464200
25542,1464190
25543,1464170
25544,1464100
25545,1464010
25546,1464000
25547,1463920
25548,1463900
25549,1463890
25550,1463870
25551,1463840
25552,1463830
25553,1463780
25554,1463760
25555,1463730
25556,1463530
25557,1463510
25558,1463470
25559,1463450
25560,1463420
25561,1463170
25562,1463140
25563,1463130
25564,1463120
25565,1463080
25566,1463030
25567,1463010
25568,1462970
25569,1462910
25570,1462860
25571,1462810
25572,1462790
25573,1462780
25574,1462760
25575,1462740
25576,1462730
25577,1462720
25578,1462700
25579,1462650
25580,1462640
25581,1462620
25582,1462580
25583,1462570
25584,1462550
25585,1462520
25586,1462490
25587,1462470
25588,1462430
25589,1462420
25590,1462220
25591,1462210
25592,1462190
25593,1462060
25594,1462040
25595,1461990
25596,1461960
25597,1461930
25598,1461920
25599,1461810
25600,1461800
25601,1461770
25602,1461740
25603,1461710
25604,1461680
25605,1461630
25606,1461600
25607,1461540
25608,1461500
25609,1461490
25610,1461420
25611,1461370
25612,1461360
25613,1461220
25614,1461200
25615,1461140
25616,1461130
25617,1461110
25618,1461100
25619,1461060
25620,1461040
25621,1461030
25622,1460870
25623,1460830
25624,1460750
25625,1460700
25626,1460670
25627,1460650
25628,1460610
25629,1460550
25630,1460540
25631,1460510
25632,1460490
25633,1460440
25634,1460310
25635,1460300
25636,1460290
25637,1460250
25638,1460230
25639,1460220
25640,1460200
25641,1460120
25642,1460090
25643,1460070
25644,1460050
25645,1460040
25646,1459960
25647,1459930
25648,1459910
25649,1459870
25650,1459810
25651,1459720
25652,1459710
25653,1459660
25654,1459570
25655,1459560
25656,1459540
25657,1459500
25658,1459410
25659,1459360
25660,1459300
25661,1459170
25662,1459160
25663,1459070
25664,1459010
25665,1458980
25666,1458960
25667,1458930
25668,1458920
25669,1458900
25670,1458810
25671,1458690
25672,1458680
25673,1458620
25674,1458590
25675,1458560
25676,1458530
25677,1458460
25678,1458420
25679,1458390
25680,1458350
25681,1458340
25682,1458300
25683,1458140
25684,1458100
25685,1458090
25686,1458000
25687,1457990
25688,1457980
25689,1457930
25690,1457840
25691,1457790
25692,1457740
25693,1457730
25694,1457710
25695,1457690
25696,1457660
25697,1457650
25698,1457640
25699,1457630
25700,1457620
25701,1457580
25702,1457570
25703,1457550
25704,1457540
25705,1457520
25706,1457510
25707,1457490
25708,1457480
25709,1457430
25710,1457370
25711,1457330
25712,1457320
25713,1457220
25714,1457140
25715,1457080
25716,1457070
25717,1457030
25718,1457020
25719,1456940
25720,1456880
25721,1456820
25722,1456810
25723,1456760
25724,1456650
25725,1456630
25726,1456470
25727,1456340
25728,1456290
25729,1456280
25730,1456230
25731,1456220
25732,1456200
25733,1456060
25734,1456020
25735,1456000
25736,1455920
25737,1455910
25738,1455900
25739,1455850
25740,1455840
25741,1455780
25742,1455760
25743,1455680
25744,1455650
25745,1455630
25746,1455590
25747,1455560
25748,1455510
25749,1455450
25750,1455430
25751,1455390
25752,1455380
25753,1455360
25754,1455300
25755,1455230
25756,1455220
25757,1455130
25758,1455120
25759,1455090
25760,1455070
25761,1455060
25762,1455040
25763,1454970
25764,1454960
25765,1454730
25766,1454700
25767,1454690
25768,1454650
25769,1454640
25770,1454600
25771,1454580
25772,1454550
25773,1454540
25774,1454500
25775,1454430
25776,1454410
25777,1454400
25778,1454390
25779,1454160
25780,1454140
25781,1454100
25782,1454090
25783,1454080
25784,1454060
25785,1454050
25786,1454010
25787,1454000
25788,1453990
25789,1453940
25790,1453920
25791,1453900
25792,1453870
25793,1453850
25794,1453840
25795,1453790
25796,1453710
25797,1453670
25798,1453640
25799,1453600
25800,1453490
25801,1453460
25802,1453450
25803,1453440
25804,1453430
25805,1453400
25806,1453250
25807,1453230
25808,1453220
25809,1453140
25810,1453080
25811,1453030
25812,1453010
25813,1452990
25814,1452950
25815,1452910
25816,1452900
25817,1452870
25818,1452850
25819,1452830
25820,1452790
25821,1452770
25822,1452700
25823,1452670
25824,1452630
25825,1452540
25826,1452500
25827,1452410
25828,1452360
25829,1452280
25830,1452260
25831,1452220
25832,1452210
25833,1452200
25834,1452130
25835,1452070
25836,1452020
25837,1452000
25838,1451970
25839,1451950
25840,1451940
25841,1451890
25842,1451880
25843,1451870
25844,1451830
25845,1451810
25846,1451800
25847,1451760
25848,1451740
25849,1451720
25850,1451680
25851,1451650
25852,1451570
25853,1451560
25854,1451540
25855,1451490
25856,1451480
25857,1451470
25858,1451410
25859,1451360
25860,1451230
25861,1451200
25862,1451190
25863,1451160
25864,1451120
25865,1451110
25866,1451090
25867,1451080
25868,1451030
25869,1450900
25870,1450830
25871,1450800
25872,1450760
25873,1450750
25874,1450650
25875,1450530
25876,1450330
25877,1450310
25878,1450300
25879,1450280
25880,1450270
25881,1450250
25882,1450180
25883,1450170
25884,1450150
25885,1450120
25886,1450100
25887,1450090
25888,1450080
25889,1450060
25890,1450050
25891,1449920
25892,1449850
25893,1449780
25894,1449750
25895,1449690
25896,1449670
25897,1449650
25898,1449630
25899,1449570
25900,1449550
25901,1449510
25902,1449500
25903,1449480
25904,1449430
25905,1449420
25906,1449380
25907,1449370
25908,1449330
25909,1449320
25910,1449280
25911,1449250
25912,1449230
25913,1449200
25914,1449100
25915,1449070
25916,1449000
25917,1448990
25918,1448970
25919,1448940
25920,1448880
25921,1448840
25922,1448820
25923,1448800
25924,1448780
25925,1448760
25926,1448750
25927,1448650
25928,1448610
25929,1448600
25930,1448530
25931,1448520
25932,1448440
25933,1448350
25934,1448330
25935,1448310
25936,1448290
25937,1448260
25938,1448230
25939,1448220
25940,1448090
25941,1448030
25942,1448000
25943,1447920
25944,1447900
25945,1447870
25946,1447830
25947,1447730
25948,1447640
25949,1447600
25950,1447580
25951,1447570
25952,1447540
25953,1447490
25954,1447470
25955,1447430
25956,1447410
25957,1447400
25958,1447350
25959,1447310
25960,1447290
25961,1447090
25962,1447080
25963,1447070
25964,1447060
25965,1447050
25966,1447000
25967,1446980
25968,1446950
25969,1446930
25970,1446850
25971,1446780
25972,1446720
25973,1446690
25974,1446670
25975,1446650
25976,1446480
25977,1446470
25978,1446450
25979,1446420
25980,1446370
25981,1446350
25982,1446330
25983,1446320
25984,1446280
25985,1446230
25986,1446160
25987,1446100
25988,1446090
25989,1446000
25990,1445980
25991,1445810
25992,1445790
25993,1445740
25994,1445720
25995,1445700
25996,1445580
25997,1445440
25998,1445400
25999,1445370
26000,1445310
26001,1445260
26002,1445240
26003,1445120
26004,1445040
26005,1445010
26006,1444920
26007,1444890
26008,1444860
26009,1444780
26010,1444770
26011,1444750
26012,1444740
26013,1444730
26014,1444710
26015,1444670
26016,1444650
26017,1444620
26018,1444570
26019,1444550
26020,1444480
26021,1444430
26022,1444420
26023,1444410
26024,1444360
26025,1444350
26026,1444320
26027,1444300
26028,1444190
26029,1444170
26030,1444150
26031,1444110
26032,1444090
26033,1444020
26034,1443950
26035,1443900
26036,1443850
26037,1443820
26038,1443680
26039,1443630
26040,1443600
26041,1443490
26042,1443470
26043,1443440
26044,1443430
26045,1443370
26046,1443360
26047,1443330
26048,1443300
26049,1443260
26050,1443200
26051,1443100
26052,1442840
26053,1442820
26054,1442750
26055,1442670
26056,1442650
26057,1442590
26058,1442480
26059,1442460
26060,1442450
26061,1442430
26062,1442410
26063,1442390
26064,1442380
26065,1442360
26066,1442350
26067,1442300
26068,1442240
26069,1442170
26070,1442160
26071,1442150
26072,1442070
26073,1442040
26074,1441840
26075,1441790
26076,1441770
26077,1441740
26078,1441680
26079,1441670
26080,1441590
26081,1441570
26082,1441550
26083,1441430
26084,1441400
26085,1441300
26086,1441240
26087,1441230
26088,1441180
26089,1441090
26090,1440940
26091,1440890
26092,1440870
26093,1440850
26094,1440840
26095,1440810
26096,1440780
26097,1440750
26098,1440670
26099,1440530
26100,1440510
26101,1440500
26102,1440470
26103,1440450
26104,1440440
26105,1440360
26106,1440350
26107,1440290
26108,1440280
26109,1440240
26110,1440150
26111,1440130
26112,1440050
26113,1440020
26114,1440010
26115,1439970
26116,1439930
26117,1439840
26118,1439800
26119,1439750
26120,1439710
26121,1439700
26122,1439630
26123,1439460
26124,1439340
26125,1439310
26126,1439300
26127,1439220
26128,1439180
26129,1439170
26130,1439070
26131,1439040
26132,1439030
26133,1438940
26134,1438870
26135,1438850
26136,1438760
26137,1438700
26138,1438480
26139,1438440
26140,1438260
26141,1438190
26142,1438110
26143,1438100
26144,1438090
26145,1438060
26146,1437980
26147,1437940
26148,1437880
26149,1437870
26150,1437860
26151,1437850
26152,1437840
26153,1437830
26154,1437820
26155,1437750
26156,1437720
26157,1437700
26158,1437680
26159,1437650
26160,1437550
26161,1437500
26162,1437430
26163,1437420
26164,1437410
26165,1437400
26166,1437340
26167,1437280
26168,1437270
26169,1437120
26170,1437050
26171,1437040
26172,1437030
26173,1436990
26174,1436930
26175,1436920
26176,1436870
26177,1436810
26178,1436700
26179,1436680
26180,1436600
26181,1436590
26182,1436570
26183,1436490
26184,1436410
26185,1436390
26186,1436240
26187,1436220
26188,1436210
26189,1436000
26190,1435980
26191,1435970
26192,1435960
26193,1435840
26194,1435790
26195,1435780
26196,1435750
26197,1435700
26198,1435670
26199,1435660
26200,1435480
26201,1435470
26202,1435310
26203,1435160
26204,1435090
26205,1435020
26206,1435010
26207,1434950
26208,1434940
26209,1434910
26210,1434900
26211,1434890
26212,1434880
26213,1434760
26214,1434720
26215,1434650
26216,1434620
26217,1434540
26218,1434510
26219,1434490
26220,1434480
26221,1434350
26222,1434340
26223,1434330
26224,1434320
26225,1434310
26226,1434260
26227,1434200
26228,1434000
26229,1433990
26230,1433980
26231,1433970
26232,1433950
26233,1433940
26234,1433900
26235,1433890
26236,1433870
26237,1433860
26238,1433830
26239,1433770
26240,1433570
26241,1433550
26242,1433500
26243,1433480
26244,1433470
26245,1433430
26246,1433420
26247,1433340
26248,1433320
26249,1433210
26250,1433190
26251,1433140
26252,1433120
26253,1433090
26254,1433070
26255,1433030
26256,1433010
26257,1433000
26258,1432980
26259,1432970
26260,1432960
26261,1432930
26262,1432910
26263,1432890
26264,1432860
26265,1432850
26266,1432760
26267,1432750
26268,1432710
26269,1432680
26270,1432670
26271,1432650
26272,1432620
26273,1432610
26274,1432560
26275,1432500
26276,1432480
26277,1432390
26278,1432380
26279,1432350
26280,1432330
26281,1432320
26282,1432260
26283,1432220
26284,1432200
26285,1432100
26286,1432050
26287,1431950
26288,1431940
26289,1431850
26290,1431840
26291,1431780
26292,1431770
26293,1431720
26294,1431630
26295,1431610
26296,1431570
26297,1431450
26298,1431430
26299,1431420
26300,1431350
26301,1431290
26302,1431270
26303,1431240
26304,1431230
26305,1431220
26306,1431190
26307,1431150
26308,1431100
26309,1431040
26310,1430980
26311,1430970
26312,1430760
26313,1430740
26314,1430720
26315,1430690
26316,1430680
26317,1430640
26318,1430420
26319,1430310
26320,1430240
26321,1430220
26322,1430200
26323,1430160
26324,1430140
26325,1430120
26326,1430030
26327,1430010
26328,1429950
26329,1429890
26330,1429850
26331,1429820
26332,1429780
26333,1429740
26334,1429670
26335,1429640
26336,1429610
26337,1429530
26338,1429500
26339,1429480
26340,1429400
26341,1429350
26342,1429210
26343,1429150
26344,1429130
26345,1429100
26346,1429040
26347,1428970
26348,1428900
26349,1428870
26350,1428840
26351,1428820
26352,1428780
26353,1428770
26354,1428730
26355,1428710
26356,1428700
26357,1428610
26358,1428580
26359,1428560
26360,1428550
26361,1428520
26362,1428470
26363,1428460
26364,1428440
26365,1428420
26366,1428370
26367,1428320
26368,1428310
26369,1428300
26370,1428140
26371,1428100
26372,1428030
26373,1427970
26374,1427900
26375,1427890
26376,1427880
26377,1427860
26378,1427800
26379,1427760
26380,1427710
26381,1427700
26382,1427680
26383,1427640
26384,1427620
26385,1427510
26386,1427480
26387,1427420
26388,1427400
26389,1427340
26390,1427210
26391,1427150
26392,1427140
26393,1427030
26394,1426990
26395,1426980
26396,1426950
26397,1426900
26398,1426890
26399,1426540
26400,1426530
26401,1426500
26402,1426490
26403,1426480
26404,1426470
26405,1426450
26406,1426440
26407,1426310
26408,1426280
26409,1426230
26410,1426210
26411,1426120
26412,1426110
26413,1426090
26414,1426050
26415,1426010
26416,1425790
26417,1425770
26418,1425760
26419,1425730
26420,1425630
26421,1425590
26422,1425580
26423,1425550
26424,1425510
26425,1425410
26426,1425390
26427,1425380
26428,1425370
26429,1425350
26430,1425330
26431,1425280
26432,1425270
26433,1425250
26434,1425240
26435,1425190
26436,1425140
26437,1425130
26438,1425120
26439,1425110
26440,1425070
26441,1425050
26442,1425010
26443,1424980
26444,1424910
26445,1424900
26446,1424890
26447,1424870
26448,1424860
26449,1424850
26450,1424790
26451,1424780
26452,1424770
26453,1424720
26454,1424710
26455,1424700
26456,1424690
26457,1424660
26458,1424640
26459,1424630
26460,1424600
26461,1424570
26462,1424520
26463,1424420
26464,1424360
26465,1424350
26466,1424330
26467,1424300
26468,1424290
26469,1424250
26470,1424080
26471,1424070
26472,1424050
26473,1424020
26474,1423980
26475,1423780
26476,1423720
26477,1423670
26478,1423600
26479,1423500
26480,1423370
26481,1423340
26482,1423330
26483,1423280
26484,1423270
26485,1423200
26486,1423140
26487,1423090
26488,1423060
26489,1423030
26490,1423000
26491,1422950
26492,1422940
26493,1422930
26494,1422910
26495,1422880
26496,1422820
26497,1422780
26498,1422750
26499,1422740
26500,1422730
26501,1422670
26502,1422630
26503,1422610
26504,1422570
26505,1422540
26506,1422440
26507,1422430
26508,1422420
26509,1422410
26510,1422380
26511,1422290
26512,1422280
26513,1422260
26514,1422240
26515,1422220
26516,1422210
26517,1422200
26518,1422190
26519,1422180
26520,1422130
26521,1422050
26522,1421790
26523,1421760
26524,1421710
26525,1421700
26526,1421690
26527,1421490
26528,1421410
26529,1421390
26530,1421320
26531,1421290
26532,1421250
26533,1421140
26534,1421120
26535,1421100
26536,1421020
26537,1420980
26538,1420960
26539,1420950
26540,1420930
26541,1420850
26542,1420830
26543,1420810
26544,1420780
26545,1420770
26546,1420740
26547,1420720
26548,1420680
26549,1420650
26550,1420640
26551,1420580
26552,1420540
26553,1420510
26554,1420350
26555,1420330
26556,1420320
26557,1420300
26558,1420290
26559,1420180
26560,1420160
26561,1420080
26562,1420060
26563,1420050
26564,1419980
26565,1419870
26566,1419860
26567,1419850
26568,1419750
26569,1419740
26570,1419730
26571,1419670
26572,1419640
26573,1419620
26574,1419580
26575,1419510
26576,1419480
26577,1419440
26578,1419380
26579,1419370
26580,1419350
26581,1419290
26582,1419270
26583,1419190
26584,1419170
26585,1419160
26586,1419150
26587,1419130
26588,1419110
26589,1419100
26590,1419070
26591,1419060
26592,1419040
26593,1418830
26594,1418790
26595,1418760
26596,1418720
26597,1418680
26598,1418570
26599,1418540
26600,1418470
26601,1418460
26602,1418430
26603,1418390
26604,1418360
26605,1418330
26606,1418320
26607,1418310
26608,1418180
26609,1418160
26610,1418140
26611,1418090
26612,1418020
26613,1418010
26614,1417970
26615,1417950
26616,1417940
26617,1417930
26618,1417890
26619,1417880
26620,1417770
26621,1417750
26622,1417730
26623,1417720
26624,1417690
26625,1417670
26626,1417610
26627,1417590
26628,1417540
26629,1417500
26630,1417490
26631,1417420
26632,1417340
26633,1417320
26634,1417270
26635,1417200
26636,1417090
26637,1417050
26638,1417010
26639,1417000
26640,1416980
26641,1416970
26642,1416960
26643,1416930
26644,1416920
26645,1416760
26646,1416730
26647,1416720
26648,1416710
26649,1416600
26650,1416520
26651,1416460
26652,1416450
26653,1416430
26654,1416340
26655,1416290
26656,1416260
26657,1416240
26658,1416230
26659,1416210
26660,1416160
26661,1416130
26662,1416050
26663,1416000
26664,1415950
26665,1415920
26666,1415890
26667,1415830
26668,1415750
26669,1415660
26670,1415630
26671,1415620
26672,1415570
26673,1415540
26674,1415520
26675,1415480
26676,1415470
26677,1415410
26678,1415380
26679,1415370
26680,1415320
26681,1415280
26682,1415250
26683,1415220
26684,1415140
26685,1415020
26686,1415010
26687,1414990
26688,1414930
26689,1414850
26690,1414840
26691,1414800
26692,1414770
26693,1414720
26694,1414700
26695,1414650
26696,1414530
26697,1414490
26698,1414480
26699,1414470
26700,1414430
26701,1414400
26702,1414320
26703,1414250
26704,1414220
26705,1414210
26706,1414180
26707,1414090
26708,1414020
26709,1414000
26710,1413990
26711,1413980
26712,1413970
26713,1413960
26714,1413870
26715,1413820
26716,1413790
26717,1413680
26718,1413670
26719,1413660
26720,1413630
26721,1413600
26722,1413590
26723,1413580
26724,1413560
26725,1413540
26726,1413500
26727,1413480
26728,1413470
26729,1413370
26730,1413350
26731,1413310
26732,1413300
26733,1413250
26734,1413210
26735,1413090
26736,1413070
26737,1413020
26738,1413010
26739,1413000
26740,1412990
26741,1412980
26742,1412960
26743,1412950
26744,1412900
26745,1412890
26746,1412850
26747,1412840
26748,1412820
26749,1412780
26750,1412680
26751,1412660
26752,1412650
26753,1412630
26754,1412610
26755,1412580
26756,1412570
26757,1412560
26758,1412500
26759,1412470
26760,1412370
26761,1412310
26762,1412250
26763,1412240
26764,1412190
26765,1412180
26766,1412170
26767,1412120
26768,1412070
26769,1412040
26770,1412000
26771,1411970
26772,1411920
26773,1411910
26774,1411860
26775,1411840
26776,1411800
26777,1411770
26778,1411740
26779,1411700
26780,1411670
26781,1411660
26782,1411550
26783,1411460
26784,1411420
26785,1411380
26786,1411330
26787,1411200
26788,1411180
26789,1411170
26790,1411030
26791,1411020
26792,1411000
26793,1410980
26794,1410870
26795,1410860
26796,1410850
26797,1410840
26798,1410830
26799,1410790
26800,1410740
26801,1410710
26802,1410700
26803,1410640
26804,1410620
26805,1410600
26806,1410580
26807,1410560
26808,1410500
26809,1410440
26810,1410370
26811,1410360
26812,1410330
26813,1410260
26814,1410210
26815,1410200
26816,1410140
26817,1410100
26818,1410090
26819,1410080
26820,1410070
26821,1410000
26822,1409830
26823,1409780
26824,1409770
26825,1409740
26826,1409730
26827,1409710
26828,1409700
26829,1409670
26830,1409640
26831,1409610
26832,1409560
26833,1409530
26834,1409520
26835,1409510
26836,1409370
26837,1409360
26838,1409340
26839,1409300
26840,1409200
26841,1409190
26842,1409180
26843,1409160
26844,1409020
26845,1408860
26846,1408760
26847,1408720
26848,1408710
26849,1408700
26850,1408610
26851,1408570
26852,1408530
26853,1408480
26854,1408430
26855,1408350
26856,1408260
26857,1408230
26858,1408220
26859,1408200
26860,1408160
26861,1408110
26862,1408100
26863,1408080
26864,1408070
26865,1408060
26866,1407920
26867,1407890
26868,1407860
26869,1407790
26870,1407620
26871,1407450
26872,1407420
26873,1407300
26874,1407240
26875,1407210
26876,1407200
26877,1407190
26878,1407180
26879,1407140
26880,1407100
26881,1407090
26882,1407080
26883,1407060
26884,1407050
26885,1406990
26886,1406930
26887,1406900
26888,1406850
26889,1406810
26890,1406780
26891,1406720
26892,1406700
26893,1406690
26894,1406610
26895,1406280
26896,1406270
26897,1406260
26898,1406250
26899,1406200
26900,1406150
26901,1406140
26902,1406110
26903,1406040
26904,1406020
26905,1406000
26906,1405950
26907,1405810
26908,1405790
26909,1405780
26910,1405740
26911,1405730
26912,1405670
26913,1405660
26914,1405530
26915,1405500
26916,1405490
26917,1405480
26918,1405470
26919,1405440
26920,1405270
26921,1405260
26922,1405220
26923,1405180
26924,1404980
26925,1404960
26926,1404870
26927,1404850
26928,1404660
26929,1404630
26930,1404560
26931,1404530
26932,1404360
26933,1404210
26934,1404190
26935,1404180
26936,1404150
26937,1404130
26938,1404090
26939,1404080
26940,1404070
26941,1404050
26942,1404030
26943,1403990
26944,1403890
26945,1403840
26946,1403830
26947,1403800
26948,1403750
26949,1403740
26950,1403720
26951,1403710
26952,1403650
26953,1403520
26954,1403460
26955,1403440
26956,1403400
26957,1403370
26958,1403350
26959,1403310
26960,1403280
26961,1403190
26962,1403110
26963,1403080
26964,1403020
26965,1402900
26966,1402790
26967,1402580
26968,1402480
26969,1402460
26970,1402420
26971,1402410
26972,1402400
26973,1402350
26974,1402320
26975,1402120
26976,1402110
26977,1402090
26978,1402030
26979,1402020
26980,1402000
26981,1401990
26982,1401970
26983,1401880
26984,1401840
26985,1401750
26986,1401680
26987,1401610
26988,1401590
26989,1401570
26990,1401560
26991,1401500
26992,1401400
26993,1401390
26994,1401340
26995,1401320
26996,1401220
26997,1401170
26998,1401150
26999,1401070
27000,1400980
27001,1400970
27002,1400940
27003,1400930
27004,1400910
27005,1400870
27006,1400760
27007,1400700
27008,1400650
27009,1400630
27010,1400620
27011,1400520
27012,1400390
27013,1400320
27014,1400290
27015,1400260
27016,1400210
27017,1400200
27018,1400180
27019,1400110
27020,1400080
27021,1400070
27022,1399930
27023,1399850
27024,1399840
27025,1399760
27026,1399750
27027,1399720
27028,1399700
27029,1399690
27030,1399670
27031,1399660
27032,1399480
27033,1399370
27034,1399300
27035,1399270
27036,1399240
27037,1399200
27038,1399170
27039,1399140
27040,1399090
27041,1399080
27042,1398910
27043,1398790
27044,1398750
27045,1398740
27046,1398730
27047,1398700
27048,1398690
27049,1398680
27050,1398670
27051,1398660
27052,1398630
27053,1398600
27054,1398590
27055,1398570
27056,1398500
27057,1398440
27058,1398390
27059,1398300
27060,1398280
27061,1398270
27062,1398210
27063,1398180
27064,1398170
27065,1398130
27066,1398100
27067,1398080
27068,1398070
27069,1397980
27070,1397940
27071,1397920
27072,1397850
27073,1397830
27074,1397820
27075,1397800
27076,1397790
27077,1397760
27078,1397710
27079,1397650
27080,1397620
27081,1397540
27082,1397470
27083,1397390
27084,1397350
27085,1397290
27086,1397280
27087,1397240
27088,1397170
27089,1397160
27090,1397140
27091,1397130
27092,1397110
27093,1397070
27094,1397040
27095,1397030
27096,1397010
27097,1397000
27098,1396980
27099,1396890
27100,1396630
27101,1396610
27102,1396490
27103,1396450
27104,1396380
27105,1396260
27106,1396240
27107,1396190
27108,1396150
27109,1396050
27110,1396010
27111,1395900
27112,1395850
27113,1395830
27114,1395760
27115,1395600
27116,1395560
27117,1395540
27118,1395420
27119,1395410
27120,1395400
27121,1395330
27122,1395310
27123,1395270
27124,1395230
27125,1395180
27126,1395120
27127,1395080
27128,1395030
27129,1395020
27130,1395010
27131,1395000
27132,1394960
27133,1394930
27134,1394830
27135,1394810
27136,1394800
27137,1394770
27138,1394760
27139,1394750
27140,1394720
27141,1394700
27142,1394680
27143,1394640
27144,1394550
27145,1394520
27146,1394500
27147,1394480
27148,1394460
27149,1394420
27150,1394410
27151,1394370
27152,1394340
27153,1394320
27154,1394270
27155,1394240
27156,1394140
27157,1394130
27158,1394100
27159,1394090
27160,1394030
27161,1393970
27162,1393910
27163,1393830
27164,1393820
27165,1393800
27166,1393780
27167,1393750
27168,1393740
27169,1393680
27170,1393640
27171,1393610
27172,1393580
27173,1393570
27174,1393500
27175,1393490
27176,1393480
27177,1393460
27178,1393420
27179,1393410
27180,1393380
27181,1393370
27182,1393350
27183,1393340
27184,1393320
27185,1393310
27186,1393270
27187,1393210
27188,1393120
27189,1393100
27190,1392960
27191,1392820
27192,1392790
27193,1392780
27194,1392760
27195,1392750
27196,1392700
27197,1392670
27198,1392650
27199,1392600
27200,1392560
27201,1392540
27202,1392490
27203,1392430
27204,1392390
27205,1392340
27206,1392190
27207,1392170
27208,1392150
27209,1392130
27210,1392060
27211,1392040
27212,1392030
27213,1391990
27214,1391960
27215,1391800
27216,1391790
27217,1391740
27218,1391690
27219,1391540
27220,1391530
27221,1391450
27222,1391280
27223,1391250
27224,1391200
27225,1391090
27226,1391050
27227,1390960
27228,1390880
27229,1390860
27230,1390830
27231,1390800
27232,1390740
27233,1390700
27234,1390670
27235,1390650
27236,1390600
27237,1390580
27238,1390490
27239,1390410
27240,1390390
27241,1390380
27242,1390370
27243,1390350
27244,1390340
27245,1390300
27246,1390190
27247,1390120
27248,1390070
27249,1390010
27250,1390000
27251,1389990
27252,1389890
27253,1389850
27254,1389840
27255,1389750
27256,1389710
27257,1389700
27258,1389650
27259,1389630
27260,1389610
27261,1389560
27262,1389550
27263,1389530
27264,1389510
27265,1389450
27266,1389380
27267,1389360
27268,1389300
27269,1389270
27270,1389260
27271,1389200
27272,1389160
27273,1389070
27274,1389020
27275,1389010
27276,1388910
27277,1388880
27278,1388870
27279,1388860
27280,1388770
27281,1388720
27282,1388650
27283,1388590
27284,1388580
27285,1388570
27286,1388510
27287,1388490
27288,1388430
27289,1388400
27290,1388370
27291,1388350
27292,1388330
27293,1388320
27294,1388280
27295,1388230
27296,1388160
27297,1388150
27298,1388130
27299,1388030
27300,1388010
27301,1387970
27302,1387900
27303,1387870
27304,1387590
27305,1387580
27306,1387570
27307,1387560
27308,1387510
27309,1387500
27310,1387480
27311,1387460
27312,1387410
27313,1387350
27314,1387290
27315,1387200
27316,1387170
27317,1387150
27318,1387030
27319,1387010
27320,1387000
27321,1386990
27322,1386980
27323,1386950
27324,1386940
27325,1386910
27326,1386900
27327,1386890
27328,1386870
27329,1386810
27330,1386790
27331,1386780
27332,1386770
27333,1386730
27334,1386710
27335,1386650
27336,1386620
27337,1386510
27338,1386500
27339,1386440
27340,1386360
27341,1386210
27342,1386200
27343,1386180
27344,1386160
27345,1386040
27346,1386020
27347,1385970
27348,1385960
27349,1385950
27350,1385940
27351,1385920
27352,1385880
27353,1385840
27354,1385810
27355,1385780
27356,1385730
27357,1385700
27358,1385690
27359,1385680
27360,1385670
27361,1385650
27362,1385590
27363,1385540
27364,1385500
27365,1385380
27366,1385350
27367,1385320
27368,1385260
27369,1385210
27370,1385190
27371,1385100
27372,1384960
27373,1384940
27374,1384890
27375,1384880
27376,1384820
27377,1384790
27378,1384770
27379,1384700
27380,1384670
27381,1384660
27382,1384630
27383,1384620
27384,1384550
27385,1384540
27386,1384530
27387,1384490
27388,1384400
27389,1384390
27390,1384380
27391,1384350
27392,1384330
27393,1384320
27394,1384290
27395,1384170
27396,1384160
27397,1384110
27398,1384090
27399,1384060
27400,1384030
27401,1384020
27402,1383990
27403,1383970
27404,1383960
27405,1383880
27406,1383850
27407,1383770
27408,1383760
27409,1383740
27410,1383720
27411,1383700
27412,1383690
27413,1383680
27414,1383670
27415,1383650
27416,1383640
27417,1383630
27418,1383570
27419,1383510
27420,1383500
27421,1383490
27422,1383480
27423,1383450
27424,1383410
27425,1383370
27426,1383280
27427,1383270
27428,1383250
27429,1383170
27430,1383160
27431,1383150
27432,1383050
27433,1383040
27434,1383030
27435,1382980
27436,1382920
27437,1382910
27438,1382860
27439,1382840
27440,1382800
27441,1382790
27442,1382770
27443,1382730
27444,1382710
27445,1382530
27446,1382450
27447,1382380
27448,1382370
27449,1382350
27450,1382330
27451,1382320
27452,1382290
27453,1382200
27454,1382190
27455,1382160
27456,1382070
27457,1381980
27458,1381880
27459,1381850
27460,1381770
27461,1381650
27462,1381640
27463,1381610
27464,1381590
27465,1381530
27466,1381520
27467,1381480
27468,1381440
27469,1381290
27470,1381150
27471,1381070
27472,1380910
27473,1380840
27474,1380830
27475,1380760
27476,1380650
27477,1380620
27478,1380520
27479,1380490
27480,1380480
27481,1380470
27482,1380430
27483,1380420
27484,1380410
27485,1380400
27486,1380390
27487,1380360
27488,1380310
27489,1380290
27490,1380260
27491,1380220
27492,1380200
27493,1380150
27494,1380120
27495,1380070
27496,1380060
27497,1380010
27498,1379970
27499,1379960
27500,1379930
27501,1379900
27502,1379870
27503,1379830
27504,1379670
27505,1379660
27506,1379600
27507,1379590
27508,1379580
27509,1379560
27510,1379550
27511,1379510
27512,1379470
27513,1379380
27514,1379370
27515,1379350
27516,1379270
27517,1379200
27518,1379150
27519,1379130
27520,1379120
27521,1379110
27522,1379020
27523,1378990
27524,1378940
27525,1378890
27526,1378870
27527,1378860
27528,1378800
27529,1378730
27530,1378710
27531,1378670
27532,1378500
27533,1378490
27534,1378470
27535,1378370
27536,1378360
27537,1378350
27538,1378330
27539,1378290
27540,1378260
27541,1378200
27542,1378120
27543,1378080
27544,1378070
27545,1378060
27546,1378040
27547,1378020
27548,1377930
27549,1377920
27550,1377900
27551,1377890
27552,1377850
27553,1377600
27554,1377590
27555,1377580
27556,1377560
27557,1377550
27558,1377540
27559,1377450
27560,1377430
27561,1377420
27562,1377380
27563,1377370
27564,1377360
27565,1377350
27566,1377300
27567,1377260
27568,1377240
27569,1377150
27570,1377140
27571,1377060
27572,1377030
27573,1377010
27574,1376950
27575,1376940
27576,1376910
27577,1376890
27578,1376870
27579,1376840
27580,1376830
27581,1376760
27582,1376730
27583,1376690
27584,1376640
27585,1376590
27586,1376580
27587,1376420
27588,1376300
27589,1376270
27590,1376110
27591,1376090
27592,1376070
27593,1376040
27594,1376030
27595,1375970
27596,1375930
27597,1375900
27598,1375880
27599,1375870
27600,1375810
27601,1375760
27602,1375650
27603,1375640
27604,1375540
27605,1375530
27606,1375480
27607,1375460
27608,1375450
27609,1375400
27610,1375290
27611,1375280
27612,1375270
27613,1375110
27614,1375070
27615,1375020
27616,1374990
27617,1374970
27618,1374940
27619,1374930
27620,1374890
27621,1374850
27622,1374840
27623,1374820
27624,1374740
27625,1374580
27626,1374500
27627,1374480
27628,1374470
27629,1374430
27630,1374400
27631,1374350
27632,1374290
27633,1374280
27634,1374230
27635,1374200
27636,1374170
27637,1374090
27638,1374050
27639,1373980
27640,1373960
27641,1373950
27642,1373930
27643,1373920
27644,1373880
27645,1373830
27646,1373810
27647,1373780
27648,1373770
27649,1373740
27650,1373700
27651,1373670
27652,1373630
27653,1373600
27654,1373550
27655,1373510
27656,1373500
27657,1373470
27658,1373440
27659,1373430
27660,1373350
27661,1373320
27662,1373310
27663,1373260
27664,1373240
27665,1373220
27666,1373180
27667,1373110
27668,1373100
27669,1373080
27670,1373020
27671,1372990
27672,1372910
27673,1372840
27674,1372830
27675,1372810
27676,1372800
27677,1372730
27678,1372700
27679,1372570
27680,1372550
27681,1372530
27682,1372460
27683,1372430
27684,1372370
27685,1372350
27686,1372320
27687,1372310
27688,1372300
27689,1372280
27690,1372210
27691,1372180
27692,1372150
27693,1372110
27694,1372090
27695,1372000
27696,1371980
27697,1371940
27698,1371880
27699,1371810
27700,1371790
27701,1371780
27702,1371770
27703,1371760
27704,1371750
27705,1371720
27706,1371710
27707,1371690
27708,1371660
27709,1371630
27710,1371620
27711,1371610
27712,1371600
27713,1371580
27714,1371560
27715,1371540
27716,1371520
27717,1371500
27718,1371460
27719,1371350
27720,1371340
27721,1371330
27722,1371300
27723,1371170
27724,1371090
27725,1371050
27726,1371040
27727,1370950
27728,1370940
27729,1370850
27730,1370840
27731,1370800
27732,1370770
27733,1370690
27734,1370660
27735,1370650
27736,1370640
27737,1370630
27738,1370620
27739,1370610
27740,1370600
27741,1370580
27742,1370570
27743,1370510
27744,1370470
27745,1370430
27746,1370410
27747,1370390
27748,1370370
27749,1370250
27750,1370180
27751,1370170
27752,1370140
27753,1370130
27754,1370110
27755,1370060
27756,1370050
27757,1370040
27758,1369980
27759,1369970
27760,1369770
27761,1369760
27762,1369740
27763,1369730
27764,1369720
27765,1369670
27766,1369630
27767,1369580
27768,1369560
27769,1369520
27770,1369470
27771,1369410
27772,1369400
27773,1369370
27774,1369340
27775,1369320
27776,1368970
27777,1368960
27778,1368950
27779,1368910
27780,1368890
27781,1368870
27782,1368860
27783,1368850
27784,1368820
27785,1368780
27786,1368770
27787,1368750
27788,1368640
27789,1368410
27790,1368400
27791,1368350
27792,1368340
27793,1368130
27794,1368120
27795,1368060
27796,1368030
27797,1367980
27798,1367970
27799,1367960
27800,1367880
27801,1367860
27802,1367780
27803,1367760
27804,1367720
27805,1367690
27806,1367590
27807,1367580
27808,1367550
27809,1367530
27810,1367520
27811,1367490
27812,1367460
27813,1367430
27814,1367420
27815,1367340
27816,1367330
27817,1367320
27818,1367300
27819,1367270
27820,1367250
27821,1367230
27822,1367220
27823,1367130
27824,1367090
27825,1367080
27826,1367040
27827,1366950
27828,1366930
27829,1366850
27830,1366810
27831,1366800
27832,1366770
27833,1366760
27834,1366720
27835,1366700
27836,1366680
27837,1366650
27838,1366610
27839,1366570
27840,1366560
27841,1366550
27842,1366540
27843,1366520
27844,1366510
27845,1366420
27846,1366390
27847,1366320
27848,1366290
27849,1366280
27850,1366260
27851,1366230
27852,1366160
27853,1366150
27854,1366100
27855,1366060
27856,1366010
27857,1365950
27858,1365930
27859,1365900
27860,1365760
27861,1365750
27862,1365720
27863,1365600
27864,1365590
27865,1365490
27866,1365420
27867,1365410
27868,1365400
27869,1365390
27870,1365030
27871,1365010
27872,1364980
27873,1364960
27874,1364930
27875,1364800
27876,1364780
27877,1364760
27878,1364740
27879,1364730
27880,1364710
27881,1364690
27882,1364580
27883,1364510
27884,1364390
27885,1364340
27886,1364290
27887,1364210
27888,1364150
27889,1364130
27890,1364100
27891,1364010
27892,1363980
27893,1363900
27894,1363850
27895,1363840
27896,1363810
27897,1363790
27898,1363770
27899,1363740
27900,1363690
27901,1363680
27902,1363660
27903,1363600
27904,1363490
27905,1363430
27906,1363390
27907,1363360
27908,1363350
27909,1363290
27910,1363270
27911,1363250
27912,1363210
27913,1363160
27914,1363140
27915,1363090
27916,1363080
27917,1362980
27918,1362910
27919,1362860
27920,1362830
27921,1362780
27922,1362650
27923,1362580
27924,1362560
27925,1362520
27926,1362460
27927,1362440
27928,1362430
27929,1362420
27930,1362400
27931,1362390
27932,1362340
27933,1362310
27934,1362260
27935,1362190
27936,1362130
27937,1362120
27938,1362040
27939,1362010
27940,1361920
27941,1361870
27942,1361860
27943,1361840
27944,1361810
27945,1361760
27946,1361750
27947,1361740
27948,1361700
27949,1361680
27950,1361670
27951,1361660
27952,1361580
27953,1361570
27954,1361540
27955,1361520
27956,1361510
27957,1361500
27958,1361490
27959,1361480
27960,1361470
27961,1361440
27962,1361400
27963,1361390
27964,1361320
27965,1361270
27966,1361260
27967,1361240
27968,1361230
27969,1361210
27970,1361190
27971,1361180
27972,1361150
27973,1361110
27974,1361020
27975,1361010
27976,1361000
27977,1360980
27978,1360850
27979,1360810
27980,1360790
27981,1360720
27982,1360700
27983,1360670
27984,1360660
27985,1360620
27986,1360600
27987,1360580
27988,1360550
27989,1360530
27990,1360500
27991,1360430
27992,1360390
27993,1360360
27994,1360290
27995,1360270
27996,1360190
27997,1360040
27998,1360000
27999,1359980
28000,1359920
28001,1359900
28002,1359890
28003,1359870
28004,1359850
28005,1359840
28006,1359760
28007,1359730
28008,1359650
28009,1359630
28010,1359470
28011,1359450
28012,1359440
28013,1359310
28014,1359300
28015,1359280
28016,1359170
28017,1359160
28018,1359120
28019,1359110
28020,1359090
28021,1359020
28022,1358930
28023,1358840
28024,1358830
28025,1358810
28026,1358800
28027,1358790
28028,1358770
28029,1358760
28030,1358710
28031,1358700
28032,1358640
28033,1358630
28034,1358610
28035,1358540
28036,1358530
28037,1358490
28038,1358440
28039,1358370
28040,1358270
28041,1358260
28042,1358250
28043,1358180
28044,1358140
28045,1358090
28046,1358030
28047,1358020
28048,1357990
28049,1357960
28050,1357890
28051,1357870
28052,1357860
28053,1357840
28054,1357830
28055,1357750
28056,1357710
28057,1357670
28058,1357610
28059,1357430
28060,1357410
28061,1357400
28062,1357220
28063,1357210
28064,1357150
28065,1357090
28066,1357000
28067,1356970
28068,1356860
28069,1356810
28070,1356800
28071,1356760
28072,1356710
28073,1356670
28074,1356580
28075,1356530
28076,1356480
28077,1356460
28078,1356440
28079,1356360
28080,1356280
28081,1356240
28082,1356190
28083,1356180
28084,1356160
28085,1356140
28086,1356110
28087,1356080
28088,1356040
28089,1355980
28090,1355960
28091,1355930
28092,1355910
28093,1355880
28094,1355820
28095,1355810
28096,1355780
28097,1355650
28098,1355640
28099,1355620
28100,1355570
28101,1355560
28102,1355510
28103,1355500
28104,1355450
28105,1355440
28106,1355430
28107,1355420
28108,1355400
28109,1355390
28110,1355370
28111,1355360
28112,1355310
28113,1355200
28114,1355140
28115,1355090
28116,1355050
28117,1355020
28118,1355010
28119,1354990
28120,1354940
28121,1354910
28122,1354830
28123,1354760
28124,1354750
28125,1354690
28126,1354540
28127,1354530
28128,1354520
28129,1354370
28130,1354300
28131,1354240
28132,1354230
28133,1354100
28134,1354060
28135,1353950
28136,1353920
28137,1353900
28138,1353830
28139,1353730
28140,1353710
28141,1353680
28142,1353670
28143,1353560
28144,1353550
28145,1353470
28146,1353370
28147,1353300
28148,1353270
28149,1353250
28150,1353230
28151,1353120
28152,1353100
28153,1353050
28154,1352930
28155,1352910
28156,1352850
28157,1352750
28158,1352740
28159,1352680
28160,1352560
28161,1352540
28162,1352530
28163,1352520
28164,1352470
28165,1352440
28166,1352340
28167,1352330
28168,1352230
28169,1352200
28170,1352180
28171,1352120
28172,1352020
28173,1351970
28174,1351960
28175,1351950
28176,1351900
28177,1351880
28178,1351830
28179,1351820
28180,1351710
28181,1351630
28182,1351560
28183,1351550
28184,1351510
28185,1351500
28186,1351480
28187,1351470
28188,1351450
28189,1351400
28190,1351370
28191,1351360
28192,1351350
28193,1351300
28194,1351290
28195,1351250
28196,1351240
28197,1351220
28198,1351210
28199,1351170
28200,1351140
28201,1351080
28202,1351070
28203,1351000
28204,1350850
28205,1350840
28206,1350820
28207,1350780
28208,1350710
28209,1350650
28210,1350630
28211,1350570
28212,1350540
28213,1350500
28214,1350480
28215,1350440
28216,1350430
28217,1350390
28218,1350350
28219,1350340
28220,1350280
28221,1350250
28222,1350200
28223,1350170
28224,1350120
28225,1350100
28226,1350080
28227,1350060
28228,1349970
28229,1349960
28230,1349940
28231,1349920
28232,1349850
28233,1349830
28234,1349720
28235,1349670
28236,1349640
28237,1349620
28238,1349600
28239,1349540
28240,1349390
28241,1349230
28242,1349130
28243,1349120
28244,1349060
28245,1349040
28246,1349030
28247,1349000
28248,1348980
28249,1348970
28250,1348920
28251,1348800
28252,1348760
28253,1348750
28254,1348700
28255,1348690
28256,1348680
28257,1348600
28258,1348510
28259,1348480
28260,1348400
28261,1348390
28262,1348380
28263,1348300
28264,1348270
28265,1348250
28266,1348180
28267,1348160
28268,1348060
28269,1348030
28270,1347970
28271,1347950
28272,1347880
28273,1347800
28274,1347780
28275,1347760
28276,1347630
28277,1347600
28278,1347590
28279,1347560
28280,1347550
28281,1347540
28282,1347460
28283,1347450
28284,1347430
28285,1347420
28286,1347360
28287,1347350
28288,1347310
28289,1347250
28290,1347140
28291,1347130
28292,1347080
28293,1347030
28294,1347010
28295,1346980
28296,1346970
28297,1346960
28298,1346890
28299,1346870
28300,1346860
28301,1346850
28302,1346830
28303,1346800
28304,1346770
28305,1346740
28306,1346720
28307,1346700
28308,1346600
28309,1346460
28310,1346420
28311,1346400
28312,1346390
28313,1346330
28314,1346310
28315,1346270
28316,1346260
28317,1346250
28318,1346240
28319,1346210
28320,1346130
28321,1346120
28322,1346110
28323,1346070
28324,1346020
28325,1346010
28326,1345950
28327,1345940
28328,1345890
28329,1345870
28330,1345860
28331,1345820
28332,1345760
28333,1345750
28334,1345740
28335,1345470
28336,1345440
28337,1345400
28338,1345380
28339,1345370
28340,1345360
28341,1345350
28342,1345340
28343,1345320
28344,1345280
28345,1345220
28346,1345190
28347,1345150
28348,1345120
28349,1345080
28350,1345040
28351,1344950
28352,1344840
28353,1344820
28354,1344810
28355,1344800
28356,1344790
28357,1344740
28358,1344530
28359,1344450
28360,1344440
28361,1344430
28362,1344350
28363,1344210
28364,1344140
28365,1344120
28366,1344110
28367,1344070
28368,1343990
28369,1343970
28370,1343920
28371,1343850
28372,1343810
28373,1343750
28374,1343700
28375,1343680
28376,1343670
28377,1343640
28378,1343620
28379,1343580
28380,1343550
28381,1343520
28382,1343410
28383,1343400
28384,1343390
28385,1343370
28386,1343340
28387,1343260
28388,1343240
28389,1343230
28390,1343220
28391,1343150
28392,1343140
28393,1343090
28394,1343040
28395,1342890
28396,1342850
28397,1342810
28398,1342790
28399,1342740
28400,1342730
28401,1342660
28402,1342630
28403,1342620
28404,1342600
28405,1342480
28406,1342410
28407,1342360
28408,1342340
28409,1342330
28410,1342290
28411,1342270
28412,1342260
28413,1342250
28414,1342240
28415,1342220
28416,1342130
28417,1342120
28418,1342110
28419,1342100
28420,1342090
28421,1342080
28422,1342070
28423,1342060
28424,1342050
28425,1342040
28426,1341980
28427,1341960
28428,1341930
28429,1341900
28430,1341890
28431,1341820
28432,1341720
28433,1341710
28434,1341660
28435,1341650
28436,1341640
28437,1341630
28438,1341620
28439,1341570
28440,1341550
28441,1341490
28442,1341470
28443,1341460
28444,1341450
28445,1341440
28446,1341400
28447,1341330
28448,1341310
28449,1341300
28450,1341290
28451,1341280
28452,1341220
28453,1341210
28454,1341200
28455,1341190
28456,1341170
28457,1341160
28458,1341100
28459,1341050
28460,1340920
28461,1340910
28462,1340850
28463,1340810
28464,1340770
28465,1340730
28466,1340640
28467,1340600
28468,1340570
28469,1340530
28470,1340500
28471,1340480
28472,1340470
28473,1340410
28474,1340360
28475,1340310
28476,1340300
28477,1340260
28478,1340180
28479,1340130
28480,1340120
28481,1340020
28482,1339920
28483,1339900
28484,1339890
28485,1339870
28486,1339860
28487,1339850
28488,1339820
28489,1339800
28490,1339790
28491,1339750
28492,1339640
28493,1339620
28494,1339580
28495,1339550
28496,1339530
28497,1339460
28498,1339420
28499,1339410
28500,1339380
28501,1339360
28502,1339340
28503,1339330
28504,1339310
28505,1339260
28506,1339220
28507,1339180
28508,1339170
28509,1339110
28510,1339000
28511,1338980
28512,1338940
28513,1338840
28514,1338830
28515,1338790
28516,1338780
28517,1338770
28518,1338640
28519,1338620
28520,1338580
28521,1338520
28522,1338460
28523,1338420
28524,1338390
28525,1338330
28526,1338320
28527,1338250
28528,1338220
28529,1338130
28530,1338100
28531,1338090
28532,1338020
28533,1337970
28534,1337920
28535,1337890
28536,1337880
28537,1337820
28538,1337810
28539,1337780
28540,1337760
28541,1337710
28542,1337650
28543,1337600
28544,1337590
28545,1337530
28546,1337520
28547,1337430
28548,1337280
28549,1337270
28550,1337100
28551,1337080
28552,1337060
28553,1337030
28554,1337010
28555,1337000
28556,1336980
28557,1336970
28558,1336950
28559,1336840
28560,1336830
28561,1336790
28562,1336620
28563,1336600
28564,1336560
28565,1336490
28566,1336460
28567,1336450
28568,1336430
28569,1336420
28570,1336380
28571,1336340
28572,1336290
28573,1336210
28574,1336180
28575,1336160
28576,1336130
28577,1336120
28578,1336100
28579,1336070
28580,1336060
28581,1336040
28582,1335940
28583,1335830
28584,1335820
28585,1335810
28586,1335790
28587,1335680
28588,1335610
28589,1335560
28590,1335530
28591,1335510
28592,1335500
28593,1335440
28594,1335400
28595,1335370
28596,1335360
28597,1335300
28598,1335290
28599,1335240
28600,1335230
28601,1335200
28602,1335030
28603,1334970
28604,1334910
28605,1334840
28606,1334800
28607,1334780
28608,1334730
28609,1334700
28610,1334650
28611,1334590
28612,1334580
28613,1334530
28614,1334500
28615,1334470
28616,1334420
28617,1334330
28618,1334300
28619,1334120
28620,1334110
28621,1334070
28622,1334040
28623,1334020
28624,1334010
28625,1334000
28626,1333990
28627,1333980
28628,1333940
28629,1333920
28630,1333910
28631,1333900
28632,1333890
28633,1333860
28634,1333840
28635,1333800
28636,1333700
28637,1333650
28638,1333560
28639,1333530
28640,1333490
28641,1333470
28642,1333460
28643,1333410
28644,1333360
28645,1333350
28646,1333330
28647,1333300
28648,1333280
28649,1333270
28650,1333200
28651,1333190
28652,1333090
28653,1333030
28654,1333020
28655,1332990
28656,1332970
28657,1332950
28658,1332940
28659,1332890
28660,1332860
28661,1332840
28662,1332800
28663,1332760
28664,1332730
28665,1332720
28666,1332660
28667,1332630
28668,1332620
28669,1332590
28670,1332540
28671,1332490
28672,1332470
28673,1332460
28674,1332450
28675,1332380
28676,1332370
28677,1332260
28678,1332220
28679,1332210
28680,1332120
28681,1332090
28682,1332010
28683,1331910
28684,1331670
28685,1331620
28686,1331590
28687,1331550
28688,1331530
28689,1331510
28690,1331420
28691,1331390
28692,1331340
28693,1331330
28694,1331210
28695,1331120
28696,1331090
28697,1331070
28698,1331040
28699,1330960
28700,1330930
28701,1330890
28702,1330830
28703,1330820
28704,1330790
28705,1330760
28706,1330730
28707,1330710
28708,1330660
28709,1330630
28710,1330570
28711,1330560
28712,1330550
28713,1330470
28714,1330460
28715,1330370
28716,1330330
28717,1330290
28718,1330250
28719,1330190
28720,1330180
28721,1330170
28722,1330160
28723,1330120
28724,1330100
28725,1330080
28726,1330000
28727,1329990
28728,1329880
28729,1329850
28730,1329830
28731,1329800
28732,1329790
28733,1329600
28734,1329540
28735,1329530
28736,1329510
28737,1329500
28738,1329470
28739,1329450
28740,1329360
28741,1329320
28742,1329250
28743,1329240
28744,1329110
28745,1329080
28746,1328990
28747,1328920
28748,1328910
28749,1328900
28750,1328890
28751,1328840
28752,1328830
28753,1328810
28754,1328760
28755,1328750
28756,1328710
28757,1328670
28758,1328660
28759,1328620
28760,1328570
28761,1328530
28762,1328510
28763,1328500
28764,1328490
28765,1328470
28766,1328410
28767,1328400
28768,1328350
28769,1328220
28770,1328050
28771,1328000
28772,1327920
28773,1327870
28774,1327820
28775,1327810
28776,1327440
28777,1327430
28778,1327390
28779,1327260
28780,1327080
28781,1327020
28782,1326920
28783,1326470
28784,1326270
28785,1326170
28786,1326110
28787,1326000
28788,1325970
28789,1325960
28790,1325910
28791,1325900
28792,1325890
28793,1325870
28794,1325860
28795,1325800
28796,1325730
28797,1325520
28798,1325470
28799,1325400
28800,1325380
28801,1325370
28802,1325310
28803,1325270
28804,1325260
28805,1325200
28806,1325040
28807,1325000
28808,1324870
28809,1324860
28810,1324830
28811,1324780
28812,1324560
28813,1324530
28814,1324420
28815,1324410
28816,1324360
28817,1324350
28818,1324340
28819,1324270
28820,1324150
28821,1324130
28822,1324070
28823,1324030
28824,1324010
28825,1323950
28826,1323900
28827,1323860
28828,1323830
28829,1323620
28830,1323610
28831,1323600
28832,1323540
28833,1323470
28834,1323420
28835,1323410
28836,1323190
28837,1323000
28838,1322830
28839,1322740
28840,1322730
28841,1322650
28842,1322600
28843,1322540
28844,1322490
28845,1322370
28846,1322310
28847,1322300
28848,1322290
28849,1322270
28850,1322260
28851,1322180
28852,1322170
28853,1322100
28854,1322090
28855,1322010
28856,1321920
28857,1321890
28858,1321840
28859,1321680
28860,1321650
28861,1321590
28862,1321450
28863,1321440
28864,1321400
28865,1321270
28866,1321230
28867,1321220
28868,1321120
28869,1321070
28870,1321040
28871,1321030
28872,1321010
28873,1320990
28874,1320950
28875,1320940
28876,1320830
28877,1320710
28878,1320550
28879,1320520
28880,1320490
28881,1320240
28882,1320230
28883,1320140
28884,1320100
28885,1320030
28886,1319850
28887,1319790
28888,1319690
28889,1319570
28890,1319550
28891,1319460
28892,1319430
28893,1319420
28894,1319400
28895,1319320
28896,1319290
28897,1318980
28898,1318970
28899,1318940
28900,1318800
28901,1318790
28902,1318750
28903,1318740
28904,1318690
28905,1318560
28906,1318550
28907,1318520
28908,1318420
28909,1318280
28910,1318240
28911,1318210
28912,1318150
28913,1318130
28914,1318090
28915,1318030
28916,1317950
28917,1317500
28918,1317310
28919,1317270
28920,1317020
28921,1316950
28922,1316910
28923,1316870
28924,1316830
28925,1316800
28926,1316770
28927,1316760
28928,1316740
28929,1316700
28930,1316680
28931,1316640
28932,1316570
28933,1316560
28934,1316530
28935,1316520
28936,1316390
28937,1316310
28938,1316280
28939,1316230
28940,1316200
28941,1316160
28942,1316060
28943,1316050
28944,1316000
28945,1315980
28946,1315860
28947,1315710
28948,1315680
28949,1315670
28950,1315660
28951,1315650
28952,1315630
28953,1315620
28954,1315610
28955,1315410
28956,1315360
28957,1315270
28958,1315250
28959,1315240
28960,1315210
28961,1315200
28962,1315160
28963,1315120
28964,1315100
28965,1315070
28966,1314980
28967,1314930
28968,1314880
28969,1314870
28970,1314840
28971,1314820
28972,1314770
28973,1314680
28974,1314630
28975,1314620
28976,1314590
28977,1314540
28978,1314480
28979,1314460
28980,1314410
28981,1314300
28982,1314290
28983,1314230
28984,1314170
28985,1314160
28986,1314140
28987,1314000
28988,1313940
28989,1313880
28990,1313860
28991,1313810
28992,1313700
28993,1313640
28994,1313580
28995,1313530
28996,1313490
28997,1313470
28998,1313360
28999,1313350
29000,1313340
29001,1313310
29002,1313140
29003,1313090
29004,1313050
29005,1312990
29006,1312960
29007,1312950
29008,1312740
29009,1312570
29010,1312540
29011,1312310
29012,1312250
29013,1312190
29014,1312070
29015,1312060
29016,1312050
29017,1311990
29018,1311980
29019,1311960
29020,1311930
29021,1311770
29022,1311740
29023,1311710
29024,1311700
29025,1311690
29026,1311660
29027,1311640
29028,1311570
29029,1311540
29030,1311510
29031,1311440
29032,1311320
29033,1311310
29034,1311250
29035,1311220
29036,1311190
29037,1311160
29038,1311150
29039,1311140
29040,1311070
29041,1310990
29042,1310970
29043,1310910
29044,1310790
29045,1310740
29046,1310690
29047,1310650
29048,1310590
29049,1310520
29050,1310510
29051,1310480
29052,1310470
29053,1310410
29054,1310350
29055,1310330
29056,1310270
29057,1310230
29058,1310210
29059,1310120
29060,1310080
29061,1310050
29062,1309990
29063,1309980
29064,1309950
29065,1309940
29066,1309890
29067,1309870
29068,1309860
29069,1309820
29070,1309780
29071,1309760
29072,1309700
29073,1309620
29074,1309610
29075,1309550
29076,1309510
29077,1309440
29078,1309430
29079,1309290
29080,1309280
29081,1309200
29082,1309140
29083,1309130
29084,1309090
29085,1309080
29086,1309000
29087,1308950
29088,1308880
29089,1308870
29090,1308840
29091,1308770
29092,1308760
29093,1308740
29094,1308700
29095,1308660
29096,1308650
29097,1308560
29098,1308550
29099,1308500
29100,1308470
29101,1308360
29102,1308350
29103,1308280
29104,1308250
29105,1308240
29106,1308170
29107,1308130
29108,1308060
29109,1308040
29110,1307900
29111,1307890
29112,1307880
29113,1307870
29114,1307850
29115,1307780
29116,1307760
29117,1307710
29118,1307690
29119,1307670
29120,1307660
29121,1307640
29122,1307580
29123,1307560
29124,1307550
29125,1307530
29126,1307490
29127,1307480
29128,1307460
29129,1307450
29130,1307380
29131,1307370
29132,1307270
29133,1307250
29134,1307240
29135,1307200
29136,1307180
29137,1307090
29138,1307070
29139,1306990
29140,1306970
29141,1306900
29142,1306860
29143,1306840
29144,1306790
29145,1306780
29146,1306770
29147,1306760
29148,1306750
29149,1306720
29150,1306630
29151,1306620
29152,1306580
29153,1306570
29154,1306260
29155,1306210
29156,1306180
29157,1306160
29158,1306060
29159,1305960
29160,1305940
29161,1305890
29162,1305820
29163,1305760
29164,1305730
29165,1305720
29166,1305690
29167,1305590
29168,1305570
29169,1305540
29170,1305500
29171,1305490
29172,1305450
29173,1305440
29174,1305420
29175,1305390
29176,1305380
29177,1305350
29178,1305310
29179,1305300
29180,1305080
29181,1305060
29182,1305050
29183,1305000
29184,1304930
29185,1304910
29186,1304810
29187,1304780
29188,1304770
29189,1304690
29190,1304680
29191,1304660
29192,1304640
29193,1304620
29194,1304580
29195,1304550
29196,1304510
29197,1304470
29198,1304420
29199,1304400
29200,1304390
29201,1304350
29202,1304340
29203,1304320
29204,1304290
29205,1304170
29206,1304160
29207,1304130
29208,1304100
29209,1304090
29210,1303990
29211,1303950
29212,1303870
29213,1303820
29214,1303740
29215,1303680
29216,1303670
29217,1303660
29218,1303590
29219,1303480
29220,1303440
29221,1303390
29222,1303370
29223,1303350
29224,1303280
29225,1303260
29226,1303140
29227,1303050
29228,1303010
29229,1302990
29230,1302930
29231,1302860
29232,1302850
29233,1302800
29234,1302780
29235,1302750
29236,1302730
29237,1302590
29238,1302570
29239,1302550
29240,1302460
29241,1302440
29242,1302430
29243,1302270
29244,1302240
29245,1302230
29246,1302220
29247,1302180
29248,1302110
29249,1302090
29250,1302050
29251,1302000
29252,1301990
29253,1301970
29254,1301950
29255,1301930
29256,1301860
29257,1301850
29258,1301830
29259,1301770
29260,1301720
29261,1301620
29262,1301590
29263,1301580
29264,1301520
29265,1301480
29266,1301470
29267,1301430
29268,1301390
29269,1301290
29270,1301250
29271,1301230
29272,1301220
29273,1301100
29274,1301060
29275,1301010
29276,1300950
29277,1300940
29278,1300920
29279,1300700
29280,1300670
29281,1300610
29282,1300600
29283,1300590
29284,1300580
29285,1300560
29286,1300490
29287,1300430
29288,1300390
29289,1300360
29290,1300330
29291,1300310
29292,1300270
29293,1300200
29294,1300190
29295,1300100
29296,1300060
29297,1300050
29298,1300000
29299,1299990
29300,1299980
29301,1299930
29302,1299890
29303,1299860
29304,1299840
29305,1299820
29306,1299810
29307,1299790
29308,1299750
29309,1299710
29310,1299690
29311,1299620
29312,1299600
29313,1299580
29314,1299540
29315,1299510
29316,1299480
29317,1299430
29318,1299420
29319,1299400
29320,1299370
29321,1299360
29322,1299330
29323,1299320
29324,1299220
29325,1299170
29326,1299130
29327,1299120
29328,1299030
29329,1298850
29330,1298830
29331,1298820
29332,1298740
29333,1298670
29334,1298620
29335,1298530
29336,1298480
29337,1298410
29338,1298310
29339,1298280
29340,1298270
29341,1298260
29342,1298140
29343,1298100
29344,1298080
29345,1298050
29346,1298020
29347,1298010
29348,1297890
29349,1297800
29350,1297790
29351,1297660
29352,1297650
29353,1297530
29354,1297490
29355,1297470
29356,1297430
29357,1297390
29358,1297330
29359,1297320
29360,1297300
29361,1297270
29362,1297230
29363,1297210
29364,1297200
29365,1297160
29366,1297090
29367,1297010
29368,1296980
29369,1296970
29370,1296880
29371,1296860
29372,1296830
29373,1296770
29374,1296720
29375,1296700
29376,1296650
29377,1296610
29378,1296560
29379,1296540
29380,1296510
29381,1296490
29382,1296450
29383,1296360
29384,1296340
29385,1296300
29386,1296290
29387,1296280
29388,1296260
29389,1296010
29390,1295920
29391,1295900
29392,1295860
29393,1295810
29394,1295790
29395,1295760
29396,1295740
29397,1295730
29398,1295670
29399,1295630
29400,1295570
29401,1295510
29402,1295500
29403,1295490
29404,1295440
29405,1295390
29406,1295320
29407,1295270
29408,1295260
29409,1295250
29410,1295230
29411,1295220
29412,1295030
29413,1295000
29414,1294970
29415,1294880
29416,1294810
29417,1294780
29418,1294770
29419,1294760
29420,1294750
29421,1294720
29422,1294680
29423,1294660
29424,1294650
29425,1294450
29426,1294420
29427,1294380
29428,1294360
29429,1294340
29430,1294310
29431,1294280
29432,1294230
29433,1294220
29434,1294160
29435,1294120
29436,1294110
29437,1294060
29438,1294040
29439,1294020
29440,1293990
29441,1293930
29442,1293920
29443,1293910
29444,1293900
29445,1293880
29446,1293860
29447,1293830
29448,1293820
29449,1293780
29450,1293730
29451,1293660
29452,1293650
29453,1293540
29454,1293530
29455,1293520
29456,1293460
29457,1293420
29458,1293400
29459,1293300
29460,1293230
29461,1293180
29462,1293170
29463,1293160
29464,1293120
29465,1293040
29466,1293000
29467,1292980
29468,1292960
29469,1292940
29470,1292920
29471,1292910
29472,1292880
29473,1292860
29474,1292810
29475,1292770
29476,1292750
29477,1292700
29478,1292690
29479,1292630
29480,1292550
29481,1292540
29482,1292520
29483,1292500
29484,1292490
29485,1292440
29486,1292410
29487,1292280
29488,1292250
29489,1292240
29490,1292180
29491,1292170
29492,1292140
29493,1292050
29494,1292040
29495,1292020
29496,1291970
29497,1291860
29498,1291830
29499,1291790
29500,1291680
29501,1291660
29502,1291640
29503,1291540
29504,1291530
29505,1291500
29506,1291370
29507,1291340
29508,1291330
29509,1291310
29510,1291250
29511,1291240
29512,1291230
29513,1291220
29514,1291210
29515,1291170
29516,1291100
29517,1291060
29518,1291050
29519,1291010
29520,1290980
29521,1290960
29522,1290880
29523,1290850
29524,1290830
29525,1290790
29526,1290780
29527,1290770
29528,1290750
29529,1290720
29530,1290710
29531,1290510
29532,1290490
29533,1290350
29534,1290330
29535,1290270
29536,1290260
29537,1290220
29538,1290200
29539,1290170
29540,1290160
29541,1290110
29542,1290090
29543,1290070
29544,1290010
29545,1290000
29546,1289990
29547,1289960
29548,1289900
29549,1289830
29550,1289810
29551,1289750
29552,1289690
29553,1289640
29554,1289520
29555,1289500
29556,1289490
29557,1289440
29558,1289380
29559,1289340
29560,1289330
29561,1289310
29562,1289120
29563,1289010
29564,1288930
29565,1288920
29566,1288900
29567,1288790
29568,1288760
29569,1288670
29570,1288650
29571,1288610
29572,1288600
29573,1288560
29574,1288430
29575,1288420
29576,1288410
29577,1288320
29578,1288310
29579,1288170
29580,1288130
29581,1288070
29582,1288030
29583,1287920
29584,1287860
29585,1287850
29586,1287840
29587,1287830
29588,1287810
29589,1287800
29590,1287750
29591,1287710
29592,1287640
29593,1287590
29594,1287540
29595,1287530
29596,1287510
29597,1287500
29598,1287420
29599,1287310
29600,1287260
29601,1287250
29602,1287230
29603,1287150
29604,1287140
29605,1287130
29606,1287100
29607,1287040
29608,1287030
29609,1287000
29610,1286990
29611,1286980
29612,1286880
29613,1286830
29614,1286810
29615,1286770
29616,1286730
29617,1286710
29618,1286680
29619,1286670
29620,1286600
29621,1286580
29622,1286570
29623,1286480
29624,1286380
29625,1286370
29626,1286360
29627,1286350
29628,1286340
29629,1286330
29630,1286320
29631,1286280
29632,1286210
29633,1286180
29634,1286170
29635,1286160
29636,1286140
29637,1286010
29638,1285940
29639,1285930
29640,1285920
29641,1285870
29642,1285750
29643,1285670
29644,1285630
29645,1285600
29646,1285580
29647,1285560
29648,1285530
29649,1285510
29650,1285500
29651,1285360
29652,1285350
29653,1285230
29654,1285210
29655,1285180
29656,1285160
29657,1285100
29658,1285090
29659,1285080
29660,1285060
29661,1285040
29662,1285020
29663,1285010
29664,1285000
29665,1284950
29666,1284870
29667,1284820
29668,1284800
29669,1284790
29670,1284760
29671,1284550
29672,1284540
29673,1284510
29674,1284480
29675,1284430
29676,1284410
29677,1284390
29678,1284300
29679,1284260
29680,1284210
29681,1284190
29682,1284180
29683,1284150
29684,1284130
29685,1284110
29686,1284090
29687,1284080
29688,1284050
29689,1283970
29690,1283960
29691,1283860
29692,1283850
29693,1283830
29694,1283820
29695,1283810
29696,1283770
29697,1283690
29698,1283680
29699,1283660
29700,1283630
29701,1283620
29702,1283590
29703,1283580
29704,1283550
29705,1283500
29706,1283440
29707,1283430
29708,1283410
29709,1283400
29710,1283370
29711,1283330
29712,1283280
29713,1283260
29714,1283250
29715,1283230
29716,1283220
29717,1283210
29718,1283190
29719,1283140
29720,1283130
29721,1283110
29722,1283070
29723,1283000
29724,1282900
29725,1282890
29726,1282760
29727,1282730
29728,1282690
29729,1282650
29730,1282610
29731,1282590
29732,1282510
29733,1282500
29734,1282410
29735,1282370
29736,1282320
29737,1282240
29738,1282210
29739,1282200
29740,1282150
29741,1282140
29742,1282110
29743,1282100
29744,1282090
29745,1282080
29746,1281990
29747,1281890
29748,1281860
29749,1281800
29750,1281790
29751,1281630
29752,1281600
29753,1281590
29754,1281580
29755,1281530
29756,1281510
29757,1281490
29758,1281420
29759,1281400
29760,1281390
29761,1281360
29762,1281270
29763,1281200
29764,1281190
29765,1281170
29766,1281160
29767,1281150
29768,1281140
29769,1281080
29770,1280970
29771,1280950
29772,1280940
29773,1280930
29774,1280910
29775,1280780
29776,1280770
29777,1280750
29778,1280730
29779,1280700
29780,1280640
29781,1280630
29782,1280550
29783,1280500
29784,1280420
29785,1280380
29786,1280370
29787,1280300
29788,1280260
29789,1280210
29790,1280180
29791,1280100
29792,1280080
29793,1280070
29794,1280060
29795,1280010
29796,1279920
29797,1279910
29798,1279800
29799,1279700
29800,1279630
29801,1279620
29802,1279590
29803,1279540
29804,1279510
29805,1279480
29806,1279450
29807,1279420
29808,1279410
29809,1279400
29810,1279390
29811,1279380
29812,1279370
29813,1279330
29814,1279320
29815,1279310
29816,1279280
29817,1279270
29818,1279260
29819,1279240
29820,1279020
29821,1279000
29822,1278960
29823,1278880
29824,1278760
29825,1278750
29826,1278690
29827,1278540
29828,1278520
29829,1278500
29830,1278480
29831,1278390
29832,1278370
29833,1278360
29834,1278350
29835,1278290
29836,1278270
29837,1278230
29838,1278210
29839,1278200
29840,1278190
29841,1278170
29842,1278150
29843,1278100
29844,1278090
29845,1278060
29846,1277970
29847,1277950
29848,1277940
29849,1277930
29850,1277920
29851,1277870
29852,1277840
29853,1277710
29854,1277510
29855,1277500
29856,1277400
29857,1277390
29858,1277320
29859,1277310
29860,1277230
29861,1277210
29862,1277130
29863,1277100
29864,1276810
29865,1276800
29866,1276790
29867,1276760
29868,1276750
29869,1276740
29870,1276720
29871,1276660
29872,1276610
29873,1276600
29874,1276550
29875,1276540
29876,1276530
29877,1276490
29878,1276470
29879,1276450
29880,1276430
29881,1276390
29882,1276320
29883,1276290
29884,1276140
29885,1276130
29886,1276100
29887,1276070
29888,1276040
29889,1275980
29890,1275890
29891,1275880
29892,1275860
29893,1275850
29894,1275810
29895,1275790
29896,1275770
29897,1275760
29898,1275670
29899,1275660
29900,1275640
29901,1275630
29902,1275600
29903,1275590
29904,1275540
29905,1275490
29906,1275450
29907,1275410
29908,1275390
29909,1275370
29910,1275350
29911,1275330
29912,1275290
29913,1275250
29914,1275210
29915,1275190
29916,1275150
29917,1275070
29918,1275060
29919,1274980
29920,1274970
29921,1274940
29922,1274910
29923,1274840
29924,1274820
29925,1274800
29926,1274710
29927,1274640
29928,1274630
29929,1274610
29930,1274600
29931,1274570
29932,1274550
29933,1274490
29934,1274440
29935,1274360
29936,1274310
29937,1274300
29938,1274290
29939,1274230
29940,1274210
29941,1274200
29942,1274150
29943,1274140
29944,1274090
29945,1274020
29946,1273940
29947,1273930
29948,1273920
29949,1273800
29950,1273790
29951,1273780
29952,1273750
29953,1273720
29954,1273710
29955,1273690
29956,1273620
29957,1273600
29958,1273590
29959,1273580
29960,1273570
29961,1273560
29962,1273540
29963,1273520
29964,1273480
29965,1273450
29966,1273440
29967,1273430
29968,1273400
29969,1273320
29970,1273260
29971,1273250
29972,1273220
29973,1273180
29974,1273120
29975,1273110
29976,1273100
29977,1273080
29978,1273010
29979,1272970
29980,1272920
29981,1272900
29982,1272860
29983,1272840
29984,1272690
29985,1272680
29986,1272580
29987,1272550
29988,1272500
29989,1272450
29990,1272360
29991,1272340
29992,1272320
29993,1272240
29994,1272160
29995,1272130
29996,1272120
29997,1272110
29998,1272100
29999,1272080
30000,1272070
30001,1272060
30002,1272010
30003,1271980
30004,1271920
30005,1271910
30006,1271870
30007,1271850
30008,1271750
30009,1271740
30010,1271710
30011,1271700
30012,1271690
30013,1271630
30014,1271620
30015,1271580
30016,1271540
30017,1271530
30018,1271460
30019,1271450
30020,1271420
30021,1271400
30022,1271380
30023,1271340
30024,1271310
30025,1271300
30026,1271280
30027,1271260
30028,1271250
30029,1271190
30030,1271170
30031,1271110
30032,1271100
30033,1271090
30034,1271080
30035,1271070
30036,1271050
30037,1271030
30038,1270980
30039,1270930
30040,1270910
30041,1270870
30042,1270850
30043,1270720
30044,1270680
30045,1270670
30046,1270620
30047,1270580
30048,1270570
30049,1270520
30050,1270460
30051,1270420
30052,1270410
30053,1270390
30054,1270380
30055,1270370
30056,1270230
30057,1270210
30058,1270100
30059,1270080
30060,1270010
30061,1269990
30062,1269960
30063,1269950
30064,1269890
30065,1269830
30066,1269820
30067,1269810
30068,1269770
30069,1269710
30070,1269690
30071,1269640
30072,1269620
30073,1269590
30074,1269550
30075,1269520
30076,1269500
30077,1269370
30078,1269350
30079,1269310
30080,1269300
30081,1269260
30082,1269250
30083,1269240
30084,1269150
30085,1269120
30086,1269050
30087,1269030
30088,1269020
30089,1268960
30090,1268900
30091,1268870
30092,1268860
30093,1268810
30094,1268750
30095,1268590
30096,1268530
30097,1268420
30098,1268410
30099,1268400
30100,1268380
30101,1268370
30102,1268360
30103,1268350
30104,1268330
30105,1268290
30106,1268250
30107,1268200
30108,1268140
30109,1268110
30110,1268100
30111,1268040
30112,1267950
30113,1267940
30114,1267930
30115,1267910
30116,1267870
30117,1267830
30118,1267810
30119,1267770
30120,1267580
30121,1267540
30122,1267470
30123,1267400
30124,1267370
30125,1267330
30126,1267310
30127,1267280
30128,1267270
30129,1267260
30130,1267210
30131,1267170
30132,1267130
30133,1267070
30134,1267010
30135,1266980
30136,1266900
30137,1266890
30138,1266840
30139,1266820
30140,1266800
30141,1266700
30142,1266690
30143,1266680
30144,1266640
30145,1266630
30146,1266600
30147,1266560
30148,1266540
30149,1266440
30150,1266430
30151,1266400
30152,1266370
30153,1266340
30154,1266220
30155,1266140
30156,1266120
30157,1266100
30158,1266030
30159,1265970
30160,1265960
30161,1265930
30162,1265920
30163,1265870
30164,1265860
30165,1265850
30166,1265820
30167,1265810
30168,1265800
30169,1265790
30170,1265780
30171,1265770
30172,1265720
30173,1265690
30174,1265650
30175,1265570
30176,1265510
30177,1265460
30178,1265410
30179,1265360
30180,1265300
30181,1265270
30182,1265230
30183,1265220
30184,1265170
30185,1265140
30186,1265120
30187,1265090
30188,1265080
30189,1265030
30190,1264970
30191,1264930
30192,1264920
30193,1264900
30194,1264880
30195,1264850
30196,1264800
30197,1264790
30198,1264770
30199,1264760
30200,1264740
30201,1264730
30202,1264710
30203,1264670
30204,1264650
30205,1264640
30206,1264590
30207,1264550
30208,1264520
30209,1264510
30210,1264470
30211,1264420
30212,1264360
30213,1264350
30214,1264310
30215,1264280
30216,1264250
30217,1264230
30218,1264220
30219,1264200
30220,1264180
30221,1264160
30222,1264050
30223,1264000
30224,1263990
30225,1263920
30226,1263860
30227,1263850
30228,1263840
30229,1263820
30230,1263780
30231,1263750
30232,1263700
30233,1263680
30234,1263620
30235,1263610
30236,1263550
30237,1263490
30238,1263450
30239,1263370
30240,1263350
30241,1263230
30242,1263220
30243,1263200
30244,1263160
30245,1263130
30246,1263110
30247,1263100
30248,1263070
30249,1263060
30250,1262930
30251,1262920
30252,1262910
30253,1262890
30254,1262780
30255,1262720
30256,1262640
30257,1262600
30258,1262580
30259,1262560
30260,1262540
30261,1262460
30262,1262350
30263,1262260
30264,1262240
30265,1262190
30266,1262170
30267,1262140
30268,1262120
30269,1262110
30270,1262100
30271,1262080
30272,1262060
30273,1262040
30274,1261990
30275,1261980
30276,1261970
30277,1261960
30278,1261880
30279,1261760
30280,1261750
30281,1261700
30282,1261670
30283,1261660
30284,1261640
30285,1261570
30286,1261530
30287,1261520
30288,1261430
30289,1261390
30290,1261300
30291,1261220
30292,1261200
30293,1261170
30294,1261130
30295,1261090
30296,1261060
30297,1261040
30298,1261020
30299,1261010
30300,1260960
30301,1260840
30302,1260830
30303,1260820
30304,1260810
30305,1260800
30306,1260770
30307,1260710
30308,1260670
30309,1260620
30310,1260590
30311,1260580
30312,1260520
30313,1260470
30314,1260440
30315,1260400
30316,1260390
30317,1260370
30318,1260320
30319,1260310
30320,1260220
30321,1260130
30322,1260020
30323,1259990
30324,1259980
30325,1259960
30326,1259890
30327,1259860
30328,1259840
30329,1259800
30330,1259790
30331,1259760
30332,1259740
30333,1259640
30334,1259610
30335,1259600
30336,1259580
30337,1259560
30338,1259530
30339,1259510
30340,1259460
30341,1259440
30342,1259430
30343,1259420
30344,1259380
30345,1259370
30346,1259330
30347,1259300
30348,1259240
30349,1259180
30350,1259150
30351,1259140
30352,1259130
30353,1259050
30354,1259000
30355,1258980
30356,1258900
30357,1258800
30358,1258790
30359,1258780
30360,1258770
30361,1258750
30362,1258730
30363,1258710
30364,1258620
30365,1258590
30366,1258520
30367,1258480
30368,1258460
30369,1258340
30370,1258310
30371,1258220
30372,1258190
30373,1258140
30374,1258090
30375,1258080
30376,1258060
30377,1258040
30378,1258020
30379,1257940
30380,1257930
30381,1257910
30382,1257900
30383,1257880
30384,1257860
30385,1257850
30386,1257840
30387,1257810
30388,1257800
30389,1257720
30390,1257670
30391,1257660
30392,1257600
30393,1257550
30394,1257430
30395,1257410
30396,1257360
30397,1257310
30398,1257290
30399,1257280
30400,1257250
30401,1257210
30402,1257200
30403,1257170
30404,1256950
30405,1256920
30406,1256830
30407,1256710
30408,1256690
30409,1256670
30410,1256660
30411,1256610
30412,1256530
30413,1256520
30414,1256490
30415,1256430
30416,1256380
30417,1256230
30418,1256220
30419,1256190
30420,1256130
30421,1256060
30422,1256040
30423,1255990
30424,1255910
30425,1255840
30426,1255830
30427,1255810
30428,1255740
30429,1255680
30430,1255660
30431,1255650
30432,1255640
30433,1255560
30434,1255550
30435,1255380
30436,1255320
30437,1255300
30438,1255230
30439,1255130
30440,1255050
30441,1255040
30442,1255030
30443,1255010
30444,1254950
30445,1254930
30446,1254900
30447,1254870
30448,1254860
30449,1254820
30450,1254720
30451,1254670
30452,1254630
30453,1254620
30454,1254590
30455,1254530
30456,1254500
30457,1254480
30458,1254430
30459,1254400
30460,1254370
30461,1254360
30462,1254320
30463,1254280
30464,1254180
30465,1254160
30466,1254150
30467,1254130
30468,1254110
30469,1253940
30470,1253930
30471,1253920
30472,1253900
30473,1253880
30474,1253870
30475,1253860
30476,1253820
30477,1253710
30478,1253690
30479,1253680
30480,1253620
30481,1253610
30482,1253580
30483,1253570
30484,1253550
30485,1253520
30486,1253410
30487,1253390
30488,1253270
30489,1253190
30490,1253180
30491,1253160
30492,1253110
30493,1253030
30494,1252850
30495,1252830
30496,1252780
30497,1252730
30498,1252710
30499,1252680
30500,1252650
30501,1252600
30502,1252580
30503,1252560
30504,1252410
30505,1252400
30506,1252390
30507,1252330
30508,1252320
30509,1252300
30510,1252250
30511,1252240
30512,1252210
30513,1252190
30514,1252170
30515,1252160
30516,1252100
30517,1252050
30518,1252040
30519,1252030
30520,1252020
30521,1252010
30522,1252000
30523,1251980
30524,1251970
30525,1251930
30526,1251910
30527,1251850
30528,1251840
30529,1251750
30530,1251690
30531,1251680
30532,1251530
30533,1251460
30534,1251430
30535,1251410
30536,1251400
30537,1251360
30538,1251330
30539,1251300
30540,1251250
30541,1251210
30542,1251200
30543,1251060
30544,1251040
30545,1250960
30546,1250940
30547,1250900
30548,1250870
30549,1250790
30550,1250770
30551,1250760
30552,1250650
30553,1250630
30554,1250610
30555,1250590
30556,1250560
30557,1250520
30558,1250490
30559,1250440
30560,1250410
30561,1250300
30562,1250290
30563,1250280
30564,1250250
30565,1250220
30566,1250180
30567,1250100
30568,1250070
30569,1250060
30570,1250030
30571,1249980
30572,1249970
30573,1249890
30574,1249880
30575,1249850
30576,1249800
30577,1249780
30578,1249740
30579,1249700
30580,1249680
30581,1249510
30582,1249500
30583,1249480
30584,1249430
30585,1249420
30586,1249410
30587,1249300
30588,1249290
30589,1249260
30590,1249200
30591,1249170
30592,1249150
30593,1249130
30594,1249110
30595,1249080
30596,1249070
30597,1249060
30598,1249040
30599,1249010
30600,1248970
30601,1248910
30602,1248860
30603,1248840
30604,1248820
30605,1248800
30606,1248710
30607,1248590
30608,1248550
30609,1248460
30610,1248450
30611,1248420
30612,1248390
30613,1248360
30614,1248350
30615,1248270
30616,1248220
30617,1248140
30618,1248130
30619,1248120
30620,1248080
30621,1248060
30622,1247950
30623,1247940
30624,1247920
30625,1247910
30626,1247880
30627,1247860
30628,1247830
30629,1247740
30630,1247730
30631,1247720
30632,1247640
30633,1247580
30634,1247570
30635,1247460
30636,1247370
30637,1247360
30638,1247290
30639,1247190
30640,1247170
30641,1247160
30642,1247110
30643,1247100
30644,1247070
30645,1247020
30646,1246950
30647,1246940
30648,1246930
30649,1246870
30650,1246780
30651,1246710
30652,1246680
30653,1246490
30654,1246460
30655,1246420
30656,1246390
30657,1246250
30658,1246230
30659,1246140
30660,1246060
30661,1246020
30662,1245950
30663,1245920
30664,1245910
30665,1245900
30666,1245820
30667,1245810
30668,1245780
30669,1245670
30670,1245640
30671,1245620
30672,1245610
30673,1245560
30674,1245540
30675,1245500
30676,1245470
30677,1245430
30678,1245380
30679,1245370
30680,1245280
30681,1245260
30682,1245090
30683,1245060
30684,1245000
30685,1244960
30686,1244950
30687,1244930
30688,1244910
30689,1244850
30690,1244800
30691,1244760
30692,1244630
30693,1244530
30694,1244520
30695,1244460
30696,1244390
30697,1244380
30698,1244260
30699,1244210
30700,1244190
30701,1244140
30702,1244090
30703,1244040
30704,1243960
30705,1243890
30706,1243880
30707,1243850
30708,1243830
30709,1243820
30710,1243790
30711,1243750
30712,1243700
30713,1243690
30714,1243670
30715,1243580
30716,1243560
30717,1243530
30718,1243520
30719,1243420
30720,1243360
30721,1243260
30722,1243240
30723,1243220
30724,1243200
30725,1243160
30726,1243150
30727,1243140
30728,1243130
30729,1243100
30730,1243010
30731,1242980
30732,1242960
30733,1242910
30734,1242830
30735,1242820
30736,1242710
30737,1242670
30738,1242630
30739,1241950
30740,1241910
30741,1241780
30742,1241710
30743,1241700
30744,1241520
30745,1241510
30746,1241500
30747,1241380
30748,1241370
30749,1241230
30750,1241160
30751,1241110
30752,1241100
30753,1241040
30754,1241030
30755,1241020
30756,1240910
30757,1240840
30758,1240810
30759,1240790
30760,1240730
30761,1240690
30762,1240630
30763,1240610
30764,1240600
30765,1240590
30766,1240550
30767,1240530
30768,1240480
30769,1240460
30770,1240450
30771,1240440
30772,1240370
30773,1240350
30774,1240290
30775,1240240
30776,1240230
30777,1240210
30778,1240140
30779,1240130
30780,1240120
30781,1240060
30782,1240050
30783,1239980
30784,1239970
30785,1239950
30786,1239940
30787,1239800
30788,1239690
30789,1239660
30790,1239590
30791,1239580
30792,1239520
30793,1239490
30794,1239320
30795,1239300
30796,1239270
30797,1239260
30798,1239190
30799,1239180
30800,1239080
30801,1239050
30802,1239020
30803,1239000
30804,1238920
30805,1238880
30806,1238860
30807,1238840
30808,1238820
30809,1238810
30810,1238730
30811,1238680
30812,1238520
30813,1238490
30814,1238480
30815,1238450
30816,1238400
30817,1238360
30818,1238330
30819,1238280
30820,1238250
30821,1238180
30822,1238080
30823,1238060
30824,1238040
30825,1238020
30826,1238000
30827,1237980
30828,1237970
30829,1237950
30830,1237890
30831,1237880
30832,1237870
30833,1237800
30834,1237780
30835,1237760
30836,1237730
30837,1237690
30838,1237610
30839,1237590
30840,1237570
30841,1237540
30842,1237530
30843,1237510
30844,1237490
30845,1237330
30846,1237320
30847,1237310
30848,1237260
30849,1237220
30850,1237080
30851,1237070
30852,1237060
30853,1237040
30854,1236990
30855,1236960
30856,1236930
30857,1236900
30858,1236880
30859,1236860
30860,1236810
30861,1236780
30862,1236770
30863,1236760
30864,1236720
30865,1236700
30866,1236670
30867,1236620
30868,1236560
30869,1236530
30870,1236490
30871,1236480
30872,1236450
30873,1236430
30874,1236400
30875,1236320
30876,1236300
30877,1236240
30878,1236190
30879,1236160
30880,1236070
30881,1236050
30882,1236040
30883,1235950
30884,1235910
30885,1235830
30886,1235810
30887,1235800
30888,1235790
30889,1235520
30890,1235480
30891,1235460
30892,1235450
30893,1235400
30894,1235360
30895,1235160
30896,1235140
30897,1235120
30898,1235110
30899,1235100
30900,1235090
30901,1234940
30902,1234900
30903,1234890
30904,1234850
30905,1234840
30906,1234830
30907,1234750
30908,1234730
30909,1234700
30910,1234620
30911,1234600
30912,1234550
30913,1234520
30914,1234450
30915,1234430
30916,1234400
30917,1234380
30918,1234260
30919,1234240
30920,1234220
30921,1234190
30922,1234180
30923,1234120
30924,1234030
30925,1234020
30926,1233990
30927,1233950
30928,1233900
30929,1233880
30930,1233850
30931,1233820
30932,1233800
30933,1233790
30934,1233780
30935,1233720
30936,1233710
30937,1233690
30938,1233590
30939,1233570
30940,1233540
30941,1233530
30942,1233510
30943,1233420
30944,1233410
30945,1233380
30946,1233350
30947,1233270
30948,1233260
30949,1233250
30950,1233230
30951,1233210
30952,1233200
30953,1233170
30954,1233070
30955,1232940
30956,1232920
30957,1232870
30958,1232830
30959,1232810
30960,1232730
30961,1232670
30962,1232640
30963,1232610
30964,1232590
30965,1232580
30966,1232570
30967,1232510
30968,1232500
30969,1232460
30970,1232420
30971,1232330
30972,1232310
30973,1232230
30974,1232180
30975,1232150
30976,1232140
30977,1232130
30978,1232120
30979,1232100
30980,1232010
30981,1231990
30982,1231970
30983,1231950
30984,1231940
30985,1231900
30986,1231880
30987,1231840
30988,1231740
30989,1231710
30990,1231670
30991,1231590
30992,1231580
30993,1231530
30994,1231520
30995,1231460
30996,1231150
30997,1231130
30998,1230990
30999,1230980
31000,1230930
31001,1230860
31002,1230800
31003,1230660
31004,1230650
31005,1230560
31006,1230530
31007,1230510
31008,1230410
31009,1230340
31010,1230260
31011,1230200
31012,1230170
31013,1230140
31014,1230100
31015,1230010
31016,1230000
31017,1229960
31018,1229900
31019,1229890
31020,1229880
31021,1229740
31022,1229730
31023,1229650
31024,1229590
31025,1229580
31026,1229570
31027,1229500
31028,1229490
31029,1229460
31030,1229420
31031,1229390
31032,1229380
31033,1229310
31034,1229280
31035,1229270
31036,1229260
31037,1229250
31038,1229240
31039,1229090
31040,1229060
31041,1229030
31042,1229020
31043,1229000
31044,1228970
31045,1228960
31046,1228950
31047,1228910
31048,1228870
31049,1228790
31050,1228760
31051,1228730
31052,1228680
31053,1228670
31054,1228600
31055,1228570
31056,1228560
31057,1228520
31058,1228510
31059,1228500
31060,1228470
31061,1228440
31062,1228430
31063,1228410
31064,1228360
31065,1228320
31066,1227890
31067,1227860
31068,1227780
31069,1227750
31070,1227690
31071,1227680
31072,1227650
31073,1227600
31074,1227590
31075,1227580
31076,1227570
31077,1227530
31078,1227490
31079,1227400
31080,1227390
31081,1227360
31082,1227320
31083,1227280
31084,1227260
31085,1227250
31086,1227130
31087,1227010
31088,1227000
31089,1226990
31090,1226970
31091,1226960
31092,1226890
31093,1226880
31094,1226840
31095,1226640
31096,1226610
31097,1226540
31098,1226530
31099,1226510
31100,1226490
31101,1226470
31102,1226250
31103,1226210
31104,1226160
31105,1226070
31106,1226020
31107,1226010
31108,1226000
31109,1225930
31110,1225920
31111,1225870
31112,1225850
31113,1225840
31114,1225820
31115,1225810
31116,1225790
31117,1225780
31118,1225680
31119,1225660
31120,1225640
31121,1225610
31122,1225600
31123,1225590
31124,1225580
31125,1225570
31126,1225560
31127,1225550
31128,1225380
31129,1225290
31130,1225260
31131,1225130
31132,1225120
31133,1225110
31134,1225070
31135,1225060
31136,1224900
31137,1224840
31138,1224720
31139,1224710
31140,1224700
31141,1224690
31142,1224640
31143,1224600
31144,1224530
31145,1224480
31146,1224450
31147,1224380
31148,1224290
31149,1224230
31150,1224160
31151,1224120
31152,1224050
31153,1224030
31154,1224020
31155,1223910
31156,1223870
31157,1223810
31158,1223750
31159,1223730
31160,1223660
31161,1223530
31162,1223500
31163,1223390
31164,1223380
31165,1223370
31166,1223350
31167,1223250
31168,1223150
31169,1223110
31170,1223090
31171,1223020
31172,1222940
31173,1222930
31174,1222870
31175,1222830
31176,1222800
31177,1222750
31178,1222730
31179,1222720
31180,1222700
31181,1222690
31182,1222680
31183,1222670
31184,1222640
31185,1222610
31186,1222600
31187,1222570
31188,1222540
31189,1222480
31190,1222470
31191,1222400
31192,1222380
31193,1222370
31194,1222360
31195,1222340
31196,1222300
31197,1222270
31198,1222250
31199,1222240
31200,1222210
31201,1222200
31202,1222180
31203,1222170
31204,1222160
31205,1222140
31206,1222090
31207,1222050
31208,1222040
31209,1222020
31210,1221990
31211,1221890
31212,1221860
31213,1221830
31214,1221800
31215,1221650
31216,1221640
31217,1221630
31218,1221620
31219,1221600
31220,1221590
31221,1221560
31222,1221540
31223,1221460
31224,1221440
31225,1221420
31226,1221400
31227,1221320
31228,1221300
31229,1221280
31230,1221250
31231,1221240
31232,1221230
31233,1221080
31234,1221050
31235,1221030
31236,1221010
31237,1220990
31238,1220930
31239,1220920
31240,1220900
31241,1220890
31242,1220840
31243,1220710
31244,1220690
31245,1220600
31246,1220370
31247,1220340
31248,1220330
31249,1220200
31250,1220190
31251,1220170
31252,1220160
31253,1220150
31254,1220140
31255,1220120
31256,1220100
31257,1220080
31258,1220010
31259,1219950
31260,1219940
31261,1219910
31262,1219860
31263,1219740
31264,1219730
31265,1219700
31266,1219650
31267,1219620
31268,1219610
31269,1219590
31270,1219580
31271,1219540
31272,1219520
31273,1219500
31274,1219480
31275,1219450
31276,1219420
31277,1219320
31278,1219300
31279,1219240
31280,1219220
31281,1219110
31282,1219080
31283,1219070
31284,1219060
31285,1219020
31286,1218950
31287,1218940
31288,1218920
31289,1218900
31290,1218890
31291,1218850
31292,1218830
31293,1218790
31294,1218750
31295,1218740
31296,1218710
31297,1218680
31298,1218670
31299,1218640
31300,1218580
31301,1218570
31302,1218560
31303,1218520
31304,1218500
31305,1218470
31306,1218420
31307,1218360
31308,1218280
31309,1218260
31310,1218250
31311,1218230
31312,1218210
31313,1218200
31314,1218170
31315,1218140
31316,1218090
31317,1217930
31318,1217900
31319,1217860
31320,1217830
31321,1217750
31322,1217720
31323,1217610
31324,1217580
31325,1217570
31326,1217550
31327,1217510
31328,1217490
31329,1217410
31330,1217390
31331,1217380
31332,1217350
31333,1217340
31334,1217330
31335,1217310
31336,1217260
31337,1217220
31338,1217200
31339,1217190
31340,1217100
31341,1217070
31342,1217060
31343,1217050
31344,1216980
31345,1216940
31346,1216880
31347,1216870
31348,1216720
31349,1216710
31350,1216660
31351,1216610
31352,1216600
31353,1216590
31354,1216550
31355,1216540
31356,1216490
31357,1216470
31358,1216370
31359,1216350
31360,1216320
31361,1216300
31362,1216230
31363,1216220
31364,1216200
31365,1216150
31366,1216080
31367,1216060
31368,1216050
31369,1216030
31370,1215960
31371,1215950
31372,1215930
31373,1215900
31374,1215870
31375,1215860
31376,1215770
31377,1215750
31378,1215740
31379,1215710
31380,1215660
31381,1215650
31382,1215550
31383,1215540
31384,1215520
31385,1215500
31386,1215430
31387,1215410
31388,1215390
31389,1215340
31390,1215320
31391,1215280
31392,1215270
31393,1215260
31394,1215200
31395,1215180
31396,1215090
31397,1215060
31398,1215000
31399,1214980
31400,1214920
31401,1214850
31402,1214670
31403,1214650
31404,1214640
31405,1214630
31406,1214600
31407,1214570
31408,1214540
31409,1214520
31410,1214500
31411,1214490
31412,1214470
31413,1214460
31414,1214450
31415,1214410
31416,1214360
31417,1214330
31418,1214280
31419,1214210
31420,1214200
31421,1214180
31422,1214060
31423,1213910
31424,1213870
31425,1213860
31426,1213770
31427,1213750
31428,1213740
31429,1213710
31430,1213700
31431,1213680
31432,1213670
31433,1213640
31434,1213570
31435,1213550
31436,1213460
31437,1213420
31438,1213390
31439,1213370
31440,1213230
31441,1213220
31442,1213210
31443,1213180
31444,1213000
31445,1212960
31446,1212940
31447,1212930
31448,1212870
31449,1212860
31450,1212850
31451,1212830
31452,1212780
31453,1212750
31454,1212730
31455,1212710
31456,1212620
31457,1212610
31458,1212600
31459,1212450
31460,1212440
31461,1212410
31462,1212400
31463,1212370
31464,1212360
31465,1212300
31466,1212190
31467,1212170
31468,1212150
31469,1212110
31470,1212100
31471,1212040
31472,1212020
31473,1211990
31474,1211960
31475,1211930
31476,1211830
31477,1211790
31478,1211740
31479,1211650
31480,1211640
31481,1211630
31482,1211600
31483,1211540
31484,1211490
31485,1211420
31486,1211370
31487,1211360
31488,1211350
31489,1211240
31490,1211180
31491,1211120
31492,1211110
31493,1211020
31494,1210930
31495,1210910
31496,1210850
31497,1210800
31498,1210780
31499,1210740
31500,1210700
31501,1210680
31502,1210670
31503,1210660
31504,1210650
31505,1210620
31506,1210610
31507,1210600
31508,1210590
31509,1210570
31510,1210550
31511,1210540
31512,1210490
31513,1210470
31514,1210380
31515,1210340
31516,1210330
31517,1210320
31518,1210250
31519,1210230
31520,1210220
31521,1210150
31522,1210110
31523,1210060
31524,1210030
31525,1210010
31526,1209990
31527,1209950
31528,1209910
31529,1209860
31530,1209790
31531,1209770
31532,1209750
31533,1209740
31534,1209720
31535,1209650
31536,1209570
31537,1209520
31538,1209510
31539,1209490
31540,1209450
31541,1209440
31542,1209430
31543,1209410
31544,1209360
31545,1209330
31546,1209170
31547,1209140
31548,1209080
31549,1209060
31550,1209000
31551,1208980
31552,1208950
31553,1208900
31554,1208850
31555,1208830
31556,1208810
31557,1208770
31558,1208760
31559,1208600
31560,1208590
31561,1208580
31562,1208550
31563,1208520
31564,1208490
31565,1208420
31566,1208380
31567,1208370
31568,1208330
31569,1208260
31570,1208220
31571,1208120
31572,1208090
31573,1208080
31574,1208050
31575,1208030
31576,1207880
31577,1207850
31578,1207840
31579,1207800
31580,1207780
31581,1207770
31582,1207710
31583,1207650
31584,1207590
31585,1207540
31586,1207480
31587,1207420
31588,1207400
31589,1207390
31590,1207380
31591,1207320
31592,1207310
31593,1207230
31594,1207210
31595,1207090
31596,1207030
31597,1207020
31598,1207010
31599,1206930
31600,1206910
31601,1206900
31602,1206810
31603,1206790
31604,1206770
31605,1206720
31606,1206700
31607,1206670
31608,1206620
31609,1206610
31610,1206600
31611,1206570
31612,1206560
31613,1206490
31614,1206480
31615,1206430
31616,1206410
31617,1206380
31618,1206370
31619,1206350
31620,1206290
31621,1206280
31622,1206260
31623,1206240
31624,1206230
31625,1206110
31626,1206090
31627,1206080
31628,1206060
31629,1206050
31630,1206000
31631,1205970
31632,1205960
31633,1205950
31634,1205900
31635,1205590
31636,1205560
31637,1205540
31638,1205520
31639,1205480
31640,1205450
31641,1205430
31642,1205260
31643,1205240
31644,1205170
31645,1205160
31646,1205150
31647,1205140
31648,1205130
31649,1205060
31650,1205040
31651,1204990
31652,1204940
31653,1204930
31654,1204920
31655,1204880
31656,1204860
31657,1204760
31658,1204750
31659,1204740
31660,1204720
31661,1204710
31662,1204700
31663,1204630
31664,1204580
31665,1204560
31666,1204490
31667,1204470
31668,1204440
31669,1204410
31670,1204380
31671,1204370
31672,1204360
31673,1204340
31674,1204330
31675,1204320
31676,1204270
31677,1204230
31678,1204220
31679,1204080
31680,1204050
31681,1204040
31682,1203990
31683,1203970
31684,1203960
31685,1203930
31686,1203890
31687,1203850
31688,1203780
31689,1203770
31690,1203750
31691,1203710
31692,1203680
31693,1203670
31694,1203650
31695,1203630
31696,1203620
31697,1203600
31698,1203580
31699,1203570
31700,1203560
31701,1203500
31702,1203470
31703,1203460
31704,1203430
31705,1203420
31706,1203400
31707,1203370
31708,1203360
31709,1203320
31710,1203240
31711,1203220
31712,1203180
31713,1203160
31714,1203140
31715,1203050
31716,1202970
31717,1202930
31718,1202910
31719,1202900
31720,1202870
31721,1202790
31722,1202780
31723,1202770
31724,1202730
31725,1202710
31726,1202690
31727,1202660
31728,1202650
31729,1202640
31730,1202630
31731,1202610
31732,1202580
31733,1202570
31734,1202540
31735,1202480
31736,1202420
31737,1202410
31738,1202400
31739,1202310
31740,1202300
31741,1202280
31742,1202240
31743,1202200
31744,1202170
31745,1202160
31746,1202150
31747,1202140
31748,1202130
31749,1202120
31750,1202100
31751,1202090
31752,1202070
31753,1201960
31754,1201950
31755,1201940
31756,1201930
31757,1201910
31758,1201880
31759,1201870
31760,1201840
31761,1201830
31762,1201810
31763,1201800
31764,1201760
31765,1201730
31766,1201630
31767,1201550
31768,1201540
31769,1201500
31770,1201450
31771,1201400
31772,1201370
31773,1201330
31774,1201310
31775,1201280
31776,1201270
31777,1201260
31778,1201240
31779,1201230
31780,1201220
31781,1201000
31782,1200930
31783,1200910
31784,1200900
31785,1200860
31786,1200780
31787,1200730
31788,1200720
31789,1200710
31790,1200650
31791,1200580
31792,1200570
31793,1200430
31794,1200420
31795,1200400
31796,1200350
31797,1200330
31798,1200290
31799,1200230
31800,1200220
31801,1200200
31802,1200150
31803,1200140
31804,1200110
31805,1199910
31806,1199900
31807,1199830
31808,1199790
31809,1199770
31810,1199760
31811,1199660
31812,1199610
31813,1199560
31814,1199540
31815,1199450
31816,1199370
31817,1199360
31818,1199220
31819,1199180
31820,1199170
31821,1199150
31822,1199140
31823,1199060
31824,1199050
31825,1199030
31826,1199010
31827,1198860
31828,1198850
31829,1198820
31830,1198810
31831,1198760
31832,1198740
31833,1198730
31834,1198700
31835,1198630
31836,1198600
31837,1198590
31838,1198510
31839,1198490
31840,1198450
31841,1198400
31842,1198390
31843,1198380
31844,1198320
31845,1198310
31846,1198290
31847,1198270
31848,1198260
31849,1198240
31850,1198210
31851,1198090
31852,1198080
31853,1198070
31854,1198060
31855,1198050
31856,1198040
31857,1197990
31858,1197960
31859,1197820
31860,1197770
31861,1197730
31862,1197710
31863,1197700
31864,1197670
31865,1197620
31866,1197590
31867,1197580
31868,1197570
31869,1197530
31870,1197520
31871,1197440
31872,1197390
31873,1197370
31874,1197360
31875,1197350
31876,1197320
31877,1197280
31878,1197260
31879,1197230
31880,1197220
31881,1197210
31882,1197180
31883,1197160
31884,1197150
31885,1197110
31886,1197100
31887,1197060
31888,1197030
31889,1197010
31890,1196940
31891,1196890
31892,1196880
31893,1196800
31894,1196750
31895,1196690
31896,1196630
31897,1196620
31898,1196590
31899,1196580
31900,1196570
31901,1196520
31902,1196500
31903,1196470
31904,1196450
31905,1196440
31906,1196400
31907,1196390
31908,1196350
31909,1196310
31910,1196300
31911,1196280
31912,1196260
31913,1196240
31914,1196130
31915,1196090
31916,1196080
31917,1195920
31918,1195910
31919,1195830
31920,1195710
31921,1195620
31922,1195560
31923,1195550
31924,1195530
31925,1195460
31926,1195420
31927,1195410
31928,1195360
31929,1195350
31930,1195340
31931,1195290
31932,1195270
31933,1195230
31934,1195220
31935,1195170
31936,1195070
31937,1195020
31938,1194940
31939,1194930
31940,1194910
31941,1194870
31942,1194840
31943,1194830
31944,1194810
31945,1194790
31946,1194750
31947,1194740
31948,1194720
31949,1194700
31950,1194690
31951,1194680
31952,1194670
31953,1194630
31954,1194620
31955,1194610
31956,1194600
31957,1194590
31958,1194560
31959,1194490
31960,1194480
31961,1194390
31962,1194330
31963,1194160
31964,1194140
31965,1194050
31966,1193990
31967,1193900
31968,1193790
31969,1193760
31970,1193630
31971,1193590
31972,1193570
31973,1193560
31974,1193550
31975,1193530
31976,1193520
31977,1193510
31978,1193490
31979,1193460
31980,1193430
31981,1193340
31982,1193300
31983,1193210
31984,1193120
31985,1193110
31986,1193090
31987,1193070
31988,1193040
31989,1192940
31990,1192910
31991,1192900
31992,1192890
31993,1192880
31994,1192860
31995,1192810
31996,1192740
31997,1192730
31998,1192700
31999,1192670
32000,1192640
32001,1192610
32002,1192580
32003,1192550
32004,1192500
32005,1192440
32006,1192420
32007,1192410
32008,1192380
32009,1192310
32010,1192260
32011,1192160
32012,1192070
32013,1192020
32014,1192010
32015,1191940
32016,1191900
32017,1191870
32018,1191860
32019,1191840
32020,1191820
32021,1191800
32022,1191790
32023,1191770
32024,1191730
32025,1191680
32026,1191660
32027,1191630
32028,1191620
32029,1191590
32030,1191580
32031,1191550
32032,1191540
32033,1191440
32034,1191420
32035,1191330
32036,1191280
32037,1191270
32038,1191260
32039,1191210
32040,1191120
32041,1191100
32042,1191070
32043,1190990
32044,1190970
32045,1190930
32046,1190910
32047,1190900
32048,1190840
32049,1190820
32050,1190810
32051,1190780
32052,1190760
32053,1190750
32054,1190690
32055,1190410
32056,1190400
32057,1190380
32058,1190260
32059,1190180
32060,1190170
32061,1190160
32062,1190150
32063,1190130
32064,1190120
32065,1190110
32066,1190060
32067,1190000
32068,1189850
32069,1189800
32070,1189780
32071,1189750
32072,1189740
32073,1189730
32074,1189680
32075,1189650
32076,1189630
32077,1189590
32078,1189520
32079,1189490
32080,1189460
32081,1189440
32082,1189430
32083,1189360
32084,1189350
32085,1189290
32086,1189230
32087,1189220
32088,1189200
32089,1189190
32090,1189100
32091,1189070
32092,1189060
32093,1189050
32094,1188990
32095,1188970
32096,1188930
32097,1188920
32098,1188900
32099,1188760
32100,1188720
32101,1188710
32102,1188660
32103,1188630
32104,1188580
32105,1188540
32106,1188460
32107,1188430
32108,1188330
32109,1188310
32110,1188290
32111,1188270
32112,1188260
32113,1188250
32114,1188160
32115,1188140
32116,1188080
32117,1188060
32118,1188000
32119,1187950
32120,1187940
32121,1187920
32122,1187870
32123,1187840
32124,1187830
32125,1187790
32126,1187650
32127,1187620
32128,1187600
32129,1187520
32130,1187510
32131,1187420
32132,1187410
32133,1187330
32134,1187130
32135,1187030
32136,1187020
32137,1186960
32138,1186940
32139,1186880
32140,1186860
32141,1186740
32142,1186730
32143,1186690
32144,1186670
32145,1186660
32146,1186640
32147,1186630
32148,1186600
32149,1186580
32150,1186530
32151,1186470
32152,1186460
32153,1186400
32154,1186340
32155,1186290
32156,1186270
32157,1186260
32158,1186220
32159,1186160
32160,1186050
32161,1186040
32162,1186030
32163,1185960
32164,1185950
32165,1185870
32166,1185820
32167,1185780
32168,1185740
32169,1185730
32170,1185700
32171,1185680
32172,1185660
32173,1185600
32174,1185520
32175,1185490
32176,1185480
32177,1185470
32178,1185400
32179,1185390
32180,1185370
32181,1185360
32182,1185340
32183,1185330
32184,1185280
32185,1185270
32186,1185160
32187,1185000
32188,1184990
32189,1184960
32190,1184900
32191,1184890
32192,1184880
32193,1184840
32194,1184820
32195,1184810
32196,1184770
32197,1184760
32198,1184570
32199,1184560
32200,1184550
32201,1184530
32202,1184500
32203,1184480
32204,1184450
32205,1184420
32206,1184400
32207,1184370
32208,1184320
32209,1184260
32210,1184250
32211,1184210
32212,1184160
32213,1184140
32214,1184090
32215,1184050
32216,1184040
32217,1184010
32218,1183850
32219,1183840
32220,1183800
32221,1183750
32222,1183740
32223,1183700
32224,1183670
32225,1183600
32226,1183580
32227,1183530
32228,1183510
32229,1183500
32230,1183480
32231,1183470
32232,1183420
32233,1183320
32234,1183280
32235,1183260
32236,1183240
32237,1183230
32238,1183200
32239,1183170
32240,1183140
32241,1183030
32242,1183010
32243,1182970
32244,1182900
32245,1182860
32246,1182830
32247,1182820
32248,1182790
32249,1182770
32250,1182760
32251,1182670
32252,1182620
32253,1182530
32254,1182470
32255,1182370
32256,1182310
32257,1182280
32258,1182200
32259,1182150
32260,1182110
32261,1182090
32262,1182070
32263,1182060
32264,1182040
32265,1182020
32266,1181910
32267,1181900
32268,1181840
32269,1181830
32270,1181790
32271,1181780
32272,1181640
32273,1181610
32274,1181600
32275,1181570
32276,1181520
32277,1181470
32278,1181440
32279,1181400
32280,1181390
32281,1181330
32282,1181300
32283,1181290
32284,1181280
32285,1181270
32286,1181220
32287,1181160
32288,1181140
32289,1181130
32290,1181120
32291,1181030
32292,1181020
32293,1181010
32294,1181000
32295,1180970
32296,1180940
32297,1180900
32298,1180800
32299,1180790
32300,1180660
32301,1180650
32302,1180620
32303,1180610
32304,1180550
32305,1180540
32306,1180530
32307,1180520
32308,1180420
32309,1180380
32310,1180370
32311,1180330
32312,1180320
32313,1180270
32314,1180250
32315,1180190
32316,1180130
32317,1180110
32318,1180030
32319,1180020
32320,1179890
32321,1179750
32322,1179680
32323,1179620
32324,1179580
32325,1179560
32326,1179540
32327,1179460
32328,1179420
32329,1179410
32330,1179400
32331,1179210
32332,1179110
32333,1179100
32334,1179090
32335,1179080
32336,1179060
32337,1179010
32338,1178880
32339,1178830
32340,1178790
32341,1178780
32342,1178710
32343,1178680
32344,1178590
32345,1178520
32346,1178510
32347,1178500
32348,1178490
32349,1178460
32350,1178430
32351,1178420
32352,1178400
32353,1178380
32354,1178330
32355,1178290
32356,1178280
32357,1178230
32358,1178220
32359,1178210
32360,1178200
32361,1178180
32362,1178160
32363,1178150
32364,1178140
32365,1178130
32366,1178050
32367,1178030
32368,1178000
32369,1177990
32370,1177980
32371,1177970
32372,1177890
32373,1177840
32374,1177720
32375,1177690
32376,1177660
32377,1177640
32378,1177610
32379,1177540
32380,1177430
32381,1177420
32382,1177400
32383,1177380
32384,1177330
32385,1177170
32386,1177130
32387,1177110
32388,1177100
32389,1177080
32390,1177070
32391,1177030
32392,1177020
32393,1177000
32394,1176990
32395,1176890
32396,1176780
32397,1176710
32398,1176580
32399,1176560
32400,1176540
32401,1176480
32402,1176470
32403,1176460
32404,1176190
32405,1176170
32406,1176160
32407,1176110
32408,1176090
32409,1176060
32410,1176050
32411,1176040
32412,1176020
32413,1176000
32414,1175980
32415,1175970
32416,1175950
32417,1175930
32418,1175900
32419,1175890
32420,1175880
32421,1175840
32422,1175830
32423,1175800
32424,1175720
32425,1175700
32426,1175660
32427,1175640
32428,1175540
32429,1175500
32430,1175480
32431,1175470
32432,1175460
32433,1175430
32434,1175420
32435,1175400
32436,1175390
32437,1175360
32438,1175320
32439,1175250
32440,1175210
32441,1175200
32442,1175190
32443,1175170
32444,1175160
32445,1175150
32446,1175140
32447,1175120
32448,1175100
32449,1175080
32450,1175060
32451,1175050
32452,1174940
32453,1174920
32454,1174900
32455,1174860
32456,1174830
32457,1174820
32458,1174810
32459,1174780
32460,1174720
32461,1174690
32462,1174680
32463,1174670
32464,1174640
32465,1174550
32466,1174500
32467,1174460
32468,1174450
32469,1174420
32470,1174400
32471,1174390
32472,1174380
32473,1174320
32474,1174300
32475,1174270
32476,1174180
32477,1174170
32478,1174090
32479,1174030
32480,1173940
32481,1173870
32482,1173850
32483,1173830
32484,1173820
32485,1173810
32486,1173800
32487,1173790
32488,1173780
32489,1173770
32490,1173740
32491,1173730
32492,1173650
32493,1173610
32494,1173590
32495,1173510
32496,1173410
32497,1173400
32498,1173380
32499,1173370
32500,1173350
32501,1173340
32502,1173330
32503,1173310
32504,1173280
32505,1173270
32506,1173260
32507,1173250
32508,1173230
32509,1173220
32510,1173200
32511,1173150
32512,1173120
32513,1173110
32514,1173010
32515,1172980
32516,1172940
32517,1172920
32518,1172900
32519,1172830
32520,1172800
32521,1172780
32522,1172730
32523,1172660
32524,1172650
32525,1172620
32526,1172530
32527,1172520
32528,1172510
32529,1172500
32530,1172470
32531,1172450
32532,1172430
32533,1172410
32534,1172390
32535,1172380
32536,1172310
32537,1172290
32538,1172280
32539,1172190
32540,1172180
32541,1172170
32542,1172150
32543,1172100
32544,1172090
32545,1172060
32546,1172050
32547,1171870
32548,1171840
32549,1171820
32550,1171810
32551,1171690
32552,1171660
32553,1171520
32554,1171440
32555,1171370
32556,1171320
32557,1171310
32558,1171270
32559,1171260
32560,1171240
32561,1171220
32562,1171160
32563,1171130
32564,1171120
32565,1171110
32566,1171080
32567,1171040
32568,1170980
32569,1170970
32570,1170960
32571,1170950
32572,1170940
32573,1170880
32574,1170830
32575,1170820
32576,1170760
32577,1170750
32578,1170720
32579,1170640
32580,1170610
32581,1170400
32582,1170370
32583,1170340
32584,1170330
32585,1170320
32586,1170300
32587,1170290
32588,1170230
32589,1170210
32590,1170200
32591,1170190
32592,1170180
32593,1170130
32594,1170120
32595,1170080
32596,1170060
32597,1170050
32598,1169920
32599,1169880
32600,1169870
32601,1169760
32602,1169740
32603,1169520
32604,1169490
32605,1169430
32606,1169420
32607,1169310
32608,1169230
32609,1169200
32610,1169170
32611,1169110
32612,1169100
32613,1169070
32614,1169040
32615,1169020
32616,1168990
32617,1168980
32618,1168970
32619,1168880
32620,1168870
32621,1168850
32622,1168840
32623,1168830
32624,1168800
32625,1168690
32626,1168660
32627,1168650
32628,1168630
32629,1168610
32630,1168490
32631,1168470
32632,1168460
32633,1168430
32634,1168420
32635,1168280
32636,1168250
32637,1168190
32638,1168170
32639,1168070
32640,1168060
32641,1168000
32642,1167950
32643,1167900
32644,1167850
32645,1167790
32646,1167770
32647,1167750
32648,1167710
32649,1167700
32650,1167680
32651,1167640
32652,1167630
32653,1167570
32654,1167550
32655,1167540
32656,1167530
32657,1167490
32658,1167460
32659,1167450
32660,1167380
32661,1167320
32662,1167300
32663,1167170
32664,1167150
32665,1167140
32666,1167100
32667,1166990
32668,1166980
32669,1166860
32670,1166840
32671,1166800
32672,1166790
32673,1166780
32674,1166760
32675,1166740
32676,1166730
32677,1166600
32678,1166580
32679,1166540
32680,1166490
32681,1166320
32682,1166310
32683,1166300
32684,1166290
32685,1166250
32686,1166240
32687,1166230
32688,1166140
32689,1166120
32690,1166110
32691,1166090
32692,1166000
32693,1165960
32694,1165920
32695,1165910
32696,1165870
32697,1165860
32698,1165850
32699,1165840
32700,1165820
32701,1165790
32702,1165750
32703,1165610
32704,1165590
32705,1165570
32706,1165530
32707,1165500
32708,1165470
32709,1165450
32710,1165430
32711,1165420
32712,1165400
32713,1165380
32714,1165280
32715,1165270
32716,1165230
32717,1165180
32718,1165170
32719,1165140
32720,1165100
32721,1164970
32722,1164940
32723,1164930
32724,1164910
32725,1164850
32726,1164830
32727,1164750
32728,1164740
32729,1164690
32730,1164570
32731,1164550
32732,1164480
32733,1164470
32734,1164440
32735,1164410
32736,1164390
32737,1164310
32738,1164300
32739,1164290
32740,1164250
32741,1164100
32742,1164060
32743,1164050
32744,1164010
32745,1164000
32746,1163930
32747,1163910
32748,1163870
32749,1163740
32750,1163730
32751,1163690
32752,1163660
32753,1163600
32754,1163590
32755,1163570
32756,1163560
32757,1163550
32758,1163500
32759,1163460
32760,1163340
32761,1163320
32762,1163300
32763,1163290
32764,1163150
32765,1163130
32766,1163090
32767,1163070
32768,1163060
32769,1163040
32770,1162990
32771,1162960
32772,1162930
32773,1162920
32774,1162900
32775,1162880
32776,1162820
32777,1162760
32778,1162750
32779,1162730
32780,1162700
32781,1162690
32782,1162680
32783,1162670
32784,1162650
32785,1162590
32786,1162570
32787,1162560
32788,1162520
32789,1162480
32790,1162470
32791,1162440
32792,1162430
32793,1162400
32794,1162320
32795,1162290
32796,1162280
32797,1162180
32798,1162170
32799,1162140
32800,1162130
32801,1162070
32802,1162050
32803,1162010
32804,1161930
32805,1161910
32806,1161900
32807,1161880
32808,1161870
32809,1161840
32810,1161830
32811,1161800
32812,1161770
32813,1161670
32814,1161650
32815,1161640
32816,1161590
32817,1161580
32818,1161570
32819,1161490
32820,1161440
32821,1161430
32822,1161360
32823,1161330
32824,1161270
32825,1161190
32826,1161180
32827,1161170
32828,1161160
32829,1161110
32830,1160950
32831,1160920
32832,1160880
32833,1160870
32834,1160820
32835,1160790
32836,1160780
32837,1160770
32838,1160750
32839,1160700
32840,1160620
32841,1160610
32842,1160580
32843,1160500
32844,1160490
32845,1160440
32846,1160410
32847,1160360
32848,1160330
32849,1160220
32850,1160100
32851,1160020
32852,1159960
32853,1159860
32854,1159830
32855,1159700
32856,1159690
32857,1159680
32858,1159660
32859,1159640
32860,1159560
32861,1159540
32862,1159520
32863,1159510
32864,1159500
32865,1159450
32866,1159430
32867,1159420
32868,1159350
32869,1159290
32870,1159090
32871,1159020
32872,1159000
32873,1158980
32874,1158970
32875,1158940
32876,1158910
32877,1158890
32878,1158850
32879,1158830
32880,1158820
32881,1158770
32882,1158720
32883,1158690
32884,1158660
32885,1158500
32886,1158480
32887,1158470
32888,1158450
32889,1158430
32890,1158420
32891,1158410
32892,1158390
32893,1158370
32894,1158320
32895,1158310
32896,1158290
32897,1158280
32898,1158260
32899,1158220
32900,1158160
32901,1158150
32902,1158010
32903,1157960
32904,1157940
32905,1157920
32906,1157910
32907,1157820
32908,1157810
32909,1157790
32910,1157750
32911,1157740
32912,1157700
32913,1157670
32914,1157640
32915,1157620
32916,1157390
32917,1157340
32918,1157300
32919,1157260
32920,1157250
32921,1157220
32922,1157120
32923,1157090
32924,1157050
32925,1157040
32926,1157020
32927,1157010
32928,1156990
32929,1156980
32930,1156900
32931,1156760
32932,1156730
32933,1156670
32934,1156640
32935,1156630
32936,1156590
32937,1156550
32938,1156510
32939,1156500
32940,1156420
32941,1156380
32942,1156360
32943,1156250
32944,1156120
32945,1156060
32946,1156050
32947,1156000
32948,1155990
32949,1155980
32950,1155970
32951,1155960
32952,1155940
32953,1155920
32954,1155900
32955,1155880
32956,1155870
32957,1155830
32958,1155810
32959,1155790
32960,1155720
32961,1155680
32962,1155660
32963,1155650
32964,1155620
32965,1155590
32966,1155580
32967,1155480
32968,1155470
32969,1155460
32970,1155420
32971,1155410
32972,1155340
32973,1155330
32974,1155300
32975,1155120
32976,1155100
32977,1154940
32978,1154850
32979,1154840
32980,1154830
32981,1154810
32982,1154790
32983,1154730
32984,1154720
32985,1154680
32986,1154670
32987,1154650
32988,1154640
32989,1154480
32990,1154470
32991,1154430
32992,1154420
32993,1154360
32994,1154350
32995,1154300
32996,1154290
32997,1154210
32998,1154170
32999,1154150
33000,1154120
33001,1154110
33002,1154090
33003,1154080
33004,1154040
33005,1153980
33006,1153950
33007,1153930
33008,1153880
33009,1153850
33010,1153840
33011,1153830
33012,1153730
33013,1153720
33014,1153690
33015,1153670
33016,1153640
33017,1153540
33018,1153520
33019,1153510
33020,1153470
33021,1153460
33022,1153430
33023,1153260
33024,1153250
33025,1153210
33026,1153200
33027,1153170
33028,1153150
33029,1153130
33030,1153070
33031,1153040
33032,1152950
33033,1152940
33034,1152920
33035,1152900
33036,1152820
33037,1152810
33038,1152760
33039,1152670
33040,1152620
33041,1152580
33042,1152450
33043,1152440
33044,1152420
33045,1152410
33046,1152340
33047,1152330
33048,1152320
33049,1152310
33050,1152300
33051,1152210
33052,1152160
33053,1152120
33054,1152100
33055,1152090
33056,1152040
33057,1152020
33058,1151940
33059,1151930
33060,1151920
33061,1151880
33062,1151860
33063,1151840
33064,1151750
33065,1151740
33066,1151720
33067,1151680
33068,1151670
33069,1151640
33070,1151630
33071,1151620
33072,1151610
33073,1151600
33074,1151580
33075,1151570
33076,1151530
33077,1151460
33078,1151450
33079,1151440
33080,1151430
33081,1151400
33082,1151390
33083,1151340
33084,1151320
33085,1151250
33086,1151200
33087,1151180
33088,1151130
33089,1151120
33090,1151100
33091,1151080
33092,1151060
33093,1151050
33094,1150990
33095,1150950
33096,1150910
33097,1150890
33098,1150810
33099,1150790
33100,1150760
33101,1150730
33102,1150720
33103,1150690
33104,1150650
33105,1150640
33106,1150620
33107,1150590
33108,1150550
33109,1150530
33110,1150500
33111,1150460
33112,1150440
33113,1150400
33114,1150310
33115,1150140
33116,1150130
33117,1150090
33118,1150080
33119,1150070
33120,1150040
33121,1149940
33122,1149930
33123,1149860
33124,1149830
33125,1149710
33126,1149690
33127,1149660
33128,1149630
33129,1149620
33130,1149590
33131,1149550
33132,1149510
33133,1149460
33134,1149440
33135,1149400
33136,1149370
33137,1149290
33138,1149090
33139,1149080
33140,1149000
33141,1148980
33142,1148960
33143,1148940
33144,1148930
33145,1148920
33146,1148910
33147,1148810
33148,1148770
33149,1148760
33150,1148730
33151,1148700
33152,1148650
33153,1148590
33154,1148570
33155,1148560
33156,1148550
33157,1148540
33158,1148530
33159,1148510
33160,1148490
33161,1148480
33162,1148470
33163,1148450
33164,1148430
33165,1148400
33166,1148360
33167,1148350
33168,1148320
33169,1148290
33170,1148260
33171,1148150
33172,1148100
33173,1148090
33174,1148080
33175,1148030
33176,1148010
33177,1147980
33178,1147970
33179,1147960
33180,1147950
33181,1147940
33182,1147890
33183,1147860
33184,1147850
33185,1147760
33186,1147750
33187,1147690
33188,1147600
33189,1147560
33190,1147550
33191,1147510
33192,1147500
33193,1147490
33194,1147450
33195,1147390
33196,1147330
33197,1147280
33198,1147220
33199,1147130
33200,1147110
33201,1147030
33202,1146970
33203,1146950
33204,1146940
33205,1146920
33206,1146910
33207,1146890
33208,1146880
33209,1146730
33210,1146720
33211,1146700
33212,1146660
33213,1146630
33214,1146600
33215,1146560
33216,1146510
33217,1146500
33218,1146420
33219,1146370
33220,1146310
33221,1146300
33222,1146230
33223,1146210
33224,1146170
33225,1146100
33226,1146010
33227,1145970
33228,1145960
33229,1145950
33230,1145820
33231,1145810
33232,1145780
33233,1145770
33234,1145740
33235,1145660
33236,1145630
33237,1145590
33238,1145570
33239,1145560
33240,1145550
33241,1145530
33242,1145520
33243,1145490
33244,1145450
33245,1145430
33246,1145410
33247,1145380
33248,1145360
33249,1145350
33250,1145340
33251,1145330
33252,1145290
33253,1145270
33254,1145240
33255,1145180
33256,1145130
33257,1145120
33258,1145040
33259,1145030
33260,1145020
33261,1144970
33262,1144910
33263,1144860
33264,1144850
33265,1144800
33266,1144770
33267,1144760
33268,1144630
33269,1144620
33270,1144590
33271,1144550
33272,1144510
33273,1144460
33274,1144450
33275,1144440
33276,1144400
33277,1144370
33278,1144350
33279,1144330
33280,1144300
33281,1144290
33282,1144280
33283,1144270
33284,1144250
33285,1144200
33286,1144170
33287,1144150
33288,1144140
33289,1144130
33290,1144110
33291,1144100
33292,1144090
33293,1144080
33294,1144070
33295,1144030
33296,1144020
33297,1143900
33298,1143860
33299,1143810
33300,1143800
33301,1143770
33302,1143750
33303,1143740
33304,1143720
33305,1143710
33306,1143680
33307,1143610
33308,1143570
33309,1143450
33310,1143440
33311,1143430
33312,1143420
33313,1143350
33314,1142870
33315,1142850
33316,1142830
33317,1142810
33318,1142760
33319,1142750
33320,1142710
33321,1142530
33322,1142510
33323,1142500
33324,1142480
33325,1142450
33326,1142410
33327,1142390
33328,1142360
33329,1142320
33330,1142300
33331,1142280
33332,1142270
33333,1142240
33334,1142230
33335,1142220
33336,1142180
33337,1142130
33338,1142100
33339,1142080
33340,1142070
33341,1142020
33342,1141990
33343,1141950
33344,1141930
33345,1141880
33346,1141770
33347,1141760
33348,1141740
33349,1141650
33350,1141640
33351,1141600
33352,1141580
33353,1141570
33354,1141550
33355,1141530
33356,1141450
33357,1141360
33358,1141320
33359,1141300
33360,1141290
33361,1141270
33362,1141220
33363,1141170
33364,1141150
33365,1141130
33366,1141120
33367,1141100
33368,1141050
33369,1141030
33370,1141020
33371,1140970
33372,1140930
33373,1140890
33374,1140880
33375,1140740
33376,1140730
33377,1140630
33378,1140620
33379,1140610
33380,1140570
33381,1140510
33382,1140500
33383,1140460
33384,1140440
33385,1140410
33386,1140360
33387,1140290
33388,1140270
33389,1140180
33390,1140170
33391,1140150
33392,1140140
33393,1140130
33394,1140110
33395,1140100
33396,1140070
33397,1140030
33398,1140020
33399,1139980
33400,1139950
33401,1139940
33402,1139900
33403,1139890
33404,1139880
33405,1139870
33406,1139830
33407,1139800
33408,1139760
33409,1139490
33410,1139480
33411,1139470
33412,1139310
33413,1139280
33414,1139240
33415,1139200
33416,1139160
33417,1139140
33418,1139090
33419,1139060
33420,1139020
33421,1139000
33422,1138990
33423,1138970
33424,1138960
33425,1138910
33426,1138900
33427,1138850
33428,1138800
33429,1138660
33430,1138650
33431,1138640
33432,1138580
33433,1138440
33434,1138410
33435,1138370
33436,1138320
33437,1138300
33438,1138290
33439,1138280
33440,1138260
33441,1138210
33442,1138190
33443,1138150
33444,1138130
33445,1138100
33446,1138060
33447,1138030
33448,1138020
33449,1138010
33450,1137970
33451,1137910
33452,1137900
33453,1137880
33454,1137870
33455,1137860
33456,1137770
33457,1137750
33458,1137730
33459,1137700
33460,1137690
33461,1137680
33462,1137660
33463,1137490
33464,1137460
33465,1137450
33466,1137410
33467,1137400
33468,1137350
33469,1137330
33470,1137320
33471,1137300
33472,1137270
33473,1137260
33474,1137220
33475,1137210
33476,1137170
33477,1137160
33478,1137110
33479,1137100
33480,1137050
33481,1137040
33482,1137020
33483,1136960
33484,1136930
33485,1136910
33486,1136830
33487,1136730
33488,1136440
33489,1136420
33490,1136390
33491,1136380
33492,1136370
33493,1136330
33494,1136240
33495,1136210
33496,1136160
33497,1136110
33498,1136100
33499,1136080
33500,1136070
33501,1136040
33502,1136020
33503,1135910
33504,1135900
33505,1135860
33506,1135830
33507,1135810
33508,1135740
33509,1135730
33510,1135690
33511,1135680
33512,1135570
33513,1135450
33514,1135440
33515,1135400
33516,1135380
33517,1135370
33518,1135300
33519,1135260
33520,1135240
33521,1135230
33522,1135210
33523,1135200
33524,1135190
33525,1135180
33526,1135170
33527,1135160
33528,1135150
33529,1135140
33530,1135130
33531,1135120
33532,1135110
33533,1135100
33534,1135090
33535,1135070
33536,1135060
33537,1135050
33538,1135040
33539,1135030
33540,1134730
33541,1134710
33542,1134700
33543,1134630
33544,1134610
33545,1134520
33546,1134480
33547,1134450
33548,1134440
33549,1134370
33550,1134320
33551,1134260
33552,1134250
33553,1134200
33554,1134180
33555,1134150
33556,1134100
33557,1134050
33558,1134030
33559,1134020
33560,1133990
33561,1133980
33562,1133950
33563,1133930
33564,1133910
33565,1133890
33566,1133790
33567,1133780
33568,1133770
33569,1133760
33570,1133730
33571,1133610
33572,1133590
33573,1133580
33574,1133570
33575,1133530
33576,1133520
33577,1133450
33578,1133420
33579,1133350
33580,1133330
33581,1133320
33582,1133300
33583,1133230
33584,1133210
33585,1133200
33586,1133120
33587,1133070
33588,1133060
33589,1133050
33590,1133040
33591,1132980
33592,1132970
33593,1132910
33594,1132880
33595,1132860
33596,1132830
33597,1132770
33598,1132760
33599,1132730
33600,1132720
33601,1132710
33602,1132690
33603,1132670
33604,1132490
33605,1132410
33606,1132290
33607,1132230
33608,1132220
33609,1132190
33610,1132180
33611,1132120
33612,1132110
33613,1132100
33614,1132090
33615,1132080
33616,1132070
33617,1132050
33618,1132030
33619,1131960
33620,1131940
33621,1131930
33622,1131920
33623,1131900
33624,1131880
33625,1131870
33626,1131830
33627,1131810
33628,1131800
33629,1131790
33630,1131750
33631,1131740
33632,1131680
33633,1131670
33634,1131660
33635,1131620
33636,1131590
33637,1131550
33638,1131540
33639,1131530
33640,1131450
33641,1131410
33642,1131400
33643,1131280
33644,1131270
33645,1131240
33646,1131190
33647,1131140
33648,1131080
33649,1130990
33650,1130900
33651,1130880
33652,1130710
33653,1130700
33654,1130620
33655,1130590
33656,1130570
33657,1130560
33658,1130510
33659,1130430
33660,1130410
33661,1130400
33662,1130390
33663,1129920
33664,1129730
33665,1129690
33666,1129680
33667,1129660
33668,1129650
33669,1129580
33670,1129550
33671,1129540
33672,1129330
33673,1129310
33674,1129250
33675,1129220
33676,1129190
33677,1129180
33678,1129110
33679,1129090
33680,1129030
33681,1129010
33682,1128980
33683,1128970
33684,1128960
33685,1128920
33686,1128900
33687,1128860
33688,1128830
33689,1128810
33690,1128800
33691,1128690
33692,1128660
33693,1128570
33694,1128480
33695,1128450
33696,1128370
33697,1128270
33698,1128260
33699,1128220
33700,1128210
33701,1128190
33702,1128180
33703,1128160
33704,1128140
33705,1128100
33706,1128000
33707,1127980
33708,1127970
33709,1127940
33710,1127930
33711,1127920
33712,1127900
33713,1127850
33714,1127840
33715,1127820
33716,1127780
33717,1127730
33718,1127700
33719,1127690
33720,1127680
33721,1127660
33722,1127620
33723,1127610
33724,1127540
33725,1127530
33726,1127500
33727,1127470
33728,1127460
33729,1127400
33730,1127390
33731,1127360
33732,1127350
33733,1127330
33734,1127290
33735,1127180
33736,1127170
33737,1127140
33738,1127130
33739,1127110
33740,1127070
33741,1127030
33742,1126990
33743,1126890
33744,1126880
33745,1126850
33746,1126840
33747,1126770
33748,1126750
33749,1126710
33750,1126640
33751,1126600
33752,1126580
33753,1126550
33754,1126510
33755,1126470
33756,1126440
33757,1126420
33758,1126320
33759,1126310
33760,1126290
33761,1126270
33762,1126260
33763,1126220
33764,1126190
33765,1126130
33766,1126120
33767,1126110
33768,1126100
33769,1126090
33770,1126060
33771,1125930
33772,1125910
33773,1125890
33774,1125880
33775,1125870
33776,1125860
33777,1125830
33778,1125800
33779,1125730
33780,1125710
33781,1125620
33782,1125510
33783,1125490
33784,1125480
33785,1125420
33786,1125390
33787,1125360
33788,1125330
33789,1125250
33790,1125240
33791,1125130
33792,1125110
33793,1125030
33794,1125000
33795,1124990
33796,1124960
33797,1124950
33798,1124940
33799,1124850
33800,1124830
33801,1124810
33802,1124710
33803,1124660
33804,1124640
33805,1124600
33806,1124560
33807,1124530
33808,1124430
33809,1124300
33810,1124260
33811,1124210
33812,1124190
33813,1124180
33814,1124160
33815,1124090
33816,1124080
33817,1124070
33818,1124060
33819,1124050
33820,1124000
33821,1123830
33822,1123790
33823,1123770
33824,1123620
33825,1123610
33826,1123550
33827,1123510
33828,1123500
33829,1123460
33830,1123450
33831,1123400
33832,1123360
33833,1123340
33834,1123310
33835,1123300
33836,1123230
33837,1123190
33838,1123150
33839,1123140
33840,1123090
33841,1123080
33842,1123050
33843,1123030
33844,1122980
33845,1122970
33846,1122960
33847,1122880
33848,1122870
33849,1122830
33850,1122810
33851,1122780
33852,1122750
33853,1122740
33854,1122730
33855,1122720
33856,1122710
33857,1122700
33858,1122690
33859,1122680
33860,1122490
33861,1122360
33862,1122340
33863,1122290
33864,1122280
33865,1122270
33866,1122250
33867,1122240
33868,1122210
33869,1122180
33870,1122150
33871,1122120
33872,1122110
33873,1122100
33874,1122050
33875,1122040
33876,1121980
33877,1121930
33878,1121910
33879,1121820
33880,1121780
33881,1121720
33882,1121710
33883,1121680
33884,1121650
33885,1121640
33886,1121590
33887,1121570
33888,1121560
33889,1121550
33890,1121530
33891,1121490
33892,1121420
33893,1121400
33894,1121320
33895,1121310
33896,1121300
33897,1121270
33898,1121230
33899,1121200
33900,1121190
33901,1121140
33902,1121000
33903,1120980
33904,1120960
33905,1120950
33906,1120940
33907,1120920
33908,1120850
33909,1120810
33910,1120800
33911,1120750
33912,1120700
33913,1120690
33914,1120680
33915,1120580
33916,1120560
33917,1120480
33918,1120420
33919,1120410
33920,1120400
33921,1120370
33922,1120360
33923,1120320
33924,1120310
33925,1120280
33926,1120240
33927,1120210
33928,1120160
33929,1120090
33930,1120050
33931,1119980
33932,1119970
33933,1119940
33934,1119890
33935,1119840
33936,1119800
33937,1119770
33938,1119760
33939,1119730
33940,1119710
33941,1119700
33942,1119620
33943,1119600
33944,1119590
33945,1119570
33946,1119530
33947,1119430
33948,1119380
33949,1119110
33950,1119100
33951,1119060
33952,1119010
33953,1118940
33954,1118930
33955,1118920
33956,1118910
33957,1118880
33958,1118840
33959,1118820
33960,1118740
33961,1118730
33962,1118700
33963,1118600
33964,1118580
33965,1118550
33966,1118470
33967,1118410
33968,1118380
33969,1118350
33970,1118320
33971,1118310
33972,1118240
33973,1118200
33974,1118110
33975,1118100
33976,1118070
33977,1118050
33978,1118000
33979,1117970
33980,1117930
33981,1117900
33982,1117890
33983,1117880
33984,1117840
33985,1117810
33986,1117760
33987,1117670
33988,1117660
33989,1117630
33990,1117600
33991,1117590
33992,1117480
33993,1117420
33994,1117380
33995,1117330
33996,1117310
33997,1117160
33998,1117120
33999,1117090
34000,1117040
34001,1116990
34002,1116960
34003,1116910
34004,1116890
34005,1116880
34006,1116870
34007,1116860
34008,1116780
34009,1116770
34010,1116700
34011,1116660
34012,1116650
34013,1116590
34014,1116580
34015,1116550
34016,1116540
34017,1116520
34018,1116490
34019,1116470
34020,1116430
34021,1116340
34022,1116290
34023,1116280
34024,1116260
34025,1116240
34026,1116230
34027,1116210
34028,1116180
34029,1116170
34030,1116110
34031,1116100
34032,1116080
34033,1116030
34034,1116020
34035,1115980
34036,1115870
34037,1115860
34038,1115780
34039,1115690
34040,1115660
34041,1115650
34042,1115640
34043,1115620
34044,1115610
34045,1115580
34046,1115450
34047,1115420
34048,1115400
34049,1115380
34050,1115110
34051,1115060
34052,1115050
34053,1115030
34054,1114950
34055,1114940
34056,1114900
34057,1114870
34058,1114860
34059,1114830
34060,1114740
34061,1114730
34062,1114720
34063,1114650
34064,1114630
34065,1114620
34066,1114530
34067,1114520
34068,1114460
34069,1114430
34070,1114420
34071,1114380
34072,1114360
34073,1114340
34074,1114290
34075,1114270
34076,1114260
34077,1114230
34078,1114220
34079,1114210
34080,1114150
34081,1114130
34082,1114110
34083,1114090
34084,1114030
34085,1114020
34086,1114000
34087,1113970
34088,1113960
34089,1113950
34090,1113940
34091,1113930
34092,1113880
34093,1113850
34094,1113780
34095,1113770
34096,1113760
34097,1113750
34098,1113730
34099,1113690
34100,1113680
34101,1113640
34102,1113620
34103,1113580
34104,1113570
34105,1113560
34106,1113530
34107,1113490
34108,1113390
34109,1113370
34110,1113310
34111,1113300
34112,1113240
34113,1113220
34114,1113120
34115,1113090
34116,1113060
34117,1113030
34118,1113010
34119,1113000
34120,1112960
34121,1112940
34122,1112930
34123,1112890
34124,1112870
34125,1112830
34126,1112790
34127,1112700
34128,1112690
34129,1112620
34130,1112580
34131,1112570
34132,1112440
34133,1112400
34134,1112380
34135,1112370
34136,1112340
34137,1112240
34138,1112150
34139,1112110
34140,1112100
34141,1112050
34142,1111970
34143,1111940
34144,1111930
34145,1111880
34146,1111830
34147,1111810
34148,1111760
34149,1111660
34150,1111650
34151,1111620
34152,1111600
34153,1111590
34154,1111540
34155,1111460
34156,1111450
34157,1111410
34158,1111390
34159,1111380
34160,1111370
34161,1111300
34162,1111270
34163,1111210
34164,1111200
34165,1111120
34166,1111090
34167,1111080
34168,1111040
34169,1111030
34170,1110980
34171,1110960
34172,1110910
34173,1110890
34174,1110840
34175,1110770
34176,1110720
34177,1110690
34178,1110650
34179,1110640
34180,1110620
34181,1110580
34182,1110490
34183,1110390
34184,1110380
34185,1110350
34186,1110220
34187,1110100
34188,1110050
34189,1110030
34190,1109840
34191,1109820
34192,1109800
34193,1109750
34194,1109740
34195,1109720
34196,1109690
34197,1109680
34198,1109570
34199,1109490
34200,1109460
34201,1109420
34202,1109410
34203,1109400
34204,1109360
34205,1109310
34206,1109300
34207,1109220
34208,1109160
34209,1109130
34210,1109110
34211,1109080
34212,1109070
34213,1108800
34214,1108740
34215,1108680
34216,1108640
34217,1108630
34218,1108620
34219,1108590
34220,1108560
34221,1108550
34222,1108540
34223,1108390
34224,1108370
34225,1108350
34226,1108320
34227,1108240
34228,1108190
34229,1108170
34230,1108090
34231,1108000
34232,1107820
34233,1107790
34234,1107750
34235,1107730
34236,1107720
34237,1107620
34238,1107510
34239,1107490
34240,1107470
34241,1107450
34242,1107440
34243,1107370
34244,1107350
34245,1107340
34246,1107320
34247,1107300
34248,1107230
34249,1107210
34250,1107130
34251,1107060
34252,1107050
34253,1107040
34254,1106940
34255,1106920
34256,1106880
34257,1106860
34258,1106840
34259,1106830
34260,1106790
34261,1106770
34262,1106720
34263,1106710
34264,1106690
34265,1106670
34266,1106530
34267,1106350
34268,1106340
34269,1106200
34270,1106180
34271,1106150
34272,1106140
34273,1106060
34274,1106030
34275,1105970
34276,1105890
34277,1105810
34278,1105770
34279,1105740
34280,1105730
34281,1105670
34282,1105660
34283,1105620
34284,1105600
34285,1105590
34286,1105560
34287,1105530
34288,1105510
34289,1105500
34290,1105480
34291,1105460
34292,1105450
34293,1105430
34294,1105420
34295,1105410
34296,1105300
34297,1105240
34298,1105130
34299,1105110
34300,1105040
34301,1104960
34302,1104930
34303,1104920
34304,1104890
34305,1104870
34306,1104830
34307,1104710
34308,1104690
34309,1104670
34310,1104660
34311,1104620
34312,1104610
34313,1104490
34314,1104460
34315,1104450
34316,1104380
34317,1104340
34318,1104330
34319,1104320
34320,1104280
34321,1104250
34322,1104220
34323,1104100
34324,1104050
34325,1103940
34326,1103930
34327,1103920
34328,1103890
34329,1103880
34330,1103860
34331,1103810
34332,1103800
34333,1103790
34334,1103780
34335,1103770
34336,1103730
34337,1103630
34338,1103550
34339,1103520
34340,1103510
34341,1103490
34342,1103410
34343,1103400
34344,1103320
34345,1103310
34346,1103210
34347,1103140
34348,1103130
34349,1103120
34350,1103100
34351,1102980
34352,1102930
34353,1102880
34354,1102780
34355,1102750
34356,1102720
34357,1102680
34358,1102650
34359,1102580
34360,1102500
34361,1102420
34362,1102410
34363,1102390
34364,1102370
34365,1102340
34366,1102260
34367,1102250
34368,1102200
34369,1102190
34370,1102150
34371,1102130
34372,1102100
34373,1102080
34374,1102060
34375,1102040
34376,1101980
34377,1101940
34378,1101930
34379,1101850
34380,1101800
34381,1101790
34382,1101780
34383,1101760
34384,1101670
34385,1101660
34386,1101620
34387,1101580
34388,1101570
34389,1101480
34390,1101450
34391,1101420
34392,1101400
34393,1101360
34394,1101310
34395,1101290
34396,1101270
34397,1101260
34398,1101190
34399,1101180
34400,1101170
34401,1101140
34402,1101130
34403,1101120
34404,1101080
34405,1101050
34406,1101030
34407,1101000
34408,1100990
34409,1100930
34410,1100920
34411,1100900
34412,1100800
34413,1100620
34414,1100600
34415,1100510
34416,1100430
34417,1100420
34418,1100410
34419,1100350
34420,1100300
34421,1100290
34422,1100270
34423,1100260
34424,1100210
34425,1100180
34426,1100170
34427,1100160
34428,1100150
34429,1100140
34430,1100030
34431,1099960
34432,1099920
34433,1099840
34434,1099830
34435,1099790
34436,1099640
34437,1099630
34438,1099550
34439,1099530
34440,1099500
34441,1099470
34442,1099460
34443,1099450
34444,1099440
34445,1099410
34446,1099220
34447,1099170
34448,1099140
34449,1099110
34450,1099090
34451,1099070
34452,1098940
34453,1098870
34454,1098840
34455,1098790
34456,1098770
34457,1098760
34458,1098730
34459,1098720
34460,1098700
34461,1098680
34462,1098670
34463,1098640
34464,1098610
34465,1098560
34466,1098540
34467,1098510
34468,1098480
34469,1098470
34470,1098420
34471,1098390
34472,1098370
34473,1098340
34474,1098292
34475,1098291
34476,1098280
34477,1098270
34478,1098220
34479,1098210
34480,1098200
34481,1098190
34482,1098170
34483,1098150
34484,1098140
34485,1098130
34486,1098100
34487,1098090
34488,1098080
34489,1098040
34490,1097960
34491,1097880
34492,1097870
34493,1097840
34494,1097820
34495,1097810
34496,1097790
34497,1097780
34498,1097770
34499,1097750
34500,1097710
34501,1097690
34502,1097670
34503,1097620
34504,1097580
34505,1097550
34506,1097530
34507,1097520
34508,1097480
34509,1097430
34510,1097420
34511,1097370
34512,1097350
34513,1097330
34514,1097300
34515,1097270
34516,1097240
34517,1097200
34518,1097180
34519,1097170
34520,1097130
34521,1097120
34522,1097110
34523,1097100
34524,1097090
34525,1097050
34526,1097000
34527,1096980
34528,1096950
34529,1096930
34530,1096900
34531,1096760
34532,1096750
34533,1096730
34534,1096720
34535,1096710
34536,1096690
34537,1096640
34538,1096630
34539,1096610
34540,1096590
34541,1096570
34542,1096560
34543,1096550
34544,1096540
34545,1096530
34546,1096520
34547,1096510
34548,1096420
34549,1096410
34550,1096360
34551,1096330
34552,1096310
34553,1096300
34554,1096240
34555,1096210
34556,1096200
34557,1096180
34558,1096140
34559,1096130
34560,1096120
34561,1096100
34562,1096060
34563,1096010
34564,1096000
34565,1095910
34566,1095850
34567,1095840
34568,1095790
34569,1095750
34570,1095710
34571,1095700
34572,1095680
34573,1095590
34574,1095520
34575,1095480
34576,1095450
34577,1095370
34578,1095320
34579,1095290
34580,1095260
34581,1095120
34582,1095090
34583,1095070
34584,1095060
34585,1095040
34586,1094960
34587,1094930
34588,1094920
34589,1094880
34590,1094870
34591,1094820
34592,1094780
34593,1094760
34594,1094730
34595,1094720
34596,1094690
34597,1094680
34598,1094660
34599,1094640
34600,1094630
34601,1094590
34602,1094580
34603,1094540
34604,1094530
34605,1094520
34606,1094420
34607,1094400
34608,1094390
34609,1094340
34610,1094320
34611,1094290
34612,1094250
34613,1094110
34614,1094080
34615,1094070
34616,1094060
34617,1094050
34618,1094030
34619,1094010
34620,1094000
34621,1093920
34622,1093910
34623,1093900
34624,1093880
34625,1093870
34626,1093850
34627,1093840
34628,1093800
34629,1093790
34630,1093760
34631,1093750
34632,1093720
34633,1093670
34634,1093520
34635,1093370
34636,1093360
34637,1093330
34638,1093320
34639,1093310
34640,1093300
34641,1093290
34642,1093170
34643,1093150
34644,1093130
34645,1092980
34646,1092950
34647,1092850
34648,1092800
34649,1092790
34650,1092780
34651,1092770
34652,1092730
34653,1092720
34654,1092710
34655,1092700
34656,1092660
34657,1092650
34658,1092630
34659,1092610
34660,1092590
34661,1092530
34662,1092510
34663,1092430
34664,1092400
34665,1092270
34666,1092260
34667,1092210
34668,1092150
34669,1092140
34670,1092050
34671,1092040
34672,1092000
34673,1091980
34674,1091970
34675,1091960
34676,1091950
34677,1091940
34678,1091920
34679,1091910
34680,1091740
34681,1091720
34682,1091650
34683,1091640
34684,1091590
34685,1091580
34686,1091570
34687,1091520
34688,1091500
34689,1091470
34690,1091460
34691,1091400
34692,1091390
34693,1091380
34694,1091320
34695,1091270
34696,1091250
34697,1091240
34698,1091210
34699,1091200
34700,1091190
34701,1091180
34702,1091170
34703,1091110
34704,1091090
34705,1091010
34706,1090940
34707,1090930
34708,1090920
34709,1090900
34710,1090800
34711,1090790
34712,1090760
34713,1090700
34714,1090680
34715,1090670
34716,1090630
34717,1090590
34718,1090580
34719,1090560
34720,1090470
34721,1090440
34722,1090390
34723,1090250
34724,1090210
34725,1090190
34726,1090100
34727,1090060
34728,1090030
34729,1090020
34730,1089980
34731,1089930
34732,1089880
34733,1089860
34734,1089840
34735,1089830
34736,1089820
34737,1089810
34738,1089790
34739,1089780
34740,1089770
34741,1089760
34742,1089710
34743,1089660
34744,1089650
34745,1089630
34746,1089600
34747,1089590
34748,1089570
34749,1089310
34750,1089140
34751,1089130
34752,1089110
34753,1089090
34754,1089080
34755,1089000
34756,1088950
34757,1088880
34758,1088870
34759,1088850
34760,1088790
34761,1088770
34762,1088750
34763,1088710
34764,1088630
34765,1088600
34766,1088590
34767,1088540
34768,1088420
34769,1088160
34770,1088150
34771,1088090
34772,1088070
34773,1088060
34774,1088040
34775,1087970
34776,1087960
34777,1087950
34778,1087940
34779,1087910
34780,1087820
34781,1087810
34782,1087800
34783,1087790
34784,1087780
34785,1087760
34786,1087720
34787,1087700
34788,1087620
34789,1087600
34790,1087500
34791,1087480
34792,1087460
34793,1087440
34794,1087330
34795,1087320
34796,1087270
34797,1087190
34798,1087110
34799,1087100
34800,1087080
34801,1087060
34802,1087040
34803,1087020
34804,1086990
34805,1086970
34806,1086940
34807,1086860
34808,1086850
34809,1086840
34810,1086810
34811,1086750
34812,1086690
34813,1086680
34814,1086640
34815,1086630
34816,1086620
34817,1086470
34818,1086460
34819,1086450
34820,1086410
34821,1086310
34822,1086240
34823,1086160
34824,1086070
34825,1086030
34826,1086010
34827,1085990
34828,1085970
34829,1085940
34830,1085930
34831,1085900
34832,1085840
34833,1085790
34834,1085750
34835,1085680
34836,1085660
34837,1085640
34838,1085630
34839,1085610
34840,1085560
34841,1085520
34842,1085510
34843,1085390
34844,1085340
34845,1085310
34846,1085280
34847,1085270
34848,1085260
34849,1085240
34850,1085220
34851,1085190
34852,1085180
34853,1085160
34854,1085150
34855,1085110
34856,1085070
34857,1084990
34858,1084980
34859,1084970
34860,1084930
34861,1084870
34862,1084840
34863,1084790
34864,1084770
34865,1084710
34866,1084640
34867,1084600
34868,1084570
34869,1084530
34870,1084520
34871,1084480
34872,1084440
34873,1084420
34874,1084360
34875,1084350
34876,1084220
34877,1084160
34878,1084120
34879,1084080
34880,1084020
34881,1083990
34882,1083880
34883,1083870
34884,1083850
34885,1083820
34886,1083810
34887,1083800
34888,1083790
34889,1083760
34890,1083750
34891,1083700
34892,1083650
34893,1083600
34894,1083500
34895,1083490
34896,1083480
34897,1083450
34898,1083430
34899,1083420
34900,1083350
34901,1083310
34902,1083300
34903,1083240
34904,1083210
34905,1083190
34906,1083070
34907,1082970
34908,1082930
34909,1082890
34910,1082770
34911,1082750
34912,1082720
34913,1082710
34914,1082680
34915,1082650
34916,1082500
34917,1082490
34918,1082470
34919,1082460
34920,1082450
34921,1082440
34922,1082430
34923,1082410
34924,1082220
34925,1082180
34926,1082110
34927,1082000
34928,1081890
34929,1081880
34930,1081870
34931,1081850
34932,1081840
34933,1081810
34934,1081800
34935,1081780
34936,1081760
34937,1081740
34938,1081730
34939,1081710
34940,1081670
34941,1081650
34942,1081560
34943,1081550
34944,1081510
34945,1081470
34946,1081450
34947,1081410
34948,1081260
34949,1081250
34950,1081240
34951,1081190
34952,1081160
34953,1081120
34954,1081090
34955,1081070
34956,1081040
34957,1080990
34958,1080780
34959,1080750
34960,1080700
34961,1080680
34962,1080630
34963,1080450
34964,1080440
34965,1080410
34966,1080330
34967,1080250
34968,1080130
34969,1080060
34970,1080040
34971,1080020
34972,1080010
34973,1079970
34974,1079940
34975,1079860
34976,1079830
34977,1079810
34978,1079800
34979,1079790
34980,1079720
34981,1079630
34982,1079620
34983,1079570
34984,1079560
34985,1079510
34986,1079480
34987,1079450
34988,1079440
34989,1079340
34990,1079330
34991,1079320
34992,1079310
34993,1079300
34994,1079260
34995,1079230
34996,1079210
34997,1079200
34998,1079160
34999,1079130
35000,1079000
35001,1078970
35002,1078960
35003,1078920
35004,1078870
35005,1078800
35006,1078770
35007,1078760
35008,1078730
35009,1078640
35010,1078520
35011,1078510
35012,1078490
35013,1078420
35014,1078380
35015,1078370
35016,1078360
35017,1078350
35018,1078340
35019,1078330
35020,1078320
35021,1078280
35022,1078200
35023,1078130
35024,1077970
35025,1077890
35026,1077850
35027,1077760
35028,1077740
35029,1077730
35030,1077630
35031,1077600
35032,1077560
35033,1077550
35034,1077540
35035,1077530
35036,1077520
35037,1077510
35038,1077490
35039,1077470
35040,1077450
35041,1077430
35042,1077420
35043,1077410
35044,1077340
35045,1077290
35046,1077250
35047,1077230
35048,1077210
35049,1077200
35050,1077160
35051,1077110
35052,1077090
35053,1077080
35054,1076950
35055,1076920
35056,1076880
35057,1076830
35058,1076790
35059,1076750
35060,1076720
35061,1076640
35062,1076620
35063,1076610
35064,1076600
35065,1076550
35066,1076530
35067,1076500
35068,1076480
35069,1076230
35070,1076210
35071,1076200
35072,1076160
35073,1076140
35074,1076130
35075,1076120
35076,1076070
35077,1076040
35078,1076020
35079,1075980
35080,1075790
35081,1075750
35082,1075740
35083,1075550
35084,1075480
35085,1075430
35086,1075400
35087,1075390
35088,1075370
35089,1075200
35090,1075190
35091,1075170
35092,1075140
35093,1075080
35094,1075000
35095,1074820
35096,1074770
35097,1074700
35098,1074680
35099,1074640
35100,1074630
35101,1074620
35102,1074610
35103,1074550
35104,1074530
35105,1074520
35106,1074510
35107,1074500
35108,1074440
35109,1074370
35110,1074340
35111,1074330
35112,1074310
35113,1074300
35114,1074280
35115,1074220
35116,1074190
35117,1074180
35118,1074170
35119,1074080
35120,1074070
35121,1074040
35122,1074030
35123,1073910
35124,1073900
35125,1073890
35126,1073870
35127,1073860
35128,1073840
35129,1073820
35130,1073810
35131,1073770
35132,1073720
35133,1073640
35134,1073610
35135,1073490
35136,1073440
35137,1073410
35138,1073400
35139,1073390
35140,1073320
35141,1073310
35142,1073280
35143,1073230
35144,1073220
35145,1073210
35146,1073130
35147,1073100
35148,1073060
35149,1073050
35150,1072920
35151,1072890
35152,1072870
35153,1072860
35154,1072800
35155,1072750
35156,1072720
35157,1072710
35158,1072640
35159,1072620
35160,1072610
35161,1072590
35162,1072530
35163,1072500
35164,1072480
35165,1072450
35166,1072420
35167,1072390
35168,1072350
35169,1072310
35170,1072300
35171,1072270
35172,1072190
35173,1072170
35174,1072150
35175,1072120
35176,1072110
35177,1072100
35178,1072050
35179,1072040
35180,1072030
35181,1072000
35182,1071940
35183,1071920
35184,1071900
35185,1071880
35186,1071870
35187,1071860
35188,1071770
35189,1071700
35190,1071680
35191,1071660
35192,1071620
35193,1071510
35194,1071490
35195,1071350
35196,1071330
35197,1071320
35198,1071310
35199,1071290
35200,1071280
35201,1071260
35202,1071240
35203,1071220
35204,1071190
35205,1071170
35206,1071140
35207,1071130
35208,1071120
35209,1071100
35210,1071090
35211,1071080
35212,1071060
35213,1070940
35214,1070910
35215,1070890
35216,1070860
35217,1070850
35218,1070840
35219,1070800
35220,1070790
35221,1070780
35222,1070770
35223,1070710
35224,1070690
35225,1070590
35226,1070580
35227,1070550
35228,1070510
35229,1070440
35230,1070410
35231,1070330
35232,1070320
35233,1070300
35234,1070250
35235,1070240
35236,1070230
35237,1070220
35238,1070190
35239,1070180
35240,1070150
35241,1070110
35242,1070020
35243,1069940
35244,1069910
35245,1069900
35246,1069850
35247,1069820
35248,1069760
35249,1069750
35250,1069740
35251,1069710
35252,1069690
35253,1069670
35254,1069660
35255,1069650
35256,1069640
35257,1069610
35258,1069530
35259,1069480
35260,1069460
35261,1069390
35262,1069380
35263,1069360
35264,1069270
35265,1069230
35266,1069220
35267,1069210
35268,1069190
35269,1069160
35270,1069140
35271,1069090
35272,1069080
35273,1069050
35274,1069030
35275,1068980
35276,1068910
35277,1068860
35278,1068820
35279,1068800
35280,1068700
35281,1068640
35282,1068620
35283,1068600
35284,1068530
35285,1068520
35286,1068490
35287,1068480
35288,1068460
35289,1068410
35290,1068360
35291,1068350
35292,1068210
35293,1068150
35294,1068120
35295,1068110
35296,1068070
35297,1067930
35298,1067900
35299,1067860
35300,1067850
35301,1067810
35302,1067760
35303,1067720
35304,1067650
35305,1067600
35306,1067580
35307,1067560
35308,1067540
35309,1067520
35310,1067450
35311,1067440
35312,1067430
35313,1067400
35314,1067350
35315,1067320
35316,1067310
35317,1067250
35318,1067220
35319,1067200
35320,1067110
35321,1067080
35322,1067050
35323,1067030
35324,1067020
35325,1066950
35326,1066940
35327,1066900
35328,1066890
35329,1066860
35330,1066780
35331,1066760
35332,1066700
35333,1066680
35334,1066670
35335,1066630
35336,1066490
35337,1066470
35338,1066460
35339,1066430
35340,1066420
35341,1066400
35342,1066310
35343,1066290
35344,1066260
35345,1066240
35346,1066230
35347,1066210
35348,1066180
35349,1066160
35350,1066140
35351,1066130
35352,1066110
35353,1066090
35354,1066040
35355,1066030
35356,1065970
35357,1065950
35358,1065940
35359,1065920
35360,1065880
35361,1065850
35362,1065830
35363,1065750
35364,1065680
35365,1065670
35366,1065630
35367,1065580
35368,1065570
35369,1065550
35370,1065520
35371,1065460
35372,1065410
35373,1065390
35374,1065350
35375,1065320
35376,1065310
35377,1065260
35378,1065230
35379,1065210
35380,1065200
35381,1065180
35382,1065110
35383,1065100
35384,1065070
35385,1065020
35386,1064990
35387,1064950
35388,1064910
35389,1064900
35390,1064860
35391,1064840
35392,1064820
35393,1064800
35394,1064730
35395,1064690
35396,1064670
35397,1064660
35398,1064610
35399,1064600
35400,1064580
35401,1064540
35402,1064460
35403,1064420
35404,1064340
35405,1064320
35406,1064310
35407,1064200
35408,1064170
35409,1064160
35410,1064150
35411,1064140
35412,1064130
35413,1064090
35414,1064080
35415,1064070
35416,1064060
35417,1064030
35418,1064020
35419,1064010
35420,1063990
35421,1063980
35422,1063960
35423,1063950
35424,1063930
35425,1063910
35426,1063890
35427,1063860
35428,1063850
35429,1063830
35430,1063820
35431,1063790
35432,1063770
35433,1063730
35434,1063710
35435,1063660
35436,1063590
35437,1063580
35438,1063560
35439,1063540
35440,1063530
35441,1063520
35442,1063490
35443,1063470
35444,1063440
35445,1063420
35446,1063380
35447,1063350
35448,1063310
35449,1063300
35450,1063240
35451,1063230
35452,1063190
35453,1063160
35454,1063130
35455,1063120
35456,1063080
35457,1063050
35458,1063040
35459,1063020
35460,1062960
35461,1062860
35462,1062830
35463,1062810
35464,1062670
35465,1062550
35466,1062540
35467,1062520
35468,1062480
35469,1062340
35470,1062260
35471,1062220
35472,1062200
35473,1062160
35474,1062140
35475,1062130
35476,1062120
35477,1062110
35478,1062100
35479,1062090
35480,1062080
35481,1062070
35482,1062060
35483,1062040
35484,1062020
35485,1062000
35486,1061970
35487,1061930
35488,1061920
35489,1061910
35490,1061900
35491,1061880
35492,1061820
35493,1061730
35494,1061690
35495,1061680
35496,1061640
35497,1061610
35498,1061600
35499,1061550
35500,1061540
35501,1061490
35502,1061470
35503,1061430
35504,1061300
35505,1061270
35506,1061260
35507,1061250
35508,1061240
35509,1061220
35510,1061180
35511,1061160
35512,1061150
35513,1061090
35514,1061010
35515,1060820
35516,1060810
35517,1060770
35518,1060670
35519,1060630
35520,1060620
35521,1060600
35522,1060590
35523,1060570
35524,1060450
35525,1060380
35526,1060370
35527,1060360
35528,1060320
35529,1060310
35530,1060300
35531,1060240
35532,1060230
35533,1060220
35534,1060210
35535,1060180
35536,1060170
35537,1060160
35538,1060060
35539,1060000
35540,1059990
35541,1059980
35542,1059900
35543,1059890
35544,1059880
35545,1059850
35546,1059840
35547,1059830
35548,1059740
35549,1059710
35550,1059690
35551,1059500
35552,1059460
35553,1059430
35554,1059420
35555,1059280
35556,1059260
35557,1059240
35558,1059230
35559,1059190
35560,1059160
35561,1059150
35562,1059120
35563,1059090
35564,1059080
35565,1059040
35566,1058990
35567,1058980
35568,1058940
35569,1058930
35570,1058830
35571,1058800
35572,1058770
35573,1058750
35574,1058740
35575,1058710
35576,1058690
35577,1058660
35578,1058650
35579,1058640
35580,1058630
35581,1058590
35582,1058560
35583,1058550
35584,1058530
35585,1058510
35586,1058500
35587,1058490
35588,1058470
35589,1058450
35590,1058430
35591,1058380
35592,1058370
35593,1058350
35594,1058330
35595,1058320
35596,1058280
35597,1058270
35598,1058220
35599,1058210
35600,1058200
35601,1058140
35602,1058130
35603,1058110
35604,1058060
35605,1058020
35606,1058000
35607,1057990
35608,1057980
35609,1057850
35610,1057800
35611,1057780
35612,1057770
35613,1057750
35614,1057740
35615,1057720
35616,1057700
35617,1057680
35618,1057640
35619,1057600
35620,1057560
35621,1057540
35622,1057500
35623,1057430
35624,1057420
35625,1057220
35626,1057180
35627,1057130
35628,1057090
35629,1056970
35630,1056960
35631,1056860
35632,1056840
35633,1056750
35634,1056720
35635,1056710
35636,1056690
35637,1056660
35638,1056650
35639,1056610
35640,1056590
35641,1056580
35642,1056570
35643,1056520
35644,1056510
35645,1056490
35646,1056480
35647,1056420
35648,1056350
35649,1056330
35650,1056280
35651,1056230
35652,1056180
35653,1056170
35654,1056140
35655,1056080
35656,1056050
35657,1056040
35658,1056010
35659,1055990
35660,1055970
35661,1055950
35662,1055890
35663,1055850
35664,1055760
35665,1055690
35666,1055620
35667,1055610
35668,1055590
35669,1055540
35670,1055490
35671,1055430
35672,1055380
35673,1055310
35674,1055240
35675,1055210
35676,1055170
35677,1055150
35678,1055140
35679,1055090
35680,1055010
35681,1055000
35682,1054990
35683,1054980
35684,1054950
35685,1054930
35686,1054800
35687,1054770
35688,1054750
35689,1054720
35690,1054710
35691,1054700
35692,1054690
35693,1054660
35694,1054650
35695,1054640
35696,1054610
35697,1054580
35698,1054560
35699,1054550
35700,1054530
35701,1054510
35702,1054500
35703,1054490
35704,1054470
35705,1054450
35706,1054430
35707,1054370
35708,1054350
35709,1054340
35710,1054300
35711,1054290
35712,1054270
35713,1054240
35714,1054120
35715,1054110
35716,1054090
35717,1054050
35718,1054030
35719,1053960
35720,1053870
35721,1053850
35722,1053830
35723,1053780
35724,1053760
35725,1053750
35726,1053730
35727,1053710
35728,1053680
35729,1053660
35730,1053650
35731,1053620
35732,1053560
35733,1053390
35734,1053330
35735,1053270
35736,1053250
35737,1053190
35738,1053170
35739,1053160
35740,1053020
35741,1053000
35742,1052990
35743,1052970
35744,1052920
35745,1052900
35746,1052870
35747,1052760
35748,1052640
35749,1052600
35750,1052580
35751,1052550
35752,1052540
35753,1052500
35754,1052440
35755,1052420
35756,1052380
35757,1052370
35758,1052360
35759,1052310
35760,1052230
35761,1052220
35762,1052210
35763,1052150
35764,1052100
35765,1052090
35766,1052080
35767,1052070
35768,1052030
35769,1051990
35770,1051960
35771,1051950
35772,1051920
35773,1051900
35774,1051890
35775,1051870
35776,1051850
35777,1051840
35778,1051830
35779,1051690
35780,1051670
35781,1051630
35782,1051590
35783,1051580
35784,1051570
35785,1051500
35786,1051470
35787,1051420
35788,1051410
35789,1051350
35790,1051310
35791,1051300
35792,1051290
35793,1051270
35794,1051260
35795,1051250
35796,1051200
35797,1051190
35798,1051160
35799,1051130
35800,1050880
35801,1050810
35802,1050730
35803,1050720
35804,1050670
35805,1050580
35806,1050560
35807,1050540
35808,1050520
35809,1050510
35810,1050370
35811,1050340
35812,1050330
35813,1050280
35814,1050260
35815,1050240
35816,1050230
35817,1050180
35818,1050160
35819,1050150
35820,1050130
35821,1050080
35822,1050000
35823,1049950
35824,1049890
35825,1049880
35826,1049870
35827,1049850
35828,1049840
35829,1049820
35830,1049800
35831,1049710
35832,1049670
35833,1049660
35834,1049590
35835,1049570
35836,1049560
35837,1049530
35838,1049420
35839,1049410
35840,1049400
35841,1049360
35842,1049320
35843,1049310
35844,1049280
35845,1049220
35846,1049140
35847,1049130
35848,1049100
35849,1049070
35850,1049030
35851,1049010
35852,1049000
35853,1048950
35854,1048920
35855,1048900
35856,1048880
35857,1048860
35858,1048830
35859,1048790
35860,1048740
35861,1048710
35862,1048660
35863,1048640
35864,1048580
35865,1048570
35866,1048560
35867,1048540
35868,1048530
35869,1048390
35870,1048370
35871,1048350
35872,1048300
35873,1048280
35874,1048270
35875,1048100
35876,1048080
35877,1048040
35878,1048020
35879,1048000
35880,1047960
35881,1047950
35882,1047930
35883,1047910
35884,1047870
35885,1047860
35886,1047850
35887,1047830
35888,1047810
35889,1047750
35890,1047720
35891,1047680
35892,1047580
35893,1047480
35894,1047440
35895,1047430
35896,1047410
35897,1047380
35898,1047240
35899,1047220
35900,1047190
35901,1047170
35902,1047160
35903,1047140
35904,1047120
35905,1047110
35906,1047090
35907,1047010
35908,1046980
35909,1046930
35910,1046820
35911,1046790
35912,1046770
35913,1046750
35914,1046740
35915,1046670
35916,1046660
35917,1046650
35918,1046630
35919,1046600
35920,1046570
35921,1046470
35922,1046400
35923,1046370
35924,1046300
35925,1046240
35926,1046230
35927,1046210
35928,1046030
35929,1045930
35930,1045920
35931,1045900
35932,1045850
35933,1045840
35934,1045720
35935,1045680
35936,1045650
35937,1045620
35938,1045610
35939,1045590
35940,1045580
35941,1045520
35942,1045510
35943,1045430
35944,1045350
35945,1045340
35946,1045220
35947,1045180
35948,1045140
35949,1045130
35950,1045120
35951,1045110
35952,1045080
35953,1045070
35954,1045060
35955,1045020
35956,1045010
35957,1044980
35958,1044950
35959,1044930
35960,1044920
35961,1044870
35962,1044790
35963,1044770
35964,1044760
35965,1044750
35966,1044730
35967,1044720
35968,1044640
35969,1044630
35970,1044620
35971,1044520
35972,1044500
35973,1044490
35974,1044480
35975,1044450
35976,1044410
35977,1044340
35978,1044220
35979,1044210
35980,1044180
35981,1044170
35982,1044130
35983,1044110
35984,1044040
35985,1044020
35986,1043870
35987,1043860
35988,1043810
35989,1043760
35990,1043710
35991,1043690
35992,1043610
35993,1043560
35994,1043510
35995,1043500
35996,1043470
35997,1043430
35998,1043390
35999,1043380
36000,1043360
36001,1043350
36002,1043340
36003,1043260
36004,1043250
36005,1043240
36006,1043230
36007,1043200
36008,1043180
36009,1043150
36010,1043140
36011,1043120
36012,1043040
36013,1043020
36014,1043000
36015,1042990
36016,1042980
36017,1042960
36018,1042930
36019,1042920
36020,1042910
36021,1042820
36022,1042800
36023,1042780
36024,1042750
36025,1042670
36026,1042600
36027,1042590
36028,1042570
36029,1042560
36030,1042550
36031,1042530
36032,1042490
36033,1042460
36034,1042380
36035,1042330
36036,1042230
36037,1042210
36038,1042170
36039,1042160
36040,1042150
36041,1042090
36042,1042080
36043,1042030
36044,1042020
36045,1042010
36046,1041940
36047,1041920
36048,1041840
36049,1041780
36050,1041760
36051,1041720
36052,1041710
36053,1041690
36054,1041670
36055,1041520
36056,1041500
36057,1041450
36058,1041400
36059,1041390
36060,1041320
36061,1041270
36062,1041210
36063,1041140
36064,1041130
36065,1041100
36066,1041060
36067,1040890
36068,1040860
36069,1040820
36070,1040740
36071,1040730
36072,1040720
36073,1040630
36074,1040620
36075,1040610
36076,1040590
36077,1040550
36078,1040510
36079,1040490
36080,1040460
36081,1040430
36082,1040420
36083,1040390
36084,1040310
36085,1040230
36086,1040200
36087,1040080
36088,1040070
36089,1039970
36090,1039960
36091,1039940
36092,1039890
36093,1039880
36094,1039830
36095,1039590
36096,1039570
36097,1039560
36098,1039470
36099,1039380
36100,1039370
36101,1039360
36102,1039350
36103,1039330
36104,1039320
36105,1039310
36106,1039290
36107,1039280
36108,1039200
36109,1039110
36110,1039100
36111,1039080
36112,1039040
36113,1038850
36114,1038830
36115,1038820
36116,1038810
36117,1038740
36118,1038680
36119,1038670
36120,1038650
36121,1038640
36122,1038630
36123,1038620
36124,1038450
36125,1038440
36126,1038370
36127,1038300
36128,1038280
36129,1038250
36130,1038240
36131,1038100
36132,1037990
36133,1037970
36134,1037960
36135,1037940
36136,1037930
36137,1037910
36138,1037840
36139,1037830
36140,1037820
36141,1037760
36142,1037750
36143,1037690
36144,1037590
36145,1037570
36146,1037560
36147,1037460
36148,1037420
36149,1037410
36150,1037350
36151,1037190
36152,1037150
36153,1037130
36154,1037120
36155,1037100
36156,1037090
36157,1037080
36158,1037020
36159,1037010
36160,1036990
36161,1036980
36162,1036960
36163,1036950
36164,1036930
36165,1036920
36166,1036910
36167,1036900
36168,1036890
36169,1036870
36170,1036850
36171,1036840
36172,1036820
36173,1036800
36174,1036750
36175,1036740
36176,1036700
36177,1036660
36178,1036640
36179,1036600
36180,1036580
36181,1036530
36182,1036490
36183,1036440
36184,1036420
36185,1036370
36186,1036340
36187,1036270
36188,1036260
36189,1036240
36190,1036200
36191,1036120
36192,1036000
36193,1035990
36194,1035950
36195,1035930
36196,1035920
36197,1035890
36198,1035880
36199,1035860
36200,1035850
36201,1035800
36202,1035780
36203,1035770
36204,1035760
36205,1035750
36206,1035700
36207,1035660
36208,1035610
36209,1035600
36210,1035560
36211,1035550
36212,1035530
36213,1035510
36214,1035320
36215,1035310
36216,1035190
36217,1035120
36218,1035110
36219,1035050
36220,1035030
36221,1035010
36222,1034950
36223,1034940
36224,1034920
36225,1034910
36226,1034900
36227,1034880
36228,1034860
36229,1034850
36230,1034810
36231,1034750
36232,1034740
36233,1034700
36234,1034590
36235,1034540
36236,1034410
36237,1034400
36238,1034380
36239,1034370
36240,1034280
36241,1034270
36242,1034260
36243,1034250
36244,1034240
36245,1034230
36246,1034200
36247,1034170
36248,1034160
36249,1034150
36250,1034140
36251,1034130
36252,1034120
36253,1034060
36254,1034040
36255,1034020
36256,1033960
36257,1033950
36258,1033930
36259,1033910
36260,1033880
36261,1033810
36262,1033780
36263,1033710
36264,1033700
36265,1033670
36266,1033640
36267,1033510
36268,1033450
36269,1033420
36270,1033410
36271,1033340
36272,1033330
36273,1033240
36274,1033220
36275,1033210
36276,1033170
36277,1033140
36278,1033130
36279,1033120
36280,1033110
36281,1033100
36282,1033080
36283,1033000
36284,1032830
36285,1032790
36286,1032750
36287,1032740
36288,1032730
36289,1032700
36290,1032690
36291,1032670
36292,1032660
36293,1032590
36294,1032580
36295,1032520
36296,1032510
36297,1032450
36298,1032430
36299,1032340
36300,1032270
36301,1032260
36302,1032210
36303,1032170
36304,1032120
36305,1031970
36306,1031920
36307,1031910
36308,1031900
36309,1031800
36310,1031790
36311,1031770
36312,1031700
36313,1031670
36314,1031650
36315,1031640
36316,1031590
36317,1031570
36318,1031540
36319,1031480
36320,1031460
36321,1031440
36322,1031330
36323,1031270
36324,1031260
36325,1031210
36326,1031200
36327,1031170
36328,1031140
36329,1031120
36330,1031110
36331,1031020
36332,1030970
36333,1030960
36334,1030950
36335,1030840
36336,1030830
36337,1030730
36338,1030580
36339,1030530
36340,1030490
36341,1030470
36342,1030430
36343,1030410
36344,1030380
36345,1030360
36346,1030310
36347,1030240
36348,1030210
36349,1030180
36350,1030060
36351,1029990
36352,1029980
36353,1029970
36354,1029920
36355,1029900
36356,1029890
36357,1029870
36358,1029860
36359,1029780
36360,1029760
36361,1029730
36362,1029690
36363,1029650
36364,1029630
36365,1029570
36366,1029560
36367,1029550
36368,1029500
36369,1029470
36370,1029380
36371,1029340
36372,1029260
36373,1029240
36374,1029220
36375,1029210
36376,1029170
36377,1029160
36378,1029130
36379,1029120
36380,1029110
36381,1029100
36382,1029080
36383,1029070
36384,1029050
36385,1029040
36386,1028930
36387,1028910
36388,1028880
36389,1028860
36390,1028850
36391,1028840
36392,1028820
36393,1028800
36394,1028770
36395,1028760
36396,1028750
36397,1028740
36398,1028730
36399,1028630
36400,1028590
36401,1028570
36402,1028520
36403,1028500
36404,1028490
36405,1028470
36406,1028440
36407,1028380
36408,1028350
36409,1028310
36410,1028300
36411,1028280
36412,1028170
36413,1028160
36414,1028130
36415,1028110
36416,1028090
36417,1027990
36418,1027970
36419,1027900
36420,1027820
36421,1027810
36422,1027800
36423,1027710
36424,1027650
36425,1027620
36426,1027600
36427,1027520
36428,1027480
36429,1027250
36430,1027230
36431,1027220
36432,1027190
36433,1027140
36434,1027130
36435,1027120
36436,1027060
36437,1026960
36438,1026940
36439,1026910
36440,1026880
36441,1026840
36442,1026820
36443,1026770
36444,1026760
36445,1026680
36446,1026670
36447,1026610
36448,1026420
36449,1026400
36450,1026390
36451,1026380
36452,1026370
36453,1026210
36454,1026160
36455,1026130
36456,1026110
36457,1026100
36458,1026080
36459,1026070
36460,1025960
36461,1025890
36462,1025870
36463,1025740
36464,1025710
36465,1025600
36466,1025480
36467,1025460
36468,1025440
36469,1025410
36470,1025250
36471,1025240
36472,1025230
36473,1025200
36474,1025140
36475,1025130
36476,1025070
36477,1025020
36478,1024980
36479,1024970
36480,1024950
36481,1024800
36482,1024790
36483,1024780
36484,1024670
36485,1024650
36486,1024640
36487,1024630
36488,1024600
36489,1024540
36490,1024490
36491,1024480
36492,1024460
36493,1024430
36494,1024400
36495,1024330
36496,1024220
36497,1024210
36498,1024160
36499,1024150
36500,1024080
36501,1023980
36502,1023970
36503,1023960
36504,1023870
36505,1023790
36506,1023750
36507,1023740
36508,1023720
36509,1023700
36510,1023690
36511,1023680
36512,1023650
36513,1023570
36514,1023560
36515,1023550
36516,1023510
36517,1023410
36518,1023390
36519,1023370
36520,1023320
36521,1023260
36522,1023250
36523,1023150
36524,1023140
36525,1023060
36526,1023030
36527,1022990
36528,1022980
36529,1022920
36530,1022840
36531,1022780
36532,1022770
36533,1022710
36534,1022650
36535,1022610
36536,1022530
36537,1022480
36538,1022450
36539,1022310
36540,1022280
36541,1022230
36542,1022180
36543,1022150
36544,1022130
36545,1022010
36546,1021950
36547,1021940
36548,1021880
36549,1021860
36550,1021850
36551,1021820
36552,1021800
36553,1021780
36554,1021770
36555,1021690
36556,1021680
36557,1021670
36558,1021640
36559,1021260
36560,1021220
36561,1021210
36562,1021120
36563,1021100
36564,1021070
36565,1020980
36566,1020940
36567,1020910
36568,1020840
36569,1020830
36570,1020820
36571,1020800
36572,1020790
36573,1020780
36574,1020730
36575,1020660
36576,1020640
36577,1020600
36578,1020590
36579,1020540
36580,1020520
36581,1020490
36582,1020470
36583,1020450
36584,1020440
36585,1020420
36586,1020410
36587,1020390
36588,1020340
36589,1020330
36590,1020310
36591,1020270
36592,1020210
36593,1020090
36594,1020080
36595,1020050
36596,1020030
36597,1020020
36598,1019940
36599,1019920
36600,1019790
36601,1019740
36602,1019730
36603,1019630
36604,1019590
36605,1019580
36606,1019550
36607,1019450
36608,1019340
36609,1019310
36610,1019240
36611,1019230
36612,1019100
36613,1019070
36614,1019060
36615,1019040
36616,1019020
36617,1018990
36618,1018960
36619,1018930
36620,1018900
36621,1018870
36622,1018860
36623,1018850
36624,1018830
36625,1018800
36626,1018750
36627,1018730
36628,1018720
36629,1018680
36630,1018640
36631,1018610
36632,1018420
36633,1018270
36634,1018170
36635,1018160
36636,1018130
36637,1018090
36638,1018060
36639,1018040
36640,1018020
36641,1018010
36642,1018000
36643,1017940
36644,1017900
36645,1017880
36646,1017820
36647,1017800
36648,1017780
36649,1017670
36650,1017610
36651,1017600
36652,1017580
36653,1017560
36654,1017520
36655,1017480
36656,1017410
36657,1017350
36658,1017180
36659,1017160
36660,1017130
36661,1017100
36662,1017060
36663,1016980
36664,1016970
36665,1016960
36666,1016950
36667,1016940
36668,1016930
36669,1016920
36670,1016860
36671,1016850
36672,1016800
36673,1016790
36674,1016770
36675,1016730
36676,1016720
36677,1016700
36678,1016650
36679,1016630
36680,1016610
36681,1016600
36682,1016430
36683,1016420
36684,1016390
36685,1016360
36686,1016260
36687,1016250
36688,1016180
36689,1016120
36690,1016110
36691,1016010
36692,1016000
36693,1015940
36694,1015930
36695,1015920
36696,1015890
36697,1015800
36698,1015790
36699,1015770
36700,1015750
36701,1015730
36702,1015720
36703,1015710
36704,1015700
36705,1015660
36706,1015650
36707,1015610
36708,1015580
36709,1015530
36710,1015520
36711,1015480
36712,1015470
36713,1015430
36714,1015350
36715,1015250
36716,1015240
36717,1015190
36718,1015140
36719,1015130
36720,1015090
36721,1015080
36722,1015020
36723,1014990
36724,1014970
36725,1014920
36726,1014900
36727,1014880
36728,1014850
36729,1014810
36730,1014750
36731,1014730
36732,1014710
36733,1014590
36734,1014580
36735,1014570
36736,1014560
36737,1014550
36738,1014470
36739,1014460
36740,1014420
36741,1014370
36742,1014360
36743,1014350
36744,1014280
36745,1014270
36746,1014240
36747,1014180
36748,1014140
36749,1014130
36750,1014110
36751,1014100
36752,1014050
36753,1014040
36754,1014010
36755,1013960
36756,1013950
36757,1013910
36758,1013890
36759,1013870
36760,1013830
36761,1013820
36762,1013750
36763,1013710
36764,1013700
36765,1013680
36766,1013660
36767,1013650
36768,1013630
36769,1013600
36770,1013580
36771,1013540
36772,1013450
36773,1013410
36774,1013350
36775,1013340
36776,1013320
36777,1013280
36778,1013220
36779,1013190
36780,1013180
36781,1013140
36782,1013130
36783,1013120
36784,1013070
36785,1013040
36786,1013000
36787,1012990
36788,1012970
36789,1012900
36790,1012880
36791,1012860
36792,1012850
36793,1012840
36794,1012830
36795,1012800
36796,1012790
36797,1012730
36798,1012720
36799,1012630
36800,1012610
36801,1012580
36802,1012570
36803,1012560
36804,1012530
36805,1012510
36806,1012460
36807,1012450
36808,1012430
36809,1012410
36810,1012390
36811,1012330
36812,1012280
36813,1012240
36814,1012210
36815,1012180
36816,1012110
36817,1012070
36818,1012030
36819,1011990
36820,1011970
36821,1011960
36822,1011940
36823,1011830
36824,1011740
36825,1011700
36826,1011670
36827,1011650
36828,1011630
36829,1011620
36830,1011610
36831,1011550
36832,1011510
36833,1011470
36834,1011420
36835,1011390
36836,1011320
36837,1011300
36838,1011290
36839,1011270
36840,1011240
36841,1011190
36842,1011130
36843,1011110
36844,1011090
36845,1011070
36846,1011030
36847,1011000
36848,1010970
36849,1010950
36850,1010930
36851,1010890
36852,1010870
36853,1010860
36854,1010850
36855,1010840
36856,1010830
36857,1010800
36858,1010780
36859,1010750
36860,1010670
36861,1010660
36862,1010650
36863,1010600
36864,1010540
36865,1010490
36866,1010450
36867,1010410
36868,1010330
36869,1010290
36870,1010270
36871,1010260
36872,1010240
36873,1010230
36874,1010150
36875,1010100
36876,1010070
36877,1009990
36878,1009960
36879,1009950
36880,1009920
36881,1009910
36882,1009900
36883,1009850
36884,1009780
36885,1009750
36886,1009700
36887,1009690
36888,1009560
36889,1009460
36890,1009450
36891,1009390
36892,1009360
36893,1009350
36894,1009330
36895,1009290
36896,1009180
36897,1009040
36898,1008950
36899,1008920
36900,1008910
36901,1008870
36902,1008860
36903,1008830
36904,1008820
36905,1008800
36906,1008740
36907,1008710
36908,1008700
36909,1008690
36910,1008680
36911,1008610
36912,1008580
36913,1008520
36914,1008510
36915,1008390
36916,1008370
36917,1008320
36918,1008290
36919,1008280
36920,1008230
36921,1008210
36922,1008140
36923,1008030
36924,1008020
36925,1008000
36926,1007990
36927,1007980
36928,1007970
36929,1007960
36930,1007950
36931,1007940
36932,1007880
36933,1007870
36934,1007840
36935,1007830
36936,1007820
36937,1007810
36938,1007800
36939,1007740
36940,1007730
36941,1007630
36942,1007540
36943,1007490
36944,1007430
36945,1007400
36946,1007360
36947,1007350
36948,1007280
36949,1007260
36950,1007240
36951,1007210
36952,1007140
36953,1007080
36954,1007070
36955,1007050
36956,1007040
36957,1006930
36958,1006920
36959,1006900
36960,1006880
36961,1006850
36962,1006830
36963,1006800
36964,1006730
36965,1006720
36966,1006710
36967,1006700
36968,1006600
36969,1006460
36970,1006450
36971,1006440
36972,1006400
36973,1006270
36974,1006250
36975,1006220
36976,1006170
36977,1006160
36978,1006150
36979,1006140
36980,1006120
36981,1005990
36982,1005950
36983,1005930
36984,1005920
36985,1005910
36986,1005900
36987,1005890
36988,1005870
36989,1005730
36990,1005630
36991,1005530
36992,1005520
36993,1005490
36994,1005460
36995,1005450
36996,1005420
36997,1005410
36998,1005400
36999,1005340
37000,1005330
37001,1005310
37002,1005300
37003,1005240
37004,1005230
37005,1005220
37006,1005210
37007,1005130
37008,1005120
37009,1005060
37010,1005050
37011,1005000
37012,1004860
37013,1004770
37014,1004750
37015,1004740
37016,1004710
37017,1004650
37018,1004620
37019,1004610
37020,1004560
37021,1004550
37022,1004510
37023,1004500
37024,1004490
37025,1004370
37026,1004330
37027,1004270
37028,1004240
37029,1004230
37030,1004210
37031,1004200
37032,1004150
37033,1004050
37034,1004040
37035,1004030
37036,1004000
37037,1003940
37038,1003890
37039,1003880
37040,1003860
37041,1003750
37042,1003730
37043,1003600
37044,1003590
37045,1003560
37046,1003520
37047,1003490
37048,1003480
37049,1003450
37050,1003400
37051,1003370
37052,1003360
37053,1003320
37054,1003230
37055,1003190
37056,1003150
37057,1003120
37058,1003090
37059,1003070
37060,1003020
37061,1003010
37062,1002970
37063,1002960
37064,1002930
37065,1002920
37066,1002890
37067,1002850
37068,1002830
37069,1002800
37070,1002690
37071,1002630
37072,1002600
37073,1002560
37074,1002540
37075,1002510
37076,1002490
37077,1002440
37078,1002430
37079,1002420
37080,1002410
37081,1002360
37082,1002300
37083,1002290
37084,1002280
37085,1002270
37086,1002230
37087,1002210
37088,1002200
37089,1002100
37090,1002030
37091,1002000
37092,1001980
37093,1001970
37094,1001960
37095,1001910
37096,1001880
37097,1001870
37098,1001860
37099,1001800
37100,1001690
37101,1001660
37102,1001640
37103,1001600
37104,1001590
37105,1001550
37106,1001500
37107,1001490
37108,1001430
37109,1001270
37110,1001240
37111,1001230
37112,1001220
37113,1001200
37114,1001140
37115,1001100
37116,1001070
37117,1001040
37118,1001010
37119,1000990
37120,1000870
37121,1000860
37122,1000830
37123,1000800
37124,1000790
37125,1000770
37126,1000760
37127,1000700
37128,1000640
37129,1000600
37130,1000560
37131,1000550
37132,1000540
37133,1000510
37134,1000500
37135,1000480
37136,1000470
37137,1000440
37138,1000410
37139,1000380
37140,1000360
37141,1000280
37142,1000110
37143,1000100
37144,1000080
37145,1000030
37146,1000010
37147,1000000
37148,999990
37149,999880
37150,999860
37151,999830
37152,999760
37153,999730
37154,999660
37155,999640
37156,999560
37157,999480
37158,999430
37159,999410
37160,999350
37161,999340
37162,999290
37163,999270
37164,999220
37165,999200
37166,999190
37167,999040
37168,999020
37169,998990
37170,998930
37171,998850
37172,998830
37173,998820
37174,998790
37175,998740
37176,998730
37177,998660
37178,998630
37179,998570
37180,998480
37181,998400
37182,998330
37183,998270
37184,998220
37185,998150
37186,998020
37187,998010
37188,997950
37189,997870
37190,997730
37191,997720
37192,997710
37193,997700
37194,997560
37195,997480
37196,997430
37197,997380
37198,997260
37199,997240
37200,997180
37201,997170
37202,997060
37203,997050
37204,997030
37205,997010
37206,997000
37207,996980
37208,996920
37209,996860
37210,996770
37211,996730
37212,996690
37213,996580
37214,996550
37215,996450
37216,996380
37217,996370
37218,996280
37219,996180
37220,996160
37221,996080
37222,996050
37223,996000
37224,995990
37225,995980
37226,995920
37227,995900
37228,995790
37229,995720
37230,995700
37231,995660
37232,995490
37233,995480
37234,995470
37235,995460
37236,995450
37237,995430
37238,995330
37239,995280
37240,995270
37241,995240
37242,995230
37243,995210
37244,995170
37245,995160
37246,995140
37247,995070
37248,995050
37249,995000
37250,994930
37251,994910
37252,994880
37253,994870
37254,994860
37255,994750
37256,994730
37257,994670
37258,994610
37259,994520
37260,994500
37261,994350
37262,994340
37263,994320
37264,994310
37265,994290
37266,994280
37267,994270
37268,994260
37269,994220
37270,994200
37271,994190
37272,994180
37273,994160
37274,994140
37275,994040
37276,994020
37277,993990
37278,993810
37279,993790
37280,993780
37281,993750
37282,993740
37283,993690
37284,993680
37285,993640
37286,993630
37287,993580
37288,993500
37289,993400
37290,993340
37291,993330
37292,993270
37293,993250
37294,993200
37295,993170
37296,993110
37297,993090
37298,993030
37299,992990
37300,992950
37301,992910
37302,992870
37303,992860
37304,992750
37305,992740
37306,992730
37307,992720
37308,992700
37309,992680
37310,992640
37311,992620
37312,992610
37313,992520
37314,992490
37315,992420
37316,992330
37317,992310
37318,992300
37319,992210
37320,992200
37321,992120
37322,992080
37323,992070
37324,992050
37325,992040
37326,992000
37327,991960
37328,991930
37329,991860
37330,991810
37331,991800
37332,991790
37333,991780
37334,991760
37335,991750
37336,991740
37337,991710
37338,991680
37339,991620
37340,991600
37341,991560
37342,991530
37343,991480
37344,991430
37345,991280
37346,991270
37347,991260
37348,991240
37349,991230
37350,991170
37351,991080
37352,991070
37353,990950
37354,990940
37355,990920
37356,990900
37357,990850
37358,990840
37359,990720
37360,990640
37361,990630
37362,990500
37363,990410
37364,990400
37365,990360
37366,990280
37367,990260
37368,990250
37369,990240
37370,990230
37371,990180
37372,990090
37373,990080
37374,990060
37375,990050
37376,990030
37377,990020
37378,989790
37379,989780
37380,989770
37381,989710
37382,989690
37383,989640
37384,989580
37385,989550
37386,989490
37387,989450
37388,989440
37389,989430
37390,989190
37391,989160
37392,989080
37393,989060
37394,989050
37395,989040
37396,988980
37397,988940
37398,988930
37399,988910
37400,988650
37401,988490
37402,988430
37403,988340
37404,988310
37405,988240
37406,988100
37407,987980
37408,987950
37409,987910
37410,987900
37411,987880
37412,987850
37413,987840
37414,987820
37415,987810
37416,987790
37417,987770
37418,987740
37419,987720
37420,987710
37421,987670
37422,987590
37423,987580
37424,987570
37425,987490
37426,987480
37427,987410
37428,987400
37429,987350
37430,987330
37431,987290
37432,987240
37433,987230
37434,987210
37435,987200
37436,987190
37437,987180
37438,987150
37439,987020
37440,987000
37441,986990
37442,986930
37443,986830
37444,986820
37445,986800
37446,986710
37447,986680
37448,986370
37449,986350
37450,986340
37451,986310
37452,986280
37453,986130
37454,986080
37455,986070
37456,986040
37457,986020
37458,985950
37459,985940
37460,985900
37461,985890
37462,985830
37463,985810
37464,985800
37465,985780
37466,985760
37467,985740
37468,985720
37469,985710
37470,985680
37471,985650
37472,985640
37473,985620
37474,985590
37475,985580
37476,985560
37477,985530
37478,985510
37479,985500
37480,985430
37481,985400
37482,985280
37483,985260
37484,985240
37485,985080
37486,985070
37487,985040
37488,985020
37489,985000
37490,984830
37491,984800
37492,984790
37493,984780
37494,984730
37495,984720
37496,984680
37497,984660
37498,984600
37499,984570
37500,984560
37501,984540
37502,984510
37503,984470
37504,984450
37505,984360
37506,984250
37507,984240
37508,984170
37509,984110
37510,984080
37511,984070
37512,984020
37513,983990
37514,983980
37515,983970
37516,983870
37517,983840
37518,983830
37519,983820
37520,983760
37521,983670
37522,983640
37523,983610
37524,983520
37525,983450
37526,983380
37527,983350
37528,983290
37529,983280
37530,983170
37531,983160
37532,983150
37533,983140
37534,983120
37535,983070
37536,983050
37537,982850
37538,982840
37539,982830
37540,982800
37541,982760
37542,982720
37543,982710
37544,982700
37545,982670
37546,982580
37547,982540
37548,982480
37549,982450
37550,982440
37551,982400
37552,982380
37553,982350
37554,982300
37555,982290
37556,982270
37557,982250
37558,982220
37559,982100
37560,982060
37561,982040
37562,981960
37563,981900
37564,981890
37565,981880
37566,981830
37567,981790
37568,981770
37569,981750
37570,981690
37571,981630
37572,981620
37573,981600
37574,981590
37575,981550
37576,981430
37577,981420
37578,981310
37579,981300
37580,981290
37581,981270
37582,981260
37583,981160
37584,981020
37585,980950
37586,980940
37587,980880
37588,980850
37589,980830
37590,980740
37591,980730
37592,980690
37593,980640
37594,980610
37595,980520
37596,980490
37597,980480
37598,980320
37599,980300
37600,980210
37601,980190
37602,980170
37603,980160
37604,980090
37605,979970
37606,979920
37607,979910
37608,979900
37609,979890
37610,979810
37611,979800
37612,979790
37613,979760
37614,979740
37615,979720
37616,979710
37617,979690
37618,979640
37619,979600
37620,979580
37621,979560
37622,979530
37623,979500
37624,979480
37625,979450
37626,979400
37627,979390
37628,979330
37629,979310
37630,979290
37631,979260
37632,979160
37633,979120
37634,979110
37635,979100
37636,979090
37637,979080
37638,979070
37639,979060
37640,979010
37641,978990
37642,978970
37643,978960
37644,978920
37645,978870
37646,978800
37647,978790
37648,978780
37649,978720
37650,978700
37651,978690
37652,978680
37653,978670
37654,978640
37655,978630
37656,978610
37657,978520
37658,978510
37659,978470
37660,978460
37661,978450
37662,978340
37663,978300
37664,978270
37665,978250
37666,978210
37667,978200
37668,978190
37669,977950
37670,977900
37671,977880
37672,977840
37673,977810
37674,977790
37675,977720
37676,977690
37677,977640
37678,977630
37679,977590
37680,977570
37681,977560
37682,977540
37683,977510
37684,977500
37685,977490
37686,977460
37687,977450
37688,977430
37689,977400
37690,977390
37691,977340
37692,977300
37693,977230
37694,977210
37695,977160
37696,977100
37697,977050
37698,976980
37699,976960
37700,976940
37701,976930
37702,976920
37703,976900
37704,976890
37705,976870
37706,976830
37707,976800
37708,976780
37709,976730
37710,976720
37711,976700
37712,976680
37713,976590
37714,976570
37715,976500
37716,976420
37717,976410
37718,976390
37719,976340
37720,976330
37721,976310
37722,976260
37723,976230
37724,976160
37725,976120
37726,976070
37727,976060
37728,976030
37729,976020
37730,976010
37731,975950
37732,975910
37733,975800
37734,975760
37735,975710
37736,975700
37737,975680
37738,975660
37739,975640
37740,975620
37741,975600
37742,975550
37743,975510
37744,975470
37745,975430
37746,975410
37747,975390
37748,975370
37749,975350
37750,975290
37751,975270
37752,975240
37753,975230
37754,975200
37755,975150
37756,975120
37757,975050
37758,975020
37759,975000
37760,974970
37761,974950
37762,974910
37763,974870
37764,974850
37765,974840
37766,974830
37767,974680
37768,974670
37769,974630
37770,974620
37771,974520
37772,974450
37773,974390
37774,974370
37775,974320
37776,974310
37777,974240
37778,974200
37779,974180
37780,974150
37781,974110
37782,974040
37783,974010
37784,973850
37785,973810
37786,973800
37787,973760
37788,973700
37789,973640
37790,973580
37791,973550
37792,973450
37793,973440
37794,973390
37795,973300
37796,973250
37797,973240
37798,973230
37799,973220
37800,973170
37801,973130
37802,973110
37803,973090
37804,973070
37805,973060
37806,973050
37807,973000
37808,972990
37809,972960
37810,972940
37811,972920
37812,972910
37813,972890
37814,972850
37815,972770
37816,972760
37817,972740
37818,972660
37819,972600
37820,972560
37821,972520
37822,972430
37823,972420
37824,972390
37825,972290
37826,972280
37827,972200
37828,972180
37829,972160
37830,972010
37831,971880
37832,971780
37833,971690
37834,971680
37835,971650
37836,971620
37837,971610
37838,971540
37839,971500
37840,971480
37841,971460
37842,971430
37843,971350
37844,971280
37845,971210
37846,971160
37847,971150
37848,971130
37849,971120
37850,971070
37851,971060
37852,971040
37853,971030
37854,970980
37855,970970
37856,970960
37857,970940
37858,970910
37859,970900
37860,970890
37861,970880
37862,970870
37863,970850
37864,970840
37865,970830
37866,970810
37867,970800
37868,970730
37869,970710
37870,970620
37871,970610
37872,970600
37873,970580
37874,970570
37875,970560
37876,970530
37877,970510
37878,970500
37879,970450
37880,970400
37881,970300
37882,970220
37883,970210
37884,970190
37885,970150
37886,970140
37887,970130
37888,970090
37889,970030
37890,970000
37891,969990
37892,969970
37893,969940
37894,969760
37895,969740
37896,969700
37897,969690
37898,969680
37899,969540
37900,969480
37901,969250
37902,969240
37903,969230
37904,969220
37905,969200
37906,969170
37907,969130
37908,969060
37909,968970
37910,968950
37911,968940
37912,968870
37913,968820
37914,968800
37915,968790
37916,968760
37917,968730
37918,968700
37919,968570
37920,968550
37921,968540
37922,968500
37923,968470
37924,968460
37925,968450
37926,968440
37927,968430
37928,968420
37929,968370
37930,968350
37931,968320
37932,968310
37933,968290
37934,968250
37935,968200
37936,968170
37937,967490
37938,967460
37939,967450
37940,967440
37941,967430
37942,967410
37943,967390
37944,967370
37945,967330
37946,967250
37947,967240
37948,967130
37949,967120
37950,967050
37951,966870
37952,966720
37953,966680
37954,966670
37955,966660
37956,966630
37957,966610
37958,966590
37959,966580
37960,966560
37961,966540
37962,966530
37963,966470
37964,966460
37965,966450
37966,966430
37967,966420
37968,966400
37969,966370
37970,966330
37971,966320
37972,966210
37973,966190
37974,966160
37975,966090
37976,966070
37977,966010
37978,966000
37979,965990
37980,965940
37981,965920
37982,965890
37983,965860
37984,965830
37985,965820
37986,965810
37987,965680
37988,965670
37989,965640
37990,965620
37991,965610
37992,965600
37993,965590
37994,965580
37995,965510
37996,965490
37997,965470
37998,965410
37999,965390
38000,965340
38001,965320
38002,965310
38003,965300
38004,965230
38005,965210
38006,965200
38007,965180
38008,965120
38009,965080
38010,965030
38011,965010
38012,965000
38013,964990
38014,964960
38015,964920
38016,964910
38017,964890
38018,964800
38019,964750
38020,964650
38021,964620
38022,964580
38023,964570
38024,964460
38025,964440
38026,964390
38027,964350
38028,964240
38029,964230
38030,964220
38031,964210
38032,964180
38033,964130
38034,964080
38035,964070
38036,964040
38037,964020
38038,963930
38039,963910
38040,963900
38041,963870
38042,963860
38043,963770
38044,963710
38045,963690
38046,963680
38047,963660
38048,963570
38049,963490
38050,963450
38051,963400
38052,963370
38053,963330
38054,963300
38055,963290
38056,963280
38057,963230
38058,963220
38059,963210
38060,963170
38061,963000
38062,962970
38063,962950
38064,962810
38065,962730
38066,962700
38067,962630
38068,962580
38069,962510
38070,962400
38071,962390
38072,962380
38073,962290
38074,962220
38075,962150
38076,962130
38077,962090
38078,962050
38079,961920
38080,961860
38081,961850
38082,961700
38083,961660
38084,961640
38085,961620
38086,961510
38087,961490
38088,961450
38089,961420
38090,961240
38091,961220
38092,961210
38093,961200
38094,961040
38095,961010
38096,960990
38097,960980
38098,960910
38099,960900
38100,960820
38101,960740
38102,960730
38103,960710
38104,960690
38105,960680
38106,960660
38107,960610
38108,960590
38109,960420
38110,960360
38111,960330
38112,960320
38113,960270
38114,960240
38115,960220
38116,960200
38117,960190
38118,960170
38119,960150
38120,960140
38121,960090
38122,960040
38123,960030
38124,959930
38125,959920
38126,959890
38127,959880
38128,959860
38129,959850
38130,959800
38131,959770
38132,959750
38133,959710
38134,959540
38135,959520
38136,959500
38137,959410
38138,959350
38139,959280
38140,959200
38141,959170
38142,959150
38143,959090
38144,959080
38145,959050
38146,959030
38147,959020
38148,959000
38149,958980
38150,958960
38151,958930
38152,958880
38153,958850
38154,958750
38155,958740
38156,958720
38157,958690
38158,958680
38159,958650
38160,958640
38161,958530
38162,958510
38163,958480
38164,958400
38165,958320
38166,958300
38167,958280
38168,958230
38169,958220
38170,958210
38171,958130
38172,958090
38173,958050
38174,957960
38175,957950
38176,957820
38177,957810
38178,957790
38179,957770
38180,957720
38181,957710
38182,957680
38183,957660
38184,957570
38185,957490
38186,957440
38187,957430
38188,957410
38189,957140
38190,957080
38191,957070
38192,957050
38193,956990
38194,956880
38195,956870
38196,956680
38197,956620
38198,956600
38199,956580
38200,956560
38201,956550
38202,956540
38203,956500
38204,956450
38205,956400
38206,956360
38207,956310
38208,956240
38209,956140
38210,956090
38211,956060
38212,956030
38213,956010
38214,955900
38215,955890
38216,955870
38217,955860
38218,955740
38219,955700
38220,955640
38221,955610
38222,955600
38223,955580
38224,955560
38225,955540
38226,955490
38227,955410
38228,955400
38229,955380
38230,955370
38231,955360
38232,955320
38233,955250
38234,955200
38235,955190
38236,955170
38237,955070
38238,955060
38239,955050
38240,954880
38241,954870
38242,954860
38243,954850
38244,954780
38245,954740
38246,954720
38247,954650
38248,954610
38249,954590
38250,954530
38251,954420
38252,954350
38253,954280
38254,954270
38255,954240
38256,954170
38257,954160
38258,954150
38259,954080
38260,954070
38261,954010
38262,954000
38263,953990
38264,953950
38265,953900
38266,953880
38267,953870
38268,953840
38269,953820
38270,953740
38271,953700
38272,953690
38273,953610
38274,953580
38275,953570
38276,953490
38277,953370
38278,953330
38279,953290
38280,953270
38281,953230
38282,953190
38283,953170
38284,953060
38285,953050
38286,952950
38287,952920
38288,952860
38289,952730
38290,952700
38291,952680
38292,952540
38293,952510
38294,952460
38295,952420
38296,952400
38297,952330
38298,952290
38299,952250
38300,952240
38301,952230
38302,952200
38303,952130
38304,952120
38305,952070
38306,952060
38307,952050
38308,952040
38309,952030
38310,952020
38311,952010
38312,951940
38313,951930
38314,951860
38315,951830
38316,951820
38317,951760
38318,951750
38319,951740
38320,951700
38321,951690
38322,951670
38323,951640
38324,951570
38325,951530
38326,951490
38327,951480
38328,951450
38329,951440
38330,951430
38331,951370
38332,951360
38333,951330
38334,951320
38335,951260
38336,951250
38337,951240
38338,951220
38339,951190
38340,951160
38341,951130
38342,951050
38343,951030
38344,951000
38345,950990
38346,950890
38347,950860
38348,950850
38349,950810
38350,950740
38351,950700
38352,950670
38353,950620
38354,950530
38355,950510
38356,950460
38357,950400
38358,950380
38359,950370
38360,950360
38361,950310
38362,950300
38363,950260
38364,950250
38365,950240
38366,950230
38367,950210
38368,950160
38369,950140
38370,950130
38371,950100
38372,950050
38373,949990
38374,949970
38375,949960
38376,949910
38377,949890
38378,949880
38379,949820
38380,949800
38381,949790
38382,949770
38383,949690
38384,949680
38385,949670
38386,949650
38387,949630
38388,949600
38389,949530
38390,949480
38391,949450
38392,949420
38393,949390
38394,949380
38395,949370
38396,949290
38397,949230
38398,949200
38399,949170
38400,949060
38401,949050
38402,949030
38403,949000
38404,948990
38405,948960
38406,948900
38407,948880
38408,948840
38409,948830
38410,948770
38411,948740
38412,948660
38413,948650
38414,948640
38415,948630
38416,948510
38417,948470
38418,948460
38419,948420
38420,948350
38421,948320
38422,948220
38423,948120
38424,948100
38425,948080
38426,948070
38427,948020
38428,947970
38429,947940
38430,947890
38431,947600
38432,947580
38433,947530
38434,947450
38435,947430
38436,947390
38437,947300
38438,947290
38439,947270
38440,947260
38441,947250
38442,947240
38443,947120
38444,947060
38445,946990
38446,946920
38447,946860
38448,946800
38449,946780
38450,946770
38451,946720
38452,946700
38453,946670
38454,946660
38455,946650
38456,946610
38457,946600
38458,946560
38459,946550
38460,946460
38461,946380
38462,946340
38463,946210
38464,946170
38465,946110
38466,946090
38467,946070
38468,946050
38469,946040
38470,946030
38471,946010
38472,946000
38473,945920
38474,945890
38475,945880
38476,945810
38477,945770
38478,945740
38479,945710
38480,945680
38481,945610
38482,945590
38483,945580
38484,945520
38485,945500
38486,945490
38487,945460
38488,945440
38489,945360
38490,945340
38491,945280
38492,945160
38493,945140
38494,945100
38495,944920
38496,944910
38497,944860
38498,944840
38499,944810
38500,944770
38501,944750
38502,944740
38503,944730
38504,944710
38505,944690
38506,944650
38507,944640
38508,944630
38509,944610
38510,944590
38511,944530
38512,944510
38513,944450
38514,944440
38515,944430
38516,944380
38517,944340
38518,944330
38519,944300
38520,944260
38521,944250
38522,944220
38523,944180
38524,944120
38525,944110
38526,944080
38527,944050
38528,944020
38529,944010
38530,943980
38531,943960
38532,943900
38533,943810
38534,943700
38535,943680
38536,943670
38537,943640
38538,943520
38539,943510
38540,943410
38541,943390
38542,943380
38543,943370
38544,943290
38545,943260
38546,943190
38547,943170
38548,943140
38549,943010
38550,942990
38551,942970
38552,942930
38553,942900
38554,942850
38555,942800
38556,942760
38557,942600
38558,942520
38559,942510
38560,942480
38561,942390
38562,942370
38563,942340
38564,942310
38565,942300
38566,942270
38567,942250
38568,942200
38569,942140
38570,942060
38571,942050
38572,942020
38573,942010
38574,941920
38575,941890
38576,941850
38577,941800
38578,941790
38579,941730
38580,941650
38581,941640
38582,941570
38583,941540
38584,941490
38585,941480
38586,941460
38587,941410
38588,941350
38589,941300
38590,941160
38591,941150
38592,941120
38593,941040
38594,941020
38595,941000
38596,940980
38597,940920
38598,940910
38599,940870
38600,940810
38601,940800
38602,940790
38603,940780
38604,940710
38605,940680
38606,940650
38607,940640
38608,940630
38609,940590
38610,940580
38611,940520
38612,940350
38613,940330
38614,940310
38615,940300
38616,940190
38617,940140
38618,939990
38619,939970
38620,939960
38621,939920
38622,939870
38623,939850
38624,939790
38625,939750
38626,939620
38627,939600
38628,939520
38629,939510
38630,939450
38631,939400
38632,939390
38633,939360
38634,939350
38635,939330
38636,939230
38637,939150
38638,939120
38639,939100
38640,939000
38641,938980
38642,938940
38643,938860
38644,938840
38645,938820
38646,938810
38647,938740
38648,938710
38649,938660
38650,938640
38651,938600
38652,938560
38653,938520
38654,938480
38655,938390
38656,938380
38657,938370
38658,938350
38659,938320
38660,938310
38661,938300
38662,938270
38663,938250
38664,938240
38665,938220
38666,938200
38667,938070
38668,938050
38669,938000
38670,937980
38671,937970
38672,937960
38673,937950
38674,937940
38675,937930
38676,937910
38677,937870
38678,937860
38679,937850
38680,937820
38681,937780
38682,937770
38683,937740
38684,937690
38685,937620
38686,937580
38687,937570
38688,937530
38689,937490
38690,937390
38691,937380
38692,937350
38693,937310
38694,937300
38695,937280
38696,937170
38697,937140
38698,937120
38699,937050
38700,937020
38701,936980
38702,936960
38703,936950
38704,936930
38705,936820
38706,936810
38707,936800
38708,936790
38709,936780
38710,936740
38711,936720
38712,936700
38713,936650
38714,936630
38715,936620
38716,936610
38717,936530
38718,936500
38719,936490
38720,936190
38721,936180
38722,936160
38723,936140
38724,936070
38725,936020
38726,936010
38727,935980
38728,935970
38729,935960
38730,935930
38731,935920
38732,935910
38733,935880
38734,935860
38735,935840
38736,935790
38737,935750
38738,935700
38739,935660
38740,935640
38741,935610
38742,935580
38743,935570
38744,935560
38745,935490
38746,935400
38747,935360
38748,935250
38749,935240
38750,935190
38751,935180
38752,935120
38753,935110
38754,935070
38755,934990
38756,934950
38757,934930
38758,934860
38759,934850
38760,934840
38761,934830
38762,934810
38763,934780
38764,934710
38765,934700
38766,934670
38767,934630
38768,934600
38769,934580
38770,934540
38771,934520
38772,934500
38773,934410
38774,934260
38775,934220
38776,934180
38777,934120
38778,934070
38779,934060
38780,933970
38781,933940
38782,933930
38783,933920
38784,933860
38785,933830
38786,933820
38787,933770
38788,933660
38789,933540
38790,933450
38791,933390
38792,933380
38793,933300
38794,933290
38795,933250
38796,933230
38797,933210
38798,933200
38799,933160
38800,933140
38801,933110
38802,933080
38803,933060
38804,932980
38805,932970
38806,932940
38807,932930
38808,932870
38809,932850
38810,932820
38811,932810
38812,932800
38813,932790
38814,932670
38815,932570
38816,932530
38817,932500
38818,932480
38819,932450
38820,932420
38821,932350
38822,932330
38823,932310
38824,932240
38825,932220
38826,932210
38827,932190
38828,932160
38829,932120
38830,932070
38831,931950
38832,931930
38833,931860
38834,931830
38835,931780
38836,931700
38837,931690
38838,931650
38839,931620
38840,931560
38841,931540
38842,931500
38843,931470
38844,931450
38845,931430
38846,931360
38847,931310
38848,931280
38849,931270
38850,931260
38851,931250
38852,931220
38853,931140
38854,931120
38855,931090
38856,931070
38857,931000
38858,930910
38859,930850
38860,930840
38861,930780
38862,930710
38863,930640
38864,930630
38865,930620
38866,930480
38867,930460
38868,930320
38869,930310
38870,930280
38871,930210
38872,930110
38873,930010
38874,929910
38875,929850
38876,929740
38877,929670
38878,929640
38879,929600
38880,929490
38881,929460
38882,929440
38883,929430
38884,929410
38885,929400
38886,929340
38887,929320
38888,929310
38889,929300
38890,929290
38891,929280
38892,929270
38893,929200
38894,929180
38895,929170
38896,929140
38897,929120
38898,929060
38899,929010
38900,928990
38901,928970
38902,928960
38903,928950
38904,928880
38905,928840
38906,928690
38907,928680
38908,928670
38909,928660
38910,928610
38911,928520
38912,928480
38913,928460
38914,928440
38915,928410
38916,928390
38917,928370
38918,928350
38919,928300
38920,928230
38921,928180
38922,928140
38923,928070
38924,928000
38925,927990
38926,927970
38927,927930
38928,927890
38929,927860
38930,927850
38931,927840
38932,927730
38933,927380
38934,927310
38935,927270
38936,927250
38937,927190
38938,927150
38939,926990
38940,926860
38941,926820
38942,926810
38943,926720
38944,926580
38945,926540
38946,926520
38947,926470
38948,926450
38949,926420
38950,926400
38951,926390
38952,926370
38953,926340
38954,926310
38955,926250
38956,926210
38957,926180
38958,926170
38959,926140
38960,926130
38961,926120
38962,926010
38963,925950
38964,925940
38965,925930
38966,925910
38967,925900
38968,925830
38969,925690
38970,925670
38971,925570
38972,925560
38973,925550
38974,925520
38975,925490
38976,925470
38977,925460
38978,925440
38979,925370
38980,925360
38981,925340
38982,925170
38983,925160
38984,925100
38985,925090
38986,925060
38987,925040
38988,925010
38989,924980
38990,924970
38991,924940
38992,924900
38993,924800
38994,924780
38995,924770
38996,924750
38997,924740
38998,924650
38999,924460
39000,924370
39001,924360
39002,924310
39003,924280
39004,924250
39005,924140
39006,924100
39007,924090
39008,924070
39009,924020
39010,923970
39011,923910
39012,923900
39013,923890
39014,923880
39015,923840
39016,923810
39017,923790
39018,923730
39019,923710
39020,923690
39021,923670
39022,923590
39023,923570
39024,923530
39025,923500
39026,923480
39027,923470
39028,923460
39029,923420
39030,923370
39031,923350
39032,923260
39033,923240
39034,923230
39035,923030
39036,922920
39037,922880
39038,922870
39039,922820
39040,922810
39041,922800
39042,922710
39043,922700
39044,922650
39045,922630
39046,922620
39047,922550
39048,922530
39049,922520
39050,922510
39051,922500
39052,922490
39053,922480
39054,922470
39055,922460
39056,922450
39057,922410
39058,922400
39059,922320
39060,922290
39061,922220
39062,922150
39063,922140
39064,922130
39065,922100
39066,922090
39067,922050
39068,922040
39069,921970
39070,921960
39071,921900
39072,921800
39073,921780
39074,921770
39075,921730
39076,921710
39077,921700
39078,921590
39079,921570
39080,921530
39081,921520
39082,921500
39083,921430
39084,921390
39085,921070
39086,920820
39087,920800
39088,920770
39089,920710
39090,920690
39091,920680
39092,920640
39093,920620
39094,920520
39095,920510
39096,920500
39097,920490
39098,920470
39099,920460
39100,920320
39101,920210
39102,920200
39103,920190
39104,919690
39105,919640
39106,919610
39107,919410
39108,919400
39109,919370
39110,919360
39111,919330
39112,919290
39113,919280
39114,919260
39115,919220
39116,919200
39117,919170
39118,919160
39119,919040
39120,919010
39121,918990
39122,918950
39123,918900
39124,918820
39125,918780
39126,918740
39127,918700
39128,918680
39129,918670
39130,918620
39131,918610
39132,918570
39133,918530
39134,918500
39135,918430
39136,918380
39137,918320
39138,918260
39139,918180
39140,918170
39141,918110
39142,918080
39143,918070
39144,917950
39145,917940
39146,917920
39147,917910
39148,917900
39149,917870
39150,917850
39151,917840
39152,917830
39153,917740
39154,917720
39155,917690
39156,917680
39157,917600
39158,917550
39159,917380
39160,917290
39161,917240
39162,917200
39163,917150
39164,917140
39165,917020
39166,917000
39167,916960
39168,916950
39169,916930
39170,916900
39171,916880
39172,916860
39173,916840
39174,916730
39175,916640
39176,916630
39177,916580
39178,916510
39179,916480
39180,916470
39181,916440
39182,916390
39183,916350
39184,916320
39185,916290
39186,916240
39187,916180
39188,916160
39189,916140
39190,916130
39191,916100
39192,916060
39193,916050
39194,916040
39195,916030
39196,915960
39197,915850
39198,915820
39199,915810
39200,915730
39201,915720
39202,915710
39203,915670
39204,915600
39205,915560
39206,915540
39207,915490
39208,915460
39209,915440
39210,915360
39211,915330
39212,915320
39213,915310
39214,915250
39215,915230
39216,915200
39217,915190
39218,915160
39219,915130
39220,915080
39221,915060
39222,915020
39223,914950
39224,914890
39225,914850
39226,914800
39227,914750
39228,914710
39229,914690
39230,914680
39231,914630
39232,914620
39233,914500
39234,914450
39235,914430
39236,914420
39237,914400
39238,914390
39239,914320
39240,914290
39241,914260
39242,914220
39243,914200
39244,914180
39245,914170
39246,914160
39247,914140
39248,914130
39249,914090
39250,914070
39251,914020
39252,914010
39253,914000
39254,913910
39255,913890
39256,913850
39257,913830
39258,913820
39259,913780
39260,913740
39261,913720
39262,913710
39263,913690
39264,913670
39265,913660
39266,913650
39267,913600
39268,913590
39269,913550
39270,913440
39271,913370
39272,913340
39273,913320
39274,913280
39275,913270
39276,913260
39277,913180
39278,913160
39279,913130
39280,913120
39281,913110
39282,913100
39283,913090
39284,913060
39285,913010
39286,912920
39287,912900
39288,912870
39289,912820
39290,912810
39291,912660
39292,912650
39293,912590
39294,912570
39295,912560
39296,912550
39297,912450
39298,912420
39299,912390
39300,912380
39301,912370
39302,912250
39303,912210
39304,912190
39305,912110
39306,912070
39307,911950
39308,911880
39309,911760
39310,911680
39311,911580
39312,911550
39313,911540
39314,911520
39315,911510
39316,911480
39317,911430
39318,911400
39319,911310
39320,911270
39321,911250
39322,911230
39323,911220
39324,911200
39325,911130
39326,911120
39327,911100
39328,911050
39329,911040
39330,911010
39331,910990
39332,910880
39333,910830
39334,910730
39335,910660
39336,910630
39337,910590
39338,910540
39339,910490
39340,910470
39341,910460
39342,910450
39343,910430
39344,910390
39345,910380
39346,910370
39347,910320
39348,910250
39349,910220
39350,910210
39351,910200
39352,910190
39353,910050
39354,909970
39355,909900
39356,909830
39357,909820
39358,909750
39359,909670
39360,909660
39361,909630
39362,909580
39363,909570
39364,909480
39365,909460
39366,909430
39367,909380
39368,909370
39369,909320
39370,909270
39371,909220
39372,909190
39373,909170
39374,909110
39375,909100
39376,909080
39377,909020
39378,908990
39379,908950
39380,908790
39381,908740
39382,908710
39383,908560
39384,908520
39385,908500
39386,908480
39387,908390
39388,908360
39389,908350
39390,908310
39391,908260
39392,908230
39393,908180
39394,908120
39395,908100
39396,908070
39397,908050
39398,908020
39399,908010
39400,907970
39401,907950
39402,907900
39403,907890
39404,907820
39405,907770
39406,907760
39407,907710
39408,907680
39409,907670
39410,907650
39411,907620
39412,907600
39413,907590
39414,907470
39415,907460
39416,907410
39417,907380
39418,907350
39419,907330
39420,907310
39421,907270
39422,907250
39423,907240
39424,907210
39425,907180
39426,907160
39427,907090
39428,907050
39429,907040
39430,907020
39431,907000
39432,906930
39433,906920
39434,906880
39435,906870
39436,906850
39437,906790
39438,906770
39439,906740
39440,906730
39441,906680
39442,906660
39443,906650
39444,906600
39445,906510
39446,906470
39447,906390
39448,906300
39449,906280
39450,906240
39451,906190
39452,906160
39453,906120
39454,906110
39455,906100
39456,906050
39457,906030
39458,906010
39459,905970
39460,905800
39461,905790
39462,905690
39463,905670
39464,905660
39465,905650
39466,905640
39467,905530
39468,905510
39469,905490
39470,905450
39471,905380
39472,905350
39473,905340
39474,905330
39475,905180
39476,905150
39477,905130
39478,905090
39479,905070
39480,905060
39481,905020
39482,904990
39483,904960
39484,904900
39485,904890
39486,904860
39487,904820
39488,904810
39489,904800
39490,904780
39491,904750
39492,904740
39493,904700
39494,904600
39495,904570
39496,904540
39497,904520
39498,904500
39499,904440
39500,904400
39501,904380
39502,904360
39503,904320
39504,904310
39505,904300
39506,904160
39507,904130
39508,904050
39509,903950
39510,903910
39511,903880
39512,903850
39513,903830
39514,903780
39515,903760
39516,903740
39517,903730
39518,903710
39519,903630
39520,903620
39521,903580
39522,903280
39523,903180
39524,903160
39525,903150
39526,903040
39527,900790
39528,900490
39529,900400
39530,900380
39531,900370
39532,900340
39533,900290
39534,900270
39535,900050
39536,900040
39537,900010
39538,899990
39539,899970
39540,899960
39541,899940
39542,899930
39543,899770
39544,899760
39545,899630
39546,899610
39547,899590
39548,899570
39549,899540
39550,899530
39551,899480
39552,899470
39553,899460
39554,899440
39555,899390
39556,899340
39557,899310
39558,899290
39559,899270
39560,899220
39561,899200
39562,899190
39563,899180
39564,899160
39565,899100
39566,898980
39567,898920
39568,898910
39569,898890
39570,898800
39571,898790
39572,898780
39573,898750
39574,898720
39575,898690
39576,898650
39577,898590
39578,898580
39579,898520
39580,898490
39581,898460
39582,898450
39583,898380
39584,898340
39585,898320
39586,898310
39587,898260
39588,898240
39589,898160
39590,898090
39591,898080
39592,898000
39593,897940
39594,897930
39595,897900
39596,897830
39597,897820
39598,897800
39599,897760
39600,897730
39601,897700
39602,897690
39603,897640
39604,897630
39605,897610
39606,897550
39607,897450
39608,897440
39609,897420
39610,897410
39611,897380
39612,897330
39613,897300
39614,897270
39615,897220
39616,897120
39617,897100
39618,897040
39619,897030
39620,897020
39621,896990
39622,896970
39623,896960
39624,896950
39625,896890
39626,896880
39627,896850
39628,896840
39629,896750
39630,896670
39631,896650
39632,896590
39633,896570
39634,896550
39635,896520
39636,896500
39637,896460
39638,896440
39639,896400
39640,896380
39641,896340
39642,896230
39643,896220
39644,896180
39645,896170
39646,896160
39647,896040
39648,896030
39649,895990
39650,895980
39651,895870
39652,895860
39653,895850
39654,895820
39655,895760
39656,895750
39657,895670
39658,895620
39659,895600
39660,895550
39661,895480
39662,895470
39663,895430
39664,895420
39665,895400
39666,895220
39667,895200
39668,895170
39669,895140
39670,895120
39671,895110
39672,895060
39673,895000
39674,894940
39675,894930
39676,894830
39677,894750
39678,894730
39679,894630
39680,894620
39681,894570
39682,894540
39683,894460
39684,894430
39685,894420
39686,894390
39687,894380
39688,894340
39689,894330
39690,894310
39691,894270
39692,894160
39693,894070
39694,894060
39695,894020
39696,894010
39697,894000
39698,893960
39699,893950
39700,893910
39701,893900
39702,893870
39703,893850
39704,893840
39705,893790
39706,893720
39707,893690
39708,893680
39709,893640
39710,893620
39711,893610
39712,893590
39713,893570
39714,893560
39715,893500
39716,893470
39717,893420
39718,893390
39719,893360
39720,893330
39721,893180
39722,893150
39723,893090
39724,893070
39725,893060
39726,893050
39727,893030
39728,893020
39729,893010
39730,892990
39731,892980
39732,892970
39733,892960
39734,892930
39735,892880
39736,892860
39737,892840
39738,892830
39739,892780
39740,892760
39741,892630
39742,892560
39743,892550
39744,892490
39745,892470
39746,892440
39747,892420
39748,892380
39749,892310
39750,892210
39751,892170
39752,892130
39753,892020
39754,891990
39755,891960
39756,891950
39757,891870
39758,891860
39759,891790
39760,891720
39761,891710
39762,891700
39763,891510
39764,891490
39765,891480
39766,891470
39767,891430
39768,891420
39769,891370
39770,891360
39771,891350
39772,891330
39773,891320
39774,891310
39775,891290
39776,891270
39777,891240
39778,891220
39779,891200
39780,891190
39781,891180
39782,891170
39783,891130
39784,891120
39785,891100
39786,891040
39787,891020
39788,890970
39789,890930
39790,890920
39791,890890
39792,890880
39793,890840
39794,890820
39795,890800
39796,890750
39797,890720
39798,890710
39799,890700
39800,890640
39801,890590
39802,890570
39803,890550
39804,890520
39805,890500
39806,890480
39807,890400
39808,890310
39809,890300
39810,890280
39811,890220
39812,890210
39813,890180
39814,890130
39815,890070
39816,889970
39817,889910
39818,889850
39819,889790
39820,889770
39821,889740
39822,889730
39823,889720
39824,889710
39825,889700
39826,889600
39827,889530
39828,889520
39829,889510
39830,889480
39831,889400
39832,889320
39833,889280
39834,889260
39835,889240
39836,889220
39837,889170
39838,889100
39839,889080
39840,888990
39841,888970
39842,888900
39843,888810
39844,888800
39845,888790
39846,888740
39847,888690
39848,888680
39849,888670
39850,888630
39851,888610
39852,888530
39853,888220
39854,888130
39855,888090
39856,888070
39857,888040
39858,888010
39859,887970
39860,887960
39861,887900
39862,887890
39863,887880
39864,887850
39865,887820
39866,887800
39867,887740
39868,887730
39869,887720
39870,887710
39871,887570
39872,887550
39873,887530
39874,887520
39875,887510
39876,887450
39877,887440
39878,887420
39879,887400
39880,887370
39881,887340
39882,887330
39883,887300
39884,887160
39885,887090
39886,887060
39887,886970
39888,886960
39889,886950
39890,886900
39891,886820
39892,886730
39893,886710
39894,886670
39895,886630
39896,886590
39897,886490
39898,886470
39899,886460
39900,886420
39901,886390
39902,886380
39903,886370
39904,886360
39905,886330
39906,886310
39907,886270
39908,886250
39909,886220
39910,886200
39911,886180
39912,886120
39913,886110
39914,886070
39915,886060
39916,886040
39917,886010
39918,885970
39919,885950
39920,885940
39921,885910
39922,885810
39923,885790
39924,885780
39925,885730
39926,885690
39927,885650
39928,885640
39929,885630
39930,885590
39931,885570
39932,885510
39933,885470
39934,885440
39935,885380
39936,885320
39937,885290
39938,885190
39939,885150
39940,885140
39941,885120
39942,885030
39943,885000
39944,884990
39945,884980
39946,884960
39947,884900
39948,884880
39949,884830
39950,884660
39951,884640
39952,884550
39953,884530
39954,884440
39955,884430
39956,884420
39957,884410
39958,884400
39959,884390
39960,884370
39961,884350
39962,884320
39963,884260
39964,884180
39965,884160
39966,884090
39967,883970
39968,883880
39969,883870
39970,883860
39971,883830
39972,883710
39973,883680
39974,883670
39975,883590
39976,883560
39977,883390
39978,883360
39979,883330
39980,883230
39981,883220
39982,883190
39983,883130
39984,883100
39985,883080
39986,883070
39987,883020
39988,882990
39989,882960
39990,882940
39991,882910
39992,882900
39993,882790
39994,882760
39995,882710
39996,882680
39997,882670
39998,882640
39999,882630
40000,882590
40001,882560
40002,882460
40003,882410
40004,882390
40005,882290
40006,882280
40007,882250
40008,882220
40009,882210
40010,882200
40011,882190
40012,882150
40013,882140
40014,882120
40015,882110
40016,882100
40017,882080
40018,882040
40019,882030
40020,882020
40021,881980
40022,881930
40023,881920
40024,881880
40025,881750
40026,881730
40027,881690
40028,881680
40029,881610
40030,881560
40031,881520
40032,881510
40033,881500
40034,881490
40035,881470
40036,881420
40037,881320
40038,881300
40039,881230
40040,881190
40041,881130
40042,881110
40043,881100
40044,881090
40045,881040
40046,881020
40047,880990
40048,880950
40049,880940
40050,880870
40051,880850
40052,880840
40053,880830
40054,880800
40055,880780
40056,880750
40057,880730
40058,880620
40059,880610
40060,880580
40061,880570
40062,880550
40063,880510
40064,880490
40065,880400
40066,880380
40067,880370
40068,880300
40069,880270
40070,880220
40071,880200
40072,880180
40073,880130
40074,879850
40075,879740
40076,879670
40077,879620
40078,879610
40079,879510
40080,879490
40081,879470
40082,879450
40083,879430
40084,879420
40085,879410
40086,879290
40087,879280
40088,879270
40089,879250
40090,879160
40091,879140
40092,879060
40093,879050
40094,879030
40095,879000
40096,878980
40097,878950
40098,878810
40099,878780
40100,878750
40101,878680
40102,878670
40103,878660
40104,878640
40105,878620
40106,878580
40107,878520
40108,878500
40109,878470
40110,878420
40111,878380
40112,878350
40113,878330
40114,878320
40115,878290
40116,878280
40117,878270
40118,878250
40119,878240
40120,878180
40121,878170
40122,878160
40123,878150
40124,878140
40125,878110
40126,878100
40127,878090
40128,878080
40129,878020
40130,877980
40131,877960
40132,877940
40133,877910
40134,877870
40135,877850
40136,877810
40137,877800
40138,877780
40139,877750
40140,877680
40141,877610
40142,877550
40143,877510
40144,877460
40145,877440
40146,877380
40147,877360
40148,877330
40149,877280
40150,877270
40151,877230
40152,877200
40153,877150
40154,877080
40155,877040
40156,877010
40157,876960
40158,876930
40159,876900
40160,876890
40161,876880
40162,876850
40163,876840
40164,876780
40165,876650
40166,876500
40167,876470
40168,876380
40169,876340
40170,876320
40171,876310
40172,876300
40173,876220
40174,876190
40175,876180
40176,876160
40177,876140
40178,876130
40179,876110
40180,875930
40181,875830
40182,875810
40183,875800
40184,875760
40185,875740
40186,875710
40187,875670
40188,875660
40189,875630
40190,875610
40191,875550
40192,875540
40193,875530
40194,875460
40195,875430
40196,875400
40197,875340
40198,875310
40199,875300
40200,875270
40201,875240
40202,875210
40203,875160
40204,875110
40205,875080
40206,874930
40207,874880
40208,874840
40209,874770
40210,874760
40211,874700
40212,874690
40213,874650
40214,874460
40215,874450
40216,874440
40217,874400
40218,874390
40219,874370
40220,874330
40221,874270
40222,874260
40223,874230
40224,874200
40225,874140
40226,874130
40227,874060
40228,874040
40229,874030
40230,874020
40231,874010
40232,873980
40233,873970
40234,873960
40235,873940
40236,873930
40237,873900
40238,873890
40239,873840
40240,873830
40241,873810
40242,873790
40243,873730
40244,873720
40245,873610
40246,873560
40247,873500
40248,873490
40249,873410
40250,873390
40251,873370
40252,873320
40253,873310
40254,873270
40255,873250
40256,873230
40257,873220
40258,873210
40259,873200
40260,873190
40261,873180
40262,873070
40263,872990
40264,872970
40265,872820
40266,872810
40267,872790
40268,872750
40269,872730
40270,872720
40271,872700
40272,872680
40273,872670
40274,872630
40275,872600
40276,872580
40277,872570
40278,872550
40279,872490
40280,872470
40281,872440
40282,872410
40283,872380
40284,872350
40285,872240
40286,872220
40287,872200
40288,872180
40289,872130
40290,872110
40291,872090
40292,872060
40293,872040
40294,872000
40295,871990
40296,871980
40297,871950
40298,871940
40299,871930
40300,871920
40301,871870
40302,871850
40303,871810
40304,871720
40305,871710
40306,871620
40307,871570
40308,871550
40309,871540
40310,871530
40311,871510
40312,871490
40313,871420
40314,871410
40315,871390
40316,871330
40317,871310
40318,871280
40319,871270
40320,871230
40321,871210
40322,871200
40323,871190
40324,871170
40325,871140
40326,871100
40327,870990
40328,870890
40329,870870
40330,870820
40331,870800
40332,870780
40333,870750
40334,870740
40335,870730
40336,870690
40337,870670
40338,870520
40339,870450
40340,870430
40341,870400
40342,870390
40343,870290
40344,870260
40345,870200
40346,870180
40347,870160
40348,870140
40349,870120
40350,870110
40351,870100
40352,870090
40353,870080
40354,870020
40355,870000
40356,869880
40357,869870
40358,869840
40359,869760
40360,869690
40361,869660
40362,869650
40363,869640
40364,869620
40365,869560
40366,869550
40367,869540
40368,869490
40369,869470
40370,869400
40371,869350
40372,869340
40373,869300
40374,869290
40375,869280
40376,869260
40377,869170
40378,869130
40379,869080
40380,869060
40381,869030
40382,868980
40383,868970
40384,868960
40385,868940
40386,868930
40387,868920
40388,868890
40389,868880
40390,868810
40391,868780
40392,868770
40393,868710
40394,868660
40395,868580
40396,868570
40397,868550
40398,868520
40399,868500
40400,868460
40401,868410
40402,868400
40403,868380
40404,868360
40405,868320
40406,868260
40407,868230
40408,868190
40409,868150
40410,868130
40411,868100
40412,868090
40413,868080
40414,868070
40415,868040
40416,868020
40417,867980
40418,867960
40419,867800
40420,867700
40421,867690
40422,867660
40423,867640
40424,867550
40425,867540
40426,867510
40427,867490
40428,867480
40429,867420
40430,867400
40431,867390
40432,867380
40433,867290
40434,867250
40435,867210
40436,867180
40437,867140
40438,867120
40439,867110
40440,867050
40441,867010
40442,866960
40443,866800
40444,866770
40445,866740
40446,866710
40447,866540
40448,866520
40449,866510
40450,866450
40451,866440
40452,866420
40453,866400
40454,866310
40455,866270
40456,866190
40457,866180
40458,866140
40459,866020
40460,866010
40461,865980
40462,865940
40463,865930
40464,865880
40465,865870
40466,865860
40467,865850
40468,865830
40469,865820
40470,865800
40471,865770
40472,865720
40473,865680
40474,865610
40475,865570
40476,865540
40477,865390
40478,865370
40479,865360
40480,865310
40481,865270
40482,865220
40483,865200
40484,865190
40485,865180
40486,865160
40487,865100
40488,865090
40489,865060
40490,865040
40491,865030
40492,864970
40493,864880
40494,864860
40495,864810
40496,864790
40497,864760
40498,864740
40499,864730
40500,864700
40501,864680
40502,864610
40503,864600
40504,864590
40505,864570
40506,864550
40507,864540
40508,864530
40509,864510
40510,864450
40511,864430
40512,864420
40513,864300
40514,864160
40515,864150
40516,864130
40517,864110
40518,864100
40519,864060
40520,864010
40521,863980
40522,863970
40523,863940
40524,863900
40525,863810
40526,863730
40527,863590
40528,863580
40529,863570
40530,863560
40531,863500
40532,863490
40533,863470
40534,863460
40535,863430
40536,863420
40537,863400
40538,863380
40539,863230
40540,863220
40541,862990
40542,862920
40543,862880
40544,862850
40545,862800
40546,862770
40547,862740
40548,862730
40549,862700
40550,862690
40551,862580
40552,862570
40553,862520
40554,862490
40555,862480
40556,862460
40557,862440
40558,862390
40559,862370
40560,862300
40561,862280
40562,862260
40563,862160
40564,862150
40565,862130
40566,862110
40567,861960
40568,861940
40569,861930
40570,861760
40571,861740
40572,861720
40573,861710
40574,861650
40575,861590
40576,861550
40577,861540
40578,861520
40579,861410
40580,861400
40581,861350
40582,861330
40583,861320
40584,861270
40585,861260
40586,861250
40587,861240
40588,861230
40589,861210
40590,861160
40591,861080
40592,861050
40593,861030
40594,861010
40595,861000
40596,860990
40597,860960
40598,860950
40599,860910
40600,860900
40601,860890
40602,860880
40603,860860
40604,860820
40605,860790
40606,860770
40607,860730
40608,860680
40609,860670
40610,860660
40611,860650
40612,860640
40613,860620
40614,860590
40615,860550
40616,860530
40617,860510
40618,860500
40619,860450
40620,860440
40621,860430
40622,860350
40623,860340
40624,860330
40625,860260
40626,860090
40627,860080
40628,860070
40629,860000
40630,859990
40631,859820
40632,859740
40633,859700
40634,859680
40635,859640
40636,859610
40637,859580
40638,859570
40639,859440
40640,859370
40641,859350
40642,859340
40643,859280
40644,859220
40645,859200
40646,859180
40647,859150
40648,859090
40649,858960
40650,858940
40651,858880
40652,858870
40653,858860
40654,858840
40655,858830
40656,858810
40657,858780
40658,858760
40659,858740
40660,858710
40661,858680
40662,858630
40663,858440
40664,858420
40665,858380
40666,858360
40667,858260
40668,858250
40669,858210
40670,858180
40671,858170
40672,858100
40673,858060
40674,858050
40675,858040
40676,858030
40677,858010
40678,857980
40679,857950
40680,857940
40681,857900
40682,857860
40683,857850
40684,857770
40685,857760
40686,857740
40687,857710
40688,857700
40689,857690
40690,857680
40691,857600
40692,857590
40693,857540
40694,857520
40695,857510
40696,857500
40697,857480
40698,857470
40699,857460
40700,857450
40701,857420
40702,857370
40703,857350
40704,857320
40705,857300
40706,857240
40707,857200
40708,857180
40709,857140
40710,857130
40711,857080
40712,857060
40713,857050
40714,857020
40715,857010
40716,856990
40717,856980
40718,856890
40719,856880
40720,856790
40721,856760
40722,856670
40723,856640
40724,856600
40725,856570
40726,856540
40727,856490
40728,856450
40729,856370
40730,856350
40731,856320
40732,856300
40733,856260
40734,856220
40735,856210
40736,856170
40737,856130
40738,856110
40739,856080
40740,856060
40741,856010
40742,855970
40743,855860
40744,855850
40745,855770
40746,855740
40747,855730
40748,855700
40749,855640
40750,855630
40751,855580
40752,855550
40753,855530
40754,855510
40755,855390
40756,855320
40757,855190
40758,855050
40759,855030
40760,855010
40761,854940
40762,854870
40763,854860
40764,854830
40765,854810
40766,854770
40767,854690
40768,854570
40769,854550
40770,854450
40771,854400
40772,854390
40773,854330
40774,854250
40775,854210
40776,854190
40777,854160
40778,854150
40779,854120
40780,854060
40781,854030
40782,853980
40783,853940
40784,853860
40785,853830
40786,853780
40787,853770
40788,853650
40789,853620
40790,853610
40791,853590
40792,853580
40793,853550
40794,853500
40795,853480
40796,853450
40797,853410
40798,853330
40799,853320
40800,853310
40801,853300
40802,853260
40803,853250
40804,853240
40805,853220
40806,853210
40807,853200
40808,853060
40809,853050
40810,853040
40811,852910
40812,852900
40813,852860
40814,852790
40815,852780
40816,852720
40817,852590
40818,852500
40819,852480
40820,852450
40821,852390
40822,852340
40823,852320
40824,852300
40825,852250
40826,852220
40827,852180
40828,852160
40829,852110
40830,852090
40831,851980
40832,851950
40833,851930
40834,851920
40835,851890
40836,851880
40837,851850
40838,851840
40839,851820
40840,851810
40841,851800
40842,851790
40843,851730
40844,851710
40845,851670
40846,851650
40847,851640
40848,851580
40849,851530
40850,851520
40851,851350
40852,851280
40853,851250
40854,851200
40855,851180
40856,851150
40857,851110
40858,851100
40859,851050
40860,850980
40861,850940
40862,850920
40863,850830
40864,850820
40865,850780
40866,850760
40867,850740
40868,850710
40869,850500
40870,850450
40871,850330
40872,850320
40873,850310
40874,850290
40875,850250
40876,850190
40877,850170
40878,850110
40879,850060
40880,850050
40881,850040
40882,850000
40883,849940
40884,849800
40885,849790
40886,849740
40887,849680
40888,849670
40889,849630
40890,849620
40891,849600
40892,849560
40893,849520
40894,849420
40895,849320
40896,849280
40897,849270
40898,849210
40899,849140
40900,849100
40901,849090
40902,849070
40903,849000
40904,848960
40905,848930
40906,848770
40907,848710
40908,848700
40909,848630
40910,848610
40911,848550
40912,848530
40913,848520
40914,848500
40915,848480
40916,848450
40917,848430
40918,848410
40919,848350
40920,848340
40921,848330
40922,848300
40923,848230
40924,848200
40925,848080
40926,848060
40927,848050
40928,848030
40929,847950
40930,847900
40931,847890
40932,847860
40933,847790
40934,847780
40935,847680
40936,847660
40937,847650
40938,847590
40939,847580
40940,847560
40941,847550
40942,847530
40943,847450
40944,847390
40945,847370
40946,847360
40947,847290
40948,847260
40949,847240
40950,846880
40951,846870
40952,846850
40953,846830
40954,846820
40955,846800
40956,846780
40957,846770
40958,846730
40959,846710
40960,846700
40961,846690
40962,846670
40963,846660
40964,846470
40965,846370
40966,846340
40967,846200
40968,846120
40969,846110
40970,846080
40971,846050
40972,846030
40973,846010
40974,845970
40975,845960
40976,845940
40977,845900
40978,845890
40979,845880
40980,845870
40981,845860
40982,845840
40983,845750
40984,845730
40985,845690
40986,845650
40987,845630
40988,845590
40989,845570
40990,845520
40991,845490
40992,845480
40993,845400
40994,845390
40995,845380
40996,845350
40997,845330
40998,845290
40999,845270
41000,845250
41001,845210
41002,845200
41003,845150
41004,845070
41005,845050
41006,845040
41007,845030
41008,844980
41009,844960
41010,844950
41011,844930
41012,844920
41013,844900
41014,844880
41015,844860
41016,844850
41017,844750
41018,844670
41019,844660
41020,844610
41021,844590
41022,844500
41023,844490
41024,844440
41025,844420
41026,844390
41027,844380
41028,844350
41029,844330
41030,844260
41031,844210
41032,844180
41033,844160
41034,844140
41035,844130
41036,844090
41037,844060
41038,844050
41039,844040
41040,843990
41041,843900
41042,843890
41043,843870
41044,843860
41045,843840
41046,843820
41047,843810
41048,843790
41049,843780
41050,843740
41051,843730
41052,843720
41053,843700
41054,843660
41055,843640
41056,843630
41057,843620
41058,843590
41059,843560
41060,843520
41061,843510
41062,843500
41063,843440
41064,843430
41065,843420
41066,843390
41067,843380
41068,843370
41069,843360
41070,843270
41071,843260
41072,843250
41073,843200
41074,843190
41075,843180
41076,843170
41077,843160
41078,843120
41079,843080
41080,843050
41081,843040
41082,843020
41083,843010
41084,842910
41085,842870
41086,842850
41087,842810
41088,842780
41089,842770
41090,842750
41091,842660
41092,842640
41093,842620
41094,842590
41095,842560
41096,842530
41097,842520
41098,842500
41099,842430
41100,842420
41101,842290
41102,842270
41103,842250
41104,842190
41105,842180
41106,842170
41107,842150
41108,842140
41109,842130
41110,842120
41111,842100
41112,841990
41113,841980
41114,841950
41115,841870
41116,841770
41117,841660
41118,841600
41119,841500
41120,841350
41121,841340
41122,841320
41123,841300
41124,841270
41125,841260
41126,841210
41127,841200
41128,841190
41129,841140
41130,841120
41131,841020
41132,841010
41133,840980
41134,840930
41135,840910
41136,840800
41137,840730
41138,840720
41139,840710
41140,840700
41141,840690
41142,840620
41143,840610
41144,840590
41145,840580
41146,840500
41147,840440
41148,840430
41149,840410
41150,840390
41151,840380
41152,840310
41153,840300
41154,840260
41155,840240
41156,840230
41157,840210
41158,840180
41159,840170
41160,840160
41161,840140
41162,840130
41163,840100
41164,840090
41165,840060
41166,840010
41167,839960
41168,839940
41169,839930
41170,839920
41171,839910
41172,839870
41173,839850
41174,839810
41175,839770
41176,839740
41177,839730
41178,839680
41179,839670
41180,839640
41181,839630
41182,839590
41183,839570
41184,839560
41185,839520
41186,839500
41187,839450
41188,839430
41189,839420
41190,839410
41191,839370
41192,839350
41193,839340
41194,839330
41195,839310
41196,839300
41197,839280
41198,839260
41199,839250
41200,839240
41201,839230
41202,839210
41203,839200
41204,839080
41205,839030
41206,839020
41207,838990
41208,838940
41209,838840
41210,838730
41211,838700
41212,838630
41213,838620
41214,838540
41215,838510
41216,838490
41217,838410
41218,838390
41219,838380
41220,838350
41221,838340
41222,838330
41223,838310
41224,838270
41225,838220
41226,838190
41227,838180
41228,838160
41229,838110
41230,838100
41231,838050
41232,838010
41233,837940
41234,837930
41235,837920
41236,837900
41237,837880
41238,837850
41239,837800
41240,837790
41241,837780
41242,837640
41243,837610
41244,837600
41245,837590
41246,837530
41247,837510
41248,837470
41249,837460
41250,837440
41251,837430
41252,837400
41253,837390
41254,837380
41255,837350
41256,837330
41257,837310
41258,837280
41259,837240
41260,837220
41261,837210
41262,837200
41263,837190
41264,837110
41265,837100
41266,837090
41267,837040
41268,836940
41269,836870
41270,836860
41271,836850
41272,836770
41273,836760
41274,836700
41275,836690
41276,836640
41277,836610
41278,836600
41279,836590
41280,836580
41281,836560
41282,836550
41283,836540
41284,836490
41285,836480
41286,836460
41287,836450
41288,836440
41289,836350
41290,836330
41291,836290
41292,836260
41293,836110
41294,836080
41295,835960
41296,835910
41297,835770
41298,835710
41299,835700
41300,835660
41301,835650
41302,835640
41303,835630
41304,835600
41305,835570
41306,835560
41307,835530
41308,835520
41309,835510
41310,835490
41311,835450
41312,835430
41313,835130
41314,835110
41315,835040
41316,834930
41317,834920
41318,834910
41319,834880
41320,834800
41321,834760
41322,834750
41323,834740
41324,834580
41325,834530
41326,834470
41327,834450
41328,834440
41329,834420
41330,834410
41331,834390
41332,834380
41333,834280
41334,834180
41335,834170
41336,834150
41337,834140
41338,834050
41339,834000
41340,833990
41341,833980
41342,833950
41343,833920
41344,833910
41345,833880
41346,833820
41347,833810
41348,833770
41349,833750
41350,833700
41351,833670
41352,833660
41353,833500
41354,833470
41355,833440
41356,833400
41357,833390
41358,833380
41359,833370
41360,833360
41361,833300
41362,833270
41363,833260
41364,833180
41365,833170
41366,833150
41367,833140
41368,833110
41369,833090
41370,833070
41371,833040
41372,833030
41373,833010
41374,832990
41375,832770
41376,832720
41377,832710
41378,832680
41379,832650
41380,832610
41381,832540
41382,832520
41383,832510
41384,832500
41385,832470
41386,832420
41387,832380
41388,832360
41389,832320
41390,832140
41391,832130
41392,832080
41393,831950
41394,831810
41395,831790
41396,831770
41397,831740
41398,831720
41399,831680
41400,831670
41401,831660
41402,831590
41403,831570
41404,831560
41405,831540
41406,831490
41407,831470
41408,831450
41409,831260
41410,831250
41411,831230
41412,831120
41413,831110
41414,831100
41415,831090
41416,831070
41417,831060
41418,831050
41419,831040
41420,830980
41421,830850
41422,830820
41423,830810
41424,830750
41425,830710
41426,830640
41427,830630
41428,830620
41429,830590
41430,830580
41431,830510
41432,830490
41433,830470
41434,830430
41435,830410
41436,830370
41437,830360
41438,829940
41439,829780
41440,829750
41441,829720
41442,829660
41443,829630
41444,829590
41445,829560
41446,829420
41447,829410
41448,829370
41449,829300
41450,829280
41451,829260
41452,829210
41453,829110
41454,829080
41455,829040
41456,828960
41457,828950
41458,828910
41459,828900
41460,828890
41461,828800
41462,828740
41463,828680
41464,828660
41465,828640
41466,828590
41467,828580
41468,828550
41469,828540
41470,828440
41471,828410
41472,828380
41473,828350
41474,828320
41475,828240
41476,828230
41477,828170
41478,828160
41479,828150
41480,828090
41481,828070
41482,828050
41483,828030
41484,827940
41485,827920
41486,827900
41487,827880
41488,827860
41489,827830
41490,827640
41491,827610
41492,827590
41493,827460
41494,827450
41495,827420
41496,827330
41497,827290
41498,827270
41499,827220
41500,827170
41501,827130
41502,827120
41503,827110
41504,827100
41505,827050
41506,827000
41507,826940
41508,826930
41509,826810
41510,826740
41511,826660
41512,826630
41513,826600
41514,826540
41515,826480
41516,826470
41517,826460
41518,826420
41519,826230
41520,826180
41521,826170
41522,826160
41523,826100
41524,826040
41525,826030
41526,826010
41527,826000
41528,825970
41529,825730
41530,825630
41531,825610
41532,825580
41533,825550
41534,825500
41535,825430
41536,825380
41537,825370
41538,825320
41539,825310
41540,825300
41541,825240
41542,825170
41543,825110
41544,825060
41545,825000
41546,824880
41547,824850
41548,824830
41549,824770
41550,824760
41551,824720
41552,824620
41553,824600
41554,824580
41555,824570
41556,824550
41557,824470
41558,824460
41559,824450
41560,824420
41561,824300
41562,824280
41563,824270
41564,824200
41565,824190
41566,824170
41567,824090
41568,824070
41569,824000
41570,823950
41571,823940
41572,823920
41573,823910
41574,823900
41575,823840
41576,823830
41577,823800
41578,823770
41579,823700
41580,823650
41581,823640
41582,823610
41583,823600
41584,823580
41585,823550
41586,823530
41587,823500
41588,823470
41589,823420
41590,823370
41591,823360
41592,823340
41593,823310
41594,823280
41595,823230
41596,823180
41597,823160
41598,823130
41599,823100
41600,823040
41601,822990
41602,822940
41603,822930
41604,822920
41605,822900
41606,822870
41607,822830
41608,822810
41609,822800
41610,822760
41611,822720
41612,822710
41613,822700
41614,822680
41615,822660
41616,822650
41617,822640
41618,822550
41619,822540
41620,822530
41621,822510
41622,822470
41623,822460
41624,822440
41625,822240
41626,822190
41627,822150
41628,822140
41629,822130
41630,822110
41631,822070
41632,822040
41633,821920
41634,821910
41635,821890
41636,821880
41637,821860
41638,821850
41639,821840
41640,821820
41641,821790
41642,821780
41643,821720
41644,821680
41645,821670
41646,821640
41647,821610
41648,821570
41649,821560
41650,821550
41651,821520
41652,821500
41653,821440
41654,821410
41655,821400
41656,821390
41657,821370
41658,821330
41659,821320
41660,821250
41661,821230
41662,821180
41663,821120
41664,821060
41665,820950
41666,820910
41667,820900
41668,820880
41669,820840
41670,820830
41671,820790
41672,820760
41673,820730
41674,820710
41675,820700
41676,820640
41677,820630
41678,820620
41679,820610
41680,820600
41681,820540
41682,820520
41683,820510
41684,820500
41685,820480
41686,820460
41687,820400
41688,820380
41689,820320
41690,820310
41691,820300
41692,820250
41693,820240
41694,820210
41695,820190
41696,820170
41697,820090
41698,820070
41699,820040
41700,820030
41701,820020
41702,819980
41703,819870
41704,819800
41705,819790
41706,819780
41707,819740
41708,819650
41709,819630
41710,819560
41711,819520
41712,819510
41713,819480
41714,819330
41715,819280
41716,819230
41717,819210
41718,819190
41719,819160
41720,819070
41721,819060
41722,819040
41723,819030
41724,819020
41725,818960
41726,818950
41727,818940
41728,818890
41729,818860
41730,818800
41731,818790
41732,818780
41733,818760
41734,818730
41735,818650
41736,818620
41737,818610
41738,818570
41739,818530
41740,818500
41741,818480
41742,818440
41743,818410
41744,818390
41745,818380
41746,818360
41747,818320
41748,818220
41749,818210
41750,818150
41751,818140
41752,818110
41753,818060
41754,818050
41755,818030
41756,817860
41757,817840
41758,817820
41759,817770
41760,817720
41761,817710
41762,817680
41763,817660
41764,817640
41765,817630
41766,817540
41767,817530
41768,817510
41769,817470
41770,817460
41771,817410
41772,817370
41773,817360
41774,817250
41775,817230
41776,817220
41777,817200
41778,817160
41779,817150
41780,817110
41781,817020
41782,816990
41783,816870
41784,816850
41785,816830
41786,816810
41787,816770
41788,816760
41789,816720
41790,816710
41791,816670
41792,816650
41793,816630
41794,816590
41795,816500
41796,816490
41797,816430
41798,816380
41799,816350
41800,816340
41801,816280
41802,816270
41803,816250
41804,816240
41805,816210
41806,816190
41807,816180
41808,816170
41809,816160
41810,816090
41811,816080
41812,816060
41813,816040
41814,815950
41815,815940
41816,815860
41817,815830
41818,815800
41819,815780
41820,815580
41821,815450
41822,815440
41823,815390
41824,815370
41825,815360
41826,815320
41827,815300
41828,815290
41829,815280
41830,815260
41831,815210
41832,815150
41833,815080
41834,815070
41835,815040
41836,815030
41837,815010
41838,815000
41839,814990
41840,814960
41841,814900
41842,814870
41843,814770
41844,814740
41845,814730
41846,814700
41847,814680
41848,814660
41849,814650
41850,814640
41851,814630
41852,814620
41853,814610
41854,814600
41855,814590
41856,814580
41857,814570
41858,814540
41859,814530
41860,814510
41861,814480
41862,814420
41863,814400
41864,814380
41865,814370
41866,814360
41867,814340
41868,814300
41869,814210
41870,814200
41871,814140
41872,814030
41873,814000
41874,813970
41875,813930
41876,813820
41877,813780
41878,813700
41879,813650
41880,813630
41881,813590
41882,813540
41883,813530
41884,813480
41885,813450
41886,813440
41887,813400
41888,813370
41889,813300
41890,813290
41891,813250
41892,813230
41893,813200
41894,813170
41895,813150
41896,813110
41897,813030
41898,812980
41899,812960
41900,812940
41901,812930
41902,812870
41903,812860
41904,812850
41905,812840
41906,812810
41907,812770
41908,812740
41909,812650
41910,812580
41911,812560
41912,812550
41913,812460
41914,812450
41915,812410
41916,812380
41917,812190
41918,812160
41919,812140
41920,812110
41921,812100
41922,812090
41923,812070
41924,812040
41925,812020
41926,811970
41927,811950
41928,811910
41929,811890
41930,811880
41931,811870
41932,811800
41933,811750
41934,811720
41935,811620
41936,811550
41937,811480
41938,811450
41939,811360
41940,811320
41941,811310
41942,811290
41943,811270
41944,811250
41945,811190
41946,811180
41947,811130
41948,811110
41949,811080
41950,811070
41951,810800
41952,810780
41953,810770
41954,810760
41955,810740
41956,810720
41957,810690
41958,810680
41959,810670
41960,810660
41961,810640
41962,810630
41963,810610
41964,810590
41965,810540
41966,810510
41967,810500
41968,810470
41969,810460
41970,810450
41971,810420
41972,810360
41973,810340
41974,810330
41975,810230
41976,810200
41977,810060
41978,810040
41979,810020
41980,810000
41981,809960
41982,809950
41983,809900
41984,809890
41985,809880
41986,809870
41987,809850
41988,809840
41989,809800
41990,809790
41991,809780
41992,809770
41993,809760
41994,809730
41995,809720
41996,809700
41997,809680
41998,809580
41999,809570
42000,809540
42001,809530
42002,809500
42003,809490
42004,809470
42005,809460
42006,809450
42007,809440
42008,809410
42009,809380
42010,809360
42011,809340
42012,809320
42013,809310
42014,809280
42015,809270
42016,809250
42017,809240
42018,809230
42019,809220
42020,809210
42021,809200
42022,809180
42023,809150
42024,809140
42025,809090
42026,809080
42027,809060
42028,809050
42029,809020
42030,809000
42031,808990
42032,808980
42033,808910
42034,808880
42035,808810
42036,808800
42037,808770
42038,808580
42039,808540
42040,808450
42041,808420
42042,808290
42043,808220
42044,808210
42045,808190
42046,808160
42047,808130
42048,808120
42049,808100
42050,808090
42051,808080
42052,808010
42053,807980
42054,807920
42055,807730
42056,807340
42057,807230
42058,807140
42059,807120
42060,807070
42061,807060
42062,807050
42063,806970
42064,806960
42065,806950
42066,806910
42067,806900
42068,806860
42069,806850
42070,806830
42071,806770
42072,806740
42073,806720
42074,806610
42075,806580
42076,806530
42077,806510
42078,806490
42079,806470
42080,806240
42081,806230
42082,806220
42083,806160
42084,806150
42085,806140
42086,806100
42087,806020
42088,806000
42089,805980
42090,805940
42091,805920
42092,805880
42093,805870
42094,805850
42095,805820
42096,805760
42097,805710
42098,805690
42099,805660
42100,805610
42101,805590
42102,805550
42103,805520
42104,805500
42105,805440
42106,805400
42107,805360
42108,805340
42109,805320
42110,805270
42111,805150
42112,805120
42113,805090
42114,804970
42115,804900
42116,804870
42117,804860
42118,804850
42119,804830
42120,804730
42121,804700
42122,804610
42123,804600
42124,804530
42125,804490
42126,804460
42127,804440
42128,804430
42129,804400
42130,804350
42131,804290
42132,804270
42133,804210
42134,804130
42135,804120
42136,804010
42137,804000
42138,803980
42139,803930
42140,803920
42141,803890
42142,803850
42143,803830
42144,803800
42145,803750
42146,803720
42147,803680
42148,803600
42149,803590
42150,803390
42151,803350
42152,803330
42153,803320
42154,803310
42155,803280
42156,803270
42157,803260
42158,803150
42159,803140
42160,803130
42161,803110
42162,803080
42163,803050
42164,803040
42165,803030
42166,803020
42167,802930
42168,802920
42169,802900
42170,802890
42171,802880
42172,802870
42173,802850
42174,802740
42175,802730
42176,802720
42177,802690
42178,802660
42179,802650
42180,802530
42181,802490
42182,802450
42183,802400
42184,802390
42185,802360
42186,802340
42187,802330
42188,802260
42189,802210
42190,802200
42191,802190
42192,802180
42193,802130
42194,802120
42195,802080
42196,802070
42197,802050
42198,802040
42199,801910
42200,801900
42201,801890
42202,801880
42203,801870
42204,801840
42205,801780
42206,801760
42207,801750
42208,801630
42209,801610
42210,801600
42211,801550
42212,801500
42213,801490
42214,801480
42215,801400
42216,801340
42217,801290
42218,801280
42219,801260
42220,801210
42221,801120
42222,801060
42223,801040
42224,801020
42225,801010
42226,800930
42227,800830
42228,800820
42229,800700
42230,800690
42231,800670
42232,800650
42233,800620
42234,800600
42235,800580
42236,800560
42237,800550
42238,800530
42239,800490
42240,800390
42241,800380
42242,800350
42243,800330
42244,800320
42245,800310
42246,800290
42247,800280
42248,800270
42249,800240
42250,800200
42251,800190
42252,800180
42253,800120
42254,800050
42255,800030
42256,799960
42257,799910
42258,799890
42259,799870
42260,799860
42261,799840
42262,799830
42263,799810
42264,799800
42265,799730
42266,799670
42267,799640
42268,799620
42269,799610
42270,799600
42271,799530
42272,799510
42273,799500
42274,799460
42275,799420
42276,799410
42277,799260
42278,799240
42279,799180
42280,799120
42281,799110
42282,799080
42283,799070
42284,799060
42285,798960
42286,798950
42287,798940
42288,798850
42289,798840
42290,798830
42291,798810
42292,798790
42293,798720
42294,798710
42295,798650
42296,798610
42297,798590
42298,798560
42299,798510
42300,798490
42301,798480
42302,798460
42303,798420
42304,798350
42305,798330
42306,798290
42307,798280
42308,798240
42309,798170
42310,798140
42311,797710
42312,797660
42313,797620
42314,797610
42315,797570
42316,797430
42317,797410
42318,797400
42319,797390
42320,797200
42321,797190
42322,797090
42323,797070
42324,797060
42325,797040
42326,797020
42327,797010
42328,796950
42329,796940
42330,796910
42331,796900
42332,796860
42333,796840
42334,796790
42335,796780
42336,796770
42337,796710
42338,796640
42339,796620
42340,796600
42341,796590
42342,796520
42343,796510
42344,796480
42345,796460
42346,796440
42347,796380
42348,796370
42349,796360
42350,796350
42351,796340
42352,796330
42353,796320
42354,796290
42355,796130
42356,796110
42357,796030
42358,795990
42359,795960
42360,795950
42361,795920
42362,795910
42363,795760
42364,795680
42365,795610
42366,795580
42367,795570
42368,795510
42369,795490
42370,795420
42371,795310
42372,795220
42373,795160
42374,795110
42375,795100
42376,795050
42377,795040
42378,794990
42379,794960
42380,794950
42381,794940
42382,794930
42383,794860
42384,794850
42385,794830
42386,794820
42387,794800
42388,794780
42389,794760
42390,794740
42391,794650
42392,794600
42393,794580
42394,794570
42395,794550
42396,794540
42397,794530
42398,794490
42399,794480
42400,794390
42401,794350
42402,794300
42403,794270
42404,794260
42405,794240
42406,794190
42407,794180
42408,794050
42409,794030
42410,793990
42411,793970
42412,793940
42413,793880
42414,793830
42415,793820
42416,793760
42417,793690
42418,793670
42419,793630
42420,793620
42421,793600
42422,793560
42423,793510
42424,793490
42425,793460
42426,793450
42427,793370
42428,793350
42429,793320
42430,793310
42431,793260
42432,793220
42433,793210
42434,793200
42435,793190
42436,793180
42437,793170
42438,793150
42439,793050
42440,793010
42441,792990
42442,792970
42443,792940
42444,792930
42445,792900
42446,792880
42447,792860
42448,792850
42449,792810
42450,792800
42451,792720
42452,792710
42453,792660
42454,792650
42455,792570
42456,792560
42457,792500
42458,792480
42459,792370
42460,792350
42461,792340
42462,792300
42463,792220
42464,792200
42465,792160
42466,792120
42467,792100
42468,792050
42469,792040
42470,792030
42471,791990
42472,791960
42473,791950
42474,791930
42475,791800
42476,791790
42477,791770
42478,791760
42479,791750
42480,791700
42481,791590
42482,791570
42483,791500
42484,791470
42485,791430
42486,791410
42487,791400
42488,791390
42489,791370
42490,791330
42491,791320
42492,791300
42493,791260
42494,791240
42495,791200
42496,791180
42497,791160
42498,791150
42499,791140
42500,791020
42501,790950
42502,790930
42503,790860
42504,790850
42505,790820
42506,790810
42507,790800
42508,790790
42509,790750
42510,790740
42511,790730
42512,790710
42513,790700
42514,790630
42515,790610
42516,790600
42517,790570
42518,790540
42519,790450
42520,790410
42521,790390
42522,790360
42523,790350
42524,790300
42525,790290
42526,790260
42527,790230
42528,790210
42529,790130
42530,790120
42531,790080
42532,790060
42533,790020
42534,789960
42535,789950
42536,789930
42537,789910
42538,789900
42539,789890
42540,789880
42541,789830
42542,789770
42543,789760
42544,789750
42545,789740
42546,789730
42547,789670
42548,789660
42549,789620
42550,789570
42551,789550
42552,789540
42553,789480
42554,789380
42555,789290
42556,789260
42557,789220
42558,789200
42559,789160
42560,789150
42561,789100
42562,789090
42563,789050
42564,789010
42565,788970
42566,788930
42567,788890
42568,788870
42569,788820
42570,788810
42571,788800
42572,788770
42573,788760
42574,788740
42575,788720
42576,788700
42577,788690
42578,788670
42579,788640
42580,788630
42581,788610
42582,788540
42583,788520
42584,788510
42585,788490
42586,788480
42587,788470
42588,788420
42589,788410
42590,788390
42591,788330
42592,788320
42593,788270
42594,788210
42595,788190
42596,788150
42597,788100
42598,788050
42599,788010
42600,787990
42601,787980
42602,787970
42603,787930
42604,787920
42605,787860
42606,787850
42607,787840
42608,787810
42609,787790
42610,787780
42611,787760
42612,787750
42613,787740
42614,787720
42615,787710
42616,787690
42617,787650
42618,787640
42619,787550
42620,787510
42621,787480
42622,787450
42623,787400
42624,787370
42625,787260
42626,787250
42627,787220
42628,787200
42629,787170
42630,787120
42631,787110
42632,787100
42633,787070
42634,787040
42635,786990
42636,786980
42637,786910
42638,786820
42639,786720
42640,786710
42641,786680
42642,786670
42643,786580
42644,786570
42645,786520
42646,786510
42647,786490
42648,786450
42649,786420
42650,786410
42651,786390
42652,786370
42653,786350
42654,786290
42655,786280
42656,786180
42657,786140
42658,786040
42659,785950
42660,785940
42661,785930
42662,785920
42663,785890
42664,785880
42665,785860
42666,785850
42667,785840
42668,785830
42669,785790
42670,785780
42671,785770
42672,785760
42673,785750
42674,785740
42675,785640
42676,785590
42677,785480
42678,785260
42679,785130
42680,785110
42681,785100
42682,785030
42683,784950
42684,784150
42685,784130
42686,784100
42687,784080
42688,784050
42689,784010
42690,783940
42691,783890
42692,783860
42693,783850
42694,783840
42695,783770
42696,783720
42697,783710
42698,783590
42699,783450
42700,783440
42701,783430
42702,783420
42703,783340
42704,783330
42705,783310
42706,783260
42707,783240
42708,783220
42709,783210
42710,783200
42711,783180
42712,783170
42713,783120
42714,783060
42715,783050
42716,782700
42717,782690
42718,782670
42719,782660
42720,782630
42721,782570
42722,782510
42723,782380
42724,782340
42725,782330
42726,782300
42727,782280
42728,782250
42729,782180
42730,782140
42731,782130
42732,782120
42733,782100
42734,782070
42735,782020
42736,781990
42737,781950
42738,781930
42739,781920
42740,781880
42741,781820
42742,781810
42743,781800
42744,781760
42745,781670
42746,781660
42747,781640
42748,781610
42749,781590
42750,781520
42751,781490
42752,781480
42753,781440
42754,781320
42755,781290
42756,781280
42757,781270
42758,781260
42759,781250
42760,781240
42761,781220
42762,781180
42763,781130
42764,781110
42765,781100
42766,781050
42767,781040
42768,781030
42769,781000
42770,780840
42771,780820
42772,780800
42773,780760
42774,780750
42775,780710
42776,780670
42777,780580
42778,780500
42779,780390
42780,780350
42781,780320
42782,780310
42783,780290
42784,780280
42785,780270
42786,780230
42787,780210
42788,780120
42789,780100
42790,780080
42791,780020
42792,779990
42793,779960
42794,779950
42795,779800
42796,779790
42797,779730
42798,779700
42799,779650
42800,779640
42801,779620
42802,779610
42803,779590
42804,779570
42805,779560
42806,779450
42807,779430
42808,779380
42809,779360
42810,779340
42811,779330
42812,779320
42813,779300
42814,779290
42815,779260
42816,779250
42817,779240
42818,779130
42819,779100
42820,779090
42821,779060
42822,779050
42823,778930
42824,778870
42825,778860
42826,778850
42827,778840
42828,778810
42829,778800
42830,778780
42831,778760
42832,778700
42833,778640
42834,778620
42835,778610
42836,778590
42837,778580
42838,778570
42839,778550
42840,778460
42841,778440
42842,778410
42843,778400
42844,778390
42845,778340
42846,778330
42847,778260
42848,778250
42849,778230
42850,778150
42851,778110
42852,778080
42853,778060
42854,778050
42855,778030
42856,778010
42857,777890
42858,777880
42859,777820
42860,777790
42861,777770
42862,777760
42863,777670
42864,777650
42865,777590
42866,777560
42867,777470
42868,777460
42869,777430
42870,777420
42871,777410
42872,777390
42873,777340
42874,777310
42875,777270
42876,777250
42877,777240
42878,777220
42879,777200
42880,777180
42881,777160
42882,777150
42883,777140
42884,777130
42885,777090
42886,777050
42887,777040
42888,777020
42889,776960
42890,776930
42891,776920
42892,776890
42893,776830
42894,776820
42895,776790
42896,776740
42897,776720
42898,776670
42899,776660
42900,776600
42901,776580
42902,776550
42903,776540
42904,776510
42905,776490
42906,776390
42907,776340
42908,776320
42909,776290
42910,776280
42911,776270
42912,776190
42913,776180
42914,776160
42915,776140
42916,776040
42917,776000
42918,775960
42919,775940
42920,775910
42921,775900
42922,775860
42923,775850
42924,775820
42925,775800
42926,775790
42927,775760
42928,775730
42929,775720
42930,775690
42931,775620
42932,775580
42933,775530
42934,775520
42935,775500
42936,775490
42937,775460
42938,775310
42939,775270
42940,774911
42941,774901
42942,774861
42943,774811
42944,774801
42945,774791
42946,774721
42947,774711
42948,774661
42949,774651
42950,774561
42951,774551
42952,774541
42953,774531
42954,774511
42955,774461
42956,774451
42957,774441
42958,774421
42959,774411
42960,774401
42961,774361
42962,774351
42963,774331
42964,774321
42965,774281
42966,774261
42967,774241
42968,774231
42969,774221
42970,774201
42971,774191
42972,774181
42973,774171
42974,774161
42975,774151
42976,774141
42977,774131
42978,774121
42979,774091
42980,773951
42981,773930
42982,773840
42983,773830
42984,773810
42985,773790
42986,773740
42987,773710
42988,773670
42989,773650
42990,773640
42991,773630
42992,773590
42993,773580
42994,773540
42995,773530
42996,773520
42997,773510
42998,773490
42999,773460
43000,773440
43001,773430
43002,773420
43003,773390
43004,773370
43005,773330
43006,773230
43007,773210
43008,773150
43009,773130
43010,773120
43011,773090
43012,773010
43013,772990
43014,772750
43015,772730
43016,772710
43017,772700
43018,772680
43019,772670
43020,772660
43021,772610
43022,772600
43023,772570
43024,772540
43025,772500
43026,772480
43027,772470
43028,772460
43029,772440
43030,772430
43031,772420
43032,772290
43033,772270
43034,772230
43035,772200
43036,772180
43037,772160
43038,772110
43039,772090
43040,772080
43041,772070
43042,772060
43043,771950
43044,771920
43045,771810
43046,771770
43047,771710
43048,771700
43049,771690
43050,771680
43051,771570
43052,771530
43053,771500
43054,771470
43055,771450
43056,771430
43057,771420
43058,771410
43059,771380
43060,771370
43061,771350
43062,771340
43063,771320
43064,771310
43065,771250
43066,771240
43067,771130
43068,771070
43069,771060
43070,771010
43071,770860
43072,770810
43073,770630
43074,770600
43075,770500
43076,770490
43077,770460
43078,770410
43079,770400
43080,770390
43081,770370
43082,770350
43083,770320
43084,770240
43085,770200
43086,770170
43087,770110
43088,770100
43089,770090
43090,770070
43091,770020
43092,769980
43093,769970
43094,769950
43095,769940
43096,769920
43097,769910
43098,769840
43099,769730
43100,769690
43101,769680
43102,769670
43103,769590
43104,769560
43105,769550
43106,769520
43107,769420
43108,769410
43109,769370
43110,769360
43111,769340
43112,769320
43113,769220
43114,769200
43115,769150
43116,769110
43117,769080
43118,769060
43119,769030
43120,769020
43121,768990
43122,768970
43123,768880
43124,768840
43125,768800
43126,768750
43127,768590
43128,768550
43129,768540
43130,768520
43131,768480
43132,768460
43133,768450
43134,768310
43135,768300
43136,768290
43137,768270
43138,768200
43139,768180
43140,768170
43141,768130
43142,768100
43143,768090
43144,768060
43145,767970
43146,767930
43147,767910
43148,767870
43149,767690
43150,767590
43151,767560
43152,767500
43153,767490
43154,767460
43155,767420
43156,767400
43157,767390
43158,767360
43159,767340
43160,767310
43161,767300
43162,767240
43163,767200
43164,767170
43165,767130
43166,767110
43167,767100
43168,767050
43169,767030
43170,766940
43171,766850
43172,766780
43173,766740
43174,766730
43175,766700
43176,766680
43177,766650
43178,766630
43179,766600
43180,766570
43181,766560
43182,766500
43183,766320
43184,766280
43185,766250
43186,766110
43187,766090
43188,766040
43189,766000
43190,765940
43191,765910
43192,765900
43193,765890
43194,765880
43195,765870
43196,765860
43197,765850
43198,765840
43199,765810
43200,765770
43201,765710
43202,765690
43203,765650
43204,765640
43205,765610
43206,765590
43207,765530
43208,765490
43209,765480
43210,765460
43211,765450
43212,765410
43213,765400
43214,765380
43215,765360
43216,765320
43217,765260
43218,765250
43219,765230
43220,765210
43221,765180
43222,765160
43223,765100
43224,765060
43225,765030
43226,765010
43227,764990
43228,764970
43229,764920
43230,764890
43231,764790
43232,764670
43233,764590
43234,764580
43235,764570
43236,764560
43237,764510
43238,764500
43239,764490
43240,764470
43241,764430
43242,764410
43243,764370
43244,764300
43245,764280
43246,764240
43247,764230
43248,764180
43249,764110
43250,764050
43251,764030
43252,764010
43253,763990
43254,763970
43255,763930
43256,763910
43257,763890
43258,763870
43259,763860
43260,763790
43261,763750
43262,763740
43263,763730
43264,763710
43265,763680
43266,763650
43267,763630
43268,763610
43269,763520
43270,763490
43271,763430
43272,763410
43273,763400
43274,763350
43275,763340
43276,763300
43277,763290
43278,763250
43279,763230
43280,763210
43281,763200
43282,763180
43283,763100
43284,763090
43285,763070
43286,763050
43287,763030
43288,762950
43289,762940
43290,762930
43291,762900
43292,762840
43293,762830
43294,762680
43295,762670
43296,762650
43297,762610
43298,762590
43299,762560
43300,762520
43301,762500
43302,762490
43303,762480
43304,762380
43305,762370
43306,762270
43307,762220
43308,762190
43309,762180
43310,762110
43311,762080
43312,762030
43313,761920
43314,761910
43315,761890
43316,761830
43317,761790
43318,761760
43319,761700
43320,761670
43321,761660
43322,761640
43323,761630
43324,761620
43325,761600
43326,761480
43327,761460
43328,761440
43329,761350
43330,761320
43331,761300
43332,761290
43333,761280
43334,761190
43335,761170
43336,761130
43337,761110
43338,761100
43339,761070
43340,761030
43341,761010
43342,761000
43343,760990
43344,760930
43345,760920
43346,760890
43347,760860
43348,760810
43349,760800
43350,760710
43351,760680
43352,760660
43353,760650
43354,760640
43355,760630
43356,760580
43357,760560
43358,760550
43359,760530
43360,760510
43361,760490
43362,760460
43363,760410
43364,760350
43365,760330
43366,760320
43367,760160
43368,760120
43369,760060
43370,760050
43371,760030
43372,760000
43373,759950
43374,759940
43375,759870
43376,759830
43377,759750
43378,759740
43379,759650
43380,759640
43381,759610
43382,759570
43383,759540
43384,759440
43385,759260
43386,759220
43387,759160
43388,759080
43389,759060
43390,759010
43391,759000
43392,758990
43393,758980
43394,758930
43395,758920
43396,758880
43397,758870
43398,758730
43399,758690
43400,758660
43401,758630
43402,758600
43403,758580
43404,758570
43405,758560
43406,758530
43407,758500
43408,758480
43409,758470
43410,758410
43411,758400
43412,758370
43413,758330
43414,758320
43415,758280
43416,758250
43417,758210
43418,758190
43419,758150
43420,758120
43421,758100
43422,758090
43423,758080
43424,758070
43425,758050
43426,758020
43427,758010
43428,757910
43429,757870
43430,757860
43431,757850
43432,757820
43433,757730
43434,757700
43435,757630
43436,757600
43437,757590
43438,757580
43439,757540
43440,757490
43441,757480
43442,757450
43443,757440
43444,757430
43445,757420
43446,757380
43447,757330
43448,757320
43449,757310
43450,757300
43451,757290
43452,757240
43453,757210
43454,757200
43455,757180
43456,757170
43457,757130
43458,757100
43459,757080
43460,757060
43461,757040
43462,757030
43463,756880
43464,756810
43465,756800
43466,756790
43467,756700
43468,756680
43469,756600
43470,756590
43471,756560
43472,756530
43473,756520
43474,756500
43475,756490
43476,756420
43477,756360
43478,756320
43479,756300
43480,756260
43481,756240
43482,756230
43483,756220
43484,756190
43485,756150
43486,756100
43487,756090
43488,756040
43489,756020
43490,755980
43491,755950
43492,755920
43493,755850
43494,755830
43495,755800
43496,755670
43497,755630
43498,755600
43499,755590
43500,755580
43501,755570
43502,755560
43503,755550
43504,755540
43505,755520
43506,755500
43507,755490
43508,755470
43509,755410
43510,755350
43511,755250
43512,755230
43513,755220
43514,755150
43515,755140
43516,755080
43517,754930
43518,754890
43519,754850
43520,754840
43521,754830
43522,754810
43523,754800
43524,754730
43525,754640
43526,754620
43527,754610
43528,754540
43529,754530
43530,754520
43531,754510
43532,754500
43533,754480
43534,754460
43535,754400
43536,754350
43537,754340
43538,754330
43539,754320
43540,754310
43541,754160
43542,754150
43543,754120
43544,754110
43545,754050
43546,754040
43547,754020
43548,754010
43549,753990
43550,753970
43551,753960
43552,753930
43553,753920
43554,753900
43555,753670
43556,753660
43557,753650
43558,753640
43559,753610
43560,753590
43561,753490
43562,753440
43563,753420
43564,753400
43565,753380
43566,753370
43567,753360
43568,753270
43569,753230
43570,753220
43571,753210
43572,753170
43573,753090
43574,753060
43575,752910
43576,752900
43577,752850
43578,752800
43579,752780
43580,752710
43581,752700
43582,752640
43583,752600
43584,752590
43585,752580
43586,752570
43587,752560
43588,752550
43589,752520
43590,752500
43591,752480
43592,752470
43593,752380
43594,752330
43595,752200
43596,752180
43597,752170
43598,752050
43599,752020
43600,751980
43601,751970
43602,751950
43603,751820
43604,751780
43605,751730
43606,751690
43607,751670
43608,751640
43609,751630
43610,751590
43611,751550
43612,751500
43613,751490
43614,751480
43615,751470
43616,751450
43617,751440
43618,751380
43619,751350
43620,751340
43621,751330
43622,751320
43623,751300
43624,751280
43625,751260
43626,751250
43627,751220
43628,751200
43629,751110
43630,751060
43631,750990
43632,750960
43633,750920
43634,750900
43635,750870
43636,750850
43637,750800
43638,750780
43639,750770
43640,750620
43641,750520
43642,750500
43643,750470
43644,750460
43645,750450
43646,750440
43647,750360
43648,750350
43649,750330
43650,750290
43651,750210
43652,750200
43653,750170
43654,750130
43655,750070
43656,750020
43657,750010
43658,749990
43659,749980
43660,749960
43661,749920
43662,749900
43663,749890
43664,749880
43665,749870
43666,749860
43667,749850
43668,749840
43669,749830
43670,749800
43671,749730
43672,749710
43673,749670
43674,749580
43675,749560
43676,749550
43677,749540
43678,749520
43679,749480
43680,749410
43681,749370
43682,749340
43683,749250
43684,749180
43685,749140
43686,749130
43687,749110
43688,749080
43689,749050
43690,749040
43691,749010
43692,748970
43693,748940
43694,748930
43695,748890
43696,748880
43697,748800
43698,748730
43699,748660
43700,748650
43701,748610
43702,748600
43703,748540
43704,748490
43705,748480
43706,748460
43707,748430
43708,748420
43709,748370
43710,748360
43711,748330
43712,748310
43713,748300
43714,748270
43715,748150
43716,748130
43717,748060
43718,748050
43719,748040
43720,748020
43721,747990
43722,747970
43723,747920
43724,747910
43725,747850
43726,747790
43727,747770
43728,747700
43729,747690
43730,747660
43731,747650
43732,747640
43733,747620
43734,747610
43735,747590
43736,747540
43737,747470
43738,747360
43739,747350
43740,747340
43741,747330
43742,747320
43743,747310
43744,747260
43745,747240
43746,747210
43747,747200
43748,747190
43749,747160
43750,747050
43751,746990
43752,746940
43753,746930
43754,746920
43755,746910
43756,746900
43757,746890
43758,746880
43759,746860
43760,746850
43761,746840
43762,746760
43763,746750
43764,746710
43765,746680
43766,746660
43767,746620
43768,746580
43769,746570
43770,746560
43771,746540
43772,746520
43773,746510
43774,746470
43775,746420
43776,746410
43777,746400
43778,746390
43779,746360
43780,746350
43781,746240
43782,746220
43783,746140
43784,746110
43785,746040
43786,746030
43787,746020
43788,746010
43789,746000
43790,745970
43791,745960
43792,745950
43793,745940
43794,745930
43795,745920
43796,745900
43797,745890
43798,745880
43799,745870
43800,745850
43801,745830
43802,745810
43803,745790
43804,745760
43805,745740
43806,745730
43807,745720
43808,745710
43809,745660
43810,745650
43811,745560
43812,745530
43813,745510
43814,745500
43815,745430
43816,745400
43817,745380
43818,745370
43819,745340
43820,745330
43821,745250
43822,745180
43823,745130
43824,745120
43825,745090
43826,745060
43827,745030
43828,745010
43829,745000
43830,744980
43831,744940
43832,744900
43833,744810
43834,744800
43835,744750
43836,744710
43837,744670
43838,744660
43839,744650
43840,744600
43841,744590
43842,744570
43843,744550
43844,744520
43845,744460
43846,744440
43847,744430
43848,744420
43849,744400
43850,744270
43851,744260
43852,744220
43853,744190
43854,744060
43855,744050
43856,744040
43857,744010
43858,743960
43859,743940
43860,743910
43861,743900
43862,743890
43863,743860
43864,743850
43865,743830
43866,743770
43867,743670
43868,743660
43869,743640
43870,743580
43871,743550
43872,743450
43873,743390
43874,743380
43875,743370
43876,743350
43877,743330
43878,743230
43879,743190
43880,743130
43881,743110
43882,743030
43883,743000
43884,742990
43885,742970
43886,742900
43887,742700
43888,742630
43889,742530
43890,742520
43891,742510
43892,742500
43893,742490
43894,742480
43895,742470
43896,742460
43897,742420
43898,742380
43899,742340
43900,742300
43901,742250
43902,742230
43903,742170
43904,742150
43905,742120
43906,742030
43907,742010
43908,741990
43909,741930
43910,741820
43911,741770
43912,741670
43913,741590
43914,741520
43915,741510
43916,741500
43917,741490
43918,741450
43919,741430
43920,741400
43921,741360
43922,741320
43923,741260
43924,741250
43925,741150
43926,741140
43927,741120
43928,741110
43929,741100
43930,740950
43931,740810
43932,740780
43933,740600
43934,740570
43935,740550
43936,740470
43937,740410
43938,740390
43939,740340
43940,740320
43941,740310
43942,740290
43943,740280
43944,740270
43945,740260
43946,740250
43947,740240
43948,740230
43949,740200
43950,740150
43951,740130
43952,740090
43953,740080
43954,740070
43955,740040
43956,740000
43957,739980
43958,739950
43959,739940
43960,739890
43961,739880
43962,739850
43963,739800
43964,739720
43965,739690
43966,739650
43967,739630
43968,739540
43969,739410
43970,739360
43971,739290
43972,739260
43973,739240
43974,739220
43975,739190
43976,739180
43977,739170
43978,739130
43979,739100
43980,739080
43981,739050
43982,739030
43983,739010
43984,738920
43985,738880
43986,738860
43987,738840
43988,738760
43989,738720
43990,738650
43991,738610
43992,738600
43993,738590
43994,738580
43995,738560
43996,738550
43997,738540
43998,738530
43999,738520
44000,738510
44001,738470
44002,738450
44003,738350
44004,738310
44005,738270
44006,738100
44007,738080
44008,738060
44009,738020
44010,738000
44011,737930
44012,737890
44013,737880
44014,737870
44015,737830
44016,737820
44017,737710
44018,737690
44019,737600
44020,737530
44021,737520
44022,737510
44023,737490
44024,737330
44025,737280
44026,737260
44027,737050
44028,736930
44029,736920
44030,736860
44031,736850
44032,736840
44033,736820
44034,736810
44035,736720
44036,736710
44037,736590
44038,736570
44039,736470
44040,736430
44041,736420
44042,736400
44043,736390
44044,736340
44045,736280
44046,736260
44047,736250
44048,736240
44049,736220
44050,736200
44051,736190
44052,736110
44053,735850
44054,735810
44055,735620
44056,735600
44057,735580
44058,735570
44059,735550
44060,735530
44061,735520
44062,735500
44063,735490
44064,735470
44065,735460
44066,735410
44067,735360
44068,735350
44069,735290
44070,735280
44071,735260
44072,735060
44073,734980
44074,734920
44075,734910
44076,734900
44077,734840
44078,734820
44079,734750
44080,734730
44081,734700
44082,734590
44083,734580
44084,734570
44085,734550
44086,734510
44087,734450
44088,734440
44089,734350
44090,734330
44091,734290
44092,734120
44093,734080
44094,734020
44095,733990
44096,733870
44097,733840
44098,733820
44099,733800
44100,733790
44101,733770
44102,733760
44103,733740
44104,733710
44105,733690
44106,733670
44107,733570
44108,733540
44109,733520
44110,733510
44111,733500
44112,733480
44113,733460
44114,733430
44115,733340
44116,733300
44117,733250
44118,733210
44119,733180
44120,733110
44121,733090
44122,733070
44123,733050
44124,733020
44125,732950
44126,732930
44127,732840
44128,732810
44129,732800
44130,732770
44131,732730
44132,732690
44133,732670
44134,732510
44135,732470
44136,732430
44137,732400
44138,732370
44139,732360
44140,732290
44141,732240
44142,732230
44143,732160
44144,732090
44145,732070
44146,732060
44147,732050
44148,732030
44149,731950
44150,731940
44151,731930
44152,731920
44153,731910
44154,731890
44155,731880
44156,731790
44157,731770
44158,731720
44159,731700
44160,731650
44161,731600
44162,731590
44163,731560
44164,731510
44165,731500
44166,731490
44167,731420
44168,731320
44169,731310
44170,731250
44171,731230
44172,731180
44173,731040
44174,730920
44175,730870
44176,730860
44177,730840
44178,730830
44179,730820
44180,730760
44181,730710
44182,730620
44183,730580
44184,730550
44185,730450
44186,730430
44187,730410
44188,730390
44189,730310
44190,730300
44191,730290
44192,730280
44193,730270
44194,730220
44195,730180
44196,730120
44197,730090
44198,730050
44199,730030
44200,729990
44201,729980
44202,729820
44203,729720
44204,729670
44205,729660
44206,729640
44207,729580
44208,729570
44209,729530
44210,729460
44211,729390
44212,729370
44213,729310
44214,729300
44215,729190
44216,729180
44217,729090
44218,729060
44219,729040
44220,729030
44221,729000
44222,728990
44223,728950
44224,728920
44225,728880
44226,728870
44227,728830
44228,728740
44229,728730
44230,728530
44231,728420
44232,728240
44233,728150
44234,728110
44235,728050
44236,727930
44237,727910
44238,727850
44239,727830
44240,727800
44241,727790
44242,727760
44243,727730
44244,727720
44245,727640
44246,727610
44247,727570
44248,727550
44249,727540
44250,727530
44251,727510
44252,727480
44253,727460
44254,727450
44255,727420
44256,727340
44257,727320
44258,727310
44259,727290
44260,727280
44261,727220
44262,727200
44263,727190
44264,727180
44265,727170
44266,727130
44267,727110
44268,727100
44269,727070
44270,727060
44271,727040
44272,727020
44273,726950
44274,726910
44275,726880
44276,726870
44277,726840
44278,726830
44279,726810
44280,726800
44281,726760
44282,726720
44283,726710
44284,726630
44285,726620
44286,726600
44287,726590
44288,726580
44289,726570
44290,726520
44291,726510
44292,726490
44293,726460
44294,726430
44295,726390
44296,726380
44297,726360
44298,726340
44299,726320
44300,726260
44301,726250
44302,726230
44303,726200
44304,726160
44305,726110
44306,726070
44307,726060
44308,726020
44309,726000
44310,725980
44311,725970
44312,725960
44313,725920
44314,725850
44315,725780
44316,725680
44317,725660
44318,725640
44319,725610
44320,725510
44321,725480
44322,725410
44323,725380
44324,725340
44325,725330
44326,725280
44327,725270
44328,725170
44329,725120
44330,725110
44331,725100
44332,725080
44333,725040
44334,724980
44335,724970
44336,724940
44337,724910
44338,724870
44339,724740
44340,724710
44341,724690
44342,724680
44343,724640
44344,724630
44345,724580
44346,724520
44347,724510
44348,724490
44349,724470
44350,724430
44351,724390
44352,724370
44353,724350
44354,724330
44355,724300
44356,724260
44357,724250
44358,724180
44359,724130
44360,724120
44361,724110
44362,724090
44363,724070
44364,724010
44365,724000
44366,723930
44367,723890
44368,723880
44369,723830
44370,723820
44371,723810
44372,723790
44373,723760
44374,723610
44375,723450
44376,723420
44377,723410
44378,723390
44379,723380
44380,723350
44381,723270
44382,723190
44383,723130
44384,723110
44385,723100
44386,723090
44387,723070
44388,722990
44389,722960
44390,722920
44391,722910
44392,722890
44393,722870
44394,722810
44395,722760
44396,722750
44397,722730
44398,722680
44399,722670
44400,722660
44401,722620
44402,722590
44403,722570
44404,722560
44405,722540
44406,722350
44407,722330
44408,722290
44409,722230
44410,722180
44411,722080
44412,722060
44413,722050
44414,722040
44415,722020
44416,721960
44417,721950
44418,721940
44419,721890
44420,721850
44421,721760
44422,721740
44423,721700
44424,721510
44425,721420
44426,721390
44427,721380
44428,721350
44429,721180
44430,721090
44431,721030
44432,720940
44433,720730
44434,720670
44435,720660
44436,720620
44437,720560
44438,720480
44439,720470
44440,720380
44441,720350
44442,720300
44443,720290
44444,720280
44445,720270
44446,720250
44447,720240
44448,720150
44449,720060
44450,720040
44451,720030
44452,720000
44453,719930
44454,719890
44455,719800
44456,719750
44457,719730
44458,719660
44459,719640
44460,719630
44461,719590
44462,719550
44463,719520
44464,719470
44465,719410
44466,719320
44467,719310
44468,719300
44469,719290
44470,719280
44471,719270
44472,719250
44473,719210
44474,719200
44475,719180
44476,719140
44477,719120
44478,719110
44479,719100
44480,719080
44481,719070
44482,719040
44483,718970
44484,718960
44485,718940
44486,718910
44487,718850
44488,718790
44489,718750
44490,718730
44491,718720
44492,718680
44493,718670
44494,718660
44495,718650
44496,718590
44497,718560
44498,718500
44499,718380
44500,718370
44501,718320
44502,718270
44503,718250
44504,718210
44505,718200
44506,718190
44507,718180
44508,718140
44509,718120
44510,718080
44511,718030
44512,718020
44513,718010
44514,717990
44515,717980
44516,717960
44517,717950
44518,717870
44519,717850
44520,717840
44521,717830
44522,717820
44523,717800
44524,717790
44525,717780
44526,717760
44527,717720
44528,717640
44529,717610
44530,717560
44531,717330
44532,717310
44533,717300
44534,717190
44535,717120
44536,717110
44537,717070
44538,717050
44539,717020
44540,716950
44541,716940
44542,716900
44543,716870
44544,716770
44545,716760
44546,716750
44547,716710
44548,716680
44549,716650
44550,716640
44551,716630
44552,716600
44553,716560
44554,716500
44555,716490
44556,716400
44557,716380
44558,716350
44559,716340
44560,716330
44561,716260
44562,716250
44563,716230
44564,716190
44565,716150
44566,716100
44567,716090
44568,716070
44569,716050
44570,716040
44571,716030
44572,716010
44573,716000
44574,715990
44575,715980
44576,715840
44577,715810
44578,715760
44579,715690
44580,715680
44581,715670
44582,715660
44583,715650
44584,715580
44585,715560
44586,715520
44587,715510
44588,715490
44589,715470
44590,715460
44591,715440
44592,715410
44593,715400
44594,715380
44595,715370
44596,715310
44597,715290
44598,715280
44599,715270
44600,715240
44601,715210
44602,715090
44603,715060
44604,715050
44605,715020
44606,715010
44607,714980
44608,714970
44609,714820
44610,714800
44611,714780
44612,714730
44613,714640
44614,714620
44615,714610
44616,714590
44617,714580
44618,714510
44619,714370
44620,714360
44621,714300
44622,714280
44623,714270
44624,714250
44625,714240
44626,714150
44627,714130
44628,714120
44629,714100
44630,714080
44631,714050
44632,714030
44633,714020
44634,714010
44635,713860
44636,713800
44637,713740
44638,713680
44639,713650
44640,713600
44641,713590
44642,713580
44643,713570
44644,713540
44645,713530
44646,713500
44647,713460
44648,713450
44649,713430
44650,713420
44651,713380
44652,713320
44653,713310
44654,713260
44655,713230
44656,713220
44657,713180
44658,713170
44659,713160
44660,713100
44661,713090
44662,713080
44663,713060
44664,713030
44665,713010
44666,712980
44667,712970
44668,712880
44669,712870
44670,712810
44671,712770
44672,712730
44673,712660
44674,712650
44675,712610
44676,712530
44677,712390
44678,712260
44679,712240
44680,712210
44681,712190
44682,712180
44683,712150
44684,712100
44685,712090
44686,712080
44687,712070
44688,712060
44689,712010
44690,712000
44691,711980
44692,711970
44693,711930
44694,711920
44695,711890
44696,711840
44697,711810
44698,711770
44699,711750
44700,711710
44701,711690
44702,711660
44703,711570
44704,711540
44705,711530
44706,711480
44707,711450
44708,711440
44709,711430
44710,711390
44711,711380
44712,711320
44713,711240
44714,711230
44715,711210
44716,711150
44717,711130
44718,711070
44719,710950
44720,710920
44721,710880
44722,710820
44723,710780
44724,710760
44725,710740
44726,710710
44727,710700
44728,710690
44729,710640
44730,710610
44731,710600
44732,710550
44733,710520
44734,710480
44735,710470
44736,710360
44737,710250
44738,710220
44739,710190
44740,710170
44741,710120
44742,710110
44743,710090
44744,710070
44745,710030
44746,709940
44747,709920
44748,709880
44749,709870
44750,709850
44751,709840
44752,709820
44753,709800
44754,709790
44755,709780
44756,709720
44757,709710
44758,709700
44759,709670
44760,709620
44761,709560
44762,709510
44763,709490
44764,709450
44765,709410
44766,709380
44767,709240
44768,709190
44769,709140
44770,709080
44771,709050
44772,708990
44773,708970
44774,708950
44775,708930
44776,708920
44777,708890
44778,708850
44779,708820
44780,708780
44781,708760
44782,708720
44783,708710
44784,708680
44785,708640
44786,708630
44787,708580
44788,708510
44789,708450
44790,708430
44791,708370
44792,708340
44793,708310
44794,708260
44795,708190
44796,708150
44797,708120
44798,708100
44799,707960
44800,707920
44801,707870
44802,707850
44803,707750
44804,707720
44805,707710
44806,707610
44807,707590
44808,707580
44809,707450
44810,707400
44811,707350
44812,707340
44813,707320
44814,707300
44815,707230
44816,707220
44817,707140
44818,707110
44819,707060
44820,707030
44821,707010
44822,706990
44823,706960
44824,706920
44825,706880
44826,706850
44827,706710
44828,706690
44829,706560
44830,706520
44831,706510
44832,706490
44833,706440
44834,706390
44835,706370
44836,706330
44837,706320
44838,706280
44839,706240
44840,706200
44841,706130
44842,706030
44843,706020
44844,705870
44845,705860
44846,705830
44847,705810
44848,705800
44849,705770
44850,705750
44851,705740
44852,705710
44853,705700
44854,705670
44855,705640
44856,705620
44857,705610
44858,705550
44859,705500
44860,705450
44861,705410
44862,705390
44863,705380
44864,705370
44865,705340
44866,705300
44867,705290
44868,705280
44869,705260
44870,705250
44871,705240
44872,705210
44873,705160
44874,705150
44875,705120
44876,705100
44877,705090
44878,705070
44879,705060
44880,705050
44881,705040
44882,705020
44883,704990
44884,704950
44885,704920
44886,704910
44887,704880
44888,704860
44889,704850
44890,704840
44891,704760
44892,704700
44893,704690
44894,704680
44895,704640
44896,704510
44897,704480
44898,704470
44899,704450
44900,704360
44901,704310
44902,704300
44903,704270
44904,704230
44905,704200
44906,704190
44907,704140
44908,704110
44909,704070
44910,704040
44911,704030
44912,704020
44913,704010
44914,704000
44915,703980
44916,703970
44917,703940
44918,703920
44919,703880
44920,703840
44921,703730
44922,703720
44923,703700
44924,703630
44925,703620
44926,703600
44927,703540
44928,703530
44929,703510
44930,703500
44931,703490
44932,703480
44933,703430
44934,703400
44935,703360
44936,703320
44937,703310
44938,703300
44939,703280
44940,703270
44941,703200
44942,703180
44943,703140
44944,703120
44945,703090
44946,703080
44947,703060
44948,703050
44949,703030
44950,702940
44951,702890
44952,702810
44953,702790
44954,702700
44955,702680
44956,702670
44957,702600
44958,702430
44959,702320
44960,702220
44961,702210
44962,702200
44963,702190
44964,702160
44965,702150
44966,702120
44967,702110
44968,702080
44969,702050
44970,702030
44971,701970
44972,701960
44973,701950
44974,701930
44975,701910
44976,701900
44977,701870
44978,701860
44979,701810
44980,701760
44981,701740
44982,701730
44983,701720
44984,701610
44985,701540
44986,701470
44987,701460
44988,701440
44989,701420
44990,701380
44991,701290
44992,701280
44993,701160
44994,701100
44995,701080
44996,701040
44997,701010
44998,700990
44999,700940
45000,700920
45001,700830
45002,700820
45003,700770
45004,700750
45005,700650
45006,700620
45007,700600
45008,700590
45009,700570
45010,700520
45011,700510
45012,700480
45013,700440
45014,700360
45015,700330
45016,700310
45017,700240
45018,700200
45019,700170
45020,700160
45021,700100
45022,700060
45023,700030
45024,700010
45025,699990
45026,699940
45027,699920
45028,699860
45029,699850
45030,699820
45031,699780
45032,699770
45033,699760
45034,699740
45035,699720
45036,699710
45037,699700
45038,699680
45039,699670
45040,699600
45041,699590
45042,699540
45043,699510
45044,699480
45045,699410
45046,699390
45047,699330
45048,699240
45049,699230
45050,699180
45051,699170
45052,699160
45053,699150
45054,699130
45055,699100
45056,699080
45057,699040
45058,699010
45059,698980
45060,698950
45061,698910
45062,698880
45063,698870
45064,698830
45065,698790
45066,698780
45067,698770
45068,698740
45069,698700
45070,698670
45071,698650
45072,698640
45073,698620
45074,698610
45075,698590
45076,698540
45077,698520
45078,698500
45079,698450
45080,698370
45081,698320
45082,698260
45083,698160
45084,698110
45085,698050
45086,698040
45087,697970
45088,697960
45089,697950
45090,697930
45091,697910
45092,697900
45093,697870
45094,697860
45095,697850
45096,697800
45097,697710
45098,697670
45099,697660
45100,697650
45101,697630
45102,697610
45103,697580
45104,697550
45105,697530
45106,697430
45107,697370
45108,697250
45109,697130
45110,697010
45111,696990
45112,696940
45113,696880
45114,696810
45115,696760
45116,696710
45117,696600
45118,696590
45119,696580
45120,696560
45121,696540
45122,696530
45123,696510
45124,696500
45125,696490
45126,696480
45127,696430
45128,696410
45129,696370
45130,696360
45131,696310
45132,696280
45133,696250
45134,696220
45135,696190
45136,696180
45137,696170
45138,696160
45139,696150
45140,696140
45141,696110
45142,696060
45143,696040
45144,696010
45145,696000
45146,695980
45147,695970
45148,695960
45149,695920
45150,695830
45151,695810
45152,695760
45153,695720
45154,695660
45155,695650
45156,695630
45157,695600
45158,695570
45159,695510
45160,695490
45161,695450
45162,695360
45163,695330
45164,695290
45165,695110
45166,695100
45167,695050
45168,694990
45169,694980
45170,694950
45171,694930
45172,694830
45173,694770
45174,694760
45175,694730
45176,694720
45177,694680
45178,694550
45179,694520
45180,694500
45181,694490
45182,694480
45183,694440
45184,694430
45185,694420
45186,694370
45187,694280
45188,694180
45189,694150
45190,694140
45191,694130
45192,694070
45193,694060
45194,693990
45195,693960
45196,693950
45197,693940
45198,693890
45199,693880
45200,693830
45201,693810
45202,693800
45203,693790
45204,693700
45205,693670
45206,693650
45207,693580
45208,693450
45209,693330
45210,693250
45211,693240
45212,693210
45213,693190
45214,693180
45215,693030
45216,692950
45217,692930
45218,692920
45219,692890
45220,692850
45221,692840
45222,692830
45223,692790
45224,692780
45225,692710
45226,692690
45227,692590
45228,692530
45229,692360
45230,692270
45231,692200
45232,692110
45233,692100
45234,692060
45235,692030
45236,691930
45237,691890
45238,691830
45239,691790
45240,691770
45241,691750
45242,691730
45243,691720
45244,691690
45245,691650
45246,691630
45247,691600
45248,691590
45249,691580
45250,691540
45251,691450
45252,691430
45253,691420
45254,691320
45255,691280
45256,691260
45257,691250
45258,691240
45259,691190
45260,691160
45261,691150
45262,691080
45263,691020
45264,690980
45265,690930
45266,690850
45267,690830
45268,690810
45269,690790
45270,690740
45271,690710
45272,690690
45273,690670
45274,690640
45275,690630
45276,690620
45277,690610
45278,690580
45279,690570
45280,690560
45281,690550
45282,690530
45283,690460
45284,690420
45285,690400
45286,690370
45287,690350
45288,690280
45289,690240
45290,690220
45291,690200
45292,690150
45293,690140
45294,690130
45295,690120
45296,690080
45297,690060
45298,690040
45299,689980
45300,689910
45301,689900
45302,689830
45303,689790
45304,689740
45305,689720
45306,689710
45307,689700
45308,689620
45309,689580
45310,689520
45311,689480
45312,689470
45313,689400
45314,689350
45315,689340
45316,689290
45317,689180
45318,689170
45319,689100
45320,689090
45321,689070
45322,689040
45323,689020
45324,689000
45325,688940
45326,688930
45327,688880
45328,688800
45329,688770
45330,688740
45331,688690
45332,688680
45333,688660
45334,688650
45335,688630
45336,688570
45337,688540
45338,688500
45339,688470
45340,688450
45341,688420
45342,688380
45343,688370
45344,688350
45345,688260
45346,688150
45347,688140
45348,688130
45349,688120
45350,688070
45351,688060
45352,688020
45353,688000
45354,687980
45355,687920
45356,687900
45357,687890
45358,687870
45359,687850
45360,687830
45361,687800
45362,687760
45363,687750
45364,687720
45365,687650
45366,687630
45367,687600
45368,687590
45369,687560
45370,687540
45371,687510
45372,687490
45373,687480
45374,687360
45375,687340
45376,687320
45377,687310
45378,687280
45379,687270
45380,687260
45381,686950
45382,686940
45383,686910
45384,686900
45385,686870
45386,686770
45387,686760
45388,686720
45389,686680
45390,686640
45391,686620
45392,686610
45393,686570
45394,686550
45395,686520
45396,686510
45397,686500
45398,686490
45399,686450
45400,686440
45401,686360
45402,686340
45403,686260
45404,686240
45405,686200
45406,686110
45407,686090
45408,686030
45409,686010
45410,685990
45411,685910
45412,685800
45413,685790
45414,685750
45415,685690
45416,685680
45417,685670
45418,685450
45419,685420
45420,685400
45421,685370
45422,685340
45423,685310
45424,685300
45425,685240
45426,685230
45427,685200
45428,685110
45429,685050
45430,685040
45431,684940
45432,684930
45433,684870
45434,684840
45435,684820
45436,684720
45437,684700
45438,684690
45439,684680
45440,684620
45441,684590
45442,684580
45443,684560
45444,684530
45445,684460
45446,684450
45447,684430
45448,684420
45449,684410
45450,684400
45451,684380
45452,684320
45453,684270
45454,684250
45455,684230
45456,684210
45457,684200
45458,684130
45459,684060
45460,684050
45461,684040
45462,684000
45463,683970
45464,683940
45465,683930
45466,683900
45467,683890
45468,683880
45469,683870
45470,683830
45471,683790
45472,683770
45473,683760
45474,683730
45475,683690
45476,683670
45477,683600
45478,683530
45479,683440
45480,683320
45481,683310
45482,683280
45483,683260
45484,683240
45485,683230
45486,683220
45487,683210
45488,683180
45489,683080
45490,683000
45491,682990
45492,682970
45493,682960
45494,682920
45495,682910
45496,682810
45497,682780
45498,682740
45499,682730
45500,682670
45501,682630
45502,682610
45503,682590
45504,682570
45505,682550
45506,682530
45507,682510
45508,682500
45509,682490
45510,682480
45511,682470
45512,682450
45513,682350
45514,682290
45515,682230
45516,682180
45517,682170
45518,682140
45519,682130
45520,682100
45521,682080
45522,682020
45523,681990
45524,681980
45525,681950
45526,681800
45527,681790
45528,681780
45529,681750
45530,681730
45531,681720
45532,681660
45533,681640
45534,681630
45535,681620
45536,681550
45537,681530
45538,681520
45539,681500
45540,681490
45541,681480
45542,681460
45543,681410
45544,681390
45545,681340
45546,681330
45547,681290
45548,681280
45549,681240
45550,681190
45551,681160
45552,681150
45553,681120
45554,681110
45555,681100
45556,681090
45557,681060
45558,681000
45559,680990
45560,680980
45561,680970
45562,680950
45563,680940
45564,680930
45565,680860
45566,680830
45567,680780
45568,680750
45569,680730
45570,680700
45571,680690
45572,680680
45573,680640
45574,680620
45575,680590
45576,680550
45577,680480
45578,680440
45579,680420
45580,680400
45581,680390
45582,680380
45583,680360
45584,680350
45585,680330
45586,680310
45587,680170
45588,680100
45589,680040
45590,680030
45591,679930
45592,679900
45593,679860
45594,679830
45595,679820
45596,679770
45597,679750
45598,679740
45599,679660
45600,679620
45601,679570
45602,679560
45603,679550
45604,679530
45605,679520
45606,679510
45607,679500
45608,679490
45609,679470
45610,679430
45611,679410
45612,679400
45613,679300
45614,679230
45615,679190
45616,679120
45617,679110
45618,679090
45619,679070
45620,679030
45621,678970
45622,678960
45623,678950
45624,678940
45625,678920
45626,678900
45627,678890
45628,678870
45629,678850
45630,678830
45631,678820
45632,678800
45633,678760
45634,678620
45635,678560
45636,678540
45637,678530
45638,678520
45639,678470
45640,678450
45641,678440
45642,678400
45643,678390
45644,678310
45645,678290
45646,678240
45647,678230
45648,678200
45649,678190
45650,678150
45651,678090
45652,678060
45653,678010
45654,677910
45655,677880
45656,677870
45657,677850
45658,677820
45659,677810
45660,677790
45661,677770
45662,677730
45663,677720
45664,677650
45665,677620
45666,677610
45667,677520
45668,677480
45669,677450
45670,677380
45671,677340
45672,677330
45673,677310
45674,677300
45675,677290
45676,677280
45677,677260
45678,677240
45679,677230
45680,677220
45681,677210
45682,677190
45683,677160
45684,677120
45685,677060
45686,677040
45687,677030
45688,677020
45689,676990
45690,676960
45691,676930
45692,676910
45693,676850
45694,676840
45695,676830
45696,676820
45697,676800
45698,676770
45699,676760
45700,676730
45701,676720
45702,676700
45703,676690
45704,676630
45705,676620
45706,676580
45707,676550
45708,676510
45709,676500
45710,676470
45711,676450
45712,676440
45713,676430
45714,676420
45715,676340
45716,676240
45717,676210
45718,676180
45719,676130
45720,676120
45721,676090
45722,676070
45723,676030
45724,676000
45725,675990
45726,675970
45727,675960
45728,675950
45729,675940
45730,675910
45731,675890
45732,675870
45733,675810
45734,675730
45735,675720
45736,675690
45737,675660
45738,675640
45739,675630
45740,675620
45741,675610
45742,675530
45743,675510
45744,675500
45745,675490
45746,675480
45747,675410
45748,675360
45749,675270
45750,675260
45751,675240
45752,675220
45753,675210
45754,675170
45755,675130
45756,675110
45757,675030
45758,675010
45759,674960
45760,674940
45761,674930
45762,674910
45763,674860
45764,674850
45765,674800
45766,674750
45767,674730
45768,674580
45769,674570
45770,674520
45771,674500
45772,674480
45773,674450
45774,674440
45775,674420
45776,674400
45777,674390
45778,674380
45779,674370
45780,674330
45781,674310
45782,674250
45783,674230
45784,674220
45785,674210
45786,674190
45787,674170
45788,674150
45789,674140
45790,674130
45791,674090
45792,674020
45793,673980
45794,673970
45795,673950
45796,673940
45797,673910
45798,673900
45799,673880
45800,673850
45801,673840
45802,673830
45803,673820
45804,673800
45805,673750
45806,673740
45807,673660
45808,673620
45809,673610
45810,673600
45811,673590
45812,673570
45813,673560
45814,673480
45815,673450
45816,673430
45817,673400
45818,673310
45819,673300
45820,673280
45821,673260
45822,673240
45823,673220
45824,673210
45825,673190
45826,673130
45827,673070
45828,673060
45829,673010
45830,673000
45831,672970
45832,672920
45833,672910
45834,672870
45835,672860
45836,672790
45837,672730
45838,672710
45839,672690
45840,672680
45841,672650
45842,672640
45843,672630
45844,672590
45845,672490
45846,672460
45847,672430
45848,672380
45849,672310
45850,672290
45851,672250
45852,672240
45853,672230
45854,672160
45855,672150
45856,672140
45857,672050
45858,672020
45859,672000
45860,671980
45861,671970
45862,671920
45863,671900
45864,671860
45865,671840
45866,671810
45867,671800
45868,671740
45869,671720
45870,671700
45871,671690
45872,671670
45873,671650
45874,671640
45875,671630
45876,671620
45877,671610
45878,671600
45879,671580
45880,671560
45881,671550
45882,671510
45883,671440
45884,671390
45885,671330
45886,671310
45887,671270
45888,671260
45889,671240
45890,671210
45891,671200
45892,671190
45893,671170
45894,671100
45895,671090
45896,670950
45897,670930
45898,670910
45899,670900
45900,670850
45901,670830
45902,670820
45903,670780
45904,670750
45905,670730
45906,670720
45907,670630
45908,670620
45909,670610
45910,670510
45911,670500
45912,670490
45913,670470
45914,670460
45915,670440
45916,670430
45917,670410
45918,670400
45919,670370
45920,670330
45921,670320
45922,670290
45923,670280
45924,670260
45925,670180
45926,670160
45927,670130
45928,670100
45929,670090
45930,670080
45931,669960
45932,669950
45933,669910
45934,669830
45935,669770
45936,669750
45937,669730
45938,669710
45939,669660
45940,669630
45941,669600
45942,669580
45943,669500
45944,669490
45945,669440
45946,669410
45947,669390
45948,669380
45949,669340
45950,669330
45951,669320
45952,669310
45953,669290
45954,669050
45955,669000
45956,668980
45957,668970
45958,668960
45959,668910
45960,668890
45961,668850
45962,668830
45963,668790
45964,668780
45965,668770
45966,668730
45967,668680
45968,668670
45969,668660
45970,668650
45971,668630
45972,668610
45973,668600
45974,668590
45975,668580
45976,668560
45977,668550
45978,668430
45979,668360
45980,668350
45981,668320
45982,668300
45983,668290
45984,668280
45985,668230
45986,668210
45987,668200
45988,668190
45989,668170
45990,668010
45991,667970
45992,667920
45993,667890
45994,667870
45995,667840
45996,667820
45997,667810
45998,667800
45999,667790
46000,667780
46001,667770
46002,667760
46003,667720
46004,667690
46005,667620
46006,667610
46007,667600
46008,667550
46009,667530
46010,667420
46011,667360
46012,667310
46013,667300
46014,667270
46015,667240
46016,667220
46017,667170
46018,667160
46019,667130
46020,667120
46021,667110
46022,667050
46023,667040
46024,667030
46025,667010
46026,667000
46027,666970
46028,666960
46029,666940
46030,666930
46031,666870
46032,666860
46033,666820
46034,666810
46035,666800
46036,666730
46037,666660
46038,666640
46039,666630
46040,666620
46041,666610
46042,666600
46043,666570
46044,666560
46045,666340
46046,666330
46047,666320
46048,666310
46049,666290
46050,666260
46051,666250
46052,666220
46053,666150
46054,666140
46055,666100
46056,666090
46057,666050
46058,666020
46059,666010
46060,665960
46061,665930
46062,665920
46063,665890
46064,665840
46065,665740
46066,665680
46067,665670
46068,665650
46069,665640
46070,665620
46071,665590
46072,665550
46073,665510
46074,665490
46075,665440
46076,665370
46077,665360
46078,665340
46079,665330
46080,665310
46081,665300
46082,665270
46083,665240
46084,665200
46085,665140
46086,665120
46087,665090
46088,665080
46089,665040
46090,665030
46091,664870
46092,664850
46093,664830
46094,664780
46095,664750
46096,664650
46097,664630
46098,664620
46099,664610
46100,664570
46101,664530
46102,664510
46103,664460
46104,664450
46105,664420
46106,664350
46107,664340
46108,664320
46109,664290
46110,664250
46111,664210
46112,664180
46113,664140
46114,664130
46115,664120
46116,664090
46117,664060
46118,664000
46119,663920
46120,663830
46121,663760
46122,663690
46123,663590
46124,663540
46125,663410
46126,663390
46127,663370
46128,663300
46129,663290
46130,663240
46131,663210
46132,663200
46133,663190
46134,663160
46135,663140
46136,663130
46137,663120
46138,663110
46139,663100
46140,663090
46141,663060
46142,662990
46143,662960
46144,662950
46145,662930
46146,662920
46147,662910
46148,662870
46149,662840
46150,662830
46151,662780
46152,662700
46153,662680
46154,662620
46155,662540
46156,662470
46157,662410
46158,662380
46159,662320
46160,662260
46161,662240
46162,662230
46163,662210
46164,662200
46165,662190
46166,661990
46167,661970
46168,661960
46169,661950
46170,661940
46171,661920
46172,661900
46173,661830
46174,661820
46175,661790
46176,661740
46177,661700
46178,661680
46179,661670
46180,661530
46181,661520
46182,661500
46183,661490
46184,661480
46185,661470
46186,661460
46187,661450
46188,661440
46189,661430
46190,661300
46191,661290
46192,661280
46193,661260
46194,661240
46195,661230
46196,661220
46197,661200
46198,661190
46199,661130
46200,661120
46201,661110
46202,661050
46203,661040
46204,661030
46205,661000
46206,660990
46207,660940
46208,660920
46209,660900
46210,660880
46211,660830
46212,660730
46213,660520
46214,660400
46215,660390
46216,660340
46217,660320
46218,660290
46219,660270
46220,660180
46221,660170
46222,660160
46223,660070
46224,660030
46225,659960
46226,659950
46227,659940
46228,659920
46229,659900
46230,659890
46231,659860
46232,659840
46233,659810
46234,659630
46235,659560
46236,659540
46237,659500
46238,659490
46239,659480
46240,659460
46241,659260
46242,659220
46243,659190
46244,659130
46245,659120
46246,659110
46247,659040
46248,659000
46249,658990
46250,658980
46251,658970
46252,658890
46253,658870
46254,658850
46255,658830
46256,658810
46257,658800
46258,658790
46259,658780
46260,658700
46261,658690
46262,658660
46263,658630
46264,658620
46265,658610
46266,658600
46267,658590
46268,658570
46269,658560
46270,658550
46271,658530
46272,658510
46273,658500
46274,658490
46275,658480
46276,658470
46277,658430
46278,658420
46279,658400
46280,658330
46281,658320
46282,658260
46283,658230
46284,658210
46285,658160
46286,658150
46287,658140
46288,658120
46289,658060
46290,658050
46291,657990
46292,657810
46293,657790
46294,657700
46295,657690
46296,657630
46297,657590
46298,657530
46299,657500
46300,657480
46301,657470
46302,657440
46303,657410
46304,657300
46305,657290
46306,657280
46307,657260
46308,657240
46309,657230
46310,657200
46311,657180
46312,657170
46313,657120
46314,657110
46315,657090
46316,657070
46317,657050
46318,657040
46319,657010
46320,657000
46321,656970
46322,656940
46323,656910
46324,656900
46325,656890
46326,656880
46327,656780
46328,656770
46329,656740
46330,656700
46331,656680
46332,656660
46333,656630
46334,656620
46335,656610
46336,656600
46337,656590
46338,656580
46339,656570
46340,656560
46341,656550
46342,656530
46343,656510
46344,656490
46345,656480
46346,656460
46347,656450
46348,656440
46349,656400
46350,656350
46351,656330
46352,656300
46353,656240
46354,656210
46355,656200
46356,656190
46357,656140
46358,656120
46359,656100
46360,656070
46361,656060
46362,656040
46363,656020
46364,655980
46365,655950
46366,655940
46367,655930
46368,655910
46369,655790
46370,655780
46371,655770
46372,655760
46373,655740
46374,655730
46375,655710
46376,655700
46377,655660
46378,655630
46379,655620
46380,655610
46381,655550
46382,655530
46383,655500
46384,655480
46385,655460
46386,655440
46387,655430
46388,655420
46389,655380
46390,655370
46391,655350
46392,655290
46393,655280
46394,655270
46395,655250
46396,655220
46397,655180
46398,655170
46399,655160
46400,655100
46401,655080
46402,655040
46403,655030
46404,655020
46405,655000
46406,654990
46407,654980
46408,654970
46409,654950
46410,654910
46411,654900
46412,654890
46413,654880
46414,654850
46415,654840
46416,654820
46417,654810
46418,654800
46419,654770
46420,654750
46421,654740
46422,654710
46423,654700
46424,654680
46425,654670
46426,654660
46427,654610
46428,654600
46429,654580
46430,654570
46431,654550
46432,654520
46433,654500
46434,654470
46435,654450
46436,654440
46437,654430
46438,654400
46439,654350
46440,654300
46441,654260
46442,654250
46443,654220
46444,654100
46445,654090
46446,654080
46447,654070
46448,654050
46449,654020
46450,653970
46451,653950
46452,653940
46453,653930
46454,653780
46455,653760
46456,653530
46457,653220
46458,653210
46459,653190
46460,653120
46461,653080
46462,653050
46463,652990
46464,652980
46465,652950
46466,652910
46467,652890
46468,652880
46469,652830
46470,652810
46471,652800
46472,652780
46473,652770
46474,652760
46475,652750
46476,652700
46477,652660
46478,652600
46479,652570
46480,652560
46481,652550
46482,652530
46483,652510
46484,652480
46485,652410
46486,652390
46487,652360
46488,652340
46489,652330
46490,652270
46491,652230
46492,652190
46493,652150
46494,652130
46495,652050
46496,652040
46497,652030
46498,651680
46499,651670
46500,651660
46501,651650
46502,651640
46503,651550
46504,651520
46505,651500
46506,651490
46507,651470
46508,651380
46509,651360
46510,651340
46511,651320
46512,651280
46513,651120
46514,651090
46515,651080
46516,650940
46517,650880
46518,650860
46519,650810
46520,650780
46521,650760
46522,650750
46523,650740
46524,650730
46525,650700
46526,650680
46527,650670
46528,650570
46529,650510
46530,650490
46531,650460
46532,650440
46533,650350
46534,650330
46535,650220
46536,650110
46537,650090
46538,650070
46539,650000
46540,649990
46541,649960
46542,649950
46543,649890
46544,649880
46545,649870
46546,649810
46547,649790
46548,649770
46549,649670
46550,649660
46551,649640
46552,649620
46553,649600
46554,649580
46555,649570
46556,649510
46557,649460
46558,649450
46559,649360
46560,649300
46561,649240
46562,649190
46563,649170
46564,649150
46565,649120
46566,648890
46567,648880
46568,648870
46569,648810
46570,648800
46571,648780
46572,648750
46573,648660
46574,648640
46575,648630
46576,648600
46577,648580
46578,648570
46579,648550
46580,648510
46581,648440
46582,648430
46583,648410
46584,648390
46585,648350
46586,648120
46587,648100
46588,648070
46589,648060
46590,648050
46591,648020
46592,647990
46593,647980
46594,647960
46595,647890
46596,647840
46597,647830
46598,647810
46599,647740
46600,647670
46601,647650
46602,647640
46603,647570
46604,647530
46605,647500
46606,647280
46607,647090
46608,647080
46609,647050
46610,647040
46611,647000
46612,646960
46613,646910
46614,646830
46615,646820
46616,646680
46617,646600
46618,646570
46619,646530
46620,646500
46621,646470
46622,646460
46623,646430
46624,646370
46625,646360
46626,646350
46627,646330
46628,646310
46629,646300
46630,646280
46631,646270
46632,646240
46633,646210
46634,646200
46635,646180
46636,646100
46637,646050
46638,646010
46639,645940
46640,645930
46641,645920
46642,645860
46643,645830
46644,645820
46645,645790
46646,645780
46647,645750
46648,645730
46649,645720
46650,645690
46651,645650
46652,645630
46653,645460
46654,645450
46655,645440
46656,645420
46657,645410
46658,645380
46659,645360
46660,645340
46661,645330
46662,645320
46663,645290
46664,645280
46665,645270
46666,645260
46667,645230
46668,645200
46669,645090
46670,644930
46671,644890
46672,644870
46673,644830
46674,644760
46675,644710
46676,644670
46677,644660
46678,644640
46679,644610
46680,644580
46681,644560
46682,644550
46683,644540
46684,644530
46685,644480
46686,644420
46687,644390
46688,644380
46689,644370
46690,644200
46691,644160
46692,644150
46693,644130
46694,644110
46695,644080
46696,644010
46697,644000
46698,643980
46699,643970
46700,643960
46701,643950
46702,643940
46703,643900
46704,643880
46705,643870
46706,643830
46707,643820
46708,643810
46709,643620
46710,643610
46711,643590
46712,643570
46713,643270
46714,643260
46715,643200
46716,642910
46717,642840
46718,642830
46719,642770
46720,642730
46721,642700
46722,642650
46723,642610
46724,642600
46725,642580
46726,642560
46727,642520
46728,642390
46729,642190
46730,642170
46731,642090
46732,642070
46733,642020
46734,642000
46735,641990
46736,641980
46737,641960
46738,641950
46739,641910
46740,641860
46741,641780
46742,641320
46743,641080
46744,640990
46745,640970
46746,640890
46747,640880
46748,640860
46749,640820
46750,640800
46751,640760
46752,640700
46753,640690
46754,640590
46755,640380
46756,640340
46757,640310
46758,640300
46759,640290
46760,640210
46761,640160
46762,640150
46763,640120
46764,640090
46765,640050
46766,639960
46767,639840
46768,639790
46769,639780
46770,639770
46771,639730
46772,639720
46773,639650
46774,639560
46775,639490
46776,639470
46777,639460
46778,639300
46779,639280
46780,639270
46781,639230
46782,639220
46783,639190
46784,639170
46785,639130
46786,638990
46787,638970
46788,638930
46789,638920
46790,638850
46791,638720
46792,638650
46793,638510
46794,638490
46795,638470
46796,638230
46797,638200
46798,638160
46799,638130
46800,638110
46801,638070
46802,638060
46803,638020
46804,638000
46805,637960
46806,637920
46807,637880
46808,637860
46809,637850
46810,637670
46811,637650
46812,637410
46813,637330
46814,637310
46815,637120
46816,637100
46817,637090
46818,637060
46819,637050
46820,637040
46821,636970
46822,636960
46823,636950
46824,636930
46825,636910
46826,636740
46827,636720
46828,636640
46829,636620
46830,636590
46831,636580
46832,636570
46833,636560
46834,636520
46835,636490
46836,636480
46837,636460
46838,636450
46839,636400
46840,636390
46841,636370
46842,636360
46843,636330
46844,636320
46845,636310
46846,636230
46847,636220
46848,636170
46849,636150
46850,636100
46851,636070
46852,636050
46853,636040
46854,636030
46855,636020
46856,636010
46857,635940
46858,635900
46859,635880
46860,635850
46861,635790
46862,635670
46863,635520
46864,635430
46865,635410
46866,635390
46867,635320
46868,635310
46869,635260
46870,635250
46871,635220
46872,635200
46873,635060
46874,635050
46875,635040
46876,634700
46877,634410
46878,634340
46879,634200
46880,634180
46881,634160
46882,634150
46883,634120
46884,634090
46885,634070
46886,634060
46887,633970
46888,633950
46889,633940
46890,633930
46891,633660
46892,633600
46893,633580
46894,633460
46895,633440
46896,633360
46897,633320
46898,633230
46899,633150
46900,633110
46901,633080
46902,633060
46903,632900
46904,632880
46905,632840
46906,632830
46907,632820
46908,632810
46909,632800
46910,632750
46911,632710
46912,632620
46913,632590
46914,632520
46915,632510
46916,632470
46917,632360
46918,632350
46919,632300
46920,632290
46921,632250
46922,632200
46923,632170
46924,632110
46925,632100
46926,632080
46927,632070
46928,632050
46929,632040
46930,632020
46931,632000
46932,631990
46933,631980
46934,631920
46935,631900
46936,631890
46937,631830
46938,631810
46939,631770
46940,631660
46941,631570
46942,631540
46943,631510
46944,631490
46945,631270
46946,631260
46947,631130
46948,630900
46949,630870
46950,630830
46951,630720
46952,630690
46953,630640
46954,630630
46955,630610
46956,630550
46957,630510
46958,630490
46959,630470
46960,630460
46961,630360
46962,630310
46963,630280
46964,630170
46965,630160
46966,630140
46967,630080
46968,630070
46969,630060
46970,630050
46971,630030
46972,630020
46973,629970
46974,629960
46975,629860
46976,629840
46977,629820
46978,629810
46979,629780
46980,629770
46981,629760
46982,629730
46983,629720
46984,629690
46985,629650
46986,629550
46987,629540
46988,629520
46989,629440
46990,629430
46991,629420
46992,629410
46993,629400
46994,629380
46995,629340
46996,629240
46997,629230
46998,629220
46999,629110
47000,629100
47001,629090
47002,629040
47003,629030
47004,629000
47005,628960
47006,628950
47007,628920
47008,628900
47009,628890
47010,628830
47011,628820
47012,628800
47013,628770
47014,628760
47015,628750
47016,628740
47017,628730
47018,628710
47019,628700
47020,628680
47021,628670
47022,628660
47023,628650
47024,628580
47025,628570
47026,628560
47027,628550
47028,628530
47029,628460
47030,628440
47031,628350
47032,628320
47033,628290
47034,628200
47035,628180
47036,628170
47037,628160
47038,628150
47039,628140
47040,628130
47041,628120
47042,628110
47043,628100
47044,628090
47045,628080
47046,628070
47047,628060
47048,628050
47049,628040
47050,628030
47051,628020
47052,627950
47053,627910
47054,627890
47055,627820
47056,627690
47057,627670
47058,627620
47059,627570
47060,627530
47061,627460
47062,627450
47063,627410
47064,627350
47065,627270
47066,627070
47067,626840
47068,626760
47069,626700
47070,626690
47071,626680
47072,626660
47073,626640
47074,626630
47075,626610
47076,626600
47077,626580
47078,626570
47079,626550
47080,626510
47081,626250
47082,626170
47083,626160
47084,625990
47085,625980
47086,625960
47087,625940
47088,625910
47089,625860
47090,625830
47091,625820
47092,625780
47093,625770
47094,625740
47095,625730
47096,625700
47097,625680
47098,625580
47099,625560
47100,625480
47101,625470
47102,625460
47103,625430
47104,625370
47105,625340
47106,625320
47107,625190
47108,625180
47109,625160
47110,625120
47111,625080
47112,625040
47113,625000
47114,624990
47115,624970
47116,624950
47117,624920
47118,624890
47119,624710
47120,624690
47121,624680
47122,624630
47123,624550
47124,624460
47125,624430
47126,624410
47127,624371
47128,624370
47129,624330
47130,624320
47131,624270
47132,624120
47133,624080
47134,624070
47135,624060
47136,624050
47137,623940
47138,623930
47139,623920
47140,623900
47141,623880
47142,623860
47143,623840
47144,623810
47145,623800
47146,623700
47147,623670
47148,623640
47149,623580
47150,623570
47151,623550
47152,623540
47153,623380
47154,623360
47155,623340
47156,623320
47157,623310
47158,623280
47159,623180
47160,623170
47161,623160
47162,623090
47163,623080
47164,623070
47165,623050
47166,623040
47167,622980
47168,622950
47169,622920
47170,622910
47171,622890
47172,622880
47173,622870
47174,622830
47175,622810
47176,622770
47177,622720
47178,622700
47179,622680
47180,622670
47181,622650
47182,622630
47183,622620
47184,622610
47185,622540
47186,622510
47187,622480
47188,622470
47189,622460
47190,622420
47191,622380
47192,622370
47193,622320
47194,622310
47195,622300
47196,622290
47197,622270
47198,622220
47199,622200
47200,622170
47201,622080
47202,622060
47203,622040
47204,622020
47205,622010
47206,621970
47207,621940
47208,621930
47209,621880
47210,621850
47211,621830
47212,621810
47213,621780
47214,621500
47215,621300
47216,621220
47217,621170
47218,621150
47219,621080
47220,621070
47221,621060
47222,621020
47223,621010
47224,621000
47225,620980
47226,620940
47227,620900
47228,620890
47229,620800
47230,620790
47231,620710
47232,620700
47233,620670
47234,620650
47235,620640
47236,620630
47237,620620
47238,620590
47239,620580
47240,620570
47241,620410
47242,620360
47243,620350
47244,620340
47245,620310
47246,620280
47247,620220
47248,620210
47249,620190
47250,620170
47251,620130
47252,620080
47253,620070
47254,620040
47255,619930
47256,619910
47257,619890
47258,619880
47259,619870
47260,619810
47261,619780
47262,619740
47263,619700
47264,619670
47265,619600
47266,619550
47267,619500
47268,619490
47269,619480
47270,619470
47271,619430
47272,619400
47273,619390
47274,619350
47275,619340
47276,619330
47277,619320
47278,619310
47279,619280
47280,619270
47281,619250
47282,619230
47283,619220
47284,619210
47285,619150
47286,619140
47287,619080
47288,618990
47289,618970
47290,618950
47291,618920
47292,618850
47293,618760
47294,618750
47295,618740
47296,618720
47297,618710
47298,618690
47299,618630
47300,618620
47301,618610
47302,618590
47303,618570
47304,618550
47305,618510
47306,618500
47307,618490
47308,618470
47309,618430
47310,618420
47311,618370
47312,618360
47313,618350
47314,618310
47315,618270
47316,618210
47317,618200
47318,618140
47319,618100
47320,618080
47321,618070
47322,618050
47323,618010
47324,618000
47325,617980
47326,617970
47327,617850
47328,617830
47329,617820
47330,617750
47331,617730
47332,617710
47333,617700
47334,617690
47335,617680
47336,617670
47337,617660
47338,617640
47339,617630
47340,617620
47341,617610
47342,617600
47343,617590
47344,617480
47345,617450
47346,617440
47347,617430
47348,617420
47349,617360
47350,617290
47351,617270
47352,617160
47353,617070
47354,617060
47355,617030
47356,616920
47357,616890
47358,616880
47359,616830
47360,616820
47361,616810
47362,616750
47363,616740
47364,616720
47365,616700
47366,616690
47367,616680
47368,616660
47369,616640
47370,616620
47371,616610
47372,616560
47373,616520
47374,616490
47375,616390
47376,616330
47377,616250
47378,616240
47379,616220
47380,616110
47381,616040
47382,616030
47383,616000
47384,615970
47385,615960
47386,615910
47387,615780
47388,615770
47389,615730
47390,615700
47391,615690
47392,615680
47393,615670
47394,615650
47395,615630
47396,615610
47397,615590
47398,615530
47399,615490
47400,615460
47401,615400
47402,615350
47403,615340
47404,615330
47405,615270
47406,615250
47407,615180
47408,615160
47409,615150
47410,615120
47411,615080
47412,615020
47413,615010
47414,614970
47415,614960
47416,614950
47417,614910
47418,614900
47419,614890
47420,614880
47421,614860
47422,614830
47423,614770
47424,614700
47425,614660
47426,614630
47427,614570
47428,614560
47429,614550
47430,614530
47431,614460
47432,614450
47433,614260
47434,614250
47435,614150
47436,614140
47437,614130
47438,614100
47439,614090
47440,614050
47441,614030
47442,613980
47443,613970
47444,613900
47445,613880
47446,613860
47447,613850
47448,613830
47449,613790
47450,613730
47451,613670
47452,613620
47453,613590
47454,613470
47455,613450
47456,613420
47457,613410
47458,613390
47459,613330
47460,613270
47461,613240
47462,613220
47463,613210
47464,613200
47465,613190
47466,613130
47467,613120
47468,613100
47469,613040
47470,613020
47471,613010
47472,612930
47473,612890
47474,612880
47475,612840
47476,612820
47477,612810
47478,612790
47479,612740
47480,612720
47481,612670
47482,612640
47483,612620
47484,612610
47485,612600
47486,612590
47487,612570
47488,612540
47489,612520
47490,612510
47491,612470
47492,612440
47493,612390
47494,612370
47495,612310
47496,612300
47497,612250
47498,612230
47499,612190
47500,612170
47501,612160
47502,612140
47503,612120
47504,612110
47505,612100
47506,612060
47507,612050
47508,612040
47509,612030
47510,612020
47511,611980
47512,611960
47513,611860
47514,611850
47515,611830
47516,611810
47517,611800
47518,611790
47519,611770
47520,611760
47521,611750
47522,611730
47523,611720
47524,611710
47525,611670
47526,611660
47527,611650
47528,611640
47529,611630
47530,611620
47531,611500
47532,611350
47533,611300
47534,611230
47535,611190
47536,611180
47537,611160
47538,611140
47539,611120
47540,611090
47541,611060
47542,611040
47543,611020
47544,610980
47545,610960
47546,610940
47547,610900
47548,610860
47549,610840
47550,610810
47551,610780
47552,610750
47553,610740
47554,610730
47555,610680
47556,610670
47557,610660
47558,610620
47559,610610
47560,610570
47561,610560
47562,610500
47563,610410
47564,610380
47565,610370
47566,610360
47567,610350
47568,610340
47569,610310
47570,610250
47571,610210
47572,610190
47573,610180
47574,610130
47575,610120
47576,610080
47577,609940
47578,609920
47579,609850
47580,609760
47581,609720
47582,609490
47583,609420
47584,609410
47585,609380
47586,609320
47587,609170
47588,609150
47589,609110
47590,609100
47591,609010
47592,608990
47593,608980
47594,608870
47595,608800
47596,608760
47597,608670
47598,608660
47599,608630
47600,608540
47601,608530
47602,608510
47603,608370
47604,608190
47605,608120
47606,608110
47607,608000
47608,607890
47609,607880
47610,607860
47611,607820
47612,607780
47613,607770
47614,607760
47615,607690
47616,607680
47617,607660
47618,607590
47619,607560
47620,607490
47621,607460
47622,607440
47623,607400
47624,607360
47625,607330
47626,607260
47627,607210
47628,607190
47629,607120
47630,607080
47631,607050
47632,607040
47633,607030
47634,607020
47635,606980
47636,606960
47637,606950
47638,606940
47639,606920
47640,606890
47641,606880
47642,606870
47643,606860
47644,606800
47645,606790
47646,606730
47647,606710
47648,606690
47649,606680
47650,606520
47651,606510
47652,606500
47653,606490
47654,606480
47655,606370
47656,606360
47657,606330
47658,606300
47659,606280
47660,606230
47661,606190
47662,606180
47663,606150
47664,606140
47665,606060
47666,606030
47667,606010
47668,606000
47669,605990
47670,605920
47671,605850
47672,605830
47673,605800
47674,605770
47675,605740
47676,605610
47677,605490
47678,605450
47679,605310
47680,605250
47681,605230
47682,605210
47683,605200
47684,605190
47685,605180
47686,605140
47687,605110
47688,605100
47689,604980
47690,604950
47691,604920
47692,604830
47693,604780
47694,604770
47695,604740
47696,604590
47697,604540
47698,604530
47699,604510
47700,604500
47701,604490
47702,604450
47703,604330
47704,604300
47705,604240
47706,604230
47707,604170
47708,604150
47709,604140
47710,604060
47711,604040
47712,604010
47713,604000
47714,603960
47715,603940
47716,603930
47717,603910
47718,603880
47719,603870
47720,603850
47721,603840
47722,603810
47723,603800
47724,603790
47725,603750
47726,603730
47727,603700
47728,603660
47729,603630
47730,603610
47731,603550
47732,603530
47733,603460
47734,603440
47735,603420
47736,603400
47737,603390
47738,603380
47739,603360
47740,603350
47741,603330
47742,603320
47743,603280
47744,603260
47745,603250
47746,603230
47747,603220
47748,603210
47749,603190
47750,603150
47751,603140
47752,603130
47753,603120
47754,603110
47755,603100
47756,603090
47757,603060
47758,603020
47759,603010
47760,603000
47761,602960
47762,602930
47763,602910
47764,602890
47765,602880
47766,602860
47767,602790
47768,602770
47769,602700
47770,602630
47771,602590
47772,602550
47773,602520
47774,602510
47775,602480
47776,602430
47777,602320
47778,602300
47779,602240
47780,602200
47781,602160
47782,602140
47783,602120
47784,602090
47785,602080
47786,602070
47787,602010
47788,601990
47789,601930
47790,601920
47791,601890
47792,601870
47793,601840
47794,601810
47795,601790
47796,601780
47797,601750
47798,601640
47799,601590
47800,601570
47801,601540
47802,601530
47803,601510
47804,601500
47805,601490
47806,601430
47807,601400
47808,601380
47809,601250
47810,601240
47811,601220
47812,601180
47813,601170
47814,601150
47815,601130
47816,601120
47817,601050
47818,601020
47819,601010
47820,600990
47821,600750
47822,600740
47823,600720
47824,600670
47825,600660
47826,600650
47827,600640
47828,600630
47829,600610
47830,600600
47831,600550
47832,600530
47833,600520
47834,600510
47835,600480
47836,600460
47837,600420
47838,600410
47839,600370
47840,600350
47841,600330
47842,600310
47843,600250
47844,600210
47845,600200
47846,600190
47847,600160
47848,600150
47849,600140
47850,600130
47851,600120
47852,600090
47853,600080
47854,599960
47855,599900
47856,599880
47857,599840
47858,599750
47859,599670
47860,599630
47861,599610
47862,599600
47863,599590
47864,599560
47865,599510
47866,599480
47867,599460
47868,599390
47869,599160
47870,599140
47871,599080
47872,599060
47873,599040
47874,599000
47875,598990
47876,598980
47877,598960
47878,598940
47879,598880
47880,598860
47881,598840
47882,598820
47883,598810
47884,598780
47885,598740
47886,598730
47887,598720
47888,598700
47889,598690
47890,598670
47891,598660
47892,598640
47893,598610
47894,598600
47895,598590
47896,598550
47897,598530
47898,598500
47899,598490
47900,598480
47901,598450
47902,598440
47903,598430
47904,598400
47905,598350
47906,598340
47907,598330
47908,598240
47909,598230
47910,598180
47911,598170
47912,598090
47913,598070
47914,598060
47915,598030
47916,597970
47917,597920
47918,597900
47919,597860
47920,597840
47921,597820
47922,597810
47923,597770
47924,597760
47925,597730
47926,597720
47927,597700
47928,597590
47929,597240
47930,597230
47931,597220
47932,597210
47933,597200
47934,597190
47935,597180
47936,597170
47937,597150
47938,597120
47939,597090
47940,597060
47941,597040
47942,597030
47943,596970
47944,596950
47945,596940
47946,596910
47947,596890
47948,596810
47949,596740
47950,596710
47951,596640
47952,596630
47953,596620
47954,596590
47955,596560
47956,596540
47957,596530
47958,596500
47959,596470
47960,596390
47961,596380
47962,596370
47963,596280
47964,596240
47965,596200
47966,596140
47967,596090
47968,596080
47969,596070
47970,596060
47971,596000
47972,595960
47973,595930
47974,595920
47975,595790
47976,595780
47977,595770
47978,595740
47979,595730
47980,595690
47981,595660
47982,595640
47983,595560
47984,595550
47985,595520
47986,595500
47987,595490
47988,595460
47989,595440
47990,595430
47991,595420
47992,595360
47993,595320
47994,595300
47995,595280
47996,595260
47997,595160
47998,595150
47999,595140
48000,595130
48001,595120
48002,595100
48003,595090
48004,595080
48005,595070
48006,595060
48007,595030
48008,595010
48009,594980
48010,594950
48011,594820
48012,594810
48013,594750
48014,594720
48015,594680
48016,594660
48017,594650
48018,594570
48019,594550
48020,594490
48021,594380
48022,594370
48023,594360
48024,594350
48025,594330
48026,594320
48027,594310
48028,594300
48029,594220
48030,594200
48031,594160
48032,594130
48033,594050
48034,594040
48035,594030
48036,594000
48037,593960
48038,593950
48039,593900
48040,593850
48041,593740
48042,593700
48043,593680
48044,593670
48045,593640
48046,593620
48047,593600
48048,593560
48049,593540
48050,593530
48051,593490
48052,593410
48053,593400
48054,593330
48055,593280
48056,593250
48057,593240
48058,593200
48059,593150
48060,593100
48061,593090
48062,593070
48063,593060
48064,593030
48065,593000
48066,592920
48067,592780
48068,592750
48069,592730
48070,592720
48071,592660
48072,592620
48073,592600
48074,592580
48075,592550
48076,592480
48077,592450
48078,592410
48079,592400
48080,592350
48081,592340
48082,592330
48083,592320
48084,592300
48085,592270
48086,592260
48087,592240
48088,592200
48089,592130
48090,592120
48091,592100
48092,592060
48093,592030
48094,592020
48095,591990
48096,591960
48097,591930
48098,591920
48099,591910
48100,591790
48101,591760
48102,591750
48103,591740
48104,591680
48105,591660
48106,591630
48107,591580
48108,591560
48109,591460
48110,591420
48111,591380
48112,591370
48113,591360
48114,591350
48115,591000
48116,590970
48117,590950
48118,590910
48119,590870
48120,590850
48121,590840
48122,590820
48123,590790
48124,590770
48125,590720
48126,590690
48127,590670
48128,590660
48129,590590
48130,590580
48131,590560
48132,590530
48133,590440
48134,590430
48135,590380
48136,590370
48137,590280
48138,590270
48139,590250
48140,589940
48141,589870
48142,589860
48143,589850
48144,589780
48145,589770
48146,589760
48147,589730
48148,589690
48149,589680
48150,589670
48151,589640
48152,589620
48153,589590
48154,589530
48155,589510
48156,589500
48157,589480
48158,589470
48159,589460
48160,589450
48161,589430
48162,589420
48163,589410
48164,589380
48165,589360
48166,589320
48167,589300
48168,589290
48169,589280
48170,589270
48171,589250
48172,589220
48173,589200
48174,589170
48175,589160
48176,589150
48177,589120
48178,589110
48179,589100
48180,589060
48181,589040
48182,588990
48183,588980
48184,588970
48185,588950
48186,588930
48187,588920
48188,588890
48189,588880
48190,588800
48191,588750
48192,588730
48193,588710
48194,588690
48195,588650
48196,588630
48197,588620
48198,588560
48199,588540
48200,588490
48201,588440
48202,588430
48203,588410
48204,588340
48205,588290
48206,588240
48207,588230
48208,588220
48209,588200
48210,588190
48211,588180
48212,588160
48213,588120
48214,588110
48215,588070
48216,588050
48217,588040
48218,588030
48219,587970
48220,587930
48221,587920
48222,587860
48223,587840
48224,587810
48225,587790
48226,587620
48227,587580
48228,587570
48229,587560
48230,587520
48231,587490
48232,587470
48233,587460
48234,587450
48235,587440
48236,587430
48237,587420
48238,587400
48239,587390
48240,587330
48241,587310
48242,587290
48243,587260
48244,587220
48245,587180
48246,587110
48247,587100
48248,587070
48249,587000
48250,586990
48251,586980
48252,586970
48253,586960
48254,586950
48255,586930
48256,586920
48257,586880
48258,586830
48259,586790
48260,586770
48261,586750
48262,586710
48263,586680
48264,586670
48265,586660
48266,586620
48267,586600
48268,586460
48269,586450
48270,586430
48271,586390
48272,586380
48273,586360
48274,586350
48275,586340
48276,586320
48277,586310
48278,586240
48279,586230
48280,586210
48281,586200
48282,586170
48283,586160
48284,586150
48285,586140
48286,586130
48287,586110
48288,586100
48289,586080
48290,586060
48291,586030
48292,586020
48293,585990
48294,585970
48295,585950
48296,585920
48297,585910
48298,585900
48299,585890
48300,585880
48301,585840
48302,585830
48303,585820
48304,585770
48305,585740
48306,585710
48307,585690
48308,585550
48309,585500
48310,585450
48311,585430
48312,585420
48313,585360
48314,585310
48315,585270
48316,585260
48317,585240
48318,585190
48319,585180
48320,585090
48321,585080
48322,585040
48323,585020
48324,584990
48325,584980
48326,584940
48327,584930
48328,584890
48329,584880
48330,584860
48331,584850
48332,584800
48333,584780
48334,584760
48335,584640
48336,584600
48337,584400
48338,584370
48339,584280
48340,584220
48341,584200
48342,584170
48343,584150
48344,584100
48345,583950
48346,583930
48347,583890
48348,583850
48349,583760
48350,583590
48351,583530
48352,583510
48353,583500
48354,583490
48355,583470
48356,583270
48357,583240
48358,583200
48359,583190
48360,583150
48361,583090
48362,583060
48363,583040
48364,583030
48365,583010
48366,582990
48367,582980
48368,582960
48369,582920
48370,582890
48371,582840
48372,582830
48373,582820
48374,582810
48375,582690
48376,582660
48377,582620
48378,582610
48379,582560
48380,582550
48381,582530
48382,582500
48383,582370
48384,582350
48385,582330
48386,582290
48387,582270
48388,582260
48389,582210
48390,582160
48391,582050
48392,582030
48393,582010
48394,581980
48395,581970
48396,581910
48397,581840
48398,581820
48399,581810
48400,581760
48401,581740
48402,581730
48403,581660
48404,581650
48405,581630
48406,581600
48407,581590
48408,581520
48409,581460
48410,581380
48411,581370
48412,581360
48413,581340
48414,581320
48415,581310
48416,581300
48417,581270
48418,581230
48419,581220
48420,581210
48421,581200
48422,581130
48423,581120
48424,581100
48425,581060
48426,581030
48427,580950
48428,580940
48429,580930
48430,580890
48431,580880
48432,580870
48433,580820
48434,580720
48435,580710
48436,580680
48437,580640
48438,580630
48439,580590
48440,580570
48441,580560
48442,580520
48443,580420
48444,580410
48445,580320
48446,580310
48447,580300
48448,580200
48449,580170
48450,580040
48451,580010
48452,579980
48453,579950
48454,579940
48455,579920
48456,579840
48457,579820
48458,579780
48459,579760
48460,579720
48461,579490
48462,579330
48463,579230
48464,579210
48465,579180
48466,579150
48467,579130
48468,579120
48469,579110
48470,579080
48471,579050
48472,579040
48473,579020
48474,578990
48475,578930
48476,578920
48477,578900
48478,578890
48479,578870
48480,578850
48481,578830
48482,578800
48483,578720
48484,578690
48485,578670
48486,578660
48487,578650
48488,578620
48489,578610
48490,578590
48491,578540
48492,578470
48493,578440
48494,578430
48495,578420
48496,578390
48497,578360
48498,578350
48499,578330
48500,578320
48501,578310
48502,578210
48503,578190
48504,578080
48505,578060
48506,577990
48507,577980
48508,577970
48509,577940
48510,577910
48511,577890
48512,577850
48513,577760
48514,577740
48515,577730
48516,577710
48517,577690
48518,577670
48519,577580
48520,577530
48521,577490
48522,577480
48523,577470
48524,577460
48525,577440
48526,577410
48527,577390
48528,577380
48529,577360
48530,577330
48531,577320
48532,577290
48533,577280
48534,577270
48535,577230
48536,577210
48537,577180
48538,577160
48539,577150
48540,577080
48541,576980
48542,576960
48543,576950
48544,576940
48545,576860
48546,576840
48547,576810
48548,576800
48549,576790
48550,576770
48551,576750
48552,576740
48553,576730
48554,576720
48555,576670
48556,576660
48557,576650
48558,576620
48559,576590
48560,576540
48561,576500
48562,576480
48563,576470
48564,576430
48565,576420
48566,576410
48567,576400
48568,576390
48569,576370
48570,576320
48571,576310
48572,576290
48573,576280
48574,576260
48575,576160
48576,576130
48577,576120
48578,576110
48579,576100
48580,576060
48581,576050
48582,576030
48583,576020
48584,575990
48585,575970
48586,575960
48587,575950
48588,575940
48589,575920
48590,575900
48591,575890
48592,575880
48593,575860
48594,575850
48595,575840
48596,575830
48597,575820
48598,575810
48599,575800
48600,575780
48601,575770
48602,575760
48603,575750
48604,575720
48605,575710
48606,575700
48607,575690
48608,575680
48609,575670
48610,575650
48611,575640
48612,575630
48613,575600
48614,575590
48615,575580
48616,575570
48617,575540
48618,575510
48619,575490
48620,575480
48621,575450
48622,575430
48623,575420
48624,575400
48625,575340
48626,575330
48627,575270
48628,575210
48629,575110
48630,575090
48631,575060
48632,575050
48633,575010
48634,574980
48635,574940
48636,574890
48637,574860
48638,574820
48639,574780
48640,574760
48641,574740
48642,574720
48643,574710
48644,574690
48645,574640
48646,574590
48647,574580
48648,574560
48649,574500
48650,574440
48651,574420
48652,574310
48653,574270
48654,574260
48655,574200
48656,574190
48657,574180
48658,574160
48659,574150
48660,574140
48661,574120
48662,574090
48663,574080
48664,574070
48665,574050
48666,574030
48667,574010
48668,573800
48669,573790
48670,573780
48671,573770
48672,573760
48673,573750
48674,573740
48675,573730
48676,573720
48677,573710
48678,573700
48679,573690
48680,573670
48681,573660
48682,573650
48683,573600
48684,573550
48685,573530
48686,573520
48687,573490
48688,573410
48689,573370
48690,573360
48691,573340
48692,573320
48693,573300
48694,573270
48695,573260
48696,573210
48697,573170
48698,573130
48699,573120
48700,573110
48701,573100
48702,573090
48703,573080
48704,573070
48705,573060
48706,573050
48707,573040
48708,572890
48709,572760
48710,572740
48711,572730
48712,572720
48713,572710
48714,572700
48715,572660
48716,572630
48717,572620
48718,572580
48719,572570
48720,572520
48721,572510
48722,572430
48723,572410
48724,572330
48725,572240
48726,572220
48727,572180
48728,572170
48729,572160
48730,572130
48731,572050
48732,572040
48733,572020
48734,572010
48735,572000
48736,571890
48737,571880
48738,571870
48739,571860
48740,571740
48741,571720
48742,571630
48743,571530
48744,571520
48745,571500
48746,571430
48747,571350
48748,571340
48749,571310
48750,571260
48751,571230
48752,571100
48753,571060
48754,571050
48755,571020
48756,570980
48757,570970
48758,570950
48759,570940
48760,570900
48761,570890
48762,570860
48763,570850
48764,570840
48765,570820
48766,570810
48767,570790
48768,570780
48769,570770
48770,570710
48771,570690
48772,570680
48773,570590
48774,570580
48775,570540
48776,570500
48777,570490
48778,570470
48779,570420
48780,570380
48781,570350
48782,570230
48783,570110
48784,570090
48785,570050
48786,570000
48787,569970
48788,569870
48789,569860
48790,569810
48791,569800
48792,569770
48793,569720
48794,569640
48795,569630
48796,569610
48797,569570
48798,569530
48799,569520
48800,569500
48801,569480
48802,569430
48803,569420
48804,569380
48805,569370
48806,569360
48807,569350
48808,569340
48809,569290
48810,569220
48811,569210
48812,569200
48813,569140
48814,569130
48815,569010
48816,568930
48817,568920
48818,568910
48819,568860
48820,568840
48821,568830
48822,568800
48823,568780
48824,568770
48825,568750
48826,568720
48827,568690
48828,568670
48829,568640
48830,568610
48831,568600
48832,568580
48833,568570
48834,568500
48835,568490
48836,568470
48837,568460
48838,568400
48839,568370
48840,568330
48841,568320
48842,568310
48843,568300
48844,568220
48845,568200
48846,568180
48847,568130
48848,568090
48849,568070
48850,568040
48851,568030
48852,568020
48853,567980
48854,567890
48855,567860
48856,567800
48857,567780
48858,567750
48859,567680
48860,567670
48861,567660
48862,567640
48863,567630
48864,567590
48865,567580
48866,567480
48867,567380
48868,567370
48869,567340
48870,567320
48871,567290
48872,567280
48873,567240
48874,567210
48875,567200
48876,567160
48877,567150
48878,567140
48879,567130
48880,567080
48881,567060
48882,567040
48883,567030
48884,567020
48885,567010
48886,566970
48887,566940
48888,566930
48889,566910
48890,566900
48891,566880
48892,566870
48893,566860
48894,566780
48895,566750
48896,566700
48897,566690
48898,566670
48899,566570
48900,566560
48901,566550
48902,566540
48903,566530
48904,566490
48905,566440
48906,566430
48907,566410
48908,566380
48909,566350
48910,566320
48911,566270
48912,566190
48913,566160
48914,566150
48915,566090
48916,566050
48917,565980
48918,565910
48919,565860
48920,565730
48921,565720
48922,565690
48923,565670
48924,565660
48925,565650
48926,565640
48927,565630
48928,565600
48929,565550
48930,565540
48931,565390
48932,565380
48933,565200
48934,565190
48935,565180
48936,565170
48937,565140
48938,565120
48939,565110
48940,565080
48941,565030
48942,565020
48943,564980
48944,564960
48945,564950
48946,564940
48947,564900
48948,564810
48949,564720
48950,564710
48951,564700
48952,564530
48953,564480
48954,564470
48955,564450
48956,564420
48957,564340
48958,564330
48959,564310
48960,564280
48961,564230
48962,564210
48963,564160
48964,564150
48965,564090
48966,564080
48967,564050
48968,564040
48969,564010
48970,563910
48971,563840
48972,563830
48973,563810
48974,563760
48975,563750
48976,563740
48977,563710
48978,563560
48979,563550
48980,563520
48981,563500
48982,563490
48983,563470
48984,563430
48985,563420
48986,563410
48987,563400
48988,563390
48989,563360
48990,563340
48991,563320
48992,563270
48993,563260
48994,563250
48995,563200
48996,563190
48997,563180
48998,563170
48999,563150
49000,563130
49001,563120
49002,562860
49003,562740
49004,562730
49005,562700
49006,562680
49007,562660
49008,562640
49009,562620
49010,562600
49011,562590
49012,562570
49013,562540
49014,562520
49015,562510
49016,562500
49017,562490
49018,562480
49019,562470
49020,562460
49021,562450
49022,562430
49023,562420
49024,562410
49025,562360
49026,562350
49027,562340
49028,562330
49029,562320
49030,562310
49031,562290
49032,562280
49033,562270
49034,562260
49035,562250
49036,562240
49037,562230
49038,562220
49039,562210
49040,562160
49041,562090
49042,562080
49043,562050
49044,562010
49045,561970
49046,561930
49047,561770
49048,561740
49049,561680
49050,561660
49051,561610
49052,561600
49053,561590
49054,561510
49055,561480
49056,561450
49057,561440
49058,561420
49059,561390
49060,561360
49061,561340
49062,561260
49063,561230
49064,561190
49065,561120
49066,561100
49067,561080
49068,561010
49069,561000
49070,560970
49071,560960
49072,560820
49073,560790
49074,560770
49075,560760
49076,560750
49077,560740
49078,560730
49079,560720
49080,560710
49081,560640
49082,560600
49083,560570
49084,560550
49085,560510
49086,560430
49087,560370
49088,560350
49089,560300
49090,560260
49091,560250
49092,560230
49093,560220
49094,560180
49095,560170
49096,560130
49097,560080
49098,560050
49099,560040
49100,560000
49101,559990
49102,559960
49103,559930
49104,559920
49105,559910
49106,559900
49107,559870
49108,559850
49109,559680
49110,559650
49111,559640
49112,559620
49113,559610
49114,559450
49115,559350
49116,559330
49117,559310
49118,559260
49119,559210
49120,559130
49121,559100
49122,559070
49123,559030
49124,559010
49125,558990
49126,558870
49127,558850
49128,558790
49129,558780
49130,558680
49131,558670
49132,558660
49133,558490
49134,558450
49135,558440
49136,558420
49137,558410
49138,558340
49139,558260
49140,558230
49141,558110
49142,558100
49143,557970
49144,557960
49145,557950
49146,557940
49147,557900
49148,557890
49149,557880
49150,557860
49151,557850
49152,557830
49153,557810
49154,557790
49155,557770
49156,557750
49157,557730
49158,557700
49159,557680
49160,557670
49161,557630
49162,557600
49163,557580
49164,557570
49165,557520
49166,557410
49167,557400
49168,557340
49169,557330
49170,557260
49171,557240
49172,557190
49173,557180
49174,557040
49175,557030
49176,556990
49177,556960
49178,556920
49179,556890
49180,556870
49181,556860
49182,556840
49183,556820
49184,556780
49185,556770
49186,556750
49187,556740
49188,556720
49189,556710
49190,556640
49191,556540
49192,556530
49193,556520
49194,556340
49195,556310
49196,556300
49197,556280
49198,556260
49199,556250
49200,556240
49201,556230
49202,556190
49203,556180
49204,556160
49205,556140
49206,556130
49207,556060
49208,556050
49209,556000
49210,555970
49211,555950
49212,555930
49213,555920
49214,555890
49215,555880
49216,555850
49217,555830
49218,555820
49219,555750
49220,555730
49221,555720
49222,555710
49223,555670
49224,555660
49225,555650
49226,555640
49227,555630
49228,555610
49229,555600
49230,555580
49231,555570
49232,555520
49233,555510
49234,555450
49235,555410
49236,555400
49237,555370
49238,555320
49239,555310
49240,555290
49241,555280
49242,555260
49243,555220
49244,555210
49245,555180
49246,555170
49247,555160
49248,555150
49249,555130
49250,555060
49251,555050
49252,555010
49253,555000
49254,554980
49255,554870
49256,554820
49257,554810
49258,554800
49259,554770
49260,554750
49261,554710
49262,554700
49263,554680
49264,554660
49265,554640
49266,554620
49267,554600
49268,554570
49269,554530
49270,554470
49271,554330
49272,554310
49273,554290
49274,554280
49275,554220
49276,554180
49277,554150
49278,554140
49279,553960
49280,553950
49281,553880
49282,553850
49283,553830
49284,553820
49285,553800
49286,553790
49287,553780
49288,553760
49289,553690
49290,553660
49291,553640
49292,553610
49293,553590
49294,553570
49295,553540
49296,553520
49297,553480
49298,553470
49299,553450
49300,553440
49301,553420
49302,553410
49303,553340
49304,553320
49305,553310
49306,553290
49307,553260
49308,553150
49309,553130
49310,553110
49311,553100
49312,553050
49313,553020
49314,553000
49315,552990
49316,552970
49317,552960
49318,552920
49319,552910
49320,552900
49321,552880
49322,552870
49323,552780
49324,552770
49325,552720
49326,552700
49327,552630
49328,552620
49329,552610
49330,552590
49331,552580
49332,552570
49333,552540
49334,552520
49335,552500
49336,552460
49337,552450
49338,552440
49339,552410
49340,552400
49341,552390
49342,552380
49343,552370
49344,552350
49345,552300
49346,552280
49347,552240
49348,552230
49349,552210
49350,552200
49351,552160
49352,552140
49353,552130
49354,552120
49355,552110
49356,552100
49357,552080
49358,552060
49359,552030
49360,551960
49361,551930
49362,551860
49363,551840
49364,551780
49365,551770
49366,551750
49367,551730
49368,551720
49369,551700
49370,551680
49371,551650
49372,551630
49373,551620
49374,551610
49375,551580
49376,551570
49377,551550
49378,551520
49379,551500
49380,551450
49381,551440
49382,551370
49383,551320
49384,551190
49385,551170
49386,551150
49387,551110
49388,551100
49389,551080
49390,551060
49391,551050
49392,551020
49393,550990
49394,550930
49395,550840
49396,550820
49397,550810
49398,550740
49399,550670
49400,550650
49401,550590
49402,550580
49403,550520
49404,550470
49405,550450
49406,550440
49407,550420
49408,550400
49409,550390
49410,550370
49411,550360
49412,550340
49413,550320
49414,550310
49415,550240
49416,550220
49417,550200
49418,550180
49419,550170
49420,550160
49421,550080
49422,550010
49423,549950
49424,549920
49425,549910
49426,549900
49427,549880
49428,549860
49429,549850
49430,549790
49431,549780
49432,549770
49433,549760
49434,549740
49435,549700
49436,549670
49437,549400
49438,549390
49439,549260
49440,549240
49441,549190
49442,549180
49443,549170
49444,549160
49445,549100
49446,549090
49447,549080
49448,549040
49449,549030
49450,549000
49451,548860
49452,548840
49453,548810
49454,548760
49455,548740
49456,548720
49457,548710
49458,548680
49459,548650
49460,548570
49461,548560
49462,548500
49463,548480
49464,548470
49465,548430
49466,548390
49467,548370
49468,548360
49469,548340
49470,548330
49471,548320
49472,548290
49473,548280
49474,548240
49475,548230
49476,548130
49477,548110
49478,548080
49479,548050
49480,548020
49481,547990
49482,547980
49483,547970
49484,547960
49485,547930
49486,547910
49487,547900
49488,547880
49489,547870
49490,547850
49491,547840
49492,547820
49493,547750
49494,547740
49495,547730
49496,547710
49497,547680
49498,547590
49499,547540
49500,547520
49501,547490
49502,547480
49503,547440
49504,547410
49505,547390
49506,547360
49507,547340
49508,547310
49509,547280
49510,547260
49511,547210
49512,547150
49513,547140
49514,547130
49515,547090
49516,547050
49517,547040
49518,546990
49519,546980
49520,546960
49521,546930
49522,546900
49523,546820
49524,546790
49525,546780
49526,546700
49527,546660
49528,546650
49529,546610
49530,546600
49531,546560
49532,546550
49533,546490
49534,546460
49535,546440
49536,546430
49537,546410
49538,546400
49539,546390
49540,546350
49541,546340
49542,546330
49543,546240
49544,546230
49545,546220
49546,546210
49547,546200
49548,546180
49549,546170
49550,546160
49551,546150
49552,546110
49553,546100
49554,546090
49555,546080
49556,546070
49557,546050
49558,546030
49559,545980
49560,545960
49561,545940
49562,545930
49563,545920
49564,545890
49565,545880
49566,545860
49567,545850
49568,545830
49569,545820
49570,545800
49571,545750
49572,545720
49573,545700
49574,545690
49575,545670
49576,545660
49577,545640
49578,545620
49579,545600
49580,545590
49581,545580
49582,545570
49583,545540
49584,545490
49585,545470
49586,545430
49587,545410
49588,545400
49589,545340
49590,545330
49591,545270
49592,545200
49593,545180
49594,545150
49595,545130
49596,545110
49597,545060
49598,545050
49599,545040
49600,545030
49601,544990
49602,544970
49603,544920
49604,544870
49605,544840
49606,544820
49607,544810
49608,544800
49609,544790
49610,544750
49611,544730
49612,544710
49613,544680
49614,544650
49615,544630
49616,544610
49617,544600
49618,544590
49619,544580
49620,544550
49621,544540
49622,544530
49623,544520
49624,544480
49625,544440
49626,544420
49627,544410
49628,544400
49629,544390
49630,544330
49631,544310
49632,544220
49633,544180
49634,544140
49635,544130
49636,543980
49637,543930
49638,543910
49639,543900
49640,543870
49641,543710
49642,543650
49643,543600
49644,543580
49645,543530
49646,543510
49647,543460
49648,543440
49649,543430
49650,543410
49651,543390
49652,543380
49653,543360
49654,543350
49655,543290
49656,543270
49657,543260
49658,543240
49659,543180
49660,543170
49661,543160
49662,543140
49663,543110
49664,543100
49665,543080
49666,543070
49667,543050
49668,543040
49669,543030
49670,543010
49671,542960
49672,542940
49673,542930
49674,542880
49675,542870
49676,542850
49677,542820
49678,542780
49679,542770
49680,542750
49681,542740
49682,542730
49683,542720
49684,542710
49685,542690
49686,542680
49687,542660
49688,542650
49689,542590
49690,542570
49691,542550
49692,542520
49693,542480
49694,542410
49695,542400
49696,542350
49697,542340
49698,542310
49699,542290
49700,542280
49701,542260
49702,542240
49703,542220
49704,542210
49705,542200
49706,542170
49707,542120
49708,542110
49709,542100
49710,542050
49711,542030
49712,541930
49713,541920
49714,541910
49715,541720
49716,541670
49717,541660
49718,541640
49719,541570
49720,541560
49721,541450
49722,541420
49723,541380
49724,541370
49725,541350
49726,541310
49727,541300
49728,541240
49729,541230
49730,541210
49731,541200
49732,541190
49733,541160
49734,540900
49735,540880
49736,540870
49737,540860
49738,540840
49739,540780
49740,540770
49741,540740
49742,540690
49743,540660
49744,540650
49745,540640
49746,540610
49747,540590
49748,540550
49749,540510
49750,540500
49751,540410
49752,540360
49753,540250
49754,540230
49755,540190
49756,540180
49757,540150
49758,540100
49759,540060
49760,540020
49761,540010
49762,539980
49763,539750
49764,539720
49765,539670
49766,539660
49767,539650
49768,539640
49769,539470
49770,539460
49771,539450
49772,539440
49773,539400
49774,539370
49775,539340
49776,539330
49777,539320
49778,539300
49779,539290
49780,539280
49781,539270
49782,539250
49783,539090
49784,539050
49785,539010
49786,538990
49787,538950
49788,538920
49789,538900
49790,538880
49791,538840
49792,538810
49793,538790
49794,538710
49795,538680
49796,538590
49797,538560
49798,538550
49799,538330
49800,538220
49801,538170
49802,538110
49803,538100
49804,538070
49805,538060
49806,538050
49807,538030
49808,538000
49809,537990
49810,537800
49811,537760
49812,537700
49813,537660
49814,537630
49815,537590
49816,537570
49817,537540
49818,537520
49819,537450
49820,537430
49821,537340
49822,537200
49823,537140
49824,537130
49825,537110
49826,537060
49827,537050
49828,537000
49829,536990
49830,536960
49831,536950
49832,536890
49833,536780
49834,536770
49835,536750
49836,536690
49837,536680
49838,536660
49839,536640
49840,536630
49841,536560
49842,536530
49843,536510
49844,536490
49845,536470
49846,536450
49847,536430
49848,536420
49849,536410
49850,536370
49851,536320
49852,536280
49853,536270
49854,536230
49855,536220
49856,536210
49857,536040
49858,535980
49859,535930
49860,535910
49861,535890
49862,535840
49863,535760
49864,535750
49865,535700
49866,535690
49867,535680
49868,535650
49869,535630
49870,535520
49871,535490
49872,535480
49873,535460
49874,535440
49875,535410
49876,535380
49877,535330
49878,535280
49879,535270
49880,535260
49881,535190
49882,535170
49883,535150
49884,535000
49885,534980
49886,534920
49887,534910
49888,534880
49889,534870
49890,534780
49891,534720
49892,534680
49893,534660
49894,534570
49895,534560
49896,534550
49897,534480
49898,534460
49899,534440
49900,534380
49901,534370
49902,534350
49903,534320
49904,534290
49905,534250
49906,534230
49907,534220
49908,534210
49909,534200
49910,534190
49911,534010
49912,534000
49913,533970
49914,533950
49915,533890
49916,533860
49917,533850
49918,533820
49919,533780
49920,533770
49921,533660
49922,533580
49923,533540
49924,533480
49925,533470
49926,533340
49927,533330
49928,533300
49929,533260
49930,533180
49931,533170
49932,533080
49933,533070
49934,533060
49935,533050
49936,533040
49937,533030
49938,533010
49939,532980
49940,532950
49941,532920
49942,532890
49943,532840
49944,532800
49945,532770
49946,532750
49947,532700
49948,532690
49949,532660
49950,532600
49951,532470
49952,532320
49953,532290
49954,532270
49955,532260
49956,532210
49957,532190
49958,532170
49959,532120
49960,532110
49961,532080
49962,532030
49963,531990
49964,531980
49965,531960
49966,531930
49967,531920
49968,531910
49969,531890
49970,531860
49971,531780
49972,531740
49973,531730
49974,531680
49975,531660
49976,531640
49977,531630
49978,531540
49979,531530
49980,531520
49981,531510
49982,531480
49983,531270
49984,531240
49985,531200
49986,531190
49987,531180
49988,531140
49989,531110
49990,531070
49991,531050
49992,530960
49993,530950
49994,530930
49995,530920
49996,530890
49997,530860
49998,530830
49999,530820
50000,530720
50001,530630
50002,530620
50003,530560
50004,530540
50005,530520
50006,530510
50007,530500
50008,530390
50009,530370
50010,530360
50011,530330
50012,530320
50013,530290
50014,530240
50015,530210
50016,530160
50017,530130
50018,530120
50019,530110
50020,530070
50021,530040
50022,530020
50023,529970
50024,529950
50025,529920
50026,529910
50027,529900
50028,529890
50029,529870
50030,529860
50031,529840
50032,529830
50033,529820
50034,529790
50035,529780
50036,529770
50037,529760
50038,529700
50039,529670
50040,529660
50041,529630
50042,529590
50043,529580
50044,529540
50045,529520
50046,529500
50047,529490
50048,529450
50049,529440
50050,529420
50051,529410
50052,529360
50053,529340
50054,529280
50055,529240
50056,529180
50057,529160
50058,529150
50059,529130
50060,529110
50061,529100
50062,529060
50063,529040
50064,529020
50065,528990
50066,528980
50067,528970
50068,528950
50069,528940
50070,528900
50071,528860
50072,528820
50073,528770
50074,528740
50075,528730
50076,528720
50077,528670
50078,528660
50079,528640
50080,528610
50081,528580
50082,528550
50083,528510
50084,528460
50085,528450
50086,528430
50087,528420
50088,528300
50089,528270
50090,528260
50091,528250
50092,528230
50093,528180
50094,528160
50095,528120
50096,528110
50097,528070
50098,528060
50099,528010
50100,527990
50101,527950
50102,527940
50103,527920
50104,527910
50105,527900
50106,527890
50107,527880
50108,527820
50109,527810
50110,527800
50111,527790
50112,527770
50113,527760
50114,527750
50115,527740
50116,527720
50117,527710
50118,527700
50119,527580
50120,527520
50121,527510
50122,527470
50123,527450
50124,527430
50125,527420
50126,527380
50127,527350
50128,527340
50129,527330
50130,527320
50131,527310
50132,527290
50133,527280
50134,527260
50135,527250
50136,527240
50137,527230
50138,527210
50139,527190
50140,527160
50141,527150
50142,527110
50143,527100
50144,526980
50145,526920
50146,526890
50147,526880
50148,526870
50149,526800
50150,526790
50151,526780
50152,526750
50153,526740
50154,526730
50155,526590
50156,526540
50157,526510
50158,526490
50159,526470
50160,526430
50161,526400
50162,526310
50163,526290
50164,526240
50165,526160
50166,526140
50167,526130
50168,525950
50169,525920
50170,525910
50171,525780
50172,525760
50173,525740
50174,525700
50175,525690
50176,525680
50177,525640
50178,525620
50179,525610
50180,525600
50181,525540
50182,525530
50183,525510
50184,525500
50185,525480
50186,525460
50187,525450
50188,525420
50189,525380
50190,525370
50191,525360
50192,525350
50193,525300
50194,525240
50195,525210
50196,525190
50197,525150
50198,525100
50199,525080
50200,525070
50201,525050
50202,525040
50203,524940
50204,524910
50205,524850
50206,524690
50207,524660
50208,524650
50209,524640
50210,524600
50211,524580
50212,524560
50213,524540
50214,524520
50215,524490
50216,524430
50217,524390
50218,524380
50219,524250
50220,524240
50221,524220
50222,524200
50223,524120
50224,524060
50225,524050
50226,524030
50227,524010
50228,523970
50229,523960
50230,523940
50231,523900
50232,523880
50233,523870
50234,523810
50235,523780
50236,523770
50237,523760
50238,523750
50239,523740
50240,523730
50241,523720
50242,523710
50243,523680
50244,523670
50245,523660
50246,523650
50247,523640
50248,523610
50249,523600
50250,523410
50251,523210
50252,523180
50253,523170
50254,523160
50255,523150
50256,523110
50257,523090
50258,523080
50259,523070
50260,523060
50261,523050
50262,523030
50263,523000
50264,522990
50265,522950
50266,522940
50267,522900
50268,522890
50269,522880
50270,522740
50271,522730
50272,522710
50273,522690
50274,522660
50275,522610
50276,522590
50277,522570
50278,522530
50279,522490
50280,522470
50281,522340
50282,522300
50283,522250
50284,522240
50285,522230
50286,522220
50287,522210
50288,522200
50289,522130
50290,522090
50291,522080
50292,522040
50293,522020
50294,522010
50295,521990
50296,521980
50297,521950
50298,521920
50299,521890
50300,521880
50301,521860
50302,521800
50303,521790
50304,521760
50305,521750
50306,521740
50307,521730
50308,521720
50309,521710
50310,521690
50311,521680
50312,521670
50313,521660
50314,521630
50315,521620
50316,521590
50317,521580
50318,521570
50319,521560
50320,521540
50321,521510
50322,521500
50323,521470
50324,521450
50325,521430
50326,521350
50327,521340
50328,521330
50329,521320
50330,521280
50331,521230
50332,521210
50333,521200
50334,521150
50335,521130
50336,521100
50337,521090
50338,520990
50339,520950
50340,520940
50341,520930
50342,520910
50343,520860
50344,520850
50345,520840
50346,520750
50347,520720
50348,520680
50349,520670
50350,520660
50351,520610
50352,520600
50353,520540
50354,520520
50355,520510
50356,520470
50357,520440
50358,520380
50359,520370
50360,520300
50361,520290
50362,520270
50363,520250
50364,520210
50365,520150
50366,520120
50367,520010
50368,519990
50369,519980
50370,519940
50371,519890
50372,519870
50373,519860
50374,519490
50375,519200
50376,519190
50377,519180
50378,519170
50379,519160
50380,519140
50381,519080
50382,519030
50383,519020
50384,518920
50385,518800
50386,518790
50387,518730
50388,518690
50389,518670
50390,518660
50391,518650
50392,518620
50393,518580
50394,518280
50395,518190
50396,518150
50397,518130
50398,518120
50399,518110
50400,518060
50401,518040
50402,518030
50403,517990
50404,517970
50405,517930
50406,517910
50407,517810
50408,517790
50409,517780
50410,517720
50411,517710
50412,517680
50413,517670
50414,517660
50415,517630
50416,517620
50417,517550
50418,517510
50419,517470
50420,517460
50421,517400
50422,517370
50423,517360
50424,517350
50425,517330
50426,517320
50427,517300
50428,517280
50429,517270
50430,517230
50431,517220
50432,517210
50433,517190
50434,517170
50435,517160
50436,517140
50437,517130
50438,517100
50439,517060
50440,517010
50441,517000
50442,516940
50443,516920
50444,516890
50445,516840
50446,516820
50447,516790
50448,516750
50449,516650
50450,516610
50451,516600
50452,516590
50453,516580
50454,516570
50455,516560
50456,516550
50457,516520
50458,516510
50459,516500
50460,516480
50461,516470
50462,516440
50463,516430
50464,516410
50465,516250
50466,516130
50467,516120
50468,516110
50469,516040
50470,516030
50471,516010
50472,515980
50473,515960
50474,515910
50475,515900
50476,515700
50477,515690
50478,515470
50479,515230
50480,515060
50481,515010
50482,515000
50483,514990
50484,514970
50485,514930
50486,514890
50487,514830
50488,514810
50489,514780
50490,514750
50491,514670
50492,514660
50493,514650
50494,514640
50495,514580
50496,514570
50497,514490
50498,514480
50499,514470
50500,514460
50501,514410
50502,514400
50503,514390
50504,514360
50505,514350
50506,514340
50507,514290
50508,514240
50509,514220
50510,514170
50511,514150
50512,514140
50513,514130
50514,514080
50515,514050
50516,514010
50517,513990
50518,513980
50519,513960
50520,513930
50521,513920
50522,513910
50523,513880
50524,513860
50525,513840
50526,513820
50527,513810
50528,513790
50529,513780
50530,513770
50531,513760
50532,513740
50533,513720
50534,513710
50535,513690
50536,513620
50537,513600
50538,513590
50539,513580
50540,513570
50541,513560
50542,513550
50543,513490
50544,513460
50545,513420
50546,513370
50547,513340
50548,513330
50549,513320
50550,513290
50551,513270
50552,513250
50553,513210
50554,513200
50555,513000
50556,512950
50557,512920
50558,512770
50559,512750
50560,512740
50561,512700
50562,512680
50563,512640
50564,512630
50565,512560
50566,512550
50567,512430
50568,512420
50569,512410
50570,512400
50571,512270
50572,512260
50573,512240
50574,512170
50575,512160
50576,512150
50577,512120
50578,512110
50579,512080
50580,512070
50581,512020
50582,512000
50583,511830
50584,511820
50585,511810
50586,511800
50587,511790
50588,511720
50589,511700
50590,511690
50591,511660
50592,511600
50593,511570
50594,511560
50595,511540
50596,511500
50597,511490
50598,511460
50599,511430
50600,511390
50601,511380
50602,511360
50603,511330
50604,511320
50605,511280
50606,511270
50607,511250
50608,511190
50609,511160
50610,511070
50611,511010
50612,510990
50613,510930
50614,510910
50615,510850
50616,510840
50617,510790
50618,510780
50619,510750
50620,510740
50621,510730
50622,510700
50623,510660
50624,510650
50625,510630
50626,510570
50627,510550
50628,510430
50629,510410
50630,510390
50631,510370
50632,510360
50633,510320
50634,510290
50635,510280
50636,510250
50637,510240
50638,510130
50639,510110
50640,510080
50641,510070
50642,510060
50643,510040
50644,510000
50645,509960
50646,509930
50647,509920
50648,509910
50649,509880
50650,509860
50651,509850
50652,509820
50653,509800
50654,509780
50655,509770
50656,509620
50657,509610
50658,509600
50659,509580
50660,509560
50661,509540
50662,509530
50663,509440
50664,509420
50665,509400
50666,509390
50667,509360
50668,509310
50669,509290
50670,509260
50671,509230
50672,509210
50673,509190
50674,509170
50675,509160
50676,509130
50677,509110
50678,509070
50679,509020
50680,508950
50681,508940
50682,508930
50683,508910
50684,508820
50685,508760
50686,508740
50687,508730
50688,508710
50689,508690
50690,508660
50691,508650
50692,508630
50693,508600
50694,508580
50695,508550
50696,508540
50697,508530
50698,508520
50699,508450
50700,508410
50701,508390
50702,508350
50703,508300
50704,508290
50705,508230
50706,508200
50707,508180
50708,508170
50709,507520
50710,507490
50711,507400
50712,507390
50713,507380
50714,507340
50715,507270
50716,507210
50717,507120
50718,507080
50719,507060
50720,507050
50721,507030
50722,506960
50723,506930
50724,506900
50725,506840
50726,506830
50727,506780
50728,506760
50729,506730
50730,506590
50731,506550
50732,506540
50733,506500
50734,506480
50735,506470
50736,506280
50737,506260
50738,506150
50739,506090
50740,506030
50741,505750
50742,505740
50743,505730
50744,505680
50745,505660
50746,505550
50747,505400
50748,505330
50749,505270
50750,505210
50751,505170
50752,505140
50753,505110
50754,505090
50755,505080
50756,505070
50757,504980
50758,504880
50759,504850
50760,504840
50761,504800
50762,504790
50763,504750
50764,504700
50765,504670
50766,504660
50767,504630
50768,504620
50769,504560
50770,504490
50771,504470
50772,504460
50773,504450
50774,504430
50775,504420
50776,504410
50777,504310
50778,504300
50779,504280
50780,504260
50781,504110
50782,504100
50783,504090
50784,504010
50785,503980
50786,503960
50787,503950
50788,503900
50789,503860
50790,503830
50791,503820
50792,503780
50793,503750
50794,503730
50795,503710
50796,503680
50797,503650
50798,503620
50799,503550
50800,503480
50801,503450
50802,503410
50803,503390
50804,503370
50805,503350
50806,503340
50807,503280
50808,503240
50809,503210
50810,503160
50811,503150
50812,503140
50813,503130
50814,503100
50815,503070
50816,503060
50817,503010
50818,502920
50819,502910
50820,502880
50821,502820
50822,502810
50823,502780
50824,502770
50825,502710
50826,502700
50827,502650
50828,502600
50829,502550
50830,502540
50831,502530
50832,502480
50833,502470
50834,502460
50835,502450
50836,502440
50837,502430
50838,502420
50839,502410
50840,502400
50841,502380
50842,502320
50843,502300
50844,502240
50845,502200
50846,502150
50847,502140
50848,502130
50849,502120
50850,502100
50851,502090
50852,502050
50853,501950
50854,501940
50855,501930
50856,501860
50857,501760
50858,501530
50859,501500
50860,501480
50861,501470
50862,501440
50863,501410
50864,501380
50865,501350
50866,501320
50867,501310
50868,501220
50869,501210
50870,501190
50871,501110
50872,501090
50873,501060
50874,501050
50875,501030
50876,501020
50877,500980
50878,500940
50879,500870
50880,500790
50881,500760
50882,500750
50883,500710
50884,500690
50885,500680
50886,500660
50887,500590
50888,500570
50889,500500
50890,500480
50891,500470
50892,500440
50893,500420
50894,500380
50895,500360
50896,500350
50897,500340
50898,500320
50899,500220
50900,500180
50901,500170
50902,500150
50903,500120
50904,500110
50905,499950
50906,499940
50907,499900
50908,499760
50909,499660
50910,499620
50911,499610
50912,499560
50913,499540
50914,499420
50915,499400
50916,499370
50917,499340
50918,499330
50919,499230
50920,499210
50921,499140
50922,499120
50923,499110
50924,499100
50925,499070
50926,498990
50927,498980
50928,498940
50929,498850
50930,498830
50931,498740
50932,498720
50933,498700
50934,498680
50935,498660
50936,498630
50937,498620
50938,498600
50939,498580
50940,498570
50941,498550
50942,498510
50943,498460
50944,498450
50945,498340
50946,498320
50947,498300
50948,498290
50949,498280
50950,498190
50951,498050
50952,498040
50953,498030
50954,498000
50955,497950
50956,497940
50957,497880
50958,497860
50959,497790
50960,497720
50961,497710
50962,497680
50963,497670
50964,497640
50965,497590
50966,497580
50967,497560
50968,497510
50969,497470
50970,497460
50971,497450
50972,497440
50973,497430
50974,497420
50975,497400
50976,497360
50977,497300
50978,497260
50979,497190
50980,497150
50981,497100
50982,497090
50983,497080
50984,497050
50985,497040
50986,497020
50987,496990
50988,496980
50989,496960
50990,496950
50991,496930
50992,496910
50993,496850
50994,496750
50995,496740
50996,496730
50997,496690
50998,496680
50999,496670
51000,496660
51001,496650
51002,496640
51003,496630
51004,496620
51005,496590
51006,496550
51007,496540
51008,496530
51009,496520
51010,496490
51011,496460
51012,496440
51013,496400
51014,496390
51015,496340
51016,496320
51017,496310
51018,496290
51019,496250
51020,496240
51021,496230
51022,496180
51023,496120
51024,496040
51025,496030
51026,495980
51027,495960
51028,495910
51029,495900
51030,495830
51031,495820
51032,495800
51033,495760
51034,495750
51035,495730
51036,495680
51037,495600
51038,495580
51039,495560
51040,495520
51041,495480
51042,495450
51043,495390
51044,495350
51045,495320
51046,495300
51047,495230
51048,495140
51049,495090
51050,495030
51051,495010
51052,494990
51053,494980
51054,494960
51055,494830
51056,494780
51057,494740
51058,494700
51059,494670
51060,494600
51061,494580
51062,494530
51063,494490
51064,494480
51065,494470
51066,494460
51067,494450
51068,494440
51069,494380
51070,494350
51071,494310
51072,494290
51073,494220
51074,494170
51075,494160
51076,494120
51077,494100
51078,494090
51079,494050
51080,494040
51081,494000
51082,493980
51083,493840
51084,493820
51085,493810
51086,493790
51087,493780
51088,493770
51089,493720
51090,493710
51091,493700
51092,493650
51093,493620
51094,493580
51095,493480
51096,493460
51097,493450
51098,493430
51099,493410
51100,493400
51101,493380
51102,493320
51103,493310
51104,493290
51105,493220
51106,493180
51107,493110
51108,493100
51109,493000
51110,492870
51111,492850
51112,492840
51113,492710
51114,492610
51115,492600
51116,492500
51117,492490
51118,492430
51119,492410
51120,492370
51121,492290
51122,492280
51123,492230
51124,492220
51125,492200
51126,492170
51127,492160
51128,492150
51129,492080
51130,491830
51131,491800
51132,491790
51133,491720
51134,491710
51135,491700
51136,491660
51137,491650
51138,491620
51139,491580
51140,491560
51141,491540
51142,491530
51143,491520
51144,491510
51145,491470
51146,491440
51147,491390
51148,491350
51149,491280
51150,491260
51151,491240
51152,491210
51153,491180
51154,491160
51155,491110
51156,491100
51157,491090
51158,491060
51159,491020
51160,491010
51161,491000
51162,490990
51163,490980
51164,490930
51165,490910
51166,490880
51167,490870
51168,490860
51169,490690
51170,490510
51171,490450
51172,490380
51173,490300
51174,490250
51175,490170
51176,490160
51177,490100
51178,490080
51179,490040
51180,489940
51181,489930
51182,489900
51183,489760
51184,489740
51185,489720
51186,489700
51187,489600
51188,489580
51189,489570
51190,489560
51191,489470
51192,489440
51193,489370
51194,489260
51195,489240
51196,489220
51197,489170
51198,489160
51199,489120
51200,489100
51201,489070
51202,489050
51203,489020
51204,489000
51205,488960
51206,488950
51207,488920
51208,488910
51209,488890
51210,488770
51211,488760
51212,488730
51213,488660
51214,488590
51215,488580
51216,488480
51217,488440
51218,488430
51219,488360
51220,488330
51221,488300
51222,488220
51223,488210
51224,488160
51225,488150
51226,488070
51227,488040
51228,487770
51229,487720
51230,487630
51231,487600
51232,487590
51233,487580
51234,487530
51235,487390
51236,487380
51237,487350
51238,487250
51239,487220
51240,487180
51241,487120
51242,487040
51243,487030
51244,487020
51245,486990
51246,486940
51247,486850
51248,486690
51249,486660
51250,486640
51251,486630
51252,486550
51253,486540
51254,486500
51255,486490
51256,486480
51257,486470
51258,486460
51259,486440
51260,486430
51261,486370
51262,486360
51263,486350
51264,486300
51265,486290
51266,486230
51267,486180
51268,486170
51269,486150
51270,486130
51271,486120
51272,486020
51273,485970
51274,485950
51275,485920
51276,485890
51277,485880
51278,485870
51279,485860
51280,485830
51281,485820
51282,485800
51283,485790
51284,485760
51285,485750
51286,485730
51287,485690
51288,485680
51289,485670
51290,485660
51291,485650
51292,485640
51293,485630
51294,485620
51295,485600
51296,485570
51297,485560
51298,485500
51299,485490
51300,485450
51301,485440
51302,485430
51303,485400
51304,485370
51305,485360
51306,485340
51307,485330
51308,485310
51309,485290
51310,485260
51311,485240
51312,485230
51313,485160
51314,485150
51315,485110
51316,485080
51317,485030
51318,485000
51319,484950
51320,484930
51321,484900
51322,484890
51323,484830
51324,484390
51325,484350
51326,483970
51327,483960
51328,483850
51329,483770
51330,483680
51331,482990
51332,482890
51333,482770
51334,482330
51335,482300
51336,481870
51337,481600
51338,481420
51339,481190
51340,481110
51341,480690
51342,480640
51343,480500
51344,480480
51345,480410
51346,479990
51347,479330
51348,479310
51349,479200
51350,479180
51351,479170
51352,479140
51353,479110
51354,479100
51355,479040
51356,479010
51357,479000
51358,478960
51359,478950
51360,478210
51361,478010
51362,478000
51363,477950
51364,477910
51365,477900
51366,477870
51367,477800
51368,477750
51369,477730
51370,477720
51371,477310
51372,477290
51373,477270
51374,477180
51375,477170
51376,477140
51377,476920
51378,476710
51379,476700
51380,476600
51381,476540
51382,476510
51383,476490
51384,476480
51385,476450
51386,476430
51387,476410
51388,476370
51389,476030
51390,476000
51391,475960
51392,475630
51393,475620
51394,475530
51395,475490
51396,475090
51397,475080
51398,475070
51399,474910
51400,474890
51401,474830
51402,474810
51403,474730
51404,474620
51405,474240
51406,474050
51407,474040
51408,474020
51409,474010
51410,473970
51411,473910
51412,473840
51413,473810
51414,473780
51415,473720
51416,473690
51417,473670
51418,473610
51419,473560
51420,473540
51421,473530
51422,473520
51423,473510
51424,473480
51425,473470
51426,473450
51427,473140
51428,473050
51429,472830
51430,472680
51431,471770
51432,471730
51433,471720
51434,471700
51435,471630
51436,471610
51437,471570
51438,471550
51439,471400
51440,471380
51441,471330
51442,471170
51443,471160
51444,471010
51445,470760
51446,470740
51447,470590
51448,470580
51449,470490
51450,470480
51451,470470
51452,470450
51453,470440
51454,470300
51455,470280
51456,470270
51457,470220
51458,470210
51459,470170
51460,470140
51461,470130
51462,470090
51463,470060
51464,470040
51465,470030
51466,469980
51467,469930
51468,469920
51469,469900
51470,469710
51471,469650
51472,469610
51473,469550
51474,468930
51475,468800
51476,468780
51477,468740
51478,468700
51479,468650
51480,468570
51481,468560
51482,468490
51483,468330
51484,468320
51485,468170
51486,468160
51487,468110
51488,468100
51489,468070
51490,467950
51491,467940
51492,467930
51493,467910
51494,467900
51495,467890
51496,467850
51497,467810
51498,467750
51499,467720
51500,467710
51501,467680
51502,467660
51503,467520
51504,467490
51505,467480
51506,467470
51507,467400
51508,467390
51509,467370
51510,467350
51511,467330
51512,467320
51513,467270
51514,467220
51515,467090
51516,467000
51517,466940
51518,466920
51519,466900
51520,466890
51521,466860
51522,466840
51523,466820
51524,466780
51525,466770
51526,466740
51527,466730
51528,466720
51529,466660
51530,466580
51531,466520
51532,466500
51533,466490
51534,466430
51535,466420
51536,466350
51537,466280
51538,466240
51539,466210
51540,466160
51541,466100
51542,466060
51543,466050
51544,466030
51545,466020
51546,466010
51547,466000
51548,465990
51549,465970
51550,465960
51551,465930
51552,465900
51553,465890
51554,465870
51555,465860
51556,465840
51557,465780
51558,465760
51559,465750
51560,465720
51561,465670
51562,465660
51563,465540
51564,465520
51565,465510
51566,465450
51567,465440
51568,465360
51569,465310
51570,465190
51571,465180
51572,465170
51573,465150
51574,465130
51575,465070
51576,465060
51577,465050
51578,464960
51579,464950
51580,464940
51581,464900
51582,464880
51583,464850
51584,464800
51585,464700
51586,464690
51587,464670
51588,464650
51589,464630
51590,464610
51591,464530
51592,464500
51593,464440
51594,464400
51595,464380
51596,464340
51597,464240
51598,464230
51599,464170
51600,464150
51601,464120
51602,464110
51603,464100
51604,464080
51605,464070
51606,464050
51607,464040
51608,464000
51609,463980
51610,463920
51611,463880
51612,463870
51613,463860
51614,463830
51615,463800
51616,463710
51617,463670
51618,463540
51619,463510
51620,463480
51621,463470
51622,463460
51623,463430
51624,463400
51625,463350
51626,463320
51627,463290
51628,463250
51629,463220
51630,463180
51631,463170
51632,463160
51633,463110
51634,463100
51635,463060
51636,463030
51637,463010
51638,463000
51639,462960
51640,462940
51641,462930
51642,462910
51643,462860
51644,462830
51645,462730
51646,462700
51647,462640
51648,462630
51649,462590
51650,462580
51651,462570
51652,462530
51653,462520
51654,462480
51655,462250
51656,462220
51657,462130
51658,462110
51659,462100
51660,462070
51661,462000
51662,461990
51663,461970
51664,461940
51665,461890
51666,461880
51667,461870
51668,461860
51669,461850
51670,461830
51671,461810
51672,461780
51673,461760
51674,461750
51675,461730
51676,461710
51677,461650
51678,461580
51679,461560
51680,461520
51681,461510
51682,461500
51683,461480
51684,461430
51685,461400
51686,461390
51687,461380
51688,461370
51689,461350
51690,461340
51691,461320
51692,461280
51693,461220
51694,461210
51695,461180
51696,461040
51697,461030
51698,461010
51699,460990
51700,460970
51701,460940
51702,460930
51703,460750
51704,460650
51705,460640
51706,460580
51707,460560
51708,460510
51709,460470
51710,460230
51711,460210
51712,460190
51713,460150
51714,460140
51715,459940
51716,459880
51717,459870
51718,459840
51719,459760
51720,459680
51721,459640
51722,459610
51723,459580
51724,459550
51725,459540
51726,459520
51727,459470
51728,459410
51729,459350
51730,459310
51731,459260
51732,459170
51733,459160
51734,459150
51735,459130
51736,459080
51737,459040
51738,459020
51739,458990
51740,458970
51741,458960
51742,458920
51743,458830
51744,458770
51745,458700
51746,458660
51747,458630
51748,458600
51749,458590
51750,458560
51751,458520
51752,458510
51753,458500
51754,458490
51755,458450
51756,458420
51757,458410
51758,458380
51759,458370
51760,458360
51761,458330
51762,458290
51763,458170
51764,458060
51765,458040
51766,458030
51767,458000
51768,457980
51769,457890
51770,457820
51771,457810
51772,457770
51773,457760
51774,457730
51775,457710
51776,457690
51777,457670
51778,457660
51779,457600
51780,457590
51781,457580
51782,457530
51783,457520
51784,457490
51785,457450
51786,457420
51787,457380
51788,457370
51789,457340
51790,457330
51791,457260
51792,457230
51793,457130
51794,457010
51795,456920
51796,456830
51797,456810
51798,456780
51799,456760
51800,456740
51801,456690
51802,456660
51803,456540
51804,456450
51805,456440
51806,456390
51807,456180
51808,456170
51809,456160
51810,456130
51811,456090
51812,455990
51813,455970
51814,455960
51815,455940
51816,455910
51817,455830
51818,455770
51819,455710
51820,455700
51821,455640
51822,455590
51823,455490
51824,455440
51825,455340
51826,455310
51827,455300
51828,455230
51829,455200
51830,455190
51831,455160
51832,455120
51833,455110
51834,455100
51835,455080
51836,455020
51837,455000
51838,454950
51839,454870
51840,454830
51841,454770
51842,454750
51843,454720
51844,454700
51845,454690
51846,454680
51847,454670
51848,454630
51849,454610
51850,454580
51851,454570
51852,454560
51853,454550
51854,454540
51855,454520
51856,454480
51857,454420
51858,454410
51859,454370
51860,454350
51861,454330
51862,454320
51863,454230
51864,454220
51865,454200
51866,454180
51867,454170
51868,454130
51869,454120
51870,454100
51871,454080
51872,454070
51873,454030
51874,453990
51875,453980
51876,453960
51877,453950
51878,453910
51879,453880
51880,453870
51881,453850
51882,453830
51883,453820
51884,453810
51885,453790
51886,453780
51887,453770
51888,453750
51889,453740
51890,453730
51891,453720
51892,453710
51893,453700
51894,453670
51895,453660
51896,453650
51897,453510
51898,453480
51899,453470
51900,453390
51901,453350
51902,453320
51903,453270
51904,453220
51905,453130
51906,453030
51907,452970
51908,452930
51909,452920
51910,452710
51911,452650
51912,452450
51913,452410
51914,452340
51915,452320
51916,452280
51917,452230
51918,452120
51919,452000
51920,451990
51921,451980
51922,451960
51923,451950
51924,451930
51925,451900
51926,451880
51927,451870
51928,451800
51929,451780
51930,451700
51931,451670
51932,451660
51933,451650
51934,451640
51935,451630
51936,451400
51937,451360
51938,451350
51939,451340
51940,451330
51941,451310
51942,451200
51943,451140
51944,451130
51945,451100
51946,451080
51947,451060
51948,451000
51949,450860
51950,450850
51951,450760
51952,450740
51953,450700
51954,450670
51955,450650
51956,450630
51957,450600
51958,450590
51959,450570
51960,450290
51961,450250
51962,450190
51963,450120
51964,450110
51965,450060
51966,450050
51967,450040
51968,450020
51969,449940
51970,449820
51971,449780
51972,449760
51973,449700
51974,449690
51975,449640
51976,449560
51977,449530
51978,449520
51979,449510
51980,449500
51981,449460
51982,449450
51983,449350
51984,449340
51985,449330
51986,449320
51987,449310
51988,449300
51989,449240
51990,449220
51991,449200
51992,449180
51993,449160
51994,449150
51995,449130
51996,449120
51997,449090
51998,449070
51999,449050
52000,449040
52001,449000
52002,448980
52003,448960
52004,448930
52005,448880
52006,448860
52007,448830
52008,448820
52009,448810
52010,448800
52011,448790
52012,448780
52013,448750
52014,448730
52015,448720
52016,448710
52017,448690
52018,448670
52019,448650
52020,448640
52021,448630
52022,448620
52023,448610
52024,448570
52025,448560
52026,448550
52027,448540
52028,448530
52029,448500
52030,448480
52031,448470
52032,448440
52033,448400
52034,448390
52035,448380
52036,448310
52037,448240
52038,448230
52039,448170
52040,448150
52041,448110
52042,448090
52043,448070
52044,448060
52045,448050
52046,448020
52047,448010
52048,448000
52049,447990
52050,447980
52051,447960
52052,447940
52053,447920
52054,447860
52055,447850
52056,447700
52057,447690
52058,447310
52059,447270
52060,447210
52061,447180
52062,447170
52063,447120
52064,447100
52065,447010
52066,447000
52067,446990
52068,446870
52069,446850
52070,446830
52071,446790
52072,446780
52073,446770
52074,446760
52075,446620
52076,446610
52077,446600
52078,446550
52079,446540
52080,446490
52081,446480
52082,446470
52083,446460
52084,446450
52085,446440
52086,446390
52087,446250
52088,446240
52089,446120
52090,446100
52091,446070
52092,446060
52093,446050
52094,446020
52095,446010
52096,446000
52097,445950
52098,445870
52099,445840
52100,445790
52101,445750
52102,445720
52103,445670
52104,445600
52105,445550
52106,445440
52107,445430
52108,445420
52109,445350
52110,445310
52111,445230
52112,445210
52113,445170
52114,445140
52115,445070
52116,445020
52117,445000
52118,444970
52119,444880
52120,444830
52121,444740
52122,444720
52123,444710
52124,444690
52125,444670
52126,444620
52127,444580
52128,444570
52129,444550
52130,444530
52131,444520
52132,444490
52133,444480
52134,444470
52135,444440
52136,444430
52137,444420
52138,444410
52139,444350
52140,444270
52141,444260
52142,444250
52143,444220
52144,444210
52145,444200
52146,444190
52147,444180
52148,444170
52149,444160
52150,444130
52151,443980
52152,443970
52153,443880
52154,443850
52155,443830
52156,443800
52157,443700
52158,443650
52159,443630
52160,443580
52161,443570
52162,443530
52163,443460
52164,443450
52165,443420
52166,443380
52167,443370
52168,443330
52169,443260
52170,443250
52171,443110
52172,443020
52173,443000
52174,442890
52175,442810
52176,442780
52177,442770
52178,442710
52179,442660
52180,442500
52181,442290
52182,442260
52183,442220
52184,442190
52185,442140
52186,442080
52187,442070
52188,442000
52189,441870
52190,441830
52191,441790
52192,441770
52193,441680
52194,441670
52195,441640
52196,441510
52197,441440
52198,441380
52199,441350
52200,441250
52201,441230
52202,441060
52203,440950
52204,440900
52205,440810
52206,440800
52207,440790
52208,440770
52209,440750
52210,440740
52211,440730
52212,440720
52213,440690
52214,440660
52215,440520
52216,440470
52217,440450
52218,440410
52219,440380
52220,440340
52221,440120
52222,440020
52223,439960
52224,439930
52225,439910
52226,439880
52227,439770
52228,439750
52229,439740
52230,439730
52231,439720
52232,439700
52233,439550
52234,439530
52235,439460
52236,439440
52237,439420
52238,439370
52239,439340
52240,439310
52241,439260
52242,438940
52243,438920
52244,438820
52245,438790
52246,438730
52247,438720
52248,438660
52249,438650
52250,438600
52251,438560
52252,438490
52253,438460
52254,438450
52255,438440
52256,438420
52257,438360
52258,438350
52259,438340
52260,438310
52261,438300
52262,438260
52263,438240
52264,438220
52265,438180
52266,438110
52267,438100
52268,438090
52269,438080
52270,438030
52271,438020
52272,438010
52273,437880
52274,437870
52275,437740
52276,437730
52277,437720
52278,437710
52279,437630
52280,437610
52281,437550
52282,437530
52283,437520
52284,437440
52285,437400
52286,437390
52287,437380
52288,437340
52289,437220
52290,437180
52291,437100
52292,437090
52293,437080
52294,437060
52295,437030
52296,437000
52297,436940
52298,436870
52299,436860
52300,436740
52301,436690
52302,436560
52303,436530
52304,436520
52305,436510
52306,436500
52307,436490
52308,436480
52309,436400
52310,436360
52311,436340
52312,436320
52313,436290
52314,436280
52315,436270
52316,436260
52317,436240
52318,436230
52319,436180
52320,436160
52321,436150
52322,436140
52323,436110
52324,436060
52325,436000
52326,435800
52327,435790
52328,435780
52329,435520
52330,435480
52331,435440
52332,435420
52333,435360
52334,435260
52335,435230
52336,435140
52337,435100
52338,435070
52339,435060
52340,435040
52341,435010
52342,435000
52343,434980
52344,434960
52345,434930
52346,434920
52347,434890
52348,434880
52349,434870
52350,434860
52351,434830
52352,434800
52353,434790
52354,434750
52355,434730
52356,434700
52357,434680
52358,434620
52359,434610
52360,434600
52361,434580
52362,434530
52363,434520
52364,434500
52365,434490
52366,434480
52367,434470
52368,434420
52369,434390
52370,434360
52371,434310
52372,434300
52373,434290
52374,434250
52375,434240
52376,434230
52377,434220
52378,434190
52379,434160
52380,434150
52381,434130
52382,434090
52383,434070
52384,434030
52385,433960
52386,433930
52387,433900
52388,433890
52389,433850
52390,433840
52391,433790
52392,433750
52393,433700
52394,433670
52395,433660
52396,433650
52397,433630
52398,433600
52399,433590
52400,433580
52401,433570
52402,433530
52403,433490
52404,433480
52405,433450
52406,433400
52407,433380
52408,433360
52409,433350
52410,433320
52411,433300
52412,433210
52413,433190
52414,433170
52415,433130
52416,433120
52417,433110
52418,433100
52419,433050
52420,432990
52421,432950
52422,432940
52423,432890
52424,432870
52425,432780
52426,432770
52427,432720
52428,432660
52429,432640
52430,432620
52431,432590
52432,432500
52433,432490
52434,432480
52435,432470
52436,432420
52437,432410
52438,432380
52439,432370
52440,432330
52441,432310
52442,432290
52443,432270
52444,432250
52445,432240
52446,432230
52447,432220
52448,432210
52449,432190
52450,432170
52451,432130
52452,432110
52453,432100
52454,432030
52455,432010
52456,431950
52457,431850
52458,431840
52459,431830
52460,431810
52461,431740
52462,431680
52463,431650
52464,431640
52465,431630
52466,431570
52467,431520
52468,431500
52469,431460
52470,431450
52471,431420
52472,431410
52473,431390
52474,431370
52475,431330
52476,431320
52477,431300
52478,431290
52479,431250
52480,431230
52481,431220
52482,431200
52483,430890
52484,430430
52485,430410
52486,430300
52487,430290
52488,430280
52489,430240
52490,430230
52491,430210
52492,430190
52493,430170
52494,430100
52495,430080
52496,430020
52497,429950
52498,429830
52499,429790
52500,429780
52501,429700
52502,429690
52503,429680
52504,429620
52505,429600
52506,429580
52507,429570
52508,429540
52509,429520
52510,429490
52511,429480
52512,429430
52513,429390
52514,429380
52515,429360
52516,429350
52517,429280
52518,429270
52519,429260
52520,429250
52521,429220
52522,429200
52523,429160
52524,429120
52525,429060
52526,429050
52527,429040
52528,429020
52529,428980
52530,428950
52531,428930
52532,428920
52533,428910
52534,428870
52535,428800
52536,428740
52537,428690
52538,428630
52539,428610
52540,428590
52541,428540
52542,428530
52543,428510
52544,428490
52545,428460
52546,428430
52547,428410
52548,428370
52549,428350
52550,428280
52551,428270
52552,428260
52553,428250
52554,428210
52555,428200
52556,428190
52557,428180
52558,428170
52559,428110
52560,428090
52561,428060
52562,428040
52563,427980
52564,427970
52565,427950
52566,427940
52567,427930
52568,427910
52569,427890
52570,427880
52571,427860
52572,427810
52573,427780
52574,427770
52575,427730
52576,427660
52577,427640
52578,427570
52579,427550
52580,427510
52581,427470
52582,427290
52583,427270
52584,427100
52585,427050
52586,427030
52587,426930
52588,426630
52589,426590
52590,426560
52591,426330
52592,426310
52593,426290
52594,426210
52595,426190
52596,426170
52597,426040
52598,426010
52599,425900
52600,425870
52601,425860
52602,425820
52603,425770
52604,425760
52605,425670
52606,425600
52607,425460
52608,425450
52609,425410
52610,425340
52611,425310
52612,425300
52613,425260
52614,425240
52615,425230
52616,425210
52617,425160
52618,425150
52619,425070
52620,425040
52621,424870
52622,424850
52623,424830
52624,424780
52625,424760
52626,424750
52627,424640
52628,424590
52629,424370
52630,424320
52631,424260
52632,424250
52633,424210
52634,424170
52635,424060
52636,424040
52637,424010
52638,424000
52639,423950
52640,423910
52641,423900
52642,423890
52643,423870
52644,423810
52645,423800
52646,423780
52647,423770
52648,423760
52649,423750
52650,423740
52651,423730
52652,423720
52653,423710
52654,423700
52655,423650
52656,423640
52657,423620
52658,423610
52659,423600
52660,423550
52661,423440
52662,423370
52663,423320
52664,423270
52665,423220
52666,423180
52667,423120
52668,422980
52669,422890
52670,422810
52671,422760
52672,422650
52673,422640
52674,422630
52675,422610
52676,422500
52677,422300
52678,422250
52679,422210
52680,422160
52681,422140
52682,422130
52683,422100
52684,422030
52685,422020
52686,422010
52687,421890
52688,421880
52689,421870
52690,421830
52691,421810
52692,421790
52693,421740
52694,421710
52695,421670
52696,421630
52697,421620
52698,421610
52699,421190
52700,421180
52701,421170
52702,421140
52703,421060
52704,420970
52705,420950
52706,420930
52707,420920
52708,420900
52709,420880
52710,420850
52711,420840
52712,420790
52713,420770
52714,420760
52715,420670
52716,420570
52717,420550
52718,420500
52719,420370
52720,420360
52721,420330
52722,420300
52723,420270
52724,420210
52725,420180
52726,420170
52727,420160
52728,420070
52729,420060
52730,420020
52731,420000
52732,419990
52733,419810
52734,419710
52735,419700
52736,419480
52737,419090
52738,419080
52739,419060
52740,419020
52741,418960
52742,418950
52743,418940
52744,418910
52745,418670
52746,418640
52747,418610
52748,418430
52749,418360
52750,418270
52751,418260
52752,418250
52753,418180
52754,418170
52755,418160
52756,418150
52757,418060
52758,418030
52759,418000
52760,417980
52761,417920
52762,417910
52763,417900
52764,417880
52765,417840
52766,417750
52767,417520
52768,417480
52769,417430
52770,417420
52771,417410
52772,417400
52773,417360
52774,417310
52775,417200
52776,417150
52777,417110
52778,417060
52779,417020
52780,416850
52781,416800
52782,416760
52783,416720
52784,416700
52785,416670
52786,416640
52787,416630
52788,416610
52789,416590
52790,416530
52791,416450
52792,416380
52793,416370
52794,416360
52795,416350
52796,416340
52797,416330
52798,416310
52799,416290
52800,416260
52801,416250
52802,416240
52803,416220
52804,416210
52805,416200
52806,416180
52807,416130
52808,416120
52809,416110
52810,416080
52811,416060
52812,416040
52813,416030
52814,416000
52815,415990
52816,415980
52817,415960
52818,415950
52819,415910
52820,415880
52821,415870
52822,415860
52823,415840
52824,415780
52825,415670
52826,415590
52827,415530
52828,415480
52829,415390
52830,415330
52831,415300
52832,415240
52833,415180
52834,415140
52835,415090
52836,415080
52837,415030
52838,415010
52839,415000
52840,414950
52841,414810
52842,414760
52843,414740
52844,414730
52845,414580
52846,414550
52847,414530
52848,414500
52849,414490
52850,414470
52851,414370
52852,414330
52853,414260
52854,414190
52855,414160
52856,414090
52857,414080
52858,414060
52859,414050
52860,413870
52861,413830
52862,413760
52863,413740
52864,413710
52865,413700
52866,413680
52867,413620
52868,413580
52869,413540
52870,413500
52871,413480
52872,413470
52873,413030
52874,412970
52875,412930
52876,412880
52877,412790
52878,412760
52879,412730
52880,412660
52881,412600
52882,412540
52883,412530
52884,412490
52885,412470
52886,412460
52887,412440
52888,412410
52889,412380
52890,412370
52891,412360
52892,412310
52893,412290
52894,412270
52895,412250
52896,412230
52897,412220
52898,412210
52899,412170
52900,412050
52901,412010
52902,411870
52903,411750
52904,411740
52905,411690
52906,411680
52907,411630
52908,411620
52909,411610
52910,411600
52911,411590
52912,411570
52913,411550
52914,411530
52915,411520
52916,411480
52917,411390
52918,411330
52919,411300
52920,411130
52921,411120
52922,411080
52923,411060
52924,410990
52925,410910
52926,410850
52927,410840
52928,410770
52929,410740
52930,410680
52931,410550
52932,410540
52933,410490
52934,410470
52935,410440
52936,410430
52937,410390
52938,410370
52939,410330
52940,410210
52941,410150
52942,410130
52943,410120
52944,410050
52945,410040
52946,410000
52947,409920
52948,409910
52949,409890
52950,409850
52951,409730
52952,409720
52953,409630
52954,409610
52955,409600
52956,409590
52957,409560
52958,409520
52959,409510
52960,409490
52961,409460
52962,409420
52963,409390
52964,409360
52965,409340
52966,409320
52967,409290
52968,409280
52969,409170
52970,409160
52971,409150
52972,409090
52973,409070
52974,409040
52975,409020
52976,409000
52977,408990
52978,408960
52979,408920
52980,408770
52981,408760
52982,408750
52983,408740
52984,408640
52985,408530
52986,408440
52987,408400
52988,408340
52989,408250
52990,408240
52991,408170
52992,408120
52993,408060
52994,408010
52995,408000
52996,407980
52997,407960
52998,407940
52999,407900
53000,407880
53001,407840
53002,407830
53003,407720
53004,407710
53005,407680
53006,407630
53007,407620
53008,407600
53009,407560
53010,407530
53011,407420
53012,407380
53013,407320
53014,407290
53015,407230
53016,407190
53017,407150
53018,407120
53019,407110
53020,407100
53021,407050
53022,407040
53023,407020
53024,407000
53025,406970
53026,406940
53027,406930
53028,406920
53029,406860
53030,406780
53031,406730
53032,406720
53033,406710
53034,406650
53035,406410
53036,406350
53037,406340
53038,406310
53039,406300
53040,406220
53041,406170
53042,406160
53043,406120
53044,406110
53045,406090
53046,406080
53047,405970
53048,405960
53049,405860
53050,405760
53051,405720
53052,405710
53053,405670
53054,405650
53055,405610
53056,405590
53057,405550
53058,405540
53059,405530
53060,405500
53061,405480
53062,405440
53063,405340
53064,405240
53065,405190
53066,405180
53067,405070
53068,405050
53069,405000
53070,404960
53071,404870
53072,404860
53073,404850
53074,404750
53075,404690
53076,404660
53077,404640
53078,404630
53079,404620
53080,404590
53081,404580
53082,404510
53083,404460
53084,404420
53085,404410
53086,404400
53087,404390
53088,404200
53089,404170
53090,404100
53091,404080
53092,404070
53093,404050
53094,404030
53095,403980
53096,403970
53097,403940
53098,403900
53099,403860
53100,403850
53101,403840
53102,403780
53103,403740
53104,403690
53105,403680
53106,403670
53107,403660
53108,403590
53109,403560
53110,403510
53111,403460
53112,403440
53113,403390
53114,403300
53115,403290
53116,403270
53117,403230
53118,403200
53119,403190
53120,403120
53121,403100
53122,403090
53123,403070
53124,403040
53125,403030
53126,402980
53127,402940
53128,402890
53129,402880
53130,402850
53131,402800
53132,402750
53133,402710
53134,402670
53135,402630
53136,402560
53137,402390
53138,402310
53139,402300
53140,402220
53141,402210
53142,402190
53143,402170
53144,402160
53145,402150
53146,402130
53147,402060
53148,402040
53149,402030
53150,402020
53151,401970
53152,401890
53153,401840
53154,401820
53155,401800
53156,401780
53157,401760
53158,401710
53159,401690
53160,401550
53161,401510
53162,401420
53163,401360
53164,401330
53165,401290
53166,401280
53167,401250
53168,401220
53169,401190
53170,401090
53171,400880
53172,400800
53173,400740
53174,400710
53175,400510
53176,400500
53177,400470
53178,400450
53179,400410
53180,400380
53181,400370
53182,400360
53183,400350
53184,400280
53185,400250
53186,400240
53187,400230
53188,400220
53189,400200
53190,400180
53191,400170
53192,400130
53193,400110
53194,400080
53195,400030
53196,399920
53197,399910
53198,399900
53199,399810
53200,399790
53201,399780
53202,399720
53203,399600
53204,399530
53205,399430
53206,399420
53207,399260
53208,399240
53209,399230
53210,399140
53211,399130
53212,399120
53213,399090
53214,399010
53215,399000
53216,398990
53217,398970
53218,398960
53219,398940
53220,398930
53221,398920
53222,398890
53223,398840
53224,398830
53225,398810
53226,398680
53227,398670
53228,398640
53229,398620
53230,398600
53231,398530
53232,398480
53233,398250
53234,398210
53235,398180
53236,398150
53237,398140
53238,398120
53239,398110
53240,398100
53241,397970
53242,397960
53243,397940
53244,397900
53245,397870
53246,397860
53247,397850
53248,397840
53249,397820
53250,397810
53251,397800
53252,397770
53253,397760
53254,397750
53255,397730
53256,397720
53257,397690
53258,397670
53259,397660
53260,397640
53261,397600
53262,397580
53263,397570
53264,397500
53265,397440
53266,397420
53267,397400
53268,397390
53269,397360
53270,397320
53271,397310
53272,397240
53273,397210
53274,397200
53275,397190
53276,397180
53277,397170
53278,397150
53279,397100
53280,397040
53281,396930
53282,396870
53283,396850
53284,396750
53285,396730
53286,396700
53287,396680
53288,396660
53289,396610
53290,396590
53291,396530
53292,396490
53293,396480
53294,396420
53295,396360
53296,396320
53297,396260
53298,396230
53299,396160
53300,396090
53301,396030
53302,395960
53303,395920
53304,395910
53305,395900
53306,395890
53307,395880
53308,395860
53309,395600
53310,395580
53311,395570
53312,395560
53313,395550
53314,395470
53315,395420
53316,395400
53317,395380
53318,395350
53319,395270
53320,395250
53321,395190
53322,395160
53323,395150
53324,395140
53325,395100
53326,394990
53327,394950
53328,394870
53329,394850
53330,394840
53331,394770
53332,394760
53333,394720
53334,394710
53335,394600
53336,394540
53337,394490
53338,394480
53339,394430
53340,394390
53341,394350
53342,394280
53343,394270
53344,394260
53345,394120
53346,394030
53347,393980
53348,393950
53349,393930
53350,393920
53351,393860
53352,393820
53353,393800
53354,393790
53355,393750
53356,393730
53357,393660
53358,393630
53359,393610
53360,393600
53361,393550
53362,393530
53363,393500
53364,393460
53365,393420
53366,393390
53367,393350
53368,393340
53369,393330
53370,393320
53371,393270
53372,393240
53373,393230
53374,393200
53375,393170
53376,393150
53377,393080
53378,392960
53379,392940
53380,392930
53381,392920
53382,392890
53383,392820
53384,392780
53385,392720
53386,392690
53387,392610
53388,392600
53389,392580
53390,392410
53391,392370
53392,392330
53393,392280
53394,392260
53395,392230
53396,392190
53397,392160
53398,392150
53399,392120
53400,392100
53401,392080
53402,391960
53403,391910
53404,391820
53405,391780
53406,391740
53407,391660
53408,391650
53409,391640
53410,391630
53411,391600
53412,391590
53413,391580
53414,391550
53415,391520
53416,391510
53417,391460
53418,391440
53419,391420
53420,391410
53421,391390
53422,391340
53423,391310
53424,391280
53425,391270
53426,391260
53427,391250
53428,391240
53429,391210
53430,391180
53431,391160
53432,391150
53433,391120
53434,391100
53435,391070
53436,391050
53437,390940
53438,390930
53439,390920
53440,390880
53441,390870
53442,390800
53443,390710
53444,390680
53445,390660
53446,390620
53447,390570
53448,390560
53449,390540
53450,390510
53451,390460
53452,390340
53453,390330
53454,390310
53455,390220
53456,390210
53457,390200
53458,390100
53459,390090
53460,390040
53461,389980
53462,389900
53463,389870
53464,389810
53465,389740
53466,389700
53467,389690
53468,389680
53469,389670
53470,389470
53471,389460
53472,389430
53473,389400
53474,389330
53475,389310
53476,389260
53477,389220
53478,389190
53479,389160
53480,389120
53481,389050
53482,388980
53483,388960
53484,388910
53485,388900
53486,388840
53487,388730
53488,388720
53489,388680
53490,388660
53491,388550
53492,388500
53493,388490
53494,388440
53495,388430
53496,388420
53497,388410
53498,388390
53499,388370
53500,388360
53501,388340
53502,388320
53503,388300
53504,388270
53505,388260
53506,388160
53507,388140
53508,388060
53509,388050
53510,388000
53511,387970
53512,387930
53513,387880
53514,387860
53515,387850
53516,387840
53517,387450
53518,387430
53519,387400
53520,387370
53521,387280
53522,387270
53523,387130
53524,387110
53525,387100
53526,387090
53527,387010
53528,386990
53529,386970
53530,386930
53531,386900
53532,386880
53533,386870
53534,386840
53535,386750
53536,386740
53537,386710
53538,386700
53539,386690
53540,386650
53541,386640
53542,386600
53543,386590
53544,386550
53545,386540
53546,386520
53547,386510
53548,386490
53549,386480
53550,386420
53551,386360
53552,386350
53553,386340
53554,386330
53555,386290
53556,386280
53557,386200
53558,386180
53559,386160
53560,386140
53561,386110
53562,386100
53563,386090
53564,386050
53565,385980
53566,385960
53567,385950
53568,385940
53569,385900
53570,385890
53571,385860
53572,385850
53573,385840
53574,385830
53575,385730
53576,385700
53577,385690
53578,385600
53579,385580
53580,385530
53581,385490
53582,385440
53583,385410
53584,385400
53585,385390
53586,385370
53587,385360
53588,385350
53589,385310
53590,385270
53591,385260
53592,385230
53593,385220
53594,385190
53595,385150
53596,385100
53597,385080
53598,385070
53599,385060
53600,385030
53601,385020
53602,384990
53603,384980
53604,384960
53605,384950
53606,384940
53607,384920
53608,384910
53609,384890
53610,384840
53611,384750
53612,384740
53613,384730
53614,384700
53615,384670
53616,384660
53617,384590
53618,384570
53619,384550
53620,384490
53621,384480
53622,384360
53623,384330
53624,384310
53625,384300
53626,384250
53627,384210
53628,384200
53629,384150
53630,384120
53631,384100
53632,384090
53633,384080
53634,384040
53635,384030
53636,384010
53637,384000
53638,383960
53639,383950
53640,383930
53641,383810
53642,383800
53643,383790
53644,383780
53645,383750
53646,383720
53647,383710
53648,383700
53649,383670
53650,383630
53651,383620
53652,383590
53653,383580
53654,383570
53655,383560
53656,383540
53657,383530
53658,383470
53659,383330
53660,383240
53661,383230
53662,383190
53663,383180
53664,383120
53665,383070
53666,383020
53667,383010
53668,382920
53669,382880
53670,382500
53671,382490
53672,382480
53673,382420
53674,382350
53675,382330
53676,382320
53677,382300
53678,382270
53679,382250
53680,382180
53681,382160
53682,382140
53683,382130
53684,382120
53685,382110
53686,382090
53687,382080
53688,382070
53689,381990
53690,381940
53691,381910
53692,381900
53693,381850
53694,381800
53695,381770
53696,381750
53697,381640
53698,381610
53699,381590
53700,381560
53701,381340
53702,381320
53703,381310
53704,381260
53705,381250
53706,381220
53707,381170
53708,381140
53709,381130
53710,381120
53711,381100
53712,381050
53713,381010
53714,381000
53715,380990
53716,380950
53717,380930
53718,380920
53719,380860
53720,380840
53721,380750
53722,380690
53723,380680
53724,380580
53725,380570
53726,380560
53727,380550
53728,380540
53729,380360
53730,380220
53731,380210
53732,380120
53733,380100
53734,380020
53735,380000
53736,379990
53737,379970
53738,379960
53739,379870
53740,379760
53741,379610
53742,379600
53743,379530
53744,379520
53745,379420
53746,379390
53747,379320
53748,379290
53749,379260
53750,379250
53751,379040
53752,378830
53753,378810
53754,378800
53755,378790
53756,378760
53757,378700
53758,378660
53759,378590
53760,378580
53761,378570
53762,378540
53763,378530
53764,378510
53765,378490
53766,378480
53767,378420
53768,378410
53769,378380
53770,378370
53771,378360
53772,378350
53773,378270
53774,378260
53775,378240
53776,378110
53777,378100
53778,378090
53779,378080
53780,378070
53781,378030
53782,377980
53783,377970
53784,377940
53785,377900
53786,377880
53787,377760
53788,377720
53789,377680
53790,377570
53791,377550
53792,377530
53793,377520
53794,377500
53795,377480
53796,377470
53797,377360
53798,377320
53799,377310
53800,377300
53801,377290
53802,377260
53803,377250
53804,377190
53805,377150
53806,377140
53807,377120
53808,377100
53809,377070
53810,377060
53811,377020
53812,376920
53813,376880
53814,376870
53815,376790
53816,376780
53817,376770
53818,376760
53819,376750
53820,376730
53821,376620
53822,376570
53823,376560
53824,376490
53825,376480
53826,376450
53827,376410
53828,376250
53829,376240
53830,376150
53831,376140
53832,376130
53833,376120
53834,375980
53835,375930
53836,375910
53837,375900
53838,375850
53839,375810
53840,375790
53841,375770
53842,375710
53843,375680
53844,375620
53845,375600
53846,375580
53847,375550
53848,375520
53849,375510
53850,375500
53851,375460
53852,375450
53853,375430
53854,375420
53855,375330
53856,375320
53857,375310
53858,375290
53859,375220
53860,375210
53861,375190
53862,375180
53863,375170
53864,375040
53865,375030
53866,375020
53867,375010
53868,375000
53869,374990
53870,374960
53871,374950
53872,374940
53873,374830
53874,374690
53875,374640
53876,374620
53877,374540
53878,374520
53879,374510
53880,374460
53881,374450
53882,374400
53883,374380
53884,374360
53885,374280
53886,374240
53887,374170
53888,374150
53889,374120
53890,374080
53891,374060
53892,374050
53893,374030
53894,374010
53895,373990
53896,373960
53897,373930
53898,373920
53899,373880
53900,373870
53901,373860
53902,373820
53903,373810
53904,373800
53905,373730
53906,373720
53907,373670
53908,373650
53909,373640
53910,373630
53911,373620
53912,373610
53913,373600
53914,373480
53915,373460
53916,373440
53917,373360
53918,373330
53919,373290
53920,373240
53921,373140
53922,373120
53923,372970
53924,372950
53925,372890
53926,372820
53927,372800
53928,372780
53929,372750
53930,372740
53931,372730
53932,372720
53933,372670
53934,372590
53935,372570
53936,372560
53937,372540
53938,372490
53939,372480
53940,372430
53941,372390
53942,372380
53943,372350
53944,372340
53945,372330
53946,372320
53947,372250
53948,372190
53949,372160
53950,372150
53951,372080
53952,372030
53953,372000
53954,371900
53955,371890
53956,371880
53957,371850
53958,371800
53959,371790
53960,371710
53961,371670
53962,371620
53963,371570
53964,371530
53965,371520
53966,371510
53967,371460
53968,371450
53969,371430
53970,371410
53971,371400
53972,371390
53973,371380
53974,371370
53975,371360
53976,371330
53977,371320
53978,371310
53979,371300
53980,371280
53981,371220
53982,371190
53983,371140
53984,371100
53985,371010
53986,371000
53987,370940
53988,370900
53989,370870
53990,370800
53991,370780
53992,370770
53993,370730
53994,370710
53995,370700
53996,370690
53997,370660
53998,370640
53999,370620
54000,370600
54001,370590
54002,370570
54003,370560
54004,370510
54005,370490
54006,370440
54007,370350
54008,370310
54009,370270
54010,370240
54011,370220
54012,370210
54013,370200
54014,370190
54015,370170
54016,370150
54017,370130
54018,370120
54019,370090
54020,370080
54021,370070
54022,370050
54023,370040
54024,369890
54025,369860
54026,369700
54027,369640
54028,369570
54029,369560
54030,369550
54031,369460
54032,369440
54033,369370
54034,369360
54035,369310
54036,369290
54037,369280
54038,369270
54039,369230
54040,369190
54041,369180
54042,369120
54043,369110
54044,369100
54045,369080
54046,369070
54047,369060
54048,369040
54049,369030
54050,369000
54051,368990
54052,368970
54053,368880
54054,368860
54055,368830
54056,368780
54057,368770
54058,368760
54059,368740
54060,368730
54061,368710
54062,368700
54063,368690
54064,368640
54065,368600
54066,368590
54067,368470
54068,368450
54069,368430
54070,368310
54071,368290
54072,368250
54073,368220
54074,368180
54075,368150
54076,368140
54077,368080
54078,368070
54079,368050
54080,368040
54081,368000
54082,367990
54083,367820
54084,367800
54085,367780
54086,367710
54087,367700
54088,367550
54089,367430
54090,367350
54091,367340
54092,367300
54093,367260
54094,367240
54095,367140
54096,367110
54097,367080
54098,367060
54099,367050
54100,367040
54101,367030
54102,367020
54103,367010
54104,366990
54105,366970
54106,366960
54107,366920
54108,366910
54109,366870
54110,366780
54111,366760
54112,366700
54113,366670
54114,366640
54115,366620
54116,366610
54117,366590
54118,366570
54119,366550
54120,366530
54121,366510
54122,366440
54123,366410
54124,366350
54125,366290
54126,366280
54127,366230
54128,366220
54129,366210
54130,366180
54131,366100
54132,366060
54133,366010
54134,366000
54135,365980
54136,365960
54137,365890
54138,365880
54139,365860
54140,365850
54141,365820
54142,365810
54143,365800
54144,365770
54145,365760
54146,365730
54147,365680
54148,365670
54149,365630
54150,365620
54151,365590
54152,365560
54153,365510
54154,365500
54155,365480
54156,365460
54157,365430
54158,365420
54159,365400
54160,365340
54161,365330
54162,365320
54163,365280
54164,365270
54165,365240
54166,365210
54167,365150
54168,365140
54169,365120
54170,365110
54171,365090
54172,365080
54173,365070
54174,365060
54175,365050
54176,365020
54177,364980
54178,364970
54179,364940
54180,364920
54181,364910
54182,364900
54183,364890
54184,364880
54185,364850
54186,364830
54187,364820
54188,364800
54189,364790
54190,364770
54191,364750
54192,364740
54193,364720
54194,364710
54195,364700
54196,364690
54197,364670
54198,364640
54199,364630
54200,364480
54201,364470
54202,364450
54203,364380
54204,364370
54205,364360
54206,364350
54207,364300
54208,364250
54209,364200
54210,364190
54211,364130
54212,364100
54213,364060
54214,364050
54215,364000
54216,363970
54217,363960
54218,363950
54219,363940
54220,363920
54221,363900
54222,363860
54223,363840
54224,363690
54225,363680
54226,363670
54227,363660
54228,363650
54229,363620
54230,363610
54231,363600
54232,363580
54233,363530
54234,363520
54235,363510
54236,363500
54237,363490
54238,363430
54239,363410
54240,363360
54241,363270
54242,363240
54243,363220
54244,363180
54245,363150
54246,363130
54247,363070
54248,363060
54249,363050
54250,363020
54251,362940
54252,362920
54253,362860
54254,362830
54255,362790
54256,362780
54257,362740
54258,362710
54259,362670
54260,362660
54261,362610
54262,362410
54263,362400
54264,362380
54265,362350
54266,362310
54267,362290
54268,362160
54269,362150
54270,362140
54271,362130
54272,362050
54273,362020
54274,361970
54275,361950
54276,361890
54277,361830
54278,361790
54279,361690
54280,361620
54281,361600
54282,361560
54283,361550
54284,361430
54285,361380
54286,361330
54287,361200
54288,361190
54289,361160
54290,361130
54291,361100
54292,360970
54293,360890
54294,360880
54295,360840
54296,360830
54297,360730
54298,360600
54299,360580
54300,360560
54301,360550
54302,360530
54303,360520
54304,360510
54305,360450
54306,360430
54307,360400
54308,360390
54309,360380
54310,360170
54311,360150
54312,360040
54313,360030
54314,359970
54315,359960
54316,359940
54317,359900
54318,359810
54319,359800
54320,359670
54321,359630
54322,359620
54323,359610
54324,359600
54325,359580
54326,359560
54327,359440
54328,359420
54329,359370
54330,359320
54331,359280
54332,359260
54333,359250
54334,359230
54335,359220
54336,359190
54337,359160
54338,359140
54339,359090
54340,359070
54341,359060
54342,358930
54343,358840
54344,358770
54345,358760
54346,358700
54347,358400
54348,358380
54349,358340
54350,358320
54351,358310
54352,358300
54353,358230
54354,358220
54355,358210
54356,358200
54357,358080
54358,358030
54359,358010
54360,358000
54361,357940
54362,357930
54363,357920
54364,357910
54365,357900
54366,357890
54367,357840
54368,357830
54369,357780
54370,357750
54371,357700
54372,357690
54373,357670
54374,357650
54375,357600
54376,357500
54377,357490
54378,357480
54379,357370
54380,357320
54381,357290
54382,357280
54383,357200
54384,357120
54385,357030
54386,356910
54387,356890
54388,356880
54389,356820
54390,356800
54391,356790
54392,356770
54393,356730
54394,356580
54395,356560
54396,356550
54397,356540
54398,356460
54399,356450
54400,356420
54401,356380
54402,356370
54403,356310
54404,356290
54405,356280
54406,356270
54407,356210
54408,356180
54409,356170
54410,356160
54411,356130
54412,356110
54413,356100
54414,356090
54415,356030
54416,356000
54417,355970
54418,355910
54419,355870
54420,355860
54421,355820
54422,355810
54423,355800
54424,355760
54425,355690
54426,355680
54427,355660
54428,355650
54429,355570
54430,355560
54431,355520
54432,355510
54433,355500
54434,355490
54435,355460
54436,355430
54437,355420
54438,355400
54439,355370
54440,355350
54441,355310
54442,355270
54443,355240
54444,355230
54445,355190
54446,355180
54447,355150
54448,355140
54449,355130
54450,355100
54451,355080
54452,355070
54453,355060
54454,355020
54455,355010
54456,354970
54457,354960
54458,354950
54459,354930
54460,354920
54461,354860
54462,354820
54463,354780
54464,354770
54465,354730
54466,354720
54467,354690
54468,354600
54469,354560
54470,354430
54471,354400
54472,354380
54473,354310
54474,354290
54475,354280
54476,354230
54477,354200
54478,354180
54479,354160
54480,354130
54481,354050
54482,354040
54483,354030
54484,353990
54485,353980
54486,353940
54487,353890
54488,353790
54489,353630
54490,353610
54491,353600
54492,353580
54493,353550
54494,353380
54495,353340
54496,353320
54497,353300
54498,353280
54499,353260
54500,353190
54501,353110
54502,353080
54503,353070
54504,352960
54505,352950
54506,352900
54507,352890
54508,352850
54509,352810
54510,352790
54511,352760
54512,352750
54513,352740
54514,352640
54515,352620
54516,352580
54517,352550
54518,352530
54519,352440
54520,352430
54521,352370
54522,352360
54523,352290
54524,352280
54525,352240
54526,352210
54527,352190
54528,352170
54529,352160
54530,352140
54531,352130
54532,352120
54533,352050
54534,352030
54535,352010
54536,351910
54537,351900
54538,351820
54539,351810
54540,351800
54541,351790
54542,351730
54543,351720
54544,351690
54545,351630
54546,351490
54547,351470
54548,351450
54549,351420
54550,351410
54551,351400
54552,351340
54553,351330
54554,351320
54555,351300
54556,351290
54557,351240
54558,351220
54559,351170
54560,351160
54561,351150
54562,351140
54563,351100
54564,351080
54565,351060
54566,351050
54567,351030
54568,351020
54569,350990
54570,350880
54571,350870
54572,350810
54573,350800
54574,350780
54575,350770
54576,350700
54577,350660
54578,350640
54579,350630
54580,350620
54581,350610
54582,350600
54583,350550
54584,350530
54585,350500
54586,350490
54587,350480
54588,350400
54589,350380
54590,350310
54591,350210
54592,350200
54593,350110
54594,350090
54595,350010
54596,349950
54597,349840
54598,349790
54599,349780
54600,349730
54601,349690
54602,349670
54603,349650
54604,349550
54605,349540
54606,349530
54607,349520
54608,349510
54609,349500
54610,349470
54611,349460
54612,349450
54613,349440
54614,349280
54615,349270
54616,349260
54617,349240
54618,349190
54619,349150
54620,349140
54621,349100
54622,349060
54623,349020
54624,348980
54625,348960
54626,348870
54627,348860
54628,348840
54629,348810
54630,348800
54631,348790
54632,348740
54633,348730
54634,348700
54635,348670
54636,348650
54637,348610
54638,348540
54639,348510
54640,348470
54641,348460
54642,348450
54643,348400
54644,348380
54645,348360
54646,348340
54647,348320
54648,348290
54649,348280
54650,348270
54651,348180
54652,348160
54653,348110
54654,348010
54655,348000
54656,347950
54657,347940
54658,347930
54659,347820
54660,347790
54661,347730
54662,347710
54663,347690
54664,347680
54665,347660
54666,347630
54667,347600
54668,347580
54669,347560
54670,347520
54671,347480
54672,347470
54673,347440
54674,347400
54675,347330
54676,347290
54677,347280
54678,347270
54679,347260
54680,347250
54681,347240
54682,347230
54683,347170
54684,347120
54685,347060
54686,347040
54687,347010
54688,347000
54689,346950
54690,346920
54691,346830
54692,346780
54693,346770
54694,346750
54695,346670
54696,346650
54697,346640
54698,346630
54699,346550
54700,346510
54701,346500
54702,346490
54703,346450
54704,346440
54705,346420
54706,346340
54707,346330
54708,346320
54709,346240
54710,346210
54711,346200
54712,346180
54713,346160
54714,346140
54715,346120
54716,346090
54717,346080
54718,346040
54719,345990
54720,345790
54721,345750
54722,345710
54723,345700
54724,345690
54725,345660
54726,345640
54727,345580
54728,345480
54729,345460
54730,345440
54731,345350
54732,345340
54733,345330
54734,345310
54735,345290
54736,345280
54737,345260
54738,345230
54739,345220
54740,345140
54741,345130
54742,345080
54743,345060
54744,345030
54745,345020
54746,345010
54747,344960
54748,344920
54749,344910
54750,344900
54751,344890
54752,344850
54753,344840
54754,344820
54755,344810
54756,344800
54757,344760
54758,344500
54759,344410
54760,344300
54761,344270
54762,344230
54763,344220
54764,344190
54765,344160
54766,344130
54767,344100
54768,344030
54769,343990
54770,343930
54771,343830
54772,343820
54773,343810
54774,343800
54775,343770
54776,343740
54777,343710
54778,343690
54779,343630
54780,343570
54781,343430
54782,343410
54783,343390
54784,343360
54785,343340
54786,343320
54787,343280
54788,343270
54789,343180
54790,343170
54791,343140
54792,343120
54793,343100
54794,343070
54795,343020
54796,343000
54797,342990
54798,342980
54799,342970
54800,342920
54801,342910
54802,342890
54803,342870
54804,342860
54805,342650
54806,342640
54807,342570
54808,342550
54809,342540
54810,342530
54811,342520
54812,342510
54813,342500
54814,342480
54815,342450
54816,342360
54817,342310
54818,342260
54819,342240
54820,342230
54821,342190
54822,342180
54823,342130
54824,342100
54825,342090
54826,342080
54827,342020
54828,341960
54829,341930
54830,341910
54831,341890
54832,341870
54833,341820
54834,341770
54835,341760
54836,341750
54837,341720
54838,341710
54839,341700
54840,341690
54841,341680
54842,341660
54843,341640
54844,341570
54845,341540
54846,341530
54847,341510
54848,341500
54849,341480
54850,341470
54851,341440
54852,341390
54853,341380
54854,341360
54855,341310
54856,341290
54857,341270
54858,341260
54859,341160
54860,341150
54861,341090
54862,341080
54863,341070
54864,341060
54865,341030
54866,341020
54867,340990
54868,340960
54869,340950
54870,340920
54871,340880
54872,340860
54873,340840
54874,340810
54875,340770
54876,340750
54877,340740
54878,340720
54879,340700
54880,340680
54881,340650
54882,340630
54883,340600
54884,340570
54885,340560
54886,340550
54887,340500
54888,340490
54889,340480
54890,340470
54891,340460
54892,340450
54893,340440
54894,340380
54895,340370
54896,340350
54897,340330
54898,340320
54899,340290
54900,340280
54901,340270
54902,340250
54903,340220
54904,340210
54905,340200
54906,340190
54907,340170
54908,340150
54909,340070
54910,340030
54911,339860
54912,339850
54913,339840
54914,339830
54915,339820
54916,339750
54917,339740
54918,339720
54919,339710
54920,339700
54921,339690
54922,339640
54923,339610
54924,339600
54925,339590
54926,339580
54927,339560
54928,339510
54929,339500
54930,339470
54931,339460
54932,339440
54933,339320
54934,339290
54935,339280
54936,339250
54937,339240
54938,339230
54939,339210
54940,339200
54941,339110
54942,339090
54943,339040
54944,339000
54945,338890
54946,338840
54947,338830
54948,338820
54949,338760
54950,338710
54951,338680
54952,338640
54953,338630
54954,338590
54955,338550
54956,338540
54957,338530
54958,338490
54959,338420
54960,338390
54961,338350
54962,338330
54963,338320
54964,338310
54965,338300
54966,338290
54967,338260
54968,338140
54969,338130
54970,338120
54971,338110
54972,338090
54973,338080
54974,338070
54975,338060
54976,338050
54977,338040
54978,338030
54979,337980
54980,337970
54981,337960
54982,337940
54983,337890
54984,337880
54985,337820
54986,337730
54987,337700
54988,337680
54989,337670
54990,337650
54991,337630
54992,337480
54993,337460
54994,337450
54995,337430
54996,337420
54997,337410
54998,337360
54999,337290
55000,337280
55001,337220
55002,337210
55003,337130
55004,337070
55005,337040
55006,337000
55007,336940
55008,336930
55009,336840
55010,336780
55011,336770
55012,336730
55013,336710
55014,336700
55015,336680
55016,336670
55017,336630
55018,336530
55019,336420
55020,336380
55021,336250
55022,336230
55023,336220
55024,336210
55025,336200
55026,336160
55027,336090
55028,336060
55029,336040
55030,336030
55031,336020
55032,335940
55033,335920
55034,335900
55035,335890
55036,335840
55037,335830
55038,335820
55039,335770
55040,335700
55041,335690
55042,335660
55043,335560
55044,335460
55045,335450
55046,335430
55047,335420
55048,335410
55049,335330
55050,335320
55051,335310
55052,335220
55053,335210
55054,335200
55055,335190
55056,335180
55057,335120
55058,335100
55059,335090
55060,335070
55061,335050
55062,335010
55063,334980
55064,334960
55065,334850
55066,334840
55067,334830
55068,334710
55069,334690
55070,334620
55071,334490
55072,334480
55073,334470
55074,334420
55075,334410
55076,334290
55077,334280
55078,334270
55079,334210
55080,334190
55081,334140
55082,334120
55083,334100
55084,334070
55085,334040
55086,334030
55087,333990
55088,333970
55089,333950
55090,333880
55091,333870
55092,333730
55093,333690
55094,333660
55095,333650
55096,333580
55097,333540
55098,333510
55099,333490
55100,333430
55101,333390
55102,333380
55103,333350
55104,333340
55105,333330
55106,333290
55107,333210
55108,333200
55109,333130
55110,333120
55111,333100
55112,332880
55113,332830
55114,332810
55115,332790
55116,332760
55117,332730
55118,332710
55119,332700
55120,332630
55121,332620
55122,332540
55123,332530
55124,332500
55125,332490
55126,332470
55127,332410
55128,332390
55129,332370
55130,332360
55131,332310
55132,332270
55133,332250
55134,331980
55135,331880
55136,331790
55137,331760
55138,331720
55139,331690
55140,331650
55141,331610
55142,331600
55143,331580
55144,331570
55145,331510
55146,331450
55147,331430
55148,331400
55149,331390
55150,331340
55151,331290
55152,331220
55153,331210
55154,331200
55155,331190
55156,331120
55157,330990
55158,330880
55159,330840
55160,330820
55161,330770
55162,330680
55163,330670
55164,330660
55165,330620
55166,330590
55167,330580
55168,330520
55169,330500
55170,330470
55171,330460
55172,330450
55173,330420
55174,330370
55175,330350
55176,330270
55177,330100
55178,329980
55179,329960
55180,329830
55181,329790
55182,329770
55183,329680
55184,329670
55185,329650
55186,329640
55187,329630
55188,329620
55189,329500
55190,329480
55191,329460
55192,329440
55193,329380
55194,329350
55195,329340
55196,329310
55197,329280
55198,329260
55199,329240
55200,329200
55201,329190
55202,329110
55203,329070
55204,329040
55205,329020
55206,329000
55207,328990
55208,328940
55209,328930
55210,328900
55211,328890
55212,328880
55213,328830
55214,328780
55215,328740
55216,328710
55217,328680
55218,328670
55219,328650
55220,328640
55221,328590
55222,328580
55223,328550
55224,328510
55225,328500
55226,328460
55227,328450
55228,328440
55229,328430
55230,328310
55231,328270
55232,328220
55233,328100
55234,328060
55235,328000
55236,327980
55237,327960
55238,327950
55239,327940
55240,327920
55241,327910
55242,327890
55243,327870
55244,327860
55245,327760
55246,327690
55247,327670
55248,327640
55249,327510
55250,327490
55251,327450
55252,327440
55253,327380
55254,327260
55255,327210
55256,327150
55257,327090
55258,327060
55259,327010
55260,326990
55261,326960
55262,326950
55263,326730
55264,326650
55265,326590
55266,326520
55267,326470
55268,326420
55269,326380
55270,326360
55271,326340
55272,326230
55273,326220
55274,326190
55275,326180
55276,326160
55277,326130
55278,326120
55279,326110
55280,326060
55281,325880
55282,325870
55283,325860
55284,325790
55285,325760
55286,325730
55287,325630
55288,325470
55289,325430
55290,325420
55291,325370
55292,325320
55293,325210
55294,325160
55295,325110
55296,325090
55297,325060
55298,324810
55299,324770
55300,324760
55301,324750
55302,324740
55303,324730
55304,324650
55305,324610
55306,324520
55307,324510
55308,324470
55309,324460
55310,324420
55311,324400
55312,324390
55313,324310
55314,324260
55315,324240
55316,324190
55317,324170
55318,324120
55319,324110
55320,324090
55321,323780
55322,323760
55323,323720
55324,323700
55325,323680
55326,323620
55327,323580
55328,323450
55329,323280
55330,323270
55331,323260
55332,323250
55333,323240
55334,323060
55335,323040
55336,323020
55337,323000
55338,322990
55339,322980
55340,322970
55341,322950
55342,322920
55343,322900
55344,322850
55345,322780
55346,322750
55347,322630
55348,322610
55349,322580
55350,322550
55351,322540
55352,322520
55353,322440
55354,322410
55355,322080
55356,321980
55357,321960
55358,321950
55359,321940
55360,321920
55361,321890
55362,321880
55363,321870
55364,321830
55365,321710
55366,321630
55367,321610
55368,321600
55369,321540
55370,321450
55371,321400
55372,321390
55373,321370
55374,321350
55375,321330
55376,321270
55377,321160
55378,321150
55379,321080
55380,321060
55381,321030
55382,320970
55383,320880
55384,320840
55385,320820
55386,320790
55387,320690
55388,320670
55389,320650
55390,320630
55391,320540
55392,320520
55393,320400
55394,320340
55395,320330
55396,320320
55397,320310
55398,320240
55399,320120
55400,320110
55401,320090
55402,320040
55403,319970
55404,319910
55405,319830
55406,319780
55407,319740
55408,319570
55409,319560
55410,319540
55411,319470
55412,319430
55413,319390
55414,319300
55415,319280
55416,319270
55417,319260
55418,319230
55419,319210
55420,319180
55421,319150
55422,319140
55423,319130
55424,319050
55425,318950
55426,318860
55427,318740
55428,318690
55429,318660
55430,318650
55431,318600
55432,318570
55433,318560
55434,318480
55435,318440
55436,318350
55437,318330
55438,318320
55439,318310
55440,318300
55441,318260
55442,318230
55443,318220
55444,318170
55445,318100
55446,318090
55447,318080
55448,318020
55449,317970
55450,317950
55451,317940
55452,317920
55453,317910
55454,317850
55455,317840
55456,317820
55457,317750
55458,317720
55459,317620
55460,317610
55461,317580
55462,317560
55463,317530
55464,317470
55465,317440
55466,317410
55467,317380
55468,317370
55469,317360
55470,317300
55471,317290
55472,317280
55473,317210
55474,317100
55475,317080
55476,317060
55477,317020
55478,316970
55479,316930
55480,316890
55481,316870
55482,316850
55483,316840
55484,316830
55485,316810
55486,316750
55487,316740
55488,316700
55489,316660
55490,316480
55491,316430
55492,316370
55493,316320
55494,316240
55495,316180
55496,316160
55497,316140
55498,316050
55499,316040
55500,316030
55501,316020
55502,316010
55503,315940
55504,315930
55505,315920
55506,315860
55507,315850
55508,315690
55509,315680
55510,315660
55511,315650
55512,315610
55513,315550
55514,315540
55515,315480
55516,315450
55517,315430
55518,315340
55519,315330
55520,315320
55521,315260
55522,315240
55523,315210
55524,315130
55525,315110
55526,315080
55527,315070
55528,314980
55529,314950
55530,314830
55531,314810
55532,314770
55533,314760
55534,314730
55535,314710
55536,314630
55537,314590
55538,314570
55539,314560
55540,314540
55541,314520
55542,314510
55543,314460
55544,314430
55545,314380
55546,314370
55547,314360
55548,314350
55549,314340
55550,314320
55551,314300
55552,314290
55553,314280
55554,314250
55555,314240
55556,314220
55557,314210
55558,314200
55559,314150
55560,314120
55561,314010
55562,314000
55563,313980
55564,313960
55565,313870
55566,313830
55567,313810
55568,313780
55569,313740
55570,313700
55571,313660
55572,313650
55573,313630
55574,313620
55575,313590
55576,313390
55577,313360
55578,313330
55579,313290
55580,313210
55581,313200
55582,313190
55583,313140
55584,313130
55585,313120
55586,313080
55587,313040
55588,313030
55589,313010
55590,312990
55591,312970
55592,312960
55593,312900
55594,312860
55595,312790
55596,312720
55597,312650
55598,312640
55599,312630
55600,312600
55601,312590
55602,312450
55603,312440
55604,312420
55605,312410
55606,312400
55607,312360
55608,312310
55609,312300
55610,312280
55611,312240
55612,312230
55613,312220
55614,312210
55615,312200
55616,312150
55617,312060
55618,312050
55619,312010
55620,311980
55621,311950
55622,311910
55623,311860
55624,311850
55625,311840
55626,311820
55627,311730
55628,311680
55629,311490
55630,311400
55631,311310
55632,311290
55633,311260
55634,311250
55635,311170
55636,311140
55637,311120
55638,311100
55639,311080
55640,311060
55641,311040
55642,310970
55643,310950
55644,310890
55645,310880
55646,310850
55647,310830
55648,310640
55649,310470
55650,310460
55651,310450
55652,310370
55653,310110
55654,310070
55655,309900
55656,309890
55657,308580
55658,308560
55659,308540
55660,308460
55661,308440
55662,308380
55663,308360
55664,308270
55665,308180
55666,308080
55667,308060
55668,308000
55669,307990
55670,307980
55671,307960
55672,307950
55673,307930
55674,307920
55675,307900
55676,307880
55677,307810
55678,307770
55679,307760
55680,307670
55681,307620
55682,307570
55683,307560
55684,307430
55685,307410
55686,307350
55687,307290
55688,307270
55689,307210
55690,307190
55691,307170
55692,307150
55693,307130
55694,307090
55695,307050
55696,307030
55697,307010
55698,306950
55699,306930
55700,306760
55701,306680
55702,306670
55703,306630
55704,306620
55705,306550
55706,306500
55707,306490
55708,306480
55709,306440
55710,306410
55711,306370
55712,306350
55713,306260
55714,306200
55715,306040
55716,306000
55717,305980
55718,305960
55719,305940
55720,305900
55721,305880
55722,305860
55723,305840
55724,305820
55725,305800
55726,305780
55727,305760
55728,305740
55729,305720
55730,305700
55731,305660
55732,305640
55733,305510
55734,305500
55735,305490
55736,305480
55737,305390
55738,305280
55739,305260
55740,305070
55741,305010
55742,304950
55743,304850
55744,304810
55745,304750
55746,304730
55747,304690
55748,304670
55749,304610
55750,304580
55751,304570
55752,304540
55753,304530
55754,304500
55755,304460
55756,304440
55757,304390
55758,304350
55759,304290
55760,304170
55761,304150
55762,303940
55763,303910
55764,303880
55765,303870
55766,303860
55767,303840
55768,303830
55769,303800
55770,303790
55771,303720
55772,303530
55773,303510
55774,303470
55775,303390
55776,303340
55777,303260
55778,302970
55779,302950
55780,302910
55781,302870
55782,302850
55783,302830
55784,302810
55785,302730
55786,302670
55787,302650
55788,302570
55789,302470
55790,302460
55791,302440
55792,302390
55793,302370
55794,302360
55795,302340
55796,302330
55797,302320
55798,302310
55799,302290
55800,302270
55801,302260
55802,302210
55803,302190
55804,302180
55805,302170
55806,302160
55807,302060
55808,302010
55809,301990
55810,301980
55811,301930
55812,301920
55813,301910
55814,301860
55815,301840
55816,301760
55817,301750
55818,301740
55819,301730
55820,301700
55821,301690
55822,301670
55823,301560
55824,301540
55825,301520
55826,301500
55827,301460
55828,301420
55829,301380
55830,301360
55831,301260
55832,301250
55833,301220
55834,301170
55835,301050
55836,300910
55837,300900
55838,300820
55839,300790
55840,300630
55841,300620
55842,300610
55843,300580
55844,300540
55845,300510
55846,300360
55847,300320
55848,300280
55849,300260
55850,300220
55851,300160
55852,300060
55853,299950
55854,299910
55855,299840
55856,299820
55857,299800
55858,299780
55859,299740
55860,299600
55861,299480
55862,299460
55863,299440
55864,299420
55865,299380
55866,299360
55867,299340
55868,299260
55869,299250
55870,299180
55871,299170
55872,299160
55873,299150
55874,299130
55875,299100
55876,299090
55877,299080
55878,299050
55879,299020
55880,298950
55881,298930
55882,298920
55883,298900
55884,298860
55885,298850
55886,298840
55887,298830
55888,298820
55889,298790
55890,298610
55891,298480
55892,298420
55893,298380
55894,298340
55895,298280
55896,298260
55897,298240
55898,298220
55899,298180
55900,298160
55901,298140
55902,298050
55903,298020
55904,298010
55905,298000
55906,297920
55907,297750
55908,297740
55909,297720
55910,297660
55911,297620
55912,297570
55913,297470
55914,297450
55915,297410
55916,297350
55917,297330
55918,297310
55919,297290
55920,297210
55921,297190
55922,297130
55923,297080
55924,297070
55925,297060
55926,297020
55927,297000
55928,296930
55929,296910
55930,296890
55931,296850
55932,296830
55933,296790
55934,296770
55935,296730
55936,296650
55937,296630
55938,296590
55939,296550
55940,296530
55941,296510
55942,296280
55943,296210
55944,296180
55945,296150
55946,296070
55947,296050
55948,296030
55949,296010
55950,295990
55951,295930
55952,295910
55953,295870
55954,295770
55955,295730
55956,295710
55957,295670
55958,295650
55959,295610
55960,295590
55961,295490
55962,295250
55963,294830
55964,294790
55965,294770
55966,294750
55967,294710
55968,294700
55969,294690
55970,294580
55971,294510
55972,294460
55973,294420
55974,294390
55975,294370
55976,294280
55977,294260
55978,294190
55979,294060
55980,294040
55981,294020
55982,293980
55983,293960
55984,293940
55985,293920
55986,293900
55987,293860
55988,293840
55989,293720
55990,293600
55991,293540
55992,293480
55993,293460
55994,293440
55995,293420
55996,293340
55997,293320
55998,293260
55999,293200
56000,293180
56001,293160
56002,292880
56003,292860
56004,292840
56005,292820
56006,292760
56007,292730
56008,292670
56009,292660
56010,292630
56011,292620
56012,292570
56013,292480
56014,292420
56015,292400
56016,292390
56017,292380
56018,292370
56019,292350
56020,292330
56021,292300
56022,292280
56023,292230
56024,292200
56025,292180
56026,292160
56027,292140
56028,292120
56029,292090
56030,292060
56031,292000
56032,291960
56033,291930
56034,291910
56035,291840
56036,291770
56037,291690
56038,291640
56039,291630
56040,291610
56041,291480
56042,291450
56043,291430
56044,291390
56045,291370
56046,291330
56047,291290
56048,291270
56049,291250
56050,291190
56051,291170
56052,291130
56053,291070
56054,291050
56055,291030
56056,291010
56057,290990
56058,290970
56059,290870
56060,290850
56061,290810
56062,290790
56063,290650
56064,290530
56065,290490
56066,290470
56067,290460
56068,290440
56069,290280
56070,290180
56071,290080
56072,290060
56073,290040
56074,290020
56075,290000
56076,289930
56077,289890
56078,289840
56079,289820
56080,289800
56081,289780
56082,289760
56083,289690
56084,289650
56085,289620
56086,289600
56087,289580
56088,289520
56089,289500
56090,289480
56091,289460
56092,289400
56093,289380
56094,289340
56095,289320
56096,289280
56097,289260
56098,289240
56099,289220
56100,289180
56101,289090
56102,289060
56103,289050
56104,288970
56105,288880
56106,288860
56107,288830
56108,288790
56109,288750
56110,288730
56111,288710
56112,288690
56113,288670
56114,288650
56115,288630
56116,288610
56117,288500
56118,288420
56119,288330
56120,288270
56121,288260
56122,288140
56123,288100
56124,288040
56125,288020
56126,287960
56127,287920
56128,287840
56129,287780
56130,287740
56131,287720
56132,287600
56133,287580
56134,287371
56135,287370
56136,287290
56137,287220
56138,287200
56139,287120
56140,287100
56141,286940
56142,286930
56143,286880
56144,286830
56145,286810
56146,286790
56147,286770
56148,286750
56149,286730
56150,286650
56151,286520
56152,286380
56153,286360
56154,286220
56155,286200
56156,286140
56157,286120
56158,286040
56159,285980
56160,285960
56161,285840
56162,285580
56163,285520
56164,285480
56165,285380
56166,285350
56167,285190
56168,285130
56169,285090
56170,285070
56171,285010
56172,284990
56173,284970
56174,284930
56175,284910
56176,284580
56177,284410
56178,284220
56179,284200
56180,284140
56181,284100
56182,284020
56183,284000
56184,283660
56185,283620
56186,283600
56187,283580
56188,283560
56189,283490
56190,283470
56191,283430
56192,283410
56193,283390
56194,283370
56195,283350
56196,283330
56197,283310
56198,283270
56199,283230
56200,283180
56201,283060
56202,283040
56203,283020
56204,283000
56205,282880
56206,282860
56207,282780
56208,282680
56209,282640
56210,282620
56211,282560
56212,282210
56213,282100
56214,282050
56215,281940
56216,281840
56217,281820
56218,281610
56219,281580
56220,281560
56221,281430
56222,281410
56223,281390
56224,281370
56225,281350
56226,281260
56227,281240
56228,281220
56229,281200
56230,281080
56231,281060
56232,280890
56233,280850
56234,280830
56235,280790
56236,280640
56237,280620
56238,280600
56239,280540
56240,280520
56241,280500
56242,280380
56243,280360
56244,280320
56245,280140
56246,280040
56247,279990
56248,279920
56249,279900
56250,279740
56251,279720
56252,279640
56253,279580
56254,279560
56255,279540
56256,279520
56257,279500
56258,279480
56259,279460
56260,279440
56261,279420
56262,279260
56263,279160
56264,279140
56265,278970
56266,278930
56267,278810
56268,278640
56269,278620
56270,278590
56271,278570
56272,278550
56273,278530
56274,278510
56275,278490
56276,278440
56277,278190
56278,277990
56279,277910
56280,277870
56281,277850
56282,277751
56283,277650
56284,277630
56285,277590
56286,277560
56287,277540
56288,277520
56289,277510
56290,277500
56291,277470
56292,277450
56293,277430
56294,277270
56295,276870
56296,276810
56297,276750
56298,276730
56299,276460
56300,276440
56301,276430
56302,276380
56303,276360
56304,276300
56305,276240
56306,276220
56307,275810
56308,275530
56309,275510
56310,275490
56311,275470
56312,275350
56313,275310
56314,275080
56315,275060
56316,275030
56317,274980
56318,274960
56319,274880
56320,274620
56321,274560
56322,274480
56323,274310
56324,274290
56325,274250
56326,274230
56327,274010
56328,273960
56329,273940
56330,273890
56331,273860
56332,273850
56333,273830
56334,273820
56335,273800
56336,273790
56337,273770
56338,273760
56339,273740
56340,273730
56341,273620
56342,273600
56343,273590
56344,273350
56345,273240
56346,273130
56347,273110
56348,273070
56349,273030
56350,272990
56351,272890
56352,272470
56353,272300
56354,272270
56355,272230
56356,272060
56357,272010
56358,271990
56359,271860
56360,271760
56361,271640
56362,271570
56363,271500
56364,271370
56365,271260
56366,271240
56367,270950
56368,270910
56369,270830
56370,270810
56371,270770
56372,270760
56373,270750
56374,270680
56375,270660
56376,270590
56377,270570
56378,270430
56379,270330
56380,270310
56381,270270
56382,270190
56383,270170
56384,270090
56385,270070
56386,270050
56387,269990
56388,269890
56389,269850
56390,269790
56391,269730
56392,269710
56393,269690
56394,269630
56395,269610
56396,269590
56397,269570
56398,269550
56399,269530
56400,269470
56401,269430
56402,269370
56403,269350
56404,269310
56405,269290
56406,269230
56407,269210
56408,269190
56409,269150
56410,269110
56411,269010
56412,268970
56413,268890
56414,268870
56415,268850
56416,268670
56417,268540
56418,268520
56419,268360
56420,268340
56421,268320
56422,268200
56423,267980
56424,267960
56425,267940
56426,267900
56427,267890
56428,267730
56429,267670
56430,267610
56431,267600
56432,267490
56433,267360
56434,267340
56435,267220
56436,267060
56437,266980
56438,266430
56439,266370
56440,266330
56441,266310
56442,266290
56443,266270
56444,266190
56445,266170
56446,266150
56447,266090
56448,266050
56449,266030
56450,265990
56451,265970
56452,265950
56453,265870
56454,265830
56455,265810
56456,265790
56457,265770
56458,265750
56459,265730
56460,265590
56461,265550
56462,265380
56463,265330
56464,265300
56465,265240
56466,265230
56467,265120
56468,265100
56469,264930
56470,264850
56471,264730
56472,264660
56473,264580
56474,264540
56475,264520
56476,264460
56477,264440
56478,264420
56479,264400
56480,264320
56481,264300
56482,264280
56483,264140
56484,264120
56485,264020
56486,264000
56487,263960
56488,263920
56489,263860
56490,263800
56491,263720
56492,263700
56493,263680
56494,263640
56495,263620
56496,263560
56497,263540
56498,263520
56499,263480
56500,263460
56501,263420
56502,263380
56503,263360
56504,263340
56505,263320
56506,263200
56507,263180
56508,263140
56509,263120
56510,263100
56511,263040
56512,262980
56513,262960
56514,262920
56515,262900
56516,262870
56517,262810
56518,262770
56519,262750
56520,262650
56521,262630
56522,262610
56523,262510
56524,262490
56525,262370
56526,262300
56527,262190
56528,262150
56529,262120
56530,262100
56531,262080
56532,261960
56533,261940
56534,261920
56535,261900
56536,261760
56537,261740
56538,261720
56539,261680
56540,261530
56541,261470
56542,261430
56543,261110
56544,260990
56545,260930
56546,260710
56547,260690
56548,260650
56549,260550
56550,260510
56551,260430
56552,260410
56553,260380
56554,260330
56555,260309
56556,260250
56557,260210
56558,260130
56559,260080
56560,260060
56561,260040
56562,260020
56563,260000
56564,259960
56565,259940
56566,259890
56567,259830
56568,259760
56569,259720
56570,259700
56571,259660
56572,259640
56573,259620
56574,259510
56575,259490
56576,259470
56577,259450
56578,259430
56579,259390
56580,259340
56581,259320
56582,259190
56583,259170
56584,259130
56585,259020
56586,258950
56587,258890
56588,258880
56589,258643
56590,258590
56591,258240
56592,258220
56593,258200
56594,258180
56595,258150
56596,258090
56597,258070
56598,258050
56599,257870
56600,257830
56601,257770
56602,257730
56603,257670
56604,257650
56605,257610
56606,257400
56607,257380
56608,257220
56609,257190
56610,257120
56611,257050
56612,256390
56613,256330
56614,256190
56615,256070
56616,256030
56617,256010
56618,255940
56619,255920
56620,255440
56621,255370
56622,255340
56623,255280
56624,255260
56625,255163
56626,255070
56627,254920
56628,254900
56629,254860
56630,254590
56631,254560
56632,254370
56633,254300
56634,254200
56635,254100
56636,254080
56637,254060
56638,253980
56639,253960
56640,253940
56641,253920
56642,253880
56643,253860
56644,253770
56645,253710
56646,253690
56647,253670
56648,253650
56649,253630
56650,253610
56651,253570
56652,253510
56653,253410
56654,253390
56655,253370
56656,253350
56657,253330
56658,253310
56659,253250
56660,253190
56661,253150
56662,252970
56663,252910
56664,252850
56665,252830
56666,252730
56667,252690
56668,252570
56669,252470
56670,252450
56671,252430
56672,252390
56673,252350
56674,252270
56675,252250
56676,252230
56677,252170
56678,252090
56679,252070
56680,252050
56681,251950
56682,251910
56683,251890
56684,251850
56685,251810
56686,251690
56687,251650
56688,251590
56689,251530
56690,251510
56691,251490
56692,251450
56693,251410
56694,251310
56695,251230
56696,251170
56697,251020
56698,250820
56699,250740
56700,250720
56701,250680
56702,250660
56703,250640
56704,250580
56705,250560
56706,250540
56707,250460
56708,250420
56709,250360
56710,250340
56711,250070
56712,250030
56713,249990
56714,249930
56715,249650
56716,249610
56717,249570
56718,249550
56719,249360
56720,249230
56721,249190
56722,248800
56723,248710
56724,248650
56725,248530
56726,248510
56727,248490
56728,248470
56729,248450
56730,248370
56731,248350
56732,248290
56733,248270
56734,248140
56735,247950
56736,247890
56737,247870
56738,247660
56739,247370
56740,247310
56741,247260
56742,247000
56743,246980
56744,246940
56745,246920
56746,246880
56747,246820
56748,246800
56749,246760
56750,246740
56751,246720
56752,246680
56753,246640
56754,246440
56755,246360
56756,246340
56757,246300
56758,246110
56759,246090
56760,246070
56761,245730
56762,245620
56763,245490
56764,245470
56765,245410
56766,245370
56767,245300
56768,245150
56769,245050
56770,245010
56771,244950
56772,244910
56773,244890
56774,244830
56775,244810
56776,244770
56777,244750
56778,244690
56779,244590
56780,244410
56781,244090
56782,244070
56783,244050
56784,244030
56785,243950
56786,243930
56787,243890
56788,243820
56789,243470
56790,243340
56791,243280
56792,243060
56793,243020
56794,243000
56795,242980
56796,242960
56797,242940
56798,242880
56799,242840
56800,242720
56801,242610
56802,242590
56803,242570
56804,242530
56805,242180
56806,242130
56807,242110
56808,241790
56809,241760
56810,241720
56811,241700
56812,241660
56813,241620
56814,241210
56815,241000
56816,240660
56817,240620
56818,240600
56819,240570
56820,240360
56821,240320
56822,239840
56823,239200
56824,239160
56825,238930
56826,238910
56827,238890
56828,238870
56829,238750
56830,238630
56831,238510
56832,238430
56833,238280
56834,238260
56835,238240
56836,237970
56837,237950
56838,237890
56839,237870
56840,237760
56841,237550
56842,237470
56843,237430
56844,237370
56845,237350
56846,237130
56847,236970
56848,236790
56849,236730
56850,236690
56851,236510
56852,236490
56853,236390
56854,236370
56855,236290
56856,236150
56857,236130
56858,236110
56859,236010
56860,235720
56861,235620
56862,235520
56863,235380
56864,235360
56865,235070
56866,234940
56867,234920
56868,234820
56869,234510
56870,234490
56871,234370
56872,234330
56873,234290
56874,233840
56875,233530
56876,233510
56877,233370
56878,233230
56879,233210
56880,233110
56881,233070
56882,233050
56883,232950
56884,232890
56885,232750
56886,232450
56887,232430
56888,232050
56889,231720
56890,231430
56891,231330
56892,231310
56893,231250
56894,231140
56895,231040
56896,231020
56897,230980
56898,230840
56899,230780
56900,230760
56901,230700
56902,230650
56903,230150
56904,229970
56905,229890
56906,229810
56907,229600
56908,229580
56909,229560
56910,229520
56911,228860
56912,228440
56913,228400
56914,228320
56915,228260
56916,227860
56917,227800
56918,227760
56919,227560
56920,227380
56921,227180
56922,227160
56923,227060
56924,227020
56925,226960
56926,226860
56927,226780
56928,226740
56929,226720
56930,226700
56931,226560
56932,226280
56933,226120
56934,226100
56935,225640
56936,225600
56937,225580
56938,225420
56939,225360
56940,225020
56941,225000
56942,224940
56943,224900
56944,224860
56945,224740
56946,224500
56947,224000
56948,223710
56949,223630
56950,223510
56951,223490
56952,223450
56953,223430
56954,223410
56955,223370
56956,223330
56957,223220
56958,223100
56959,222860
56960,222730
56961,222640
56962,222618
56963,222606
56964,222520
56965,222500
56966,222480
56967,222400
56968,222180
56969,222160
56970,222140
56971,221220
56972,221100
56973,221030
56974,221020
56975,220980
56976,220960
56977,220900
56978,220660
56979,220420
56980,220160
56981,219850
56982,219760
56983,219700
56984,219680
56985,219520
56986,219070
56987,219030
56988,218820
56989,218700
56990,218660
56991,218510
56992,218090
56993,218040
56994,218020
56995,217920
56996,217790
56997,217750
56998,217690
56999,217470
57000,217270
57001,217140
57002,217100
57003,216930
57004,216910
57005,216690
57006,216670
57007,216330
57008,216210
57009,216150
57010,216130
57011,215930
57012,215870
57013,215830
57014,215790
57015,215770
57016,215690
57017,215670
57018,215630
57019,215550
57020,215510
57021,215470
57022,215450
57023,215390
57024,215280
57025,215220
57026,215080
57027,215020
57028,214910
57029,214870
57030,214700
57031,214630
57032,214570
57033,214550
57034,214420
57035,214360
57036,214250
57037,214150
57038,214100
57039,213910
57040,213870
57041,213450
57042,213390
57043,213350
57044,213030
57045,212780
57046,212700
57047,212630
57048,212500
57049,212390
57050,212110
57051,212070
57052,212030
57053,212010
57054,211970
57055,211800
57056,211780
57057,211580
57058,211500
57059,211400
57060,211360
57061,211280
57062,211206
57063,211180
57064,211160
57065,211120
57066,211050
57067,210170
57068,209870
57069,209850
57070,209750
57071,209730
57072,209690
57073,209670
57074,209650
57075,209630
57076,209610
57077,209540
57078,209520
57079,209390
57080,209360
57081,209330
57082,209270
57083,209160
57084,209120
57085,209040
57086,208730
57087,208710
57088,208670
57089,208640
57090,208630
57091,208620
57092,208520
57093,208480
57094,208460
57095,208110
57096,207930
57097,207790
57098,207770
57099,207730
57100,207710
57101,207670
57102,207650
57103,207510
57104,207430
57105,207420
57106,207250
57107,207230
57108,207190
57109,207100
57110,207040
57111,207000
57112,206760
57113,206610
57114,206480
57115,206410
57116,206250
57117,206230
57118,206060
57119,206040
57120,205990
57121,205810
57122,205700
57123,205690
57124,205650
57125,205610
57126,205550
57127,205530
57128,205270
57129,205250
57130,205080
57131,205070
57132,205060
57133,204940
57134,204860
57135,204610
57136,204580
57137,204560
57138,204410
57139,204260
57140,204220
57141,204060
57142,204050
57143,203990
57144,203970
57145,203650
57146,203560
57147,203290
57148,202860
57149,202750
57150,202710
57151,202530
57152,202370
57153,202310
57154,202200
57155,202130
57156,202070
57157,201830
57158,201680
57159,201570
57160,201510
57161,201490
57162,201480
57163,201290
57164,201271
57165,201230
57166,201210
57167,201070
57168,201010
57169,201000
57170,200990
57171,200980
57172,200670
57173,200550
57174,200490
57175,200410
57176,200390
57177,200370
57178,200240
57179,200230
57180,200190
57181,200150
57182,200130
57183,200020
57184,116100
57185,115320
57186,115220
57187,115210
57188,115200
57189,113420
57190,113400
57191,111900
57192,111800
57193,111400
57194,111300
57195,111100
57196,111010
57197,111000
57198,110630
57199,110610
57200,110600
57201,110500
57202,110400
57203,109700
57204,109600
57205,109500
57206,109200
57207,108700
57208,108210
57209,108110
57210,107110
57211,105800
57212,105700
57213,105420
57214,105300
57215,105100
57216,105000
57217,104900
57218,104600
57219,104100
57220,104020
57221,104000
57222,102850
57223,102610
57224,102400
57225,102200
57226,100400
57227,99410
57228,99400
57229,99120
57230,99100
57231,98900
57232,98600
57233,98500
57234,98100
57235,97010
57236,96900
57237,96800
57238,96200
57239,95900
57240,95300
57241,94620
57242,94610
57243,94600
57244,94510
57245,94000
57246,92900
57247,92810
57248,92700
57249,92600
57250,92400
57251,92300
57252,92220
57253,92210
57254,92200
57255,92100
57256,92000
57257,91810
57258,91330
57259,90500
57260,90400
57261,80300
57262,80200
57263,80000
57264,73210
57265,73190
57266,73060
57267,73050
57268,73020
57269,73010
57270,72900
57271,72400
57272,71390
57273,71165
57274,71164
57275,71160
57276,71120
57277,71117
57278,71116
57279,71115
57280,71112
57281,71000
57282,70660
57283,70650
57284,70500
57285,70420
57286,70410
57287,70310
57288,70120
57289,70110
57290,70100
57291,67000
57292,65980
57293,65930
57294,65900
57295,65790
57296,65780
57297,65740
57298,65730
57299,65610
57300,65600
57301,65560
57302,65530
57303,65500
57304,65200
57305,65080
57306,65070
57307,63960
57308,63950
57309,63940
57310,63800
57311,63650
57312,63640
57313,63630
57314,63620
57315,63500
57316,63200
57317,63110
57318,61500
57319,61310
57320,61100
57321,60800
57322,60700
57323,60600
57324,60340
57325,58610
57326,58550
57327,58520
57328,58400
57329,58230
57330,57900
57331,57800
57332,57750
57333,57740
57334,57700
57335,57680
57336,57650
57337,57620
57338,56438
57339,55410
57340,55370
57341,55110
57342,55100
57343,55020
57344,51030
57345,51020
57346,50980
57347,50970
57348,50960
57349,50940
57350,50930
57351,50920
57352,50910
57353,50510
57354,49900
57355,49810
57356,49800
57357,49610
57358,49330
57359,49320
57360,49300
57361,49000
57362,48810
57363,48800
57364,48710
57365,48240
57366,48220
57367,48150
57368,48110
57369,48010
57370,47920
57371,47790
57372,47700
57373,47500
57374,47410
57375,47400
57376,47110
57377,46850
57378,46840
57379,46830
57380,46790
57381,46770
57382,46760
57383,46750
57384,46740
57385,46730
57386,46720
57387,46710
57388,46700
57389,46600
57390,46570
57391,46560
57392,46550
57393,46540
57394,46520
57395,46490
57396,46450
57397,46440
57398,46410
57399,46400
57400,46380
57401,46370
57402,46360
57403,46350
57404,46340
57405,46290
57406,46280
57407,46260
57408,46250
57409,46200
57410,46000
57411,45770
57412,45750
57413,45740
57414,45720
57415,45420
57416,45410
57417,45300
57418,45200
57419,44680
57420,44600
57421,44340
57422,44100
57423,43500
57424,43100
57425,43000
57426,42990
57427,42980
57428,42950
57429,42940
57430,42930
57431,42920
57432,42810
57433,42500
57434,42230
57435,42210
57436,42170
57437,42140
57438,42120
57439,42000
57440,41900
57441,41800
57442,41740
57443,41730
57444,41680
57445,41660
57446,41600
57447,41510
57448,41400
57449,41100
57450,41014
57451,40710
57452,40500
57453,40420
57454,40390
57455,40210
57456,40200
57457,40140
57458,39900
57459,39690
57460,39670
57461,39660
57462,39650
57463,39640
57464,39630
57465,39560
57466,39550
57467,39520
57468,39230
57469,39200
57470,39120
57471,38490
57472,38480
57473,38460
57474,38450
57475,38430
57476,38420
57477,38230
57478,38210
57479,38190
57480,38180
57481,38170
57482,38160
57483,38150
57484,38140
57485,38110
57486,38100
57487,38090
57488,38080
57489,38070
57490,38000
57491,37960
57492,37800
57493,37500
57494,37400
57495,37390
57496,37380
57497,37360
57498,37340
57499,37310
57500,37300
57501,37290
57502,37280
57503,37270
57504,37240
57505,37230
57506,37220
57507,37210
57508,36910
57509,36150
57510,36000
57511,35600
57512,35480
57513,35460
57514,35310
57515,35150
57516,35070
57517,35050
57518,34920
57519,34910
57520,34900
57521,34880
57522,34870
57523,34830
57524,34820
57525,34800
57526,34640
57527,34630
57528,34600
57529,34500
57530,34420
57531,34350
57532,34313
57533,34289
57534,34286
57535,34285
57536,34283
57537,34282
57538,34281
57539,34280
57540,34278
57541,34276
57542,34274
57543,34273
57544,34272
57545,33990
57546,33980
57547,33970
57548,33950
57549,33790
57550,33760
57551,33750
57552,33730
57553,33670
57554,33660
57555,33650
57556,33610
57557,33580
57558,33540
57559,33460
57560,33390
57561,33320
57562,33220
57563,33180
57564,33110
57565,32900
57566,32740
57567,32730
57568,32710
57569,32660
57570,32650
57571,32610
57572,32500
57573,32430
57574,32420
57575,32410
57576,32390
57577,32380
57578,32350
57579,32310
57580,32200
57581,32140
57582,32120
57583,32110
57584,32000
57585,31930
57586,31900
57587,31870
57588,31300
57589,31250
57590,31240
57591,31230
57592,31210
57593,31180
57594,29800
57595,29620
57596,29160
57597,29150
57598,29140
57599,29120
57600,28020
57601,28000
57602,27940
57603,27920
57604,27900
57605,27810
57606,27800
57607,27400
57608,27200
57609,27050
57610,27040
57611,27030
57612,27020
57613,27000
57614,26810
57615,26500
57616,26300
57617,25980
57618,25930
57619,25910
57620,25890
57621,25850
57622,25808
57623,25620
57624,25500
57625,25010
57626,24870
57627,24710
57628,24670
57629,24660
57630,24650
57631,24640
57632,24480
57633,24460
57634,24410
57635,24400
57636,24200
57637,24010
57638,23700
57639,23600
57640,23500
57641,23460
57642,23450
57643,23420
57644,23380
57645,23300
57646,23150
57647,22690
57648,22670
57649,22650
57650,22610
57651,22450
57652,22350
57653,22340
57654,22310
57655,22140
57656,22110
57657,22010
57658,21680
57659,21670
57660,21660
57661,21400
57662,21300
57663,21100
57664,21030
57665,21010
57666,20710
57667,20700
57668,20550
57669,20200
57670,19980
57671,19900
57672,19500
57673,19320
57674,19200
57675,19020
57676,19000
57677,18820
57678,18800
57679,18700
57680,18600
57681,18510
57682,18480
57683,18470
57684,18400
57685,18300
57686,18120
57687,18070
57688,17710
57689,17570
57690,17180
57691,17140
57692,17080
57693,16730
57694,16720
57695,16710
57696,16620
57697,16500
57698,16300
57699,16200
57700,16110
57701,16060
57702,16030
57703,16020
57704,16000
57705,15970
57706,15960
57707,15920
57708,15910
57709,15900
57710,15740
57711,15560
57712,15500
57713,15400
57714,15200
57715,15160
57716,15000
57717,13580
57718,13540
57719,13530
57720,13140
57721,13000
57722,12910
57723,12830
57724,12790
57725,12770
57726,12670
57727,12600
57728,12590
57729,12580
57730,12570
57731,12560
57732,12540
57733,12530
57734,12520
57735,12510
57736,12480
57737,12470
57738,12460
57739,12450
57740,12440
57741,12430
57742,12420
57743,12390
57744,12340
57745,12310
57746,12220
57747,12130
57748,11920
57749,11590
57750,11560
57751,11550
57752,11390
57753,11370
57754,11340
57755,11260
57756,11250
57757,11240
57758,11230
57759,11200
57760,11180
57761,11150
57762,11140
57763,11130
57764,11050
57765,11040
57766,10620
57767,10460
57768,10270
57769,10260
57770,10250
57771,10240
57772,10230
57773,10220
57774,10140
57775,10130
57776,10120
57777,9980
57778,9970
57779,9960
57780,9900
57781,9880
57782,9850
57783,9800
57784,9730
57785,9710
57786,9500
57787,9480
57788,9460
57789,9300
57790,9200
57791,8970
57792,8880
57793,8500
57794,8330
57795,8320
57796,8310
57797,8170
57798,8140
57799,8100
57800,8080
57801,8030
57802,7890
57803,7860
57804,7840
57805,7770
57806,7730
57807,7610
57808,7600
57809,7530
57810,7520
57811,7510
57812,7340
57813,7260
57814,7220
57815,7210
57816,7110
57817,7010
57818,6950
57819,6920
57820,6900
57821,6880
57822,6870
57823,6840
57824,6600
57825,6270
57826,6250
57827,6230
57828,6210
57829,4900
57830,4880
57831,4770
57832,4710
57833,4530
57834,4520
57835,4470
57836,4460
57837,4420
57838,4300
57839,4290
57840,4230
57841,4100
57842,3980
57843,3960
57844,3820
57845,3810
57846,3800
57847,3700
57848,3610
57849,3600
57850,3592
57851,3580
57852,3570
57853,3530
57854,3520
57855,3510
57856,3500
57857,3490
57858,3482
57859,3460
57860,3420
57861,3400
57862,3340
57863,3270
57864,3260
57865,3230
57866,3050
57867,2920
57868,2900
57869,2870
57870,2850
57871,2840
57872,2810
57873,2720
57874,2590
57875,2540
57876,2520
57877,2450
57878,2420
57879,2370
57880,1930
57881,1900
57882,1690
57883,1670
57884,1600
57885,1522
57886,1313
57887,1002
57888,410
57889,360
57890,280
