app_id,positives,total
10,235403.0,241610.0
20,7315.0,8409.0
30,6249.0,6921.0
40,2542.0,3066.0
50,22263.0,23374.0
60,4791.0,5804.0
70,129364.0,134016.0
80,23316.0,25536.0
130,15859.0,17189.0
219,132.0,142.0
220,196153.0,201004.0
240,168737.0,175230.0
300,20269.0,22114.0
320,11952.0,13160.0
340,12197.0,13662.0
380,30277.0,31614.0
400,163711.0,166265.0
410,206.0,214.0
420,40443.0,41662.0
440,990978.0,1121708.0
500,55750.0,57875.0
550,870143.0,892381.0
570,1910300.0,2340768.0
620,403732.0,409076.0
630,20019.0,21108.0
730,7271193.0,8360490.0
1002,86.0,114.0
1200,2105.0,2396.0
1250,62849.0,65972.0
1300,1007.0,1125.0
1313,300.0,369.0
1500,846.0,1056.0
1502,2.0,2.0
1510,2116.0,2323.0
1520,3512.0,4031.0
1522,56.0,62.0
1530,470.0,575.0
1600,284.0,362.0
1610,220.0,258.0
1630,1087.0,1250.0
1640,1199.0,1446.0
1700,1807.0,2064.0
1840,36229.0,38973.0
1930,4193.0,5481.0
2100,9258.0,10156.0
2200,3437.0,3588.0
2210,2811.0,3210.0
2270,3510.0,3753.0
2310,13357.0,13825.0
2320,8249.0,8652.0
2360,609.0,701.0
2370,147.0,193.0
2390,1014.0,1080.0
2400,5094.0,5937.0
2450,822.0,1053.0
2500,1254.0,1540.0
2600,12637.0,13335.0
2610,1742.0,1897.0
2620,6106.0,6452.0
2630,9245.0,9888.0
2640,1736.0,1994.0
2700,4711.0,5139.0
2710,493.0,550.0
2730,1.0,1.0
2800,390.0,474.0
2820,2338.0,2736.0
2850,91.0,120.0
2900,153.0,193.0
2910,380.0,435.0
2990,16666.0,17330.0
3010,441.0,531.0
3020,2964.0,3693.0
3050,294.0,381.0
3130,670.0,783.0
3170,1070.0,1176.0
3280,2.0,2.0
3300,533.0,565.0
3302,4.0,5.0
3310,1068.0,1138.0
3312,2.0,2.0
3320,5253.0,5426.0
3330,4413.0,4626.0
3332,2.0,2.0
3340,81.0,103.0
3342,1.0,1.0
3350,206.0,228.0
3352,2.0,2.0
3360,133.0,143.0
3362,1.0,1.0
3380,298.0,312.0
3382,1.0,1.0
3390,2042.0,2098.0
3392,1.0,1.0
3400,52.0,58.0
3410,286.0,336.0
3412,1.0,1.0
3420,63.0,68.0
3422,1.0,1.0
3430,194.0,200.0
3450,315.0,363.0
3460,69.0,71.0
3462,1.0,1.0
3480,8965.0,9213.0
3482,10.0,10.0
3483,2069.0,2189.0
3490,18.0,21.0
3500,48.0,58.0
3502,1.0,1.0
3510,62.0,77.0
3512,1.0,1.0
3520,50.0,60.0
3522,1.0,1.0
3530,75.0,90.0
3532,1.0,1.0
3540,2267.0,2341.0
3560,415.0,499.0
3570,37.0,44.0
3572,1.0,1.0
3580,35.0,42.0
3582,1.0,1.0
3590,129378.0,132608.0
3592,32.0,35.0
3602,1.0,1.0
3610,43.0,54.0
3620,2325.0,2449.0
3622,1.0,1.0
3700,2765.0,3594.0
3710,953.0,1089.0
3720,3236.0,3458.0
3730,2240.0,2557.0
3800,397.0,511.0
3810,471.0,601.0
3830,16247.0,17074.0
3850,4.0,4.0
3900,2959.0,3187.0
3910,6127.0,6843.0
3920,6196.0,6554.0
3990,409.0,449.0
4000,1068744.0,1104711.0
4260,7.0,8.0
4300,64.0,85.0
4460,163.0,210.0
4500,40457.0,42660.0
4560,6392.0,6828.0
4570,9929.0,10448.0
4580,8183.0,8471.0
4700,30437.0,31797.0
4710,14.0,16.0
4720,3177.0,3658.0
4760,14956.0,15816.0
4770,637.0,843.0
4780,599.0,631.0
4800,599.0,701.0
4850,2328.0,2628.0
4870,253.0,313.0
4890,821.0,1021.0
4900,280.0,313.0
4920,11107.0,13022.0
6000,14768.0,15434.0
6010,1267.0,1349.0
6020,12452.0,12963.0
6030,4137.0,4536.0
6040,1054.0,1149.0
6060,49670.0,52513.0
6080,772.0,831.0
6090,253.0,281.0
6120,3231.0,3595.0
6130,6.0,6.0
6200,1646.0,1836.0
6220,4669.0,5070.0
6230,9.0,11.0
6250,484.0,610.0
6260,4.0,4.0
6300,938.0,1113.0
6310,1764.0,1957.0
6320,3.0,3.0
6370,1441.0,1687.0
6400,260.0,294.0
6420,819.0,957.0
6510,1486.0,1826.0
6800,3212.0,3576.0
6810,869.0,980.0
6830,2231.0,2615.0
6850,3190.0,3818.0
6860,12219.0,12982.0
6870,688.0,882.0
6910,13264.0,13988.0
6950,9.0,10.0
6980,1929.0,2360.0
7000,4436.0,5071.0
7010,480.0,634.0
7020,432.0,459.0
7030,5.0,6.0
7200,2365.0,2492.0
7210,519.0,677.0
7340,36.0,45.0
7610,853.0,1119.0
7620,1101.0,1231.0
7650,752.0,825.0
7660,764.0,864.0
7670,28503.0,30266.0
7710,1.0,1.0
7760,3480.0,3675.0
7800,1833.0,2104.0
7830,3125.0,3473.0
7890,12.0,12.0
7940,22560.0,24164.0
8000,5258.0,6385.0
8030,10.0,12.0
8140,4520.0,5899.0
8150,9.0,9.0
8180,8.0,8.0
8190,45672.0,50314.0
8400,904.0,1000.0
8600,2240.0,2622.0
8700,1.0,1.0
8720,4.0,4.0
8760,2.0,2.0
8790,277.0,303.0
8800,4152.0,4309.0
8850,12569.0,14084.0
8870,129438.0,138021.0
8890,240.0,281.0
8900,2.0,2.0
8910,1.0,1.0
8930,192015.0,199747.0
8980,27751.0,29850.0
9010,7498.0,8067.0
9050,6666.0,7477.0
9060,415.0,516.0
9180,1372.0,1469.0
9200,13350.0,17219.0
9300,9.0,11.0
9310,1903.0,2139.0
9320,4.0,4.0
9340,1004.0,1091.0
9350,2495.0,2800.0
9420,12550.0,12963.0
9450,15756.0,16517.0
9480,15024.0,19947.0
9510,2.0,2.0
9760,395.0,485.0
9800,687.0,901.0
9900,15420.0,19533.0
9940,876.0,1057.0
9950,2.0,2.0
10090,45244.0,49121.0
10100,299.0,347.0
10110,305.0,361.0
10130,1032.0,1297.0
10150,9275.0,11567.0
10180,52890.0,56821.0
10500,30785.0,33921.0
10520,5.0,6.0
10620,37.0,38.0
10680,17427.0,19094.0
11020,20653.0,22977.0
11080,2.0,2.0
11090,2.0,2.0
11190,895.0,1117.0
11220,2.0,2.0
11280,1223.0,1366.0
11340,563.0,744.0
11450,5760.0,6159.0
11480,617.0,728.0
11550,186.0,233.0
11910,2.0,2.0
11920,22.0,25.0
12140,12519.0,14027.0
12150,10142.0,10710.0
12180,420.0,453.0
12200,28415.0,33560.0
12210,133532.0,162894.0
12320,3379.0,3979.0
12330,465.0,564.0
12360,5205.0,5858.0
12500,908.0,1038.0
12530,57.0,67.0
12540,25.0,33.0
12640,549.0,683.0
12690,263.0,315.0
12710,2049.0,2203.0
12810,4003.0,4495.0
12890,5.0,6.0
12900,10410.0,10874.0
12910,43.0,45.0
13000,55.0,62.0
13500,2675.0,3193.0
13520,7678.0,9361.0
13530,1643.0,2057.0
13540,1106.0,1386.0
13560,2726.0,3102.0
13570,4494.0,4814.0
13600,3492.0,4065.0
13620,121.0,132.0
13630,124.0,142.0
15080,1278.0,1527.0
15100,16299.0,19846.0
15120,4665.0,5516.0
15130,2925.0,3398.0
15160,145.0,193.0
15170,3186.0,3626.0
15190,1548.0,1764.0
15210,2058.0,2348.0
15240,235.0,292.0
15270,967.0,1146.0
15300,1312.0,1415.0
15320,2537.0,2862.0
15370,2562.0,2760.0
15380,273.0,318.0
15390,1846.0,2031.0
15400,120.0,154.0
15500,516.0,666.0
15510,2.0,2.0
15520,624.0,743.0
15620,10741.0,12136.0
15680,6.0,7.0
15700,3632.0,4247.0
15710,1447.0,1527.0
15730,5.0,5.0
15740,764.0,990.0
15750,1376.0,1576.0
15900,158.0,198.0
15930,172.0,190.0
16040,93.0,115.0
16100,123.0,138.0
16110,66.0,72.0
16120,173.0,185.0
16130,89.0,102.0
16140,2.0,2.0
16150,1.0,1.0
16160,5.0,5.0
16170,1.0,1.0
16180,112.0,124.0
16190,1.0,1.0
16200,54.0,63.0
16300,108.0,114.0
16450,6773.0,7928.0
16470,5.0,5.0
16500,11.0,13.0
16510,1.0,1.0
16600,218.0,257.0
16610,3.0,3.0
16810,1115.0,1285.0
16900,17958.0,20028.0
17020,1409.0,1672.0
17080,6957.0,8601.0
17100,355.0,427.0
17120,127.0,151.0
17140,194.0,244.0
17330,3164.0,3694.0
17390,56786.0,61498.0
17410,31919.0,36461.0
17440,1727.0,1932.0
17460,15294.0,16322.0
17470,24702.0,26940.0
17480,12124.0,14206.0
17500,6481.0,7666.0
17570,5134.0,5855.0
17580,911.0,1071.0
17710,1917.0,2447.0
17740,889.0,1028.0
18000,447.0,505.0
18020,156.0,186.0
18030,1.0,1.0
18040,826.0,876.0
18050,234.0,267.0
18070,194.0,246.0
18110,420.0,494.0
18120,228.0,292.0
18300,375.0,489.0
18420,151.0,184.0
18500,4831.0,5022.0
18510,9.0,10.0
18710,3.0,3.0
18820,690.0,877.0
19210,1.0,1.0
19680,17615.0,19579.0
19800,823.0,938.0
19830,1711.0,1861.0
19900,12228.0,15898.0
19980,2530.0,3224.0
20500,6835.0,7584.0
20510,17345.0,20238.0
20530,2297.0,2645.0
20540,2084.0,2245.0
20570,2946.0,3227.0
20700,77.0,94.0
20710,71.0,86.0
20720,1.0,1.0
20730,1.0,1.0
20820,1189.0,1270.0
20920,75312.0,83546.0
21000,9882.0,11067.0
21090,14392.0,15352.0
21130,7538.0,8633.0
21300,26.0,31.0
21310,1.0,1.0
21650,2.0,2.0
21690,39133.0,45094.0
21780,1093.0,1212.0
21800,738.0,914.0
21980,3713.0,4284.0
22000,5560.0,5893.0
22010,17.0,20.0
22100,5814.0,6292.0
22110,35.0,40.0
22120,2480.0,2637.0
22130,518.0,600.0
22150,3.0,3.0
22170,1.0,1.0
22180,3238.0,3589.0
22200,2525.0,2939.0
22230,3391.0,3690.0
22300,16459.0,20392.0
22320,23706.0,24851.0
22330,44861.0,46981.0
22370,39350.0,48675.0
22380,209399.0,217858.0
22500,275.0,317.0
22600,4154.0,4784.0
22620,3.0,3.0
22690,21.0,24.0
23310,3272.0,4025.0
23320,3.0,3.0
23400,365.0,432.0
23450,573.0,761.0
23460,161.0,202.0
23470,4.0,5.0
23490,1619.0,1820.0
23530,949.0,1081.0
23600,115.0,147.0
23610,1.0,1.0
24200,16590.0,20583.0
24240,37358.0,39999.0
24420,1290.0,1468.0
24710,18.0,20.0
24720,6083.0,6844.0
24780,7116.0,8708.0
24790,7081.0,7845.0
24800,4176.0,4964.0
24810,4315.0,4541.0
24870,2175.0,2796.0
24880,1271.0,1397.0
25000,6572.0,8187.0
25010,422.0,534.0
25600,310.0,359.0
25610,1.0,1.0
25620,108.0,130.0
25700,245.0,289.0
25800,1622.0,1939.0
25808,34.0,40.0
25830,2112.0,2283.0
25850,127.0,169.0
25890,4478.0,5820.0
25900,2882.0,3172.0
25910,193.0,247.0
25990,510.0,546.0
26000,273.0,325.0
26010,1.0,1.0
26500,777.0,876.0
26510,2.0,2.0
26810,10.0,11.0
26900,941.0,1091.0
26910,2.0,2.0
27000,725.0,932.0
27610,2.0,2.0
27810,65.0,77.0
28020,61.0,65.0
29130,234.0,253.0
29150,39.0,44.0
29160,121.0,157.0
29170,1.0,1.0
29180,1163.0,1347.0
29600,8.0,8.0
29610,2.0,2.0
29620,18.0,21.0
29630,2.0,2.0
29700,2.0,2.0
29800,3168.0,3987.0
29900,678.0,831.0
31100,251.0,285.0
31170,636.0,711.0
31180,128.0,141.0
31190,114.0,123.0
31200,114.0,142.0
31210,145.0,162.0
31220,466.0,515.0
31230,81.0,94.0
31240,76.0,84.0
31250,63.0,70.0
31260,92.0,101.0
31270,2307.0,2603.0
31280,8373.0,9332.0
31290,2042.0,2312.0
31500,132.0,160.0
31700,368.0,429.0
31710,5.0,5.0
31800,118.0,146.0
31810,322.0,332.0
31820,190.0,205.0
31830,318.0,360.0
31840,224.0,240.0
31850,212.0,226.0
31860,173.0,189.0
31880,189.0,208.0
31890,156.0,173.0
31910,146.0,178.0
31920,156.0,174.0
31970,1.0,1.0
32150,413.0,420.0
32160,365.0,419.0
32210,4.0,4.0
32310,252.0,325.0
32330,3134.0,3542.0
32340,538.0,604.0
32360,5329.0,5589.0
32370,27939.0,30670.0
32380,1579.0,1980.0
32400,2579.0,2890.0
32430,7768.0,10348.0
32440,22094.0,22850.0
32450,1353.0,1624.0
32470,36289.0,37171.0
32510,7591.0,8018.0
32620,552.0,607.0
32630,407.0,472.0
32640,315.0,339.0
32650,134.0,174.0
32660,137.0,172.0
32680,483.0,522.0
32710,59.0,77.0
32720,107.0,128.0
32740,84.0,95.0
32750,251.0,278.0
32760,194.0,217.0
32770,252.0,288.0
32900,268.0,355.0
33100,3800.0,3992.0
33120,2843.0,3092.0
33130,958.0,1149.0
33160,1.0,1.0
33170,3.0,3.0
33180,616.0,790.0
33190,3.0,3.0
33230,45424.0,50858.0
33290,4.0,5.0
33390,32.0,39.0
33400,2.0,2.0
33520,750.0,854.0
33570,714.0,870.0
33600,1179.0,1296.0
33620,504.0,599.0
33650,360.0,403.0
33680,1175.0,1287.0
33770,295.0,368.0
33900,1772.0,2123.0
33930,20343.0,22008.0
33950,216.0,278.0
33970,136.0,148.0
34010,3901.0,4815.0
34030,22140.0,24245.0
34050,154.0,175.0
34190,2516.0,2913.0
34220,129.0,131.0
34270,9321.0,11178.0
34272,16.0,16.0
34273,10.0,10.0
34274,10.0,11.0
34275,8.0,8.0
34276,19.0,22.0
34277,6.0,6.0
34278,15.0,17.0
34279,7.0,7.0
34280,9.0,10.0
34281,14.0,15.0
34282,35.0,37.0
34284,9.0,9.0
34285,9.0,11.0
34286,11.0,12.0
34287,6.0,7.0
34288,6.0,7.0
34289,10.0,11.0
34310,5.0,6.0
34311,6.0,6.0
34312,9.0,9.0
34313,9.0,10.0
34314,4.0,5.0
34315,7.0,7.0
34316,8.0,9.0
34317,5.0,6.0
34318,8.0,8.0
34319,5.0,5.0
34330,56329.0,61492.0
34350,58.0,60.0
34410,430.0,504.0
34500,36.0,45.0
34510,1.0,1.0
34630,27.0,29.0
34640,35.0,40.0
34660,2.0,2.0
34810,162.0,198.0
34820,573.0,718.0
34870,13282.0,17604.0
34880,46.0,58.0
34900,11757.0,14894.0
35000,3898.0,4362.0
35030,122.0,152.0
35110,113.0,124.0
35130,4063.0,4441.0
35140,64871.0,67382.0
35150,11.0,12.0
35300,177.0,211.0
35320,503.0,604.0
35450,34287.0,37040.0
35480,791.0,1028.0
35700,14351.0,14980.0
35710,8.0,8.0
35720,20461.0,21432.0
35800,168.0,195.0
36130,7.0,8.0
36150,22.0,23.0
37000,875.0,1078.0
37220,89.0,118.0
37260,96.0,100.0
37270,26.0,27.0
37280,54.0,67.0
37290,13.0,15.0
37390,48.0,49.0
37400,551.0,684.0
37410,2.0,2.0
37500,33.0,41.0
37510,1.0,1.0
37600,1013.0,1107.0
37810,1.0,1.0
37960,43.0,49.0
38000,49.0,52.0
38070,15.0,16.0
38080,51.0,56.0
38090,25.0,25.0
38100,17.0,19.0
38120,138.0,143.0
38130,154.0,161.0
38140,32.0,36.0
38150,50.0,55.0
38160,11.0,11.0
38170,46.0,53.0
38180,10.0,12.0
38210,266.0,334.0
38400,19763.0,20996.0
38410,13863.0,14702.0
38420,1964.0,2492.0
38430,347.0,435.0
38440,584.0,633.0
38450,258.0,327.0
38460,161.0,203.0
38600,2281.0,2509.0
38700,1845.0,2099.0
38710,3.0,3.0
38720,1132.0,1259.0
38730,2.0,2.0
38740,1979.0,2153.0
38750,4.0,4.0
39000,11579.0,12794.0
39100,1.0,1.0
39110,246.0,302.0
39140,24656.0,26539.0
39150,7842.0,8878.0
39190,3082.0,3787.0
39200,1925.0,2554.0
39210,67922.0,77135.0
39500,8741.0,10710.0
39510,13474.0,14340.0
39530,1712.0,1918.0
39540,2196.0,2503.0
39550,892.0,1178.0
39640,192.0,255.0
39680,3168.0,3831.0
39800,2411.0,2731.0
39810,3.0,3.0
40100,10701.0,12108.0
40140,15.0,17.0
40200,10.0,13.0
40210,13.0,15.0
40300,8361.0,9422.0
40310,5.0,5.0
40320,146.0,168.0
40330,374.0,434.0
40340,166.0,195.0
40350,437.0,477.0
40360,4.0,4.0
40380,996.0,1238.0
40390,4898.0,6143.0
40400,1296.0,1568.0
40700,14581.0,15264.0
40710,8.0,10.0
40720,1899.0,2192.0
40800,32836.0,34714.0
40930,400.0,453.0
40950,9039.0,9456.0
40960,4408.0,4966.0
40970,18054.0,18498.0
40980,1966.0,2263.0
40990,12743.0,14575.0
41000,7281.0,7782.0
41014,708.0,777.0
41050,2878.0,3000.0
41060,1696.0,1764.0
41070,23946.0,27107.0
41110,2.0,2.0
41220,4.0,4.0
41300,1747.0,1897.0
41500,6168.0,6770.0
41510,16.0,17.0
41700,27360.0,28534.0
41740,339.0,424.0
41810,1.0,1.0
41900,991.0,1317.0
42147,1.0,1.0
42190,1.0,1.0
42200,83.0,101.0
42210,233.0,302.0
42220,176.0,199.0
42670,5026.0,5406.0
42680,32829.0,37082.0
42700,35121.0,38719.0
42850,310.0,364.0
42890,578.0,657.0
42900,1.0,1.0
42910,26744.0,30844.0
42950,20.0,23.0
42960,17578.0,19021.0
43100,190.0,239.0
43190,640.0,748.0
43600,261.0,291.0
44100,83.0,97.0
44110,1.0,1.0
44350,24752.0,29448.0
44680,14.0,15.0
44690,287.0,321.0
45000,380.0,421.0
45100,1355.0,1650.0
45200,48.0,52.0
45400,864.0,935.0
45420,9.0,10.0
45450,527.0,580.0
45740,5952.0,7642.0
45760,13486.0,14998.0
45770,2866.0,3702.0
46260,528.0,662.0
46270,343.0,407.0
46460,339.0,413.0
46480,800.0,970.0
46500,5262.0,5955.0
46510,2271.0,2635.0
46770,297.0,374.0
47000,649.0,743.0
47110,12.0,15.0
47500,14.0,17.0
47520,6.0,7.0
47530,1.0,1.0
47540,321.0,385.0
47570,2.0,2.0
47780,22930.0,24367.0
47790,7189.0,9544.0
47810,22575.0,25855.0
47870,16430.0,19922.0
47890,27665.0,31806.0
48000,50234.0,54158.0
48010,75.0,77.0
48150,15.0,18.0
48190,18800.0,21211.0
48700,159507.0,163199.0
48710,52.0,56.0
48720,11729.0,13323.0
48900,250.0,311.0
48950,462.0,538.0
49000,78.0,95.0
49340,3.0,3.0
49480,8.0,9.0
49520,265413.0,278970.0
49600,6943.0,7335.0
49610,14.0,15.0
49810,136.0,176.0
50000,237.0,252.0
50010,1.0,1.0
50130,50113.0,52925.0
50280,137.0,147.0
50620,10918.0,12219.0
50910,37.0,37.0
50940,20.0,23.0
50960,74.0,89.0
50970,65.0,83.0
50980,55.0,64.0
50990,119.0,132.0
51000,102.0,120.0
51010,107.0,127.0
51020,11.0,12.0
51030,17.0,19.0
51060,160.0,187.0
55000,191.0,230.0
55040,1772.0,1983.0
55140,3218.0,3677.0
55150,25750.0,28087.0
55230,65221.0,68117.0
55370,118.0,148.0
55410,50.0,52.0
56400,10972.0,12145.0
56438,31.0,32.0
57000,113.0,126.0
57200,439.0,488.0
57210,1.0,1.0
57300,31115.0,32875.0
57400,2058.0,2088.0
57640,2510.0,2690.0
57690,11230.0,12248.0
57750,8.0,10.0
58200,298.0,338.0
58230,107.0,129.0
58520,826.0,1096.0
58560,370.0,412.0
58570,550.0,649.0
58580,2.0,2.0
58610,2548.0,3263.0
60350,147.0,166.0
61100,199.0,258.0
61310,160.0,213.0
61500,725.0,921.0
61510,278.0,338.0
61520,510.0,574.0
61600,493.0,570.0
61720,7.0,8.0
61730,325.0,345.0
62000,497.0,538.0
62100,710.0,759.0
63000,833.0,1026.0
63200,919.0,1170.0
63380,22176.0,25116.0
63500,772.0,995.0
63610,1134.0,1275.0
63620,80.0,103.0
63650,128.0,163.0
63660,770.0,900.0
63700,689.0,854.0
63710,3344.0,3899.0
63900,236.0,274.0
63910,1260.0,1373.0
64000,4225.0,4799.0
65080,117.0,152.0
65270,294.0,334.0
65300,2027.0,2311.0
65400,146.0,178.0
65410,1.0,1.0
65520,2.0,2.0
65540,13452.0,14512.0
65780,947.0,1241.0
65790,4792.0,6011.0
65800,16264.0,17464.0
65900,56.0,65.0
67010,7.0,8.0
67370,17457.0,19058.0
70000,12609.0,15004.0
70300,9427.0,9793.0
70310,31.0,31.0
70400,6812.0,7090.0
70410,18.0,21.0
70420,534.0,709.0
70510,1.0,1.0
70600,4967.0,5622.0
70620,578.0,714.0
70640,517.0,620.0
70900,273.0,332.0
70910,4.0,4.0
71000,333.0,430.0
71110,4.0,4.0
71111,5.0,5.0
71114,6.0,6.0
71115,10.0,13.0
71116,12.0,12.0
71117,16.0,17.0
71118,8.0,8.0
71119,7.0,7.0
71120,19.0,20.0
71160,14.0,14.0
71161,5.0,5.0
71164,19.0,20.0
71165,23.0,24.0
71166,8.0,8.0
71167,3.0,3.0
71168,8.0,8.0
71230,2871.0,3330.0
71240,952.0,1063.0
71250,13772.0,15113.0
71260,1543.0,1739.0
72000,828.0,969.0
72850,299995.0,316293.0
73010,813.0,1056.0
73050,68.0,69.0
73170,1770.0,1975.0
78000,6481.0,6750.0
80200,342.0,435.0
80300,123.0,162.0
80310,1589.0,1792.0
80330,1331.0,1491.0
80340,650.0,691.0
80350,550.0,573.0
80360,547.0,571.0
90200,804.0,878.0
90400,91.0,109.0
91100,1014.0,1149.0
91110,6.0,7.0
91200,3979.0,4575.0
91600,2922.0,3273.0
91610,4.0,4.0
91700,6380.0,7555.0
91800,138.0,152.0
91810,39.0,47.0
91820,2.0,2.0
91900,1256.0,1495.0
92200,148.0,162.0
92210,148.0,186.0
92220,137.0,163.0
92310,3.0,3.0
92400,38.0,49.0
92800,4549.0,4934.0
92810,11.0,12.0
93200,986.0,1206.0
94200,2188.0,2320.0
94300,1867.0,2124.0
94400,6810.0,7588.0
94500,175.0,196.0
94510,166.0,183.0
94520,153.0,171.0
94530,206.0,228.0
94590,910.0,1052.0
94610,53.0,67.0
94620,225.0,249.0
95300,822.0,1078.0
95310,3.0,3.0
95400,5836.0,6463.0
95700,978.0,1044.0
96000,5562.0,6360.0
96010,4.0,4.0
96100,7384.0,8576.0
97000,1922.0,2108.0
97010,12.0,12.0
97110,87.0,105.0
97120,126.0,142.0
97130,224.0,241.0
97340,7.0,8.0
98200,2140.0,2589.0
98300,1278.0,1433.0
98400,3894.0,4750.0
98600,224.0,288.0
98610,3.0,3.0
98800,4925.0,5239.0
99300,2327.0,2730.0
99700,875.0,989.0
99900,19710.0,23450.0
99910,1616.0,2016.0
102220,2.0,2.0
102410,2.0,2.0
102500,11352.0,12899.0
102600,7597.0,7897.0
102610,29.0,29.0
102810,140.0,164.0
102840,2720.0,3308.0
104200,3930.0,4630.0
104600,597.0,779.0
104900,21520.0,28571.0
105420,235.0,298.0
105600,1306503.0,1339632.0
105800,610.0,772.0
107100,35302.0,37005.0
107110,43.0,43.0
107200,2787.0,3061.0
107210,2.0,2.0
107300,1174.0,1402.0
107310,3118.0,3396.0
107410,244531.0,270187.0
107600,1409.0,1479.0
107610,4.0,4.0
108500,687.0,779.0
108600,306482.0,325411.0
108710,42299.0,46712.0
108800,11502.0,13509.0
109600,29522.0,38028.0
109720,4.0,4.0
110800,28166.0,32862.0
111030,3.0,3.0
111100,374.0,462.0
111600,683.0,823.0
111800,602.0,773.0
112100,481.0,593.0
113020,7714.0,8513.0
113200,56158.0,59072.0
115100,3564.0,3809.0
115110,1561.0,1751.0
115120,950.0,1118.0
115320,11033.0,14555.0
115800,4827.0,5746.0
116120,139.0,172.0
200010,1722.0,2043.0
200030,6.0,6.0
200080,289.0,358.0
200130,177.0,229.0
200170,7473.0,8573.0
200210,38163.0,45889.0
200240,57.0,59.0
200260,61633.0,64170.0
200510,51715.0,54820.0
200570,2.0,2.0
200710,40590.0,43730.0
200900,6916.0,7430.0
200910,1224.0,1414.0
200960,352.0,380.0
200980,72.0,82.0
200990,46.0,54.0
201000,41.0,46.0
201010,108.0,116.0
201120,3.0,3.0
201210,621.0,820.0
201230,2025.0,2558.0
201290,602.0,780.0
201420,860.0,1012.0
201570,1430.0,1898.0
201680,34.0,36.0
201790,17693.0,18995.0
201810,49581.0,54259.0
201870,14073.0,16516.0
202070,232.0,285.0
202170,16055.0,16991.0
202200,1241.0,1614.0
202290,246.0,289.0
202410,117.0,141.0
202670,216.0,239.0
202690,195.0,204.0
202710,914.0,1211.0
202730,362.0,423.0
202970,39507.0,45811.0
203140,47324.0,51064.0
203160,229261.0,238549.0
203210,869.0,959.0
203290,8576.0,10862.0
203350,1429.0,1765.0
203510,720.0,848.0
203560,227.0,287.0
203630,2202.0,2555.0
203750,6374.0,7457.0
203770,65196.0,71966.0
203830,1986.0,2285.0
203970,8.0,10.0
203990,266.0,315.0
204030,6990.0,7563.0
204060,1993.0,2573.0
204100,46526.0,53884.0
204120,2675.0,2996.0
204180,1778.0,2144.0
204240,3702.0,4245.0
204260,45.0,48.0
204300,22550.0,26650.0
204340,10820.0,12080.0
204360,113894.0,118468.0
204390,98.0,121.0
204410,20.0,21.0
204440,184.0,219.0
204450,36964.0,38882.0
204530,2728.0,2914.0
204580,36.0,42.0
204610,8.0,10.0
204630,2090.0,2373.0
204680,1.0,1.0
204880,14747.0,15820.0
205020,1158.0,1335.0
205070,71.0,92.0
205100,78317.0,80206.0
205230,3109.0,3646.0
205250,19.0,21.0
205270,41.0,48.0
205650,2735.0,3442.0
205690,264.0,335.0
205700,10.0,12.0
205710,1784.0,2226.0
205730,739.0,846.0
205830,311.0,335.0
205840,793.0,947.0
205870,239.0,287.0
205910,3759.0,4106.0
205950,6875.0,7829.0
206020,87.0,103.0
206040,33.0,38.0
206060,65.0,72.0
206190,12632.0,12952.0
206290,4.0,5.0
206370,789.0,864.0
206410,28.0,36.0
206420,67803.0,77039.0
206440,74426.0,77260.0
206500,8869.0,10539.0
206650,3.0,3.0
206690,480.0,582.0
207020,508.0,616.0
207040,768.0,937.0
207080,1696.0,1835.0
207100,86.0,91.0
207130,1.0,1.0
207140,34075.0,36280.0
207170,5854.0,6242.0
207320,1734.0,1840.0
207350,3031.0,3248.0
207490,4383.0,4662.0
207510,14.0,14.0
207530,576.0,622.0
207570,336.0,419.0
207610,67647.0,69570.0
207690,5730.0,5969.0
207750,1253.0,1489.0
207770,30.0,30.0
207970,1.0,1.0
207990,7.0,8.0
208010,4.0,4.0
208070,1.0,1.0
208140,7478.0,9284.0
208200,9245.0,10689.0
208400,1085.0,1187.0
208580,21979.0,23474.0
208600,539.0,666.0
208630,95.0,126.0
208640,81.0,93.0
208650,114256.0,129894.0
208670,1912.0,2413.0
208750,3294.0,3659.0
209000,46320.0,52002.0
209060,546.0,652.0
209080,13180.0,14651.0
209190,1020.0,1152.0
209230,641.0,727.0
209370,2102.0,2261.0
209540,1269.0,1645.0
209790,513.0,583.0
209830,1095.0,1286.0
209870,12486.0,16407.0
209950,728.0,791.0
210130,3.0,3.0
210230,102.0,115.0
210470,99.0,103.0
210550,481.0,533.0
210720,8.0,8.0
210740,8.0,9.0
210770,12776.0,14199.0
210950,771.0,862.0
210970,15161.0,17863.0
211010,466.0,567.0
211180,427.0,464.0
211200,6.0,6.0
211201,8.0,8.0
211202,4.0,4.0
211205,9.0,9.0
211206,9.0,10.0
211207,4.0,5.0
211208,4.0,4.0
211209,6.0,6.0
211260,2094.0,2519.0
211340,909.0,1011.0
211360,487.0,593.0
211400,9896.0,12549.0
211440,1018.0,1191.0
211600,3394.0,3673.0
211740,1758.0,1863.0
211820,109160.0,120733.0
211900,254.0,316.0
212010,1594.0,2097.0
212030,876.0,1122.0
212050,479.0,533.0
212140,7.0,8.0
212350,3.0,3.0
212480,15562.0,16605.0
212500,16080.0,19730.0
212560,5.0,6.0
212680,69388.0,72653.0
212800,5779.0,6508.0
212840,4.0,5.0
212860,5.0,5.0
213030,493.0,577.0
213330,6280.0,6667.0
213450,40.0,44.0
213610,19226.0,21688.0
213650,1440.0,1693.0
213670,61380.0,62895.0
213870,8.0,10.0
213910,8.0,10.0
214070,2.0,2.0
214090,7.0,8.0
214170,2970.0,3388.0
214340,10281.0,11795.0
214490,53636.0,57595.0
214510,12016.0,13314.0
214550,599.0,750.0
214560,15332.0,15803.0
214570,228.0,299.0
214590,930.0,1095.0
214730,6058.0,6410.0
214770,5504.0,5908.0
214790,1238.0,1438.0
214810,2.0,2.0
214830,1254.0,1458.0
214870,3191.0,4092.0
214950,68495.0,78845.0
214970,1734.0,1951.0
215020,28.0,31.0
215080,7545.0,10026.0
215160,1871.0,2050.0
215180,6.0,7.0
215450,51.0,54.0
215470,4481.0,5845.0
215510,2480.0,3120.0
215530,8125.0,9788.0
215690,1040.0,1335.0
215710,418.0,488.0
215930,1290.0,1657.0
216090,508.0,583.0
216260,668.0,755.0
216290,223.0,247.0
216310,2.0,2.0
216670,60.0,65.0
216690,89.0,95.0
216890,1423.0,1757.0
216930,54.0,70.0
217120,279.0,302.0
217160,1.0,1.0
217200,9128.0,9692.0
217290,204.0,238.0
217470,10.0,10.0
217790,842.0,1066.0
218020,84.0,95.0
218060,2794.0,3042.0
218090,773.0,981.0
218110,1.0,1.0
218230,58625.0,72386.0
218350,6.0,6.0
218410,3256.0,3415.0
218620,588856.0,657617.0
218640,8370.0,10316.0
218660,132.0,167.0
218680,10610.0,11321.0
218740,2018.0,2417.0
218760,551.0,618.0
219030,8.0,10.0
219150,96014.0,98784.0
219190,600.0,678.0
219200,301.0,365.0
219240,3.0,3.0
219640,54202.0,65678.0
219660,1.0,1.0
219680,2061.0,2720.0
219740,104207.0,107747.0
219780,3906.0,4633.0
219830,4359.0,5166.0
219850,75.0,76.0
219890,15938.0,16762.0
219910,2701.0,3039.0
219950,1538.0,1790.0
219990,88703.0,94593.0
220090,1108.0,1273.0
220160,1695.0,2231.0
220200,117417.0,123483.0
220240,93652.0,104504.0
220260,4797.0,5193.0
220420,69.0,74.0
220440,26383.0,28329.0
220460,755.0,916.0
220480,4.0,5.0
220700,4200.0,4454.0
220740,2447.0,2698.0
220780,8576.0,9143.0
220820,3160.0,3792.0
220840,8.0,9.0
220860,3275.0,3887.0
221100,308024.0,404488.0
221180,695.0,771.0
221220,21.0,24.0
221260,11698.0,12342.0
221380,96018.0,100264.0
221450,3.0,3.0
221540,2623.0,3053.0
221620,1.0,1.0
221640,23644.0,24407.0
221660,8.0,8.0
221810,2405.0,2750.0
221830,365.0,437.0
221850,3.0,3.0
221910,41221.0,44595.0
222400,34.0,34.0
222420,2450.0,2707.0
222440,4135.0,4374.0
222480,11548.0,14460.0
222606,36.0,36.0
222618,51.0,61.0
222660,327.0,389.0
222700,6.0,6.0
222730,4425.0,5645.0
222750,3815.0,4363.0
222860,47.0,56.0
222880,114710.0,124947.0
222940,9130.0,10106.0
222980,2086.0,2398.0
223000,253.0,296.0
223090,3.0,3.0
223220,1445.0,1861.0
223280,316.0,346.0
223450,179.0,230.0
223470,102212.0,105685.0
223510,925.0,1199.0
223570,6.0,7.0
223710,59955.0,67718.0
223730,424.0,489.0
223750,29483.0,34634.0
223810,2243.0,2528.0
223830,4172.0,4770.0
223850,15801.0,16875.0
223920,4.0,4.0
224000,404.0,537.0
224040,281.0,348.0
224260,65033.0,72315.0
224280,148.0,154.0
224300,906.0,1062.0
224460,4883.0,5384.0
224480,9216.0,9822.0
224500,2661.0,3504.0
224520,4.0,4.0
224640,2.0,2.0
224660,3.0,3.0
224760,13867.0,14967.0
224820,1611.0,1681.0
224960,3820.0,4474.0
224980,1147.0,1338.0
225080,38493.0,40753.0
225160,3011.0,3335.0
225260,17250.0,18537.0
225280,1050.0,1248.0
225300,1969.0,2264.0
225320,1231.0,1462.0
225540,99596.0,119019.0
225640,2530.0,3323.0
225840,28619.0,30545.0
226100,790.0,1034.0
226280,40.0,43.0
226540,1.0,1.0
226620,1871.0,2220.0
226740,930.0,1188.0
226820,250.0,268.0
226840,9973.0,12407.0
226860,7835.0,10231.0
227000,3113.0,3218.0
227080,2633.0,2820.0
227100,3990.0,4525.0
227200,1048.0,1182.0
227220,1681.0,1917.0
227260,975.0,1133.0
227300,751213.0,770020.0
227380,496.0,640.0
227420,1.0,1.0
227580,2049.0,2273.0
227600,3339.0,3685.0
227780,3136.0,3458.0
228180,6066.0,7068.0
228280,14435.0,15671.0
228300,13033.0,15720.0
228360,2526.0,2736.0
228380,32740.0,37217.0
228760,1470.0,1810.0
228860,23.0,24.0
228960,708.0,785.0
229480,1434.0,1756.0
229870,722.0,850.0
229890,127.0,161.0
229950,347.0,407.0
230050,5522.0,6254.0
230070,2950.0,3603.0
230190,6583.0,7650.0
230230,10756.0,11729.0
230270,2875.0,3068.0
230290,24137.0,25061.0
230350,80.0,100.0
230410,520027.0,595689.0
230700,1917.0,2401.0
230780,76.0,86.0
230820,2737.0,3061.0
230860,723.0,795.0
231040,885.0,1175.0
231120,911.0,939.0
231160,6838.0,7271.0
231200,3173.0,3936.0
231250,57.0,68.0
231350,187.0,198.0
231430,84879.0,107582.0
231740,2646.0,3203.0
232010,5873.0,7047.0
232090,107579.0,122012.0
232430,13579.0,17625.0
232770,8748.0,9663.0
232790,6610.0,7906.0
232910,5785.0,6512.0
232970,648.0,745.0
233030,1.0,1.0
233050,43.0,46.0
233070,68.0,76.0
233130,23852.0,25898.0
233150,3985.0,4376.0
233190,1005.0,1197.0
233270,14649.0,16670.0
233290,13914.0,16240.0
233310,154.0,191.0
233350,840.0,947.0
233370,602.0,799.0
233410,174.0,199.0
233450,62930.0,70105.0
233470,4804.0,5814.0
233550,1561.0,1887.0
233610,6522.0,7043.0
233680,417.0,507.0
233700,1268.0,1510.0
233710,6.0,6.0
233720,13446.0,16338.0
233740,2665.0,3027.0
233800,432.0,493.0
233840,2435.0,3100.0
233860,84689.0,88789.0
233980,7235.0,7910.0
234080,6983.0,8649.0
234140,70469.0,76504.0
234160,499.0,609.0
234190,3288.0,4101.0
234270,6249.0,6738.0
234350,122.0,151.0
234390,2424.0,2853.0
234510,105.0,106.0
234650,11680.0,13193.0
234670,12172.0,13573.0
234710,6255.0,7146.0
234900,1260.0,1491.0
234920,342.0,442.0
234940,1196.0,1577.0
235210,3135.0,3914.0
235250,1343.0,1545.0
235320,1858.0,1956.0
235360,779.0,1032.0
235460,75536.0,78659.0
235520,272.0,348.0
235540,16676.0,20818.0
235600,15438.0,19105.0
235660,344.0,415.0
235800,4890.0,5915.0
235820,540.0,648.0
235900,1514.0,1617.0
235980,474.0,491.0
236090,17559.0,18420.0
236110,16670.0,21507.0
236290,20.0,25.0
236430,38418.0,43394.0
236450,7388.0,7734.0
236690,6902.0,8774.0
236730,786.0,992.0
236810,2.0,2.0
236850,111831.0,128318.0
236930,876.0,896.0
237130,10.0,12.0
237430,1193.0,1508.0
237570,287.0,358.0
237740,2773.0,3134.0
237760,360.0,391.0
237850,3626.0,4387.0
237930,28474.0,30244.0
237990,13609.0,15294.0
238010,25204.0,27347.0
238050,300.0,332.0
238070,1451.0,1560.0
238090,21801.0,26489.0
238210,6963.0,7370.0
238320,114857.0,119082.0
238370,10660.0,12901.0
238460,68935.0,70897.0
238510,25.0,32.0
238530,449.0,499.0
238910,736.0,980.0
238960,202580.0,226884.0
239030,68947.0,70891.0
239070,5732.0,6407.0
239090,408.0,441.0
239120,2631.0,3186.0
239140,404920.0,424999.0
239250,4568.0,5397.0
239350,14773.0,16040.0
239430,1531.0,1849.0
239700,493.0,587.0
239800,1733.0,1868.0
239820,40473.0,42450.0
240240,1.0,1.0
240340,121.0,151.0
240360,77.0,99.0
240440,834.0,907.0
240570,43.0,43.0
240600,789.0,996.0
240720,60399.0,73294.0
240760,6619.0,8027.0
240970,504.0,549.0
241210,14.0,16.0
241240,1138.0,1244.0
241260,6157.0,6834.0
241300,160.0,189.0
241320,1198.0,1304.0
241410,1393.0,1566.0
241540,14837.0,17556.0
241600,17013.0,18349.0
241700,88.0,93.0
241790,37.0,44.0
241910,2024.0,2278.0
241930,80393.0,87027.0
242050,58653.0,66063.0
242180,15.0,17.0
242550,7952.0,8879.0
242610,16.0,19.0
242640,8382.0,10105.0
242680,16898.0,17569.0
242700,16205.0,18839.0
242760,534505.0,559659.0
242780,647.0,784.0
242820,4196.0,4534.0
242840,1321.0,1670.0
242860,31891.0,37045.0
242880,2997.0,3855.0
242920,37550.0,41550.0
243040,820.0,917.0
243160,560.0,667.0
243200,2054.0,2296.0
243220,513.0,595.0
243280,182.0,239.0
243340,46.0,47.0
243360,485.0,599.0
243450,1354.0,1640.0
243470,33418.0,43166.0
243780,959.0,1193.0
243800,3402.0,3960.0
243970,5062.0,5528.0
244160,11691.0,13224.0
244210,126442.0,136719.0
244430,1329.0,1495.0
244450,39041.0,42781.0
244710,3096.0,3635.0
244730,1517.0,1811.0
244750,150.0,189.0
244810,515.0,648.0
244830,17.0,19.0
244850,112117.0,126177.0
244870,2967.0,3295.0
244910,1078.0,1375.0
244950,136.0,176.0
245170,26960.0,30568.0
245280,6238.0,7271.0
245300,843.0,1082.0
245390,2128.0,2377.0
245410,190.0,248.0
245430,191.0,237.0
245450,954.0,1061.0
245620,10947.0,13947.0
246340,10.0,12.0
246420,13519.0,13893.0
246440,14.0,14.0
246580,3169.0,3624.0
246620,49732.0,52632.0
246640,54.0,55.0
246660,5.0,6.0
246760,1342.0,1767.0
246820,20.0,26.0
246840,3651.0,3829.0
246900,19773.0,21287.0
246920,140.0,179.0
246960,339.0,412.0
247000,7344.0,9374.0
247020,5224.0,5525.0
247080,23471.0,24481.0
247140,729.0,809.0
247240,1950.0,2399.0
247260,11.0,12.0
247350,419.0,465.0
247430,2403.0,2755.0
247750,1892.0,2069.0
247890,27.0,29.0
247910,3465.0,4085.0
248140,65.0,75.0
248170,1611.0,1798.0
248190,384.0,453.0
248310,4453.0,4681.0
248330,1348.0,1443.0
248390,13461.0,15206.0
248510,100.0,122.0
248550,980.0,1094.0
248570,14683.0,16585.0
248610,9138.0,9679.0
248650,949.0,1209.0
248730,310.0,385.0
248800,596.0,788.0
248820,27613.0,29558.0
248860,4603.0,5125.0
248970,981.0,1109.0
249050,11599.0,13536.0
249130,22802.0,23967.0
249330,1398.0,1572.0
249590,2037.0,2406.0
249630,2430.0,2774.0
249680,2069.0,2285.0
249870,1852.0,2235.0
249950,440.0,550.0
250050,2291.0,2385.0
250070,34.0,40.0
250110,1811.0,1922.0
250180,7354.0,8199.0
250260,6839.0,7330.0
250320,33340.0,34077.0
250380,1612.0,1853.0
250400,14018.0,16960.0
250460,1228.0,1607.0
250500,1826.0,1914.0
250520,5379.0,6147.0
250560,1055.0,1339.0
250600,21110.0,22878.0
250620,6185.0,7020.0
250640,260.0,329.0
250700,844.0,945.0
250740,285.0,374.0
250760,15137.0,15782.0
250790,1.0,1.0
250820,54888.0,61992.0
250900,295640.0,303258.0
251060,16692.0,18753.0
251110,2692.0,3028.0
251130,4023.0,4313.0
251150,8285.0,8846.0
251210,251.0,296.0
251230,640.0,807.0
251270,1142.0,1275.0
251290,3316.0,3390.0
251370,656.0,681.0
251430,1175.0,1306.0
251470,3156.0,3322.0
251490,290.0,300.0
251510,46.0,52.0
251530,602.0,769.0
251570,300885.0,341194.0
251630,1183.0,1405.0
251730,3344.0,3673.0
251830,790.0,833.0
251850,518.0,688.0
251870,2691.0,3117.0
251990,6611.0,6962.0
252010,740.0,921.0
252030,2250.0,2683.0
252110,3505.0,3768.0
252130,2360.0,2595.0
252170,411.0,518.0
252310,568.0,677.0
252330,7828.0,8868.0
252350,1889.0,2446.0
252370,662.0,814.0
252410,7261.0,7729.0
252470,2191.0,2776.0
252490,972209.0,1116345.0
252530,10469.0,12288.0
252550,607.0,691.0
252610,8296.0,8922.0
252630,1909.0,2179.0
252670,2591.0,2929.0
252690,980.0,1231.0
252710,271.0,337.0
252730,165.0,212.0
252750,270.0,302.0
252870,4890.0,5427.0
252890,246.0,307.0
252950,506976.0,574027.0
253030,5885.0,6283.0
253110,5096.0,5441.0
253230,49312.0,50390.0
253250,9483.0,12508.0
253290,748.0,856.0
253310,92.0,116.0
253330,2149.0,2834.0
253350,199.0,244.0
253430,8458.0,10517.0
253690,414.0,527.0
253750,2046.0,2162.0
253790,212.0,256.0
253840,2151.0,2379.0
253880,654.0,853.0
253900,3833.0,4537.0
253920,1574.0,1978.0
253980,5006.0,6313.0
254150,3.0,3.0
254320,2337.0,2596.0
254440,2507.0,2802.0
254460,2366.0,2474.0
254480,1012.0,1246.0
254560,25.0,28.0
254700,71549.0,76885.0
254820,147.0,172.0
254840,240.0,270.0
254880,144.0,160.0
254900,9.0,11.0
254920,76.0,94.0
254940,93.0,108.0
254960,878.0,988.0
255060,1.0,1.0
255163,27.0,35.0
255300,1702.0,1908.0
255320,1329.0,1554.0
255340,409.0,427.0
255390,1442.0,1522.0
255520,3473.0,4310.0
255710,243781.0,261333.0
255870,533.0,594.0
255960,163.0,192.0
256070,264.0,342.0
256290,12007.0,13066.0
256370,1248.0,1547.0
256460,821.0,923.0
257030,1347.0,1577.0
257120,445.0,563.0
257170,1627.0,1890.0
257190,11.0,12.0
257260,109.0,116.0
257350,8757.0,9530.0
257420,12683.0,15205.0
257510,29291.0,30686.0
257670,333.0,430.0
257690,750.0,871.0
257710,757.0,870.0
257730,2671.0,3457.0
257750,3255.0,3972.0
257790,468.0,527.0
257850,16046.0,17197.0
257870,71.0,93.0
257970,485.0,592.0
257990,834.0,968.0
258010,671.0,805.0
258520,7744.0,8765.0
258760,1507.0,1864.0
258890,1303.0,1640.0
258970,7779.0,9544.0
259060,1310.0,1445.0
259080,13669.0,14923.0
259130,348.0,440.0
259390,553.0,711.0
259410,248.0,277.0
259490,262.0,293.0
259510,449.0,531.0
259530,2591.0,2806.0
259550,4272.0,4563.0
259600,802.0,979.0
259680,6149.0,6454.0
259780,676.0,745.0
259810,377.0,401.0
259870,322.0,397.0
259940,73.0,86.0
259960,74.0,84.0
259980,132.0,150.0
260160,754.0,930.0
260190,1776.0,1990.0
260230,24081.0,25204.0
260309,157.0,184.0
260330,156.0,204.0
260530,97.0,104.0
260570,609.0,684.0
260690,205.0,267.0
260730,1882.0,2142.0
260750,2780.0,2849.0
260790,600.0,730.0
261030,29302.0,30393.0
261110,6205.0,8249.0
261180,5715.0,6064.0
261470,1369.0,1801.0
261510,1112.0,1276.0
261530,2665.0,3488.0
261550,221271.0,251742.0
261570,52840.0,55836.0
261640,32390.0,38967.0
261680,270.0,346.0
261700,1208.0,1377.0
261900,29.0,31.0
262000,954.0,1051.0
262060,129296.0,141059.0
262120,830.0,1073.0
262210,187.0,233.0
262240,174.0,207.0
262260,1277.0,1465.0
262280,4175.0,5109.0
262390,794.0,921.0
262410,15856.0,18860.0
262450,526.0,632.0
262470,611.0,691.0
262490,569.0,746.0
262550,680.0,778.0
262590,175.0,205.0
262630,13.0,16.0
262690,885.0,1073.0
262770,355.0,387.0
262790,600.0,728.0
262830,2694.0,2909.0
262850,507.0,531.0
262940,2284.0,2572.0
262960,950.0,1232.0
263020,619.0,696.0
263060,5141.0,6416.0
263100,935.0,1120.0
263180,20.0,24.0
263200,628.0,805.0
263300,2671.0,3098.0
263320,408.0,532.0
263380,232.0,261.0
263400,464.0,535.0
263560,499.0,629.0
263620,2639.0,3300.0
263700,346.0,446.0
263740,902.0,1080.0
263760,5197.0,5565.0
263820,577.0,656.0
263880,413.0,476.0
263940,93.0,116.0
263960,77.0,93.0
263980,6429.0,6913.0
264060,200.0,235.0
264080,1096.0,1178.0
264160,620.0,696.0
264200,15904.0,16239.0
264220,194.0,230.0
264340,251.0,299.0
264380,4436.0,4637.0
264400,36.0,36.0
264560,193.0,227.0
264690,515.0,596.0
264710,277299.0,286125.0
264730,1383.0,1805.0
264850,46.0,54.0
265000,553.0,665.0
265100,17.0,22.0
265170,188.0,230.0
265210,5169.0,5660.0
265330,1355.0,1763.0
265470,224.0,260.0
265550,13917.0,18246.0
265610,2981.0,3075.0
265630,32803.0,35893.0
265690,3105.0,3671.0
265890,5397.0,5569.0
265930,61277.0,67547.0
266010,7794.0,8146.0
266110,967.0,1202.0
266130,1983.0,2403.0
266210,3787.0,4024.0
266230,425.0,513.0
266250,113.0,125.0
266270,63.0,80.0
266390,510.0,627.0
266410,3650.0,4236.0
266490,836.0,975.0
266510,9369.0,10465.0
266840,32167.0,34562.0
267360,431.0,476.0
267530,4244.0,4880.0
267920,844.0,1048.0
267980,337.0,441.0
268050,24758.0,29049.0
268130,6639.0,7013.0
268220,691.0,816.0
268240,670.0,785.0
268320,300.0,332.0
268340,26.0,32.0
268400,2307.0,2518.0
268500,82253.0,97431.0
268540,1445.0,1905.0
268650,9828.0,10940.0
268750,6440.0,7553.0
268770,226.0,275.0
268850,3732.0,4655.0
268910,164606.0,170880.0
268990,1301.0,1373.0
269030,1159.0,1403.0
269050,1787.0,1972.0
269110,653.0,856.0
269170,702.0,843.0
269230,268.0,350.0
269250,590.0,699.0
269270,1051.0,1159.0
269330,788.0,901.0
269490,1314.0,1483.0
269550,71.0,94.0
269570,71.0,90.0
269650,2910.0,3342.0
269670,2548.0,2962.0
269710,1423.0,1864.0
269770,6915.0,7755.0
269790,4033.0,5264.0
269950,16848.0,18149.0
270010,384.0,431.0
270050,532.0,706.0
270110,1323.0,1612.0
270130,1264.0,1512.0
270150,13923.0,15819.0
270210,4489.0,4823.0
270230,127.0,148.0
270310,351.0,458.0
270450,3583.0,3879.0
270490,237.0,293.0
270510,127.0,153.0
270550,10674.0,12303.0
270570,1190.0,1534.0
270610,132.0,149.0
270630,1767.0,2029.0
270680,39.0,44.0
270750,57.0,73.0
270760,63.0,80.0
270790,378.0,450.0
270850,4193.0,5052.0
270880,155022.0,159942.0
270950,369.0,482.0
271240,4224.0,5490.0
271360,786.0,910.0
271550,250.0,296.0
271670,647.0,762.0
271760,521.0,673.0
271820,869.0,982.0
271900,2461.0,2601.0
271920,453.0,540.0
271970,207.0,234.0
271990,53.0,65.0
272040,1167.0,1224.0
272060,4916.0,6383.0
272330,312.0,355.0
272390,7.0,9.0
272510,7156.0,8490.0
272600,1960.0,2051.0
272620,395.0,486.0
273070,371.0,494.0
273130,96.0,110.0
273500,1308.0,1512.0
273570,428.0,443.0
273580,134.0,145.0
273600,179.0,227.0
273620,235.0,299.0
273750,174.0,212.0
273840,505.0,580.0
274170,57340.0,60981.0
274190,55893.0,57638.0
274250,675.0,860.0
274270,1737.0,2002.0
274350,1836.0,1971.0
274480,282.0,313.0
274500,4974.0,5302.0
274520,18920.0,19945.0
274700,98.0,108.0
274900,5444.0,6313.0
274940,28706.0,32666.0
275100,3535.0,4158.0
275180,815.0,919.0
275200,1696.0,1855.0
275290,372.0,450.0
275350,110.0,140.0
275390,6112.0,6605.0
275470,961.0,1158.0
275530,994.0,1316.0
275570,411.0,488.0
275670,1765.0,2058.0
275710,4.0,5.0
275830,105.0,116.0
275850,261643.0,320637.0
276340,207.0,238.0
276890,342.0,417.0
277110,333.0,401.0
277390,174.0,199.0
277430,3610.0,4597.0
277450,959.0,1234.0
277460,533.0,656.0
277490,429.0,515.0
277590,1824.0,2384.0
277680,735.0,817.0
277700,222.0,251.0
277751,11.0,14.0
277850,63.0,79.0
277890,1322.0,1541.0
278080,10955.0,13024.0
278100,818.0,971.0
278360,26382.0,28774.0
278420,97.0,113.0
278460,1476.0,1696.0
278510,71.0,74.0
278570,280.0,358.0
278890,2168.0,2477.0
278930,267.0,355.0
279070,133.0,161.0
279140,340.0,447.0
279420,80.0,91.0
279440,585.0,777.0
279540,228.0,289.0
279800,1226.0,1274.0
279940,856.0,940.0
280010,683.0,848.0
280160,11274.0,12519.0
280180,1691.0,2103.0
280220,4369.0,4520.0
280520,1060.0,1388.0
280560,423.0,457.0
280600,273.0,342.0
280680,3982.0,4172.0
280720,710.0,871.0
280790,24143.0,31042.0
280910,351.0,392.0
280930,290.0,344.0
281080,74.0,86.0
281280,415.0,516.0
281390,76.0,99.0
281410,407.0,536.0
281450,308.0,362.0
281610,6610.0,8287.0
281640,3151.0,3509.0
281750,755.0,918.0
281860,197.0,221.0
281920,2093.0,2329.0
281990,149979.0,170809.0
282010,775.0,876.0
282030,730.0,830.0
282070,68333.0,71999.0
282140,39678.0,41358.0
282230,2.0,2.0
282270,3.0,3.0
282400,2167.0,2701.0
282440,13110.0,15185.0
282530,1850.0,2210.0
282590,581.0,711.0
282640,49.0,52.0
282680,80.0,103.0
282760,1856.0,2084.0
282800,25055.0,27297.0
282900,11323.0,12000.0
282960,6.0,6.0
283080,389.0,451.0
283160,1643.0,1822.0
283230,959.0,1267.0
283270,359.0,452.0
283290,2565.0,2932.0
283600,219.0,286.0
283640,17838.0,19869.0
283680,1375.0,1557.0
283820,172.0,190.0
283840,124.0,143.0
283880,1183.0,1349.0
283920,291.0,310.0
283940,620.0,641.0
283960,1155.0,1183.0
283980,564.0,596.0
284000,71.0,88.0
284020,67.0,85.0
284050,1061.0,1133.0
284160,270211.0,277548.0
284180,111.0,128.0
284220,66.0,86.0
284240,1603.0,1984.0
284260,196.0,218.0
284390,2133.0,2256.0
284460,1711.0,2013.0
284710,1296.0,1439.0
284730,644.0,720.0
284750,1377.0,1627.0
284770,1475.0,1516.0
284830,1011.0,1098.0
284850,1515.0,1584.0
284870,1311.0,1458.0
284890,615.0,736.0
284950,2119.0,2609.0
285070,631.0,826.0
285110,1210.0,1362.0
285160,7573.0,9376.0
285310,6955.0,7357.0
285330,4633.0,5199.0
285420,98.0,116.0
285440,1376.0,1475.0
285500,2052.0,2444.0
285520,120.0,155.0
285540,190.0,214.0
285600,1.0,1.0
285740,1497.0,1557.0
285800,2512.0,3068.0
285820,742.0,840.0
285840,667.0,784.0
285900,48925.0,57849.0
285920,20442.0,22400.0
286000,3204.0,4004.0
286100,5248.0,5648.0
286160,61750.0,64222.0
286240,691.0,757.0
286260,2983.0,3220.0
286280,274.0,325.0
286300,132.0,159.0
286320,522.0,569.0
286380,308.0,353.0
286460,559.0,616.0
286480,423.0,470.0
286540,268.0,297.0
286650,41.0,54.0
286660,181.0,212.0
286690,78162.0,86621.0
286770,207.0,267.0
286880,77.0,94.0
287020,1222.0,1347.0
287070,283.0,332.0
287260,1538.0,1811.0
287290,21356.0,27451.0
287310,1115.0,1216.0
287370,294.0,389.0
287371,311.0,388.0
287390,58924.0,65326.0
287440,5.0,5.0
287450,13332.0,14091.0
287630,4264.0,5088.0
287700,86935.0,94955.0
287840,215.0,270.0
287900,243.0,293.0
287960,120.0,153.0
287980,14568.0,15141.0
288060,1432.0,1741.0
288080,596.0,707.0
288120,994.0,1091.0
288160,26898.0,27490.0
288220,236.0,271.0
288370,299.0,363.0
288460,4.0,5.0
288470,11790.0,13790.0
288670,38.0,46.0
288840,150.0,181.0
288930,525.0,655.0
289070,286163.0,330728.0
289130,15283.0,18243.0
289180,373.0,480.0
289200,519.0,578.0
289260,205.0,250.0
289300,919.0,1041.0
289360,146.0,178.0
289420,544.0,656.0
289440,202.0,239.0
289460,319.0,423.0
289500,164.0,216.0
289650,53544.0,68555.0
289890,339.0,445.0
289950,5518.0,6711.0
290000,229.0,293.0
290020,141.0,178.0
290040,331.0,417.0
290100,671.0,813.0
290180,16.0,21.0
290260,580.0,618.0
290300,6778.0,7959.0
290320,85.0,103.0
290340,12743.0,15561.0
290380,171.0,176.0
290510,882.0,958.0
290530,388.0,490.0
290690,508.0,529.0
290730,2764.0,3291.0
290770,3211.0,3653.0
290890,854.0,1039.0
291070,85.0,109.0
291190,212.0,272.0
291290,65.0,81.0
291550,306767.0,374122.0
291630,199.0,256.0
291650,20899.0,23686.0
291710,394.0,474.0
291770,104.0,134.0
291860,7350.0,7910.0
292030,763833.0,789042.0
292090,20.0,25.0
292160,224.0,285.0
292200,214.0,280.0
292240,169.0,184.0
292260,123.0,140.0
292350,20.0,26.0
292390,382.0,496.0
292410,3334.0,3939.0
292500,1283.0,1370.0
292600,764.0,807.0
292660,117.0,153.0
292670,82.0,105.0
292690,7.0,7.0
292780,313.0,319.0
292800,363.0,374.0
292840,68.0,78.0
292880,99.0,116.0
292910,5507.0,6376.0
292930,1063.0,1275.0
292990,987.0,1144.0
293240,416.0,465.0
293260,4423.0,5153.0
293660,426.0,496.0
293680,679.0,775.0
293740,274.0,336.0
293760,11699.0,12588.0
293780,6536.0,6900.0
293880,209.0,241.0
293900,208.0,231.0
294000,341.0,392.0
294100,191473.0,195405.0
294140,1066.0,1267.0
294160,713.0,852.0
294230,600.0,738.0
294270,4.0,4.0
294420,203.0,256.0
294440,597.0,688.0
294460,129.0,166.0
294510,31.0,39.0
294530,282.0,291.0
294540,302.0,316.0
294550,142.0,149.0
294570,136.0,148.0
294590,319.0,345.0
294650,217.0,232.0
294660,699.0,723.0
294670,299.0,319.0
294680,176.0,184.0
294690,96.0,108.0
294710,51.0,63.0
294720,90.0,108.0
294730,101.0,124.0
294750,478.0,615.0
294810,1400.0,1551.0
294860,11429.0,12645.0
295630,123.0,146.0
295690,1202.0,1369.0
295730,197.0,239.0
295750,357.0,427.0
295790,6727.0,8306.0
296010,88.0,112.0
296030,37.0,47.0
296200,3.0,3.0
296220,336.0,419.0
296240,649.0,751.0
296470,7366.0,7729.0
296490,3812.0,3996.0
296570,984.0,1213.0
296630,522.0,692.0
296710,2982.0,3280.0
296790,43.0,56.0
296870,2488.0,2736.0
296890,65.0,80.0
296930,163.0,213.0
296970,2577.0,2810.0
297000,16981.0,21482.0
297060,142.0,165.0
297110,937.0,1068.0
297120,1225.0,1493.0
297130,9979.0,12655.0
297190,29.0,37.0
297210,308.0,391.0
297290,200.0,256.0
297370,116.0,133.0
297410,41.0,52.0
297490,264.0,301.0
297590,108.0,110.0
297660,59.0,66.0
297760,344.0,407.0
297860,1710.0,2111.0
297920,470.0,595.0
298030,3183.0,3300.0
298050,5929.0,7736.0
298110,47153.0,56142.0
298160,1310.0,1658.0
298180,1426.0,1555.0
298280,137.0,167.0
298360,173.0,200.0
298400,628.0,665.0
298520,1477.0,1778.0
298560,299.0,367.0
298600,2416.0,2664.0
298630,14377.0,15924.0
298790,45.0,51.0
298820,55.0,72.0
298830,49.0,62.0
298840,48.0,58.0
298860,51.0,64.0
299030,1222.0,1336.0
299070,259.0,281.0
299080,59.0,60.0
299110,213.0,265.0
299130,77.0,90.0
299160,87.0,107.0
299360,12003.0,15276.0
299400,274.0,304.0
299540,323.0,401.0
299660,448.0,492.0
299680,1384.0,1704.0
299720,979.0,1162.0
299800,57.0,67.0
299950,1280.0,1693.0
300300,549.0,641.0
300340,199.0,239.0
300380,9946.0,12068.0
300400,111.0,131.0
300550,5535.0,6171.0
300570,2268.0,2391.0
300620,29.0,34.0
300790,114.0,148.0
300840,108.0,114.0
300930,2.0,2.0
301120,1123.0,1311.0
301150,504.0,614.0
301190,828.0,992.0
301200,672.0,803.0
301260,49.0,56.0
301300,500.0,511.0
301320,1386.0,1439.0
301380,152.0,170.0
301460,456.0,563.0
301560,277.0,368.0
301610,499.0,575.0
301640,14888.0,17141.0
301650,920.0,1008.0
301670,70.0,92.0
301760,759.0,995.0
301830,172.0,185.0
301840,627.0,803.0
301860,3562.0,4693.0
301910,7128.0,9483.0
301920,90.0,95.0
301930,31.0,34.0
301970,1690.0,1843.0
301980,305.0,396.0
302080,1754.0,2147.0
302110,112.0,140.0
302130,251.0,290.0
302180,131.0,170.0
302190,262.0,346.0
302350,135.0,140.0
302360,69.0,77.0
302380,3606.0,3767.0
302470,149.0,198.0
302490,176.0,200.0
302510,33498.0,38701.0
302590,3690.0,4328.0
302610,1442.0,1557.0
302650,74.0,97.0
302670,17908.0,22523.0
302690,423.0,493.0
302710,1399.0,1596.0
302730,120.0,144.0
302750,110.0,113.0
302790,1263.0,1345.0
302810,65.0,74.0
302970,107.0,128.0
303210,18647.0,21206.0
303290,536.0,647.0
303310,4241.0,4468.0
303430,544.0,582.0
303550,230.0,263.0
303590,763.0,769.0
303610,2008.0,2289.0
303680,483.0,518.0
303690,447.0,497.0
303720,242.0,307.0
303800,920.0,1177.0
303860,62.0,78.0
303990,7.0,7.0
304050,74004.0,92144.0
304240,22874.0,24907.0
304290,134.0,168.0
304410,4162.0,4288.0
304430,60658.0,62618.0
304500,140.0,171.0
304540,63.0,76.0
304570,12.0,15.0
304650,7569.0,9109.0
304670,326.0,415.0
304850,56.0,63.0
304870,8.0,9.0
304910,199.0,246.0
304930,500329.0,546973.0
304970,1.0,1.0
305260,2594.0,3415.0
305280,24.0,28.0
305380,1497.0,1631.0
305450,2.0,2.0
305620,94724.0,103871.0
305760,140.0,147.0
305780,147.0,192.0
305880,29.0,33.0
305900,24.0,27.0
305920,278.0,318.0
306020,10642.0,11234.0
306040,1637.0,2101.0
306130,121583.0,148952.0
306200,325.0,414.0
306350,301.0,397.0
306510,2.0,2.0
306550,227.0,282.0
306630,250.0,320.0
306640,199.0,215.0
306660,2154.0,2674.0
306680,280.0,373.0
306700,395.0,470.0
306760,3007.0,3770.0
307010,270.0,330.0
307030,22.0,23.0
307070,989.0,1232.0
307110,4961.0,5704.0
307230,2109.0,2505.0
307340,478.0,529.0
307580,1418.0,1500.0
307590,334.0,395.0
307640,845.0,994.0
307670,3525.0,4650.0
307690,59974.0,64196.0
307770,63.0,82.0
307780,46216.0,54338.0
307940,478.0,597.0
307950,14509.0,18838.0
307960,6789.0,8597.0
308040,2257.0,2779.0
308060,1305.0,1677.0
308173,437.0,531.0
308180,25.0,28.0
308270,365.0,472.0
308330,102.0,118.0
308360,50.0,62.0
308400,2.0,2.0
308420,3279.0,3815.0
308440,82.0,93.0
308580,307.0,409.0
308600,1983.0,2389.0
309890,93.0,99.0
309900,32.0,39.0
310060,2355.0,2701.0
310080,6899.0,7339.0
310360,4687.0,4880.0
310390,136.0,163.0
310490,275.0,338.0
310510,1804.0,2149.0
310700,562.0,634.0
310740,285.0,343.0
310790,1335.0,1489.0
310830,9.0,11.0
311010,1033.0,1234.0
311060,115.0,149.0
311190,870.0,928.0
311210,173608.0,206925.0
311240,3368.0,4009.0
311290,5674.0,7398.0
311340,13715.0,16327.0
311480,590.0,731.0
311560,14115.0,16547.0
311690,77839.0,81344.0
311720,463.0,576.0
311770,4179.0,4569.0
311800,609.0,641.0
311870,1161.0,1274.0
311930,104.0,109.0
311940,4.0,5.0
311950,25.0,25.0
312010,299.0,337.0
312230,358.0,457.0
312240,19.0,23.0
312300,120.0,134.0
312350,227.0,279.0
312370,773.0,950.0
312410,66.0,79.0
312450,2239.0,2880.0
312520,32618.0,34675.0
312530,36611.0,37900.0
312540,1106.0,1230.0
312560,580.0,623.0
312590,14.0,18.0
312610,2895.0,3270.0
312650,331.0,423.0
312660,51943.0,57054.0
312670,8769.0,10406.0
312720,142.0,161.0
312750,2357.0,2805.0
312780,1436.0,1793.0
312840,4988.0,6200.0
312980,881.0,987.0
312990,17612.0,18117.0
313020,2352.0,2699.0
313030,22.0,24.0
313160,13942.0,15128.0
313340,14323.0,16227.0
313390,162.0,207.0
313400,344.0,377.0
313470,92.0,108.0
313480,1256.0,1389.0
313500,1011.0,1192.0
313590,207.0,275.0
313630,2061.0,2582.0
313660,93.0,123.0
313680,1.0,1.0
313690,7256.0,8115.0
313700,22.0,24.0
313730,2570.0,2777.0
313740,5508.0,7025.0
313780,1617.0,2083.0
313920,1.0,1.0
314010,589.0,743.0
314020,4015.0,4825.0
314030,726.0,834.0
314070,861.0,955.0
314160,21607.0,25036.0
314180,505.0,523.0
314230,1233.0,1319.0
314320,304.0,395.0
314330,150.0,161.0
314350,11.0,14.0
314360,111.0,121.0
314370,112.0,142.0
314390,7.0,7.0
314410,3262.0,3523.0
314450,1378.0,1675.0
314470,188.0,221.0
314500,186.0,220.0
314590,61.0,78.0
314630,21.0,26.0
314650,10671.0,11118.0
314660,2926.0,3394.0
314790,2119.0,2511.0
314810,1197.0,1541.0
314970,2167.0,2665.0
314980,928.0,1208.0
315080,36.0,45.0
315110,91.0,118.0
315430,3734.0,4696.0
315460,3768.0,4159.0
315510,2.0,2.0
315610,26.0,32.0
315660,1800.0,2396.0
315810,4140.0,4259.0
315830,116.0,142.0
315840,542.0,605.0
315930,49.0,60.0
316020,35.0,40.0
316050,134.0,168.0
316080,115.0,134.0
316090,4.0,4.0
316100,2.0,2.0
316260,299.0,359.0
316320,67.0,87.0
316450,8.0,8.0
316600,466.0,500.0
316610,910.0,954.0
316660,64.0,85.0
316790,7055.0,7805.0
316850,23.0,27.0
316900,1.0,1.0
317020,54.0,61.0
317030,194.0,208.0
317040,534.0,592.0
317100,607.0,788.0
317250,2185.0,2669.0
317320,268.0,282.0
317360,10502.0,11298.0
317510,782.0,887.0
317560,77.0,87.0
317710,563.0,639.0
317820,1954.0,2540.0
317840,70.0,85.0
317910,9.0,10.0
318130,2255.0,2344.0
318230,1108.0,1412.0
318310,299.0,326.0
318330,133.0,152.0
318340,1.0,1.0
318430,2835.0,3389.0
318450,4.0,4.0
318480,44.0,48.0
318530,994.0,1242.0
318600,5385.0,7085.0
318950,106.0,134.0
318970,730.0,871.0
319050,841.0,1114.0
319080,250.0,277.0
319140,631.0,833.0
319170,641.0,676.0
319250,537.0,594.0
319270,122.0,142.0
319320,360.0,432.0
319400,226.0,251.0
319450,347.0,427.0
319470,257.0,317.0
319480,1141.0,1289.0
319510,46740.0,50064.0
319560,305.0,398.0
319630,160342.0,166697.0
319760,429.0,492.0
319830,930.0,1214.0
319850,439.0,538.0
319870,1106.0,1258.0
320040,3923.0,5003.0
320090,44.0,51.0
320140,2584.0,2931.0
320150,229.0,273.0
320240,9957.0,12977.0
320290,7.0,7.0
320300,13422.0,14529.0
320320,401.0,516.0
320330,141.0,181.0
320430,1352.0,1520.0
320610,183.0,224.0
320630,152.0,198.0
320670,119.0,150.0
320760,622.0,667.0
320840,406.0,516.0
321020,5.0,6.0
321060,187.0,237.0
321190,111.0,117.0
321270,918.0,1192.0
321290,658.0,761.0
321360,7459.0,8974.0
321400,2500.0,3243.0
321410,509.0,612.0
321450,55.0,63.0
321480,1043.0,1141.0
321540,32.0,39.0
321560,154.0,176.0
321710,22.0,27.0
321800,2805.0,3129.0
321840,473.0,586.0
321890,31.0,36.0
321940,59.0,71.0
322110,3979.0,4347.0
322130,442.0,486.0
322170,351929.0,376673.0
322210,3367.0,3683.0
322290,883.0,964.0
322330,449021.0,469493.0
322450,2506.0,2693.0
322500,34245.0,37593.0
322670,1.0,1.0
322680,896.0,1043.0
322750,210.0,265.0
322770,2316.0,2573.0
323020,12.0,15.0
323190,105657.0,114394.0
323220,4164.0,4662.0
323250,59.0,78.0
323280,109.0,145.0
323320,4923.0,5368.0
323380,1338.0,1449.0
323450,100.0,127.0
323470,18119.0,20197.0
323490,494.0,551.0
323580,6472.0,8349.0
323630,217.0,238.0
323670,392.0,473.0
323720,1441.0,1890.0
323760,54.0,62.0
323850,20674.0,23044.0
324070,184.0,227.0
324080,4221.0,5026.0
324120,248.0,330.0
324140,446.0,477.0
324160,8952.0,9080.0
324460,9.0,10.0
324470,137.0,177.0
324520,368.0,462.0
324570,1196.0,1486.0
324650,413.0,522.0
324680,1573.0,1647.0
324710,249.0,274.0
324730,29.0,37.0
324740,515.0,686.0
324800,23251.0,26653.0
324810,4411.0,5712.0
325060,130.0,156.0
325090,574.0,739.0
325120,3047.0,3183.0
325150,140.0,166.0
325160,46.0,50.0
325260,1118.0,1243.0
325300,9.0,9.0
325370,136.0,175.0
325520,547.0,641.0
325610,27761.0,33887.0
325670,1.0,1.0
325760,10.0,11.0
325930,225.0,264.0
326120,245.0,319.0
326150,692.0,754.0
326190,895.0,1153.0
326260,3.0,3.0
326380,82.0,104.0
326410,2844.0,3555.0
326460,32076.0,34379.0
326480,4161.0,4511.0
326720,152.0,175.0
326840,489.0,602.0
326960,34.0,37.0
327030,10180.0,11942.0
327060,394.0,522.0
327140,1111.0,1178.0
327150,52.0,66.0
327220,1974.0,2243.0
327240,5.0,5.0
327260,298.0,375.0
327310,256.0,316.0
327370,130.0,152.0
327390,128.0,141.0
327400,874.0,914.0
327410,8422.0,9956.0
327440,171.0,218.0
327450,78.0,79.0
327510,886.0,1159.0
327560,917.0,1005.0
327690,5797.0,7538.0
327740,606.0,671.0
327760,33.0,40.0
327860,1707.0,2231.0
327880,447.0,511.0
327890,4546.0,5832.0
327930,200.0,221.0
327940,32.0,39.0
327950,133.0,147.0
327980,38.0,46.0
328070,1317.0,1552.0
328080,6684.0,7574.0
328270,535.0,671.0
328470,190.0,233.0
328550,24.0,30.0
328730,382.0,410.0
328760,1423.0,1554.0
328780,36.0,47.0
328900,66.0,83.0
328920,109.0,127.0
328930,33.0,39.0
329050,14535.0,16313.0
329070,1179.0,1477.0
329110,7852.0,9907.0
329130,3665.0,3892.0
329260,10.0,12.0
329320,96.0,107.0
329340,18.0,23.0
329380,765.0,1010.0
329430,9628.0,11766.0
329460,435.0,499.0
329500,13.0,17.0
329630,73.0,81.0
329640,82.0,98.0
329690,135.0,158.0
329830,802.0,1060.0
329860,1195.0,1337.0
329970,1300.0,1537.0
330020,17790.0,19988.0
330180,316.0,393.0
330390,2021.0,2337.0
330420,206.0,265.0
330580,1444.0,1898.0
330620,97.0,126.0
330670,28.0,32.0
330720,221.0,247.0
330770,115.0,146.0
330820,1288.0,1621.0
330830,16617.0,17452.0
330840,8018.0,10570.0
331160,2148.0,2370.0
331190,294.0,370.0
331220,136.0,173.0
331270,5.0,6.0
331290,13.0,16.0
331390,145.0,185.0
331430,15.0,15.0
331440,1805.0,2186.0
331460,109.0,121.0
331470,70170.0,73915.0
331480,2192.0,2460.0
331500,1234.0,1448.0
331510,157.0,200.0
331570,41.0,50.0
331600,8058.0,10129.0
331670,1633.0,1785.0
331690,1154.0,1456.0
331720,119.0,158.0
331750,1014.0,1055.0
331870,6123.0,7132.0
331920,470.0,569.0
331970,249.0,259.0
332200,5261.0,5776.0
332260,425.0,468.0
332300,1.0,1.0
332310,11862.0,15137.0
332330,173.0,203.0
332360,290.0,383.0
332370,14.0,15.0
332380,92.0,113.0
332390,139.0,170.0
332400,186.0,219.0
332410,114.0,150.0
332480,746.0,891.0
332540,78.0,82.0
332570,9529.0,10159.0
332580,264.0,319.0
332610,190.0,214.0
332760,16.0,20.0
332800,20528.0,21879.0
332810,40.0,49.0
332830,87.0,96.0
332880,27.0,34.0
332950,17452.0,19545.0
333130,10.0,11.0
333250,1768.0,2160.0
333260,192.0,199.0
333270,1.0,1.0
333290,19.0,21.0
333300,1261.0,1487.0
333390,57.0,70.0
333420,11276.0,13852.0
333490,42.0,46.0
333500,8.0,8.0
333510,48.0,59.0
333580,14.0,17.0
333600,25481.0,26749.0
333640,7543.0,7907.0
333670,2.0,2.0
333760,83.0,103.0
333870,89.0,114.0
333880,364.0,458.0
333930,46669.0,57408.0
333980,2811.0,3297.0
333990,55.0,70.0
334100,53.0,68.0
334140,91.0,98.0
334230,32155.0,36390.0
334260,7.0,7.0
334300,128.0,154.0
334310,2366.0,2744.0
334420,1252.0,1663.0
334480,32.0,41.0
334490,44.0,52.0
334540,1076.0,1213.0
334560,212.0,246.0
334620,50.0,66.0
334660,979.0,1051.0
334840,55.0,72.0
334920,3432.0,3661.0
334940,4444.0,4614.0
335000,2418.0,2569.0
335070,714.0,821.0
335090,38.0,38.0
335240,24043.0,27295.0
335300,90917.0,107982.0
335420,50.0,59.0
335450,23.0,26.0
335460,73.0,89.0
335560,19.0,21.0
335620,2960.0,3514.0
335670,13664.0,14282.0
335680,4.0,4.0
335790,371.0,463.0
335840,131.0,172.0
335920,204.0,221.0
336080,342.0,414.0
336110,100.0,125.0
336130,643.0,712.0
336140,2169.0,2256.0
336150,585.0,704.0
336160,22.0,25.0
336230,26.0,29.0
336240,693.0,800.0
336300,331.0,402.0
336420,490.0,632.0
336440,410.0,456.0
336610,514.0,577.0
336700,21.0,24.0
336760,259.0,295.0
336770,73.0,87.0
336840,24.0,27.0
337000,30375.0,40112.0
337050,1.0,1.0
337130,11.0,14.0
337150,1415.0,1580.0
337270,231.0,272.0
337290,164.0,214.0
337310,5.0,5.0
337320,26536.0,27699.0
337340,17511.0,17896.0
337350,317.0,330.0
337420,292.0,389.0
337450,25.0,33.0
337460,73.0,82.0
337480,297.0,376.0
337490,342.0,418.0
337650,41.0,45.0
337670,60.0,68.0
337720,207.0,215.0
337760,103.0,114.0
337850,262.0,293.0
337890,42.0,54.0
337930,699.0,750.0
337960,98.0,125.0
338000,792.0,858.0
338070,20.0,23.0
338100,4.0,5.0
338110,30.0,33.0
338140,527.0,668.0
338170,3441.0,3849.0
338190,187.0,218.0
338290,20.0,25.0
338310,63.0,81.0
338320,421.0,557.0
338490,12.0,14.0
338680,26.0,27.0
338800,292.0,363.0
338810,404.0,501.0
338960,142.0,158.0
338980,161.0,200.0
339000,613.0,795.0
339090,74.0,77.0
339120,570.0,687.0
339130,507.0,543.0
339160,310.0,377.0
339190,1181.0,1416.0
339200,1616.0,2030.0
339280,3637.0,4779.0
339340,10143.0,12429.0
339350,1906.0,1982.0
339360,8.0,8.0
339400,2057.0,2433.0
339440,196.0,223.0
339460,36.0,45.0
339510,118.0,150.0
339570,138.0,159.0
339580,722.0,962.0
339590,65.0,81.0
339690,26.0,29.0
339720,26.0,33.0
339740,97.0,99.0
339790,710.0,782.0
339800,29262.0,30456.0
339850,95.0,125.0
339910,391.0,463.0
340000,920.0,1015.0
340050,2008.0,2504.0
340250,20.0,22.0
340280,248.0,273.0
340340,395.0,488.0
340350,276.0,359.0
340360,262.0,318.0
340370,18.0,19.0
340380,16.0,18.0
340440,42.0,53.0
340450,42.0,55.0
340490,1024.0,1339.0
340520,754.0,831.0
340580,436.0,500.0
340600,35.0,43.0
340700,13.0,14.0
340720,31.0,37.0
340730,952.0,1144.0
340740,58.0,64.0
340770,258.0,340.0
340800,261.0,305.0
340830,500.0,615.0
340880,29.0,32.0
340890,1.0,1.0
340960,50.0,64.0
340980,1.0,1.0
340990,148.0,191.0
341000,3985.0,4389.0
341040,164.0,198.0
341090,229.0,265.0
341120,319.0,355.0
341150,261.0,331.0
341170,148.0,171.0
341190,321.0,344.0
341290,23.0,25.0
341310,1370.0,1826.0
341480,22.0,29.0
341530,86.0,106.0
341550,670.0,774.0
341680,51.0,59.0
341730,306.0,362.0
341760,41.0,50.0
341800,13738.0,14055.0
341820,71.0,82.0
341910,45.0,55.0
341940,16174.0,19586.0
341950,290.0,359.0
341960,51.0,61.0
342080,55.0,60.0
342100,31.0,36.0
342180,7265.0,9148.0
342190,206.0,263.0
342200,9427.0,11759.0
342250,3.0,3.0
342260,335.0,428.0
342300,974.0,1068.0
342350,203.0,251.0
342380,1816.0,2176.0
342490,193.0,235.0
342530,63.0,73.0
342560,5401.0,5624.0
342580,2800.0,2988.0
342610,420.0,437.0
342620,408.0,508.0
342630,213.0,254.0
342920,44.0,51.0
342940,1910.0,2253.0
342980,1065.0,1349.0
343020,10.0,12.0
343090,308.0,361.0
343100,946.0,1249.0
343250,4.0,5.0
343370,103.0,108.0
343380,1.0,1.0
343410,8.0,10.0
343430,26.0,30.0
343440,1246.0,1393.0
343560,544.0,620.0
343570,23.0,26.0
343730,303.0,355.0
343740,340.0,432.0
343780,11823.0,12554.0
343810,59.0,70.0
343840,112.0,129.0
343860,3815.0,4424.0
343930,311.0,406.0
344000,1.0,1.0
344230,266.0,337.0
344270,22.0,26.0
344340,114.0,140.0
344440,339.0,391.0
344480,408.0,420.0
344630,206.0,230.0
344740,1437.0,1732.0
344770,2467.0,2559.0
344810,94.0,121.0
344850,1436.0,1858.0
344860,306.0,323.0
344960,10.0,12.0
345060,164.0,203.0
345090,892.0,1085.0
345120,413.0,477.0
345180,5430.0,6323.0
345200,551.0,613.0
345240,856.0,970.0
345340,23.0,30.0
345350,3393.0,4273.0
345370,635.0,744.0
345390,2526.0,2806.0
345430,727.0,814.0
345460,576.0,666.0
345540,211.0,259.0
345610,968.0,1038.0
345620,123.0,140.0
345630,95.0,100.0
345650,1777.0,2015.0
345660,1849.0,2328.0
345820,2549.0,2739.0
345860,435.0,516.0
345890,1068.0,1326.0
345990,38.0,50.0
346010,46046.0,48207.0
346060,87.0,105.0
346090,52.0,65.0
346110,589368.0,705816.0
346120,4786.0,5434.0
346130,5.0,6.0
346180,588.0,747.0
346250,2973.0,3302.0
346340,26.0,34.0
346460,209.0,254.0
346470,658.0,703.0
346500,220.0,291.0
346510,29.0,32.0
346560,2241.0,2376.0
346630,300.0,393.0
346730,867.0,979.0
346750,438.0,563.0
346770,53.0,61.0
346780,54.0,64.0
346810,594.0,718.0
346820,353.0,388.0
346850,756.0,842.0
346900,51098.0,58068.0
346940,3946.0,4550.0
346970,368.0,437.0
347160,805.0,914.0
347250,76.0,85.0
347330,20.0,23.0
347400,228.0,294.0
347430,1612.0,1932.0
347470,62.0,68.0
347520,75.0,87.0
347590,186.0,203.0
347600,546.0,701.0
347610,363.0,390.0
347620,7039.0,7477.0
347660,51.0,59.0
347670,593.0,689.0
347680,15.0,17.0
347710,187.0,239.0
347720,647.0,694.0
347730,48.0,54.0
347790,36.0,45.0
347800,961.0,1143.0
347830,2103.0,2346.0
347910,1.0,1.0
347920,2.0,2.0
348110,12.0,14.0
348160,40.0,44.0
348200,538.0,614.0
348240,363.0,410.0
348250,3632.0,3843.0
348300,110.0,129.0
348360,978.0,1291.0
348430,169.0,179.0
348440,204.0,213.0
348550,6656.0,6917.0
348620,1165.0,1254.0
348740,14.0,16.0
348800,32.0,37.0
348840,26.0,30.0
348910,153.0,186.0
348920,4.0,4.0
348950,348.0,403.0
349040,78120.0,85983.0
349100,64.0,68.0
349150,14.0,15.0
349220,660.0,740.0
349250,360.0,369.0
349300,99.0,123.0
349320,359.0,413.0
349510,171.0,227.0
349520,192.0,216.0
349620,8.0,9.0
349680,289.0,307.0
349690,67.0,73.0
349710,4.0,4.0
349730,761.0,1005.0
349760,236.0,242.0
349800,2.0,2.0
350070,1122.0,1327.0
350080,17648.0,19636.0
350140,1.0,1.0
350210,40.0,50.0
350230,1.0,1.0
350400,14.0,16.0
350480,42.0,51.0
350550,28.0,28.0
350610,35.0,42.0
350620,46.0,56.0
350630,60.0,77.0
350640,10699.0,13439.0
350740,1076.0,1188.0
350780,171.0,212.0
350910,691.0,719.0
350970,466.0,557.0
351020,12.0,13.0
351090,752.0,795.0
351160,522.0,674.0
351170,15.0,19.0
351230,124.0,144.0
351240,83.0,97.0
351250,207.0,242.0
351320,35.0,37.0
351330,38.0,45.0
351410,61.0,68.0
351480,319.0,362.0
351490,934.0,1179.0
351510,1917.0,2131.0
351640,11605.0,11895.0
351690,16.0,16.0
351700,1176.0,1247.0
351710,2971.0,3224.0
351800,1409.0,1775.0
351860,479.0,582.0
351870,378.0,455.0
351920,9205.0,9748.0
351940,6136.0,6931.0
351970,7212.0,8948.0
352030,30.0,39.0
352070,251.0,266.0
352130,127.0,165.0
352140,131.0,168.0
352210,18.0,22.0
352220,400.0,498.0
352290,17.0,22.0
352310,1.0,1.0
352400,7891.0,8581.0
352440,21.0,27.0
352520,6546.0,7020.0
352610,124.0,142.0
352620,149.0,194.0
352700,522.0,590.0
352720,7648.0,9484.0
352760,24.0,31.0
352780,243.0,293.0
352890,754.0,969.0
353020,1.0,1.0
353090,958.0,993.0
353260,11.0,13.0
353270,3229.0,3414.0
353280,107.0,112.0
353330,1329.0,1382.0
353340,24.0,29.0
353360,2160.0,2559.0
353380,5712.0,7445.0
353540,1539.0,1615.0
353560,4102.0,4854.0
353580,150.0,178.0
353640,2898.0,3229.0
353700,1206.0,1357.0
353890,88.0,108.0
353980,104.0,131.0
354040,32.0,37.0
354130,59.0,68.0
354140,8750.0,9707.0
354240,4520.0,5114.0
354280,17.0,20.0
354290,1178.0,1566.0
354310,79.0,84.0
354320,8.0,9.0
354400,267.0,278.0
354430,320.0,415.0
354600,58.0,64.0
354620,131.0,157.0
354680,426.0,492.0
354740,144.0,170.0
354770,19.0,23.0
354780,10.0,10.0
354860,387.0,494.0
355050,1880.0,2033.0
355090,4.0,5.0
355130,751.0,945.0
355140,19.0,25.0
355170,776.0,811.0
355180,13925.0,16452.0
355230,25.0,33.0
355240,253.0,319.0
355250,476.0,585.0
355270,182.0,224.0
355280,85.0,103.0
355350,80.0,101.0
355370,29.0,33.0
355410,121.0,151.0
355530,326.0,395.0
355560,49.0,64.0
355570,26.0,27.0
355630,358.0,383.0
355670,2.0,2.0
355790,4607.0,5565.0
355820,66.0,70.0
355920,317.0,368.0
355970,505.0,656.0
355980,1783.0,1859.0
356000,81.0,106.0
356040,4894.0,6001.0
356070,874.0,996.0
356090,26.0,27.0
356100,53.0,58.0
356110,12.0,12.0
356190,89582.0,101301.0
356250,308.0,331.0
356260,372.0,423.0
356270,191.0,254.0
356290,57.0,74.0
356390,118.0,138.0
356400,3764.0,4095.0
356420,334.0,396.0
356430,514.0,596.0
356500,3775.0,4122.0
356510,535.0,654.0
356520,1093.0,1235.0
356530,218.0,245.0
356560,25.0,33.0
356570,9798.0,10878.0
356650,4141.0,5069.0
356670,13693.0,14728.0
356790,78.0,90.0
356820,49.0,58.0
357070,2815.0,3164.0
357120,215.0,277.0
357190,5820.0,6369.0
357300,1050.0,1123.0
357310,2336.0,2906.0
357330,1531.0,1675.0
357340,634.0,686.0
357490,19.0,23.0
357600,291.0,309.0
357700,19.0,22.0
357720,405.0,458.0
357750,28.0,34.0
357780,852.0,1074.0
357890,82.0,98.0
358010,28.0,32.0
358030,52.0,55.0
358070,181.0,201.0
358090,1566.0,1948.0
358130,3779.0,4141.0
358190,111.0,130.0
358200,54.0,65.0
358210,55.0,65.0
358230,43.0,57.0
358250,112.0,129.0
358260,99.0,117.0
358270,644.0,707.0
358290,141.0,164.0
358300,38.0,49.0
358320,41.0,52.0
358350,87.0,103.0
358360,186.0,207.0
358380,119.0,151.0
358390,106.0,130.0
358410,106.0,128.0
358650,226.0,274.0
358750,673.0,808.0
358760,14.0,18.0
358770,155.0,189.0
358780,1.0,1.0
358810,104.0,126.0
358830,213.0,254.0
358920,117.0,146.0
358960,247.0,285.0
359040,458.0,516.0
359050,9381.0,9846.0
359100,1361.0,1612.0
359140,398.0,425.0
359310,3325.0,3797.0
359320,73150.0,95074.0
359340,93.0,108.0
359350,569.0,707.0
359390,3301.0,3589.0
359400,383.0,404.0
359420,49.0,52.0
359510,4590.0,4816.0
359550,1123316.0,1328548.0
359630,61.0,81.0
359650,119.0,132.0
359840,2941.0,3671.0
359870,16803.0,18632.0
359920,194.0,237.0
359970,20.0,21.0
359980,4.0,5.0
360010,88.0,109.0
360450,157.0,200.0
360530,25.0,25.0
360550,173.0,211.0
360560,19.0,24.0
360620,1290.0,1446.0
360640,1857.0,2064.0
360650,862.0,998.0
360680,7.0,7.0
360740,7707.0,7967.0
360830,3855.0,5129.0
360840,147.0,171.0
360870,1277.0,1532.0
360940,8240.0,10078.0
360990,5.0,6.0
361020,133.0,145.0
361040,385.0,418.0
361070,1.0,1.0
361100,37.0,39.0
361230,412.0,475.0
361280,13002.0,13981.0
361300,4402.0,5059.0
361320,274.0,321.0
361350,121.0,142.0
361360,247.0,287.0
361420,111596.0,121176.0
361630,1457.0,1715.0
361670,377.0,456.0
361680,5.0,6.0
361690,212.0,278.0
361790,13.0,17.0
361830,82.0,103.0
361850,441.0,482.0
361930,103.0,113.0
361950,56.0,71.0
361990,1690.0,1825.0
362020,14.0,16.0
362030,7.0,8.0
362050,28.0,30.0
362090,216.0,251.0
362160,42.0,50.0
362290,46.0,58.0
362310,49.0,62.0
362490,9796.0,11899.0
362620,6515.0,6904.0
362680,16866.0,17348.0
362710,67.0,70.0
362780,118.0,152.0
362790,16.0,16.0
362810,215.0,258.0
362860,116.0,146.0
362870,686.0,734.0
362890,112182.0,117733.0
362930,12294.0,14014.0
362940,56.0,59.0
362960,10772.0,12397.0
363050,71.0,77.0
363060,53.0,56.0
363070,38.0,43.0
363090,244.0,302.0
363110,157.0,195.0
363240,101.0,128.0
363330,698.0,794.0
363410,178.0,236.0
363420,402.0,460.0
363440,3883.0,4537.0
363460,372.0,436.0
363500,36.0,39.0
363580,31.0,36.0
363740,1.0,1.0
363810,1.0,1.0
363840,15.0,19.0
363890,7173.0,7873.0
363930,4414.0,5396.0
363970,54475.0,60709.0
363980,350.0,418.0
364050,938.0,1238.0
364210,208.0,252.0
364230,504.0,538.0
364250,50.0,60.0
364360,40017.0,51138.0
364390,1297.0,1380.0
364420,2973.0,3701.0
364510,177.0,201.0
364700,8.0,10.0
364720,21.0,24.0
364740,19.0,21.0
364750,21.0,27.0
364770,46.0,55.0
364800,53.0,56.0
364810,98.0,119.0
364830,65.0,72.0
364920,10.0,11.0
364930,1033.0,1117.0
365090,22.0,24.0
365160,2692.0,3247.0
365210,77.0,87.0
365260,162.0,180.0
365300,9162.0,9703.0
365350,146.0,175.0
365360,20189.0,22855.0
365450,23047.0,24625.0
365490,1.0,1.0
365500,27.0,33.0
365510,30.0,32.0
365580,127.0,139.0
365630,20.0,24.0
365660,494.0,589.0
365670,61318.0,63536.0
365730,18.0,19.0
365770,534.0,702.0
365850,39.0,49.0
365870,93.0,105.0
365900,377.0,423.0
365960,6479.0,8135.0
366050,4.0,5.0
366090,7167.0,7809.0
366100,36.0,38.0
366240,866.0,909.0
366250,3424.0,3829.0
366260,852.0,967.0
366270,160.0,197.0
366320,2385.0,2954.0
366380,121.0,136.0
366410,18.0,20.0
366550,22.0,27.0
366590,45.0,49.0
366630,3.0,3.0
366690,610.0,682.0
366760,751.0,999.0
366780,53.0,65.0
366800,199.0,242.0
366870,980.0,1285.0
366920,26.0,27.0
366970,229.0,248.0
367000,389.0,441.0
367020,133.0,165.0
367050,13.0,15.0
367080,203.0,256.0
367110,95.0,122.0
367120,1891.0,2182.0
367140,50.0,53.0
367160,5.0,5.0
367260,36.0,44.0
367270,2191.0,2671.0
367300,100.0,117.0
367320,9.0,9.0
367350,54.0,71.0
367430,46.0,52.0
367450,15729.0,17200.0
367500,40199.0,45375.0
367520,362983.0,373802.0
367570,843.0,946.0
367580,8561.0,8828.0
367670,2313.0,2555.0
367820,11.0,14.0
368040,40.0,45.0
368050,129.0,166.0
368140,64.0,80.0
368150,19.0,23.0
368160,228.0,240.0
368230,19627.0,21649.0
368260,16284.0,20000.0
368310,15.0,19.0
368340,15096.0,16186.0
368360,9635.0,11409.0
368370,8346.0,9316.0
368390,4200.0,4440.0
368500,22533.0,28107.0
368570,433.0,465.0
368600,82.0,86.0
368610,687.0,765.0
368620,2377.0,2773.0
368650,753.0,818.0
368680,143.0,168.0
368700,21.0,26.0
368730,1948.0,2459.0
368800,139.0,161.0
368830,80.0,96.0
368890,105.0,121.0
368950,1630.0,1749.0
369010,1.0,1.0
369280,41.0,54.0
369290,262.0,341.0
369310,29.0,31.0
369420,860.0,935.0
369530,511.0,630.0
369550,165.0,205.0
369560,102.0,126.0
369700,58.0,63.0
369830,240.0,247.0
369990,6734.0,7906.0
370020,871.0,932.0
370050,42.0,47.0
370060,489.0,574.0
370070,211.0,271.0
370080,79.0,89.0
370120,15.0,17.0
370150,129.0,133.0
370210,14.0,16.0
370280,1894.0,2016.0
370300,149.0,176.0
370360,3671.0,3796.0
370460,366.0,447.0
370480,158.0,182.0
370490,31.0,41.0
370540,509.0,564.0
370550,198.0,218.0
370670,134.0,142.0
370770,979.0,1248.0
370900,12.0,13.0
370910,3410.0,3697.0
370920,93.0,114.0
370940,55.0,59.0
371070,2.0,2.0
371100,163.0,203.0
371140,1332.0,1698.0
371180,761.0,864.0
371190,149.0,173.0
371200,1097.0,1307.0
371300,134.0,173.0
371380,10.0,10.0
371430,60.0,74.0
371530,28.0,29.0
371550,286.0,352.0
371650,162.0,199.0
371660,26417.0,30868.0
371700,4.0,4.0
371800,14.0,16.0
371970,7872.0,8523.0
372030,37.0,43.0
372080,45.0,55.0
372180,3.0,3.0
372210,372.0,441.0
372250,29.0,36.0
372320,25.0,28.0
372350,108.0,121.0
372360,4075.0,4765.0
372390,361.0,463.0
372500,131.0,139.0
372560,9.0,11.0
372590,57.0,63.0
372690,164.0,198.0
372730,11.0,13.0
372800,2243.0,2844.0
372830,100.0,124.0
372930,284.0,311.0
372940,261.0,279.0
372950,11.0,13.0
372960,110.0,113.0
372970,33.0,42.0
373180,2225.0,2475.0
373390,2914.0,3054.0
373420,24490.0,27245.0
373600,247.0,314.0
373610,113.0,142.0
373620,60.0,78.0
373630,36.0,47.0
373750,269.0,305.0
373770,4187.0,4365.0
373930,5914.0,7602.0
373970,468.0,511.0
374040,17677.0,21209.0
374190,1687.0,1818.0
374210,2.0,2.0
374320,372698.0,395434.0
374360,13.0,13.0
374410,254.0,274.0
374420,3.0,3.0
374460,53.0,61.0
374540,26.0,30.0
374630,6.0,7.0
374830,280.0,355.0
374900,2231.0,2733.0
375030,173.0,222.0
375120,315.0,385.0
375130,277.0,292.0
375170,35.0,42.0
375190,17.0,22.0
375200,946.0,1080.0
375210,48.0,59.0
375250,220.0,266.0
375310,61.0,71.0
375440,465.0,503.0
375480,8611.0,9110.0
375520,236.0,298.0
375530,3450.0,3914.0
375550,32.0,37.0
375570,1.0,1.0
375600,1261.0,1611.0
375750,455.0,524.0
375810,16.0,21.0
375820,3977.0,4230.0
375840,341.0,387.0
375870,6.0,6.0
375890,83.0,102.0
375930,44.0,55.0
375950,8398.0,9145.0
376160,3.0,3.0
376210,68523.0,84179.0
376240,41.0,44.0
376300,2420.0,2649.0
376520,844.0,934.0
376560,106.0,135.0
376680,1002.0,1246.0
376730,666.0,877.0
376760,62.0,73.0
376770,65.0,74.0
376870,6302.0,8200.0
377010,1.0,1.0
377020,19.0,22.0
377070,61.0,74.0
377080,507.0,542.0
377160,313723.0,378908.0
377190,52.0,62.0
377250,17.0,20.0
377320,21.0,25.0
377330,668.0,772.0
377430,414.0,457.0
377450,218.0,231.0
377460,315.0,339.0
377500,34.0,40.0
377520,256.0,339.0
377530,5386.0,7082.0
377550,20.0,25.0
377600,901.0,997.0
377660,169.0,173.0
377670,616.0,666.0
377680,1149.0,1449.0
377690,236.0,253.0
377710,161.0,182.0
377720,74.0,88.0
377760,169.0,197.0
377770,4.0,4.0
377840,10344.0,10927.0
377860,1293.0,1336.0
377870,610.0,742.0
377880,184.0,233.0
377900,687.0,872.0
377940,14.0,18.0
377950,194.0,216.0
378030,107.0,118.0
378080,62.0,81.0
378090,21.0,26.0
378110,169.0,202.0
378300,197.0,214.0
378350,35.0,39.0
378360,801.0,1060.0
378410,19.0,20.0
378530,36.0,43.0
378540,7798.0,10335.0
378570,32.0,42.0
378610,5990.0,6547.0
378630,97.0,120.0
378690,321.0,354.0
378720,3227.0,3641.0
378750,149.0,158.0
378770,233.0,240.0
378790,14.0,15.0
378850,90.0,110.0
379210,1094.0,1271.0
379250,53.0,70.0
379320,117.0,150.0
379420,122.0,149.0
379430,115126.0,138031.0
379520,53.0,70.0
379530,153.0,203.0
379610,75.0,80.0
379630,2.0,2.0
379640,240.0,269.0
379720,186063.0,194901.0
379760,48.0,56.0
379970,35.0,36.0
379980,1342.0,1454.0
380050,7.0,7.0
380080,80.0,100.0
380100,27.0,30.0
380120,69.0,86.0
380140,289.0,354.0
380150,1730.0,2113.0
380600,52045.0,60117.0
380650,5.0,5.0
380660,114.0,137.0
380670,330.0,351.0
380680,47.0,60.0
380720,4.0,4.0
380810,132.0,146.0
380840,3866.0,4365.0
380860,21.0,26.0
380920,61.0,73.0
380950,21.0,26.0
380970,166.0,194.0
381020,1053.0,1130.0
381210,603528.0,751008.0
381250,10.0,10.0
381310,16.0,19.0
381320,81.0,105.0
381340,22.0,25.0
381600,1.0,1.0
381610,38.0,50.0
381770,11.0,13.0
381780,1728.0,1908.0
381870,237.0,262.0
381880,90.0,109.0
381890,147.0,165.0
381900,104.0,132.0
381910,25.0,31.0
381940,1081.0,1364.0
382050,640.0,768.0
382070,70.0,88.0
382090,212.0,276.0
382140,3818.0,4919.0
382260,571.0,615.0
382270,17.0,22.0
382310,10306.0,12700.0
382380,149.0,182.0
382490,6331.0,6786.0
382560,5277.0,5657.0
382990,9.0,9.0
383010,13.0,15.0
383080,12232.0,14646.0
383100,99.0,105.0
383120,25630.0,32451.0
383150,19847.0,24228.0
383190,17.0,18.0
383270,9115.0,9845.0
383460,441.0,513.0
383570,12.0,13.0
383630,66.0,87.0
383690,156.0,194.0
383730,122.0,140.0
383740,284.0,331.0
383840,1641.0,2049.0
383870,69571.0,77362.0
383920,1.0,1.0
383930,362.0,455.0
383960,151.0,193.0
383980,32733.0,34182.0
384000,275.0,366.0
384040,11.0,13.0
384100,30.0,37.0
384110,3320.0,3787.0
384180,6481.0,7706.0
384190,23507.0,25304.0
384280,143.0,156.0
384480,85.0,98.0
384500,575.0,674.0
384590,35.0,36.0
384630,2005.0,2117.0
384660,12.0,14.0
384670,20.0,25.0
384680,748.0,827.0
384690,192.0,205.0
384700,77.0,84.0
384890,26.0,29.0
384910,35.0,43.0
384940,23.0,30.0
384960,299.0,375.0
384990,77.0,94.0
385030,58.0,64.0
385060,54.0,62.0
385100,34.0,37.0
385130,100.0,117.0
385150,198.0,252.0
385230,68.0,86.0
385240,781.0,962.0
385250,514.0,525.0
385330,583.0,626.0
385350,16.0,20.0
385370,2511.0,2914.0
385380,1583.0,1958.0
385560,764.0,905.0
385590,172.0,214.0
385690,39.0,44.0
385710,1282.0,1580.0
385770,4419.0,5034.0
385800,16343.0,17388.0
385820,1.0,1.0
385840,22.0,25.0
385850,11.0,12.0
386050,78.0,101.0
386070,11667.0,13747.0
386080,214.0,266.0
386180,46449.0,61564.0
386200,37.0,40.0
386260,1131.0,1349.0
386360,93772.0,118884.0
386420,142.0,178.0
386520,151.0,174.0
386560,130.0,150.0
386600,123.0,156.0
386620,2574.0,2887.0
386690,214.0,274.0
386740,43.0,50.0
386770,320.0,384.0
386840,47.0,60.0
386900,135.0,144.0
386940,42827.0,44688.0
386960,6.0,7.0
386970,283.0,356.0
386990,193.0,253.0
387000,1.0,1.0
387060,157.0,192.0
387100,31.0,39.0
387240,88.0,103.0
387280,44.0,51.0
387290,61317.0,64298.0
387340,2740.0,2984.0
387770,2.0,2.0
387780,1.0,1.0
387840,341.0,435.0
387850,124.0,165.0
387860,4545.0,5573.0
387870,113.0,139.0
387990,100935.0,109355.0
388000,16.0,17.0
388080,3133.0,3737.0
388090,13162.0,14199.0
388140,23.0,28.0
388210,4133.0,4263.0
388260,36.0,46.0
388270,41.0,53.0
388310,3.0,3.0
388320,821.0,1070.0
388340,344.0,443.0
388410,13534.0,17270.0
388420,380.0,448.0
388450,306.0,317.0
388540,8.0,9.0
388620,380.0,465.0
388720,43.0,51.0
388730,82.0,92.0
388750,2553.0,2803.0
388800,1394.0,1627.0
388880,10557.0,11488.0
388910,28.0,30.0
388970,227.0,276.0
389050,158.0,203.0
389120,18.0,23.0
389140,5105.0,5475.0
389170,3657.0,3787.0
389250,252.0,277.0
389260,66.0,79.0
389270,610.0,757.0
389400,116.0,149.0
389470,66.0,85.0
389510,2449.0,2635.0
389570,9540.0,11809.0
389650,209.0,220.0
389710,7.0,7.0
389730,75901.0,91516.0
389940,8.0,8.0
390030,399.0,492.0
390290,952.0,1074.0
390330,50.0,63.0
390520,1434.0,1590.0
390610,250.0,269.0
390620,47.0,51.0
390660,360.0,443.0
390680,43.0,44.0
390710,938.0,1199.0
390720,620.0,670.0
390730,403.0,439.0
390800,10.0,11.0
390890,148.0,160.0
390920,44.0,55.0
390930,41.0,49.0
391000,387.0,403.0
391030,98.0,118.0
391050,58.0,77.0
391140,360.0,410.0
391150,40.0,49.0
391160,172.0,224.0
391170,337.0,392.0
391190,3.0,3.0
391210,43.0,50.0
391220,121966.0,129741.0
391250,105.0,123.0
391270,2756.0,3470.0
391310,177.0,230.0
391390,34.0,39.0
391490,360.0,415.0
391510,38.0,39.0
391540,232546.0,240577.0
391580,268.0,341.0
391720,22849.0,25711.0
391730,5208.0,5818.0
391960,16.0,20.0
392000,320.0,399.0
392020,197.0,214.0
392030,106.0,116.0
392070,265.0,330.0
392100,13.0,16.0
392110,18124.0,21719.0
392160,16864.0,21456.0
392190,80.0,105.0
392260,190.0,245.0
392330,71.0,75.0
392370,20.0,25.0
392450,540.0,623.0
392470,497.0,595.0
392600,24.0,27.0
392610,73.0,78.0
392690,13.0,16.0
392720,11.0,12.0
392940,118.0,153.0
392950,4901.0,5567.0
392970,241.0,265.0
393170,25.0,27.0
393190,1655.0,1739.0
393200,731.0,917.0
393220,134.0,143.0
393270,15.0,17.0
393320,11.0,14.0
393330,14.0,16.0
393350,29.0,37.0
393380,156651.0,190506.0
393420,23762.0,31203.0
393430,1351.0,1573.0
393500,86.0,90.0
393520,3954.0,4564.0
393610,155.0,200.0
393630,18.0,22.0
393980,557.0,725.0
394030,48.0,55.0
394140,132.0,157.0
394160,845.0,945.0
394170,1.0,1.0
394220,206.0,252.0
394270,22.0,26.0
394290,102.0,116.0
394310,11498.0,14278.0
394350,13.0,14.0
394360,278078.0,305695.0
394390,18.0,20.0
394430,80.0,97.0
394510,27182.0,30162.0
394540,368.0,475.0
394550,103.0,121.0
394680,363.0,413.0
394690,17963.0,19950.0
394700,302.0,365.0
394710,16.0,18.0
394850,143.0,184.0
394950,17.0,18.0
394970,5040.0,5254.0
395100,19.0,23.0
395140,81.0,93.0
395170,10953.0,11758.0
395190,12.0,12.0
395200,3026.0,3675.0
395250,137.0,177.0
395500,247.0,286.0
395510,5.0,6.0
395520,2823.0,3217.0
395550,26.0,30.0
395580,20.0,24.0
395620,346.0,401.0
395760,189.0,233.0
395850,540.0,622.0
395860,295.0,370.0
395890,17.0,21.0
395930,100.0,113.0
395970,4.0,4.0
396060,162.0,182.0
396090,191.0,253.0
396190,1.0,1.0
396230,138.0,170.0
396260,44.0,47.0
396280,209.0,257.0
396290,6.0,7.0
396310,349.0,409.0
396350,800.0,838.0
396480,793.0,999.0
396490,18.0,20.0
396640,349.0,380.0
396650,1393.0,1462.0
396660,88.0,115.0
396700,19.0,20.0
396710,1657.0,1799.0
396750,8426.0,10692.0
396790,575.0,718.0
396800,479.0,539.0
396860,173.0,203.0
396890,186.0,219.0
396900,3914.0,4612.0
397060,5911.0,7057.0
397090,85.0,106.0
397100,684.0,888.0
397160,257.0,307.0
397170,29.0,34.0
397180,34.0,45.0
397190,136.0,179.0
397210,79.0,99.0
397270,1511.0,1622.0
397330,352.0,404.0
397340,9497.0,10186.0
397350,1373.0,1427.0
397400,61.0,64.0
397430,1041.0,1113.0
397440,67.0,85.0
397460,1942.0,2030.0
397500,522.0,680.0
397540,118367.0,139113.0
397570,161.0,199.0
397600,18.0,18.0
397690,321.0,395.0
397740,5201.0,5299.0
397750,96.0,123.0
397780,97.0,120.0
397860,18.0,20.0
397950,15103.0,16151.0
397960,13.0,16.0
397970,25.0,32.0
397990,113.0,138.0
398000,804.0,822.0
398030,800.0,871.0
398100,463.0,585.0
398170,334.0,408.0
398250,17.0,17.0
398280,5.0,5.0
398430,7.0,8.0
398440,2.0,2.0
398450,306.0,376.0
398460,111.0,123.0
398600,15.0,15.0
398620,79.0,92.0
398710,10563.0,11329.0
398810,391.0,511.0
398850,6112.0,6452.0
398890,16.0,20.0
398900,1.0,1.0
398920,43.0,53.0
398940,34.0,42.0
398980,221.0,250.0
398990,16.0,19.0
399010,25.0,25.0
399040,104.0,121.0
399070,370.0,419.0
399140,55.0,62.0
399240,20.0,25.0
399520,257.0,301.0
399530,11.0,14.0
399600,342.0,356.0
399640,489.0,521.0
399670,2693.0,3065.0
399720,81.0,94.0
399760,5.0,6.0
399780,383.0,434.0
399810,9171.0,11590.0
399820,2312.0,2730.0
399880,7.0,8.0
399890,380.0,470.0
399910,60.0,67.0
400040,6619.0,6922.0
400080,2091.0,2631.0
400160,557.0,636.0
400170,2754.0,3593.0
400180,653.0,849.0
400220,10.0,13.0
400280,26.0,28.0
400390,6.0,6.0
400450,569.0,745.0
400570,4.0,4.0
400580,241.0,261.0
400630,5276.0,5580.0
400650,7.0,9.0
400660,498.0,561.0
400710,12.0,14.0
400750,15259.0,18566.0
400790,284.0,319.0
400800,490.0,652.0
400910,11150.0,11614.0
400940,1464.0,1826.0
401120,93.0,105.0
401170,7.0,9.0
401200,8.0,8.0
401220,13.0,13.0
401280,39.0,40.0
401290,70.0,79.0
401300,1.0,1.0
401360,336.0,440.0
401510,17.0,19.0
401680,5622.0,6116.0
401800,52.0,63.0
401810,646.0,710.0
401910,109.0,119.0
402040,648.0,863.0
402080,2.0,2.0
402120,302.0,352.0
402150,40.0,52.0
402180,2410.0,2835.0
402210,98.0,127.0
402260,471.0,577.0
402330,3426.0,3813.0
402340,88.0,100.0
402530,835.0,886.0
402570,4416.0,5299.0
402620,1253.0,1294.0
402630,259.0,287.0
402840,2407.0,2908.0
402880,621.0,791.0
402940,43.0,55.0
402970,1.0,1.0
403020,5.0,6.0
403030,16.0,17.0
403040,453.0,592.0
403070,43.0,53.0
403090,48.0,51.0
403100,50.0,63.0
403180,787.0,905.0
403190,7604.0,9540.0
403230,21.0,25.0
403270,24.0,24.0
403400,476.0,542.0
403410,253.0,288.0
403430,727.0,807.0
403510,276.0,363.0
403640,53845.0,60308.0
403670,79.0,105.0
403700,253.0,296.0
403780,55.0,62.0
403830,362.0,381.0
403940,426.0,558.0
403950,500.0,559.0
404030,32.0,37.0
404040,434.0,471.0
404100,53.0,67.0
404170,74.0,90.0
404180,106.0,132.0
404200,521.0,686.0
404270,93.0,106.0
404390,20.0,26.0
404400,15.0,18.0
404410,5909.0,6399.0
404460,24.0,26.0
404480,807.0,872.0
404510,104.0,122.0
404530,493.0,561.0
404540,1808.0,2085.0
404620,537.0,708.0
404680,4517.0,5101.0
404700,149.0,181.0
404790,5433.0,6579.0
404820,273.0,299.0
404850,37.0,44.0
404860,34.0,44.0
404870,10.0,12.0
405000,119.0,144.0
405010,743.0,839.0
405290,2081.0,2180.0
405310,6462.0,7319.0
405530,35.0,38.0
405550,66.0,80.0
405640,15564.0,16350.0
405650,181.0,232.0
405710,3737.0,4704.0
405780,432.0,534.0
405820,3295.0,3519.0
405830,2186.0,2406.0
405860,38.0,50.0
405900,3942.0,4514.0
405950,420.0,463.0
406130,347.0,425.0
406150,16542.0,17257.0
406220,49.0,59.0
406290,2356.0,2708.0
406340,12.0,13.0
406550,1964.0,2054.0
406650,40.0,49.0
406780,33.0,37.0
406850,335.0,409.0
406870,744.0,800.0
406920,36.0,39.0
406970,4364.0,5709.0
407020,228.0,300.0
407100,22.0,23.0
407110,24.0,28.0
407130,7073.0,7998.0
407300,577.0,717.0
407310,942.0,984.0
407320,60.0,62.0
407330,1722.0,1890.0
407340,147.0,171.0
407380,49.0,54.0
407630,18.0,23.0
407780,317.0,372.0
407810,1748.0,2157.0
407880,129.0,138.0
407900,2770.0,2834.0
407940,78.0,84.0
407980,462.0,604.0
408000,312.0,402.0
408030,160.0,175.0
408060,60.0,75.0
408110,231.0,274.0
408170,21.0,23.0
408280,750.0,868.0
408340,31.0,38.0
408400,82.0,105.0
408410,3102.0,3377.0
408470,4.0,5.0
408520,883.0,967.0
408530,14.0,14.0
408650,454.0,545.0
408750,41.0,49.0
408900,6437.0,7455.0
408930,829.0,1003.0
408960,152.0,201.0
409020,24.0,31.0
409100,1338.0,1612.0
409150,29.0,36.0
409160,8967.0,9619.0
409380,248.0,293.0
409450,524.0,625.0
409560,71.0,88.0
409610,11.0,11.0
409660,685.0,768.0
409670,917.0,988.0
409690,662.0,739.0
409730,95.0,125.0
409850,469.0,599.0
409870,503.0,594.0
409910,131.0,165.0
409920,180.0,191.0
410000,19.0,24.0
410110,5808.0,6944.0
410130,59.0,78.0
410150,67.0,72.0
410320,9285.0,9767.0
410340,9103.0,9633.0
410370,9.0,10.0
410440,39.0,48.0
410470,15.0,18.0
410670,846.0,960.0
410710,1851.0,2064.0
410770,76.0,88.0
410820,436.0,481.0
410830,98.0,122.0
410890,1255.0,1297.0
410900,19173.0,20863.0
410910,23.0,29.0
410970,334.0,371.0
410980,1406.0,1455.0
411000,613.0,689.0
411060,54.0,57.0
411120,186.0,230.0
411310,373.0,408.0
411320,224.0,244.0
411340,1.0,1.0
411370,4037.0,4336.0
411390,25.0,29.0
411530,36.0,46.0
411550,37.0,47.0
411560,1204.0,1453.0
411570,140.0,163.0
411580,1.0,1.0
411590,79.0,101.0
411610,54.0,70.0
411680,74.0,86.0
411740,63.0,82.0
411760,336.0,402.0
411820,136.0,158.0
411830,3644.0,3843.0
411870,39.0,44.0
411880,131.0,144.0
411960,2482.0,2531.0
411970,677.0,710.0
411980,179.0,211.0
412020,98392.0,109888.0
412050,329.0,393.0
412220,23840.0,26206.0
412230,61.0,79.0
412270,88.0,105.0
412360,43.0,47.0
412480,164.0,172.0
412520,309.0,382.0
412530,18.0,22.0
412620,177.0,198.0
412670,464.0,471.0
412740,2214.0,2742.0
412760,10.0,11.0
412770,517.0,638.0
412790,176.0,233.0
412830,17452.0,17897.0
412930,70.0,74.0
413150,756701.0,769592.0
413410,27298.0,28419.0
413420,24261.0,25177.0
413470,27.0,33.0
413480,31.0,41.0
413500,64.0,73.0
413540,17.0,17.0
413580,23.0,24.0
413700,16.0,19.0
413750,1.0,1.0
413870,122.0,136.0
414120,192.0,222.0
414190,354.0,452.0
414370,83.0,95.0
414490,28.0,31.0
414510,266.0,321.0
414660,546.0,634.0
414700,47698.0,52215.0
414720,376.0,447.0
414760,18.0,22.0
414810,8.0,10.0
414920,300.0,370.0
415000,45.0,45.0
415030,497.0,645.0
415090,28.0,30.0
415140,15.0,16.0
415150,319.0,395.0
415170,418.0,441.0
415200,12208.0,13306.0
415240,109.0,141.0
415270,1502.0,1874.0
415330,13.0,17.0
415350,771.0,926.0
415390,45.0,54.0
415400,164.0,200.0
415420,1682.0,1812.0
415480,747.0,943.0
415530,16.0,20.0
415600,534.0,607.0
415610,750.0,805.0
415670,109.0,124.0
415740,433.0,531.0
415780,27.0,30.0
415830,280.0,318.0
415850,320.0,382.0
415880,1202.0,1568.0
415900,4.0,5.0
415910,75.0,88.0
415920,248.0,256.0
415990,20.0,24.0
416110,133.0,150.0
416130,1606.0,2065.0
416180,43.0,49.0
416190,241.0,275.0
416240,129.0,137.0
416250,105.0,137.0
416320,105.0,126.0
416340,29.0,35.0
416360,123.0,126.0
416380,150.0,199.0
416530,65.0,73.0
416550,160.0,178.0
416590,1663.0,2123.0
416600,2505.0,2759.0
416640,94.0,122.0
416650,1.0,1.0
416680,3228.0,3467.0
416690,758.0,836.0
416770,1032.0,1138.0
416790,327.0,389.0
416830,115.0,131.0
416840,6.0,7.0
416850,11.0,13.0
416870,185.0,206.0
417020,10.0,12.0
417060,28.0,36.0
417290,4290.0,4669.0
417360,3216.0,3350.0
417410,52.0,56.0
417420,28.0,31.0
417520,15.0,17.0
417860,28061.0,31667.0
417890,871.0,1057.0
417900,32.0,34.0
417980,45.0,56.0
418040,701.0,768.0
418070,3038.0,3349.0
418120,436.0,538.0
418150,116.0,145.0
418160,59.0,74.0
418190,766.0,825.0
418240,34884.0,36301.0
418300,557.0,651.0
418340,9344.0,11555.0
418360,78.0,95.0
418370,85955.0,90330.0
418440,274.0,316.0
418460,46921.0,54048.0
418520,95.0,104.0
418530,18098.0,19446.0
418620,863.0,1018.0
418650,2652.0,2809.0
418670,277.0,363.0
418840,4.0,4.0
418950,840.0,1060.0
419090,53.0,70.0
419130,105.0,124.0
419460,1289.0,1433.0
419710,14.0,15.0
419810,47.0,52.0
419990,70.0,83.0
420000,1875.0,2426.0
420020,75.0,81.0
420060,863.0,1100.0
420100,305.0,346.0
420110,12129.0,12487.0
420130,1.0,1.0
420170,16.0,20.0
420180,170.0,217.0
420290,20797.0,25706.0
420360,58.0,69.0
420440,1232.0,1439.0
420500,13.0,17.0
420520,459.0,532.0
420530,47106.0,47928.0
420560,3914.0,4815.0
420570,34.0,37.0
420660,271.0,312.0
420740,2697.0,2984.0
420760,14.0,15.0
420790,1001.0,1271.0
420840,166.0,175.0
420930,1245.0,1566.0
420950,91.0,120.0
420980,205.0,230.0
421040,4973.0,5607.0
421050,3211.0,3742.0
421120,4338.0,4594.0
421260,133.0,139.0
421630,169.0,177.0
421640,4.0,4.0
421660,681.0,713.0
421670,1126.0,1293.0
421700,538.0,632.0
421710,50.0,62.0
421740,557.0,719.0
421830,105.0,106.0
422010,17.0,17.0
422110,208.0,219.0
422160,9.0,10.0
422170,1.0,1.0
422500,78.0,100.0
422510,815.0,863.0
422650,70.0,92.0
422760,102.0,130.0
422810,1831.0,2418.0
422860,185.0,217.0
422900,1078.0,1162.0
422910,785.0,811.0
422920,379.0,420.0
422970,8426.0,8840.0
423120,218.0,254.0
423220,23.0,25.0
423230,10698.0,11751.0
423270,31.0,41.0
423320,75.0,96.0
423440,40.0,43.0
423450,2.0,2.0
423490,476.0,595.0
423550,207.0,275.0
423580,3743.0,4405.0
423590,735.0,835.0
423600,55.0,59.0
423610,131.0,170.0
423640,23.0,26.0
423720,39.0,45.0
423730,13.0,15.0
423750,31.0,41.0
423880,7591.0,8504.0
424010,29.0,35.0
424030,10749.0,12172.0
424040,23.0,27.0
424070,4.0,4.0
424100,7.0,9.0
424170,41.0,52.0
424200,232.0,240.0
424210,13.0,16.0
424250,551.0,693.0
424280,16904.0,17294.0
424320,28.0,35.0
424610,6.0,7.0
424640,50.0,58.0
424750,11.0,12.0
424840,99364.0,104826.0
425040,18.0,19.0
425070,56.0,67.0
425160,68.0,81.0
425210,998.0,1303.0
425220,3778.0,4712.0
425260,20.0,23.0
425340,103.0,124.0
425410,363.0,412.0
425580,18493.0,18916.0
425600,117.0,132.0
425650,161.0,175.0
425670,435.0,549.0
425770,137.0,140.0
425820,82.0,104.0
425900,19.0,22.0
425990,2.0,2.0
426000,5574.0,6362.0
426050,112.0,121.0
426190,106.0,139.0
426290,66.0,87.0
426330,139.0,153.0
426340,2.0,2.0
426690,564.0,578.0
426790,1624.0,1768.0
426930,86.0,98.0
427190,5638.0,6413.0
427240,445.0,523.0
427250,1960.0,2394.0
427290,16204.0,21018.0
427410,17426.0,18141.0
427490,645.0,786.0
427510,489.0,616.0
427520,182615.0,187852.0
427640,19.0,25.0
427680,352.0,429.0
427700,599.0,643.0
427730,23457.0,29403.0
427760,508.0,608.0
427770,48.0,55.0
427780,261.0,338.0
427810,277.0,361.0
427820,1824.0,2135.0
427980,422.0,535.0
428040,31.0,33.0
428060,34.0,39.0
428080,497.0,518.0
428100,137.0,168.0
428130,3.0,3.0
428170,13.0,15.0
428180,392.0,503.0
428220,284.0,344.0
428230,5.0,5.0
428240,2.0,2.0
428280,75.0,88.0
428340,298.0,322.0
428350,70.0,93.0
428370,663.0,853.0
428410,26.0,28.0
428460,79.0,90.0
428540,117.0,139.0
428550,10278.0,10983.0
428660,6863.0,7735.0
428690,11888.0,15371.0
428750,1047.0,1146.0
428830,172.0,193.0
428860,150.0,179.0
428870,133.0,173.0
428880,425.0,492.0
428900,852.0,986.0
428930,11.0,11.0
429040,16.0,20.0
429050,13341.0,17217.0
429260,22.0,24.0
429270,9.0,10.0
429300,836.0,941.0
429330,404.0,453.0
429350,52.0,63.0
429360,58.0,61.0
429470,1083.0,1229.0
429520,26.0,33.0
429530,197.0,229.0
429540,1655.0,2089.0
429570,5793.0,7264.0
429610,409.0,479.0
429630,2.0,2.0
429660,16366.0,17893.0
429690,72.0,76.0
429720,2683.0,2857.0
429790,7373.0,9050.0
429830,139.0,155.0
429940,746.0,824.0
430070,653.0,811.0
430190,19.0,22.0
430230,14.0,18.0
430290,49.0,53.0
430430,13.0,14.0
430890,48.0,62.0
430960,7547.0,7932.0
431120,169.0,208.0
431180,1494.0,1635.0
431200,42.0,49.0
431230,126.0,155.0
431240,57176.0,64764.0
431250,424.0,552.0
431260,523.0,648.0
431280,204.0,219.0
431320,11.0,12.0
431410,27.0,34.0
431420,10.0,10.0
431510,318.0,390.0
431520,24.0,27.0
431540,1365.0,1515.0
431590,1010.0,1088.0
431600,2118.0,2349.0
431610,5.0,6.0
431630,21.0,26.0
431700,165.0,178.0
431710,462.0,527.0
431730,19161.0,19334.0
431750,264.0,324.0
431770,320.0,346.0
431830,31.0,40.0
431850,70.0,81.0
431910,180.0,224.0
431930,2275.0,2499.0
431940,701.0,841.0
431950,41.0,50.0
431960,813993.0,830216.0
432010,687.0,865.0
432100,570.0,717.0
432130,27.0,31.0
432190,144.0,163.0
432210,15.0,18.0
432220,12.0,14.0
432230,24.0,29.0
432350,5197.0,5269.0
432380,40.0,44.0
432480,17.0,18.0
432530,3.0,3.0
432810,3.0,3.0
432870,99.0,120.0
432940,127.0,168.0
432970,2.0,2.0
432980,323.0,366.0
432990,77.0,87.0
433000,451.0,480.0
433050,21.0,24.0
433100,2049.0,2585.0
433170,1442.0,1809.0
433280,739.0,884.0
433340,123188.0,125800.0
433400,62.0,72.0
433480,16.0,19.0
433490,28.0,34.0
433550,3639.0,3873.0
433580,32.0,40.0
433590,31.0,39.0
433600,163.0,204.0
433660,13.0,16.0
433700,43.0,48.0
433890,36.0,41.0
433910,1733.0,2076.0
433920,154.0,163.0
433950,5928.0,6143.0
433960,9.0,10.0
434000,607.0,666.0
434020,367.0,442.0
434030,1573.0,1993.0
434050,4411.0,5235.0
434070,30.0,38.0
434130,77.0,94.0
434160,73.0,97.0
434170,5816.0,5996.0
434210,769.0,838.0
434220,56.0,65.0
434230,19.0,23.0
434260,2460.0,2920.0
434340,2.0,2.0
434370,153.0,160.0
434390,14.0,18.0
434430,182.0,206.0
434460,2751.0,3239.0
434470,22.0,24.0
434490,28.0,28.0
434510,266.0,323.0
434520,447.0,593.0
434530,69.0,82.0
434570,31267.0,32855.0
434640,6.0,6.0
434650,20261.0,23270.0
434660,160.0,177.0
434700,19.0,23.0
434730,2582.0,3300.0
434740,123.0,149.0
434750,46.0,51.0
434820,145.0,173.0
434860,13.0,16.0
434980,61.0,74.0
435000,33.0,40.0
435030,4783.0,5224.0
435100,567.0,732.0
435120,8149.0,8503.0
435140,38.0,49.0
435150,175833.0,183350.0
435250,146.0,158.0
435260,28.0,36.0
435300,927.0,978.0
435360,63.0,72.0
435400,8786.0,9091.0
435490,239.0,272.0
435530,7373.0,8454.0
435730,8.0,8.0
435790,2418.0,3073.0
435800,68.0,77.0
435840,112.0,121.0
435970,114.0,117.0
436000,111.0,146.0
436110,856.0,1107.0
436320,1893.0,2452.0
436340,32.0,36.0
436360,17.0,22.0
436390,478.0,524.0
436470,139.0,153.0
436490,169.0,211.0
436670,1796.0,1905.0
436740,12.0,15.0
436800,1.0,1.0
436810,1.0,1.0
436940,53.0,60.0
436950,4.0,5.0
437020,103.0,113.0
437030,51.0,64.0
437060,49.0,54.0
437080,57.0,73.0
437090,42.0,47.0
437100,83.0,92.0
437150,1.0,1.0
437160,2017.0,2179.0
437250,350.0,412.0
437340,9.0,10.0
437390,160.0,213.0
437420,323.0,372.0
437520,79.0,81.0
437530,220.0,282.0
437550,78.0,90.0
437570,1062.0,1295.0
437610,205.0,233.0
437630,1682.0,2135.0
437690,173.0,208.0
437710,10.0,13.0
437730,55.0,65.0
437860,3.0,3.0
437900,662.0,723.0
437920,13598.0,15036.0
438000,218.0,264.0
438040,33772.0,36445.0
438050,1.0,1.0
438080,488.0,620.0
438100,170202.0,226710.0
438130,476.0,524.0
438140,1695.0,1962.0
438160,3.0,3.0
438230,4.0,4.0
438240,18.0,18.0
438260,16.0,19.0
438270,1848.0,2029.0
438320,208.0,222.0
438350,27.0,30.0
438430,358.0,434.0
438440,27.0,29.0
438450,70.0,72.0
438460,34.0,40.0
438480,2223.0,2571.0
438490,3428.0,4419.0
438590,4.0,5.0
438640,5457.0,6463.0
438660,59.0,72.0
438680,1239.0,1445.0
438820,73.0,96.0
438920,216.0,279.0
438940,39.0,47.0
439190,5693.0,6450.0
439250,359.0,411.0
439260,82.0,100.0
439420,17.0,21.0
439490,469.0,475.0
439660,4.0,5.0
439730,13.0,15.0
439740,13.0,16.0
439750,28.0,36.0
439800,153.0,182.0
439880,33.0,43.0
439910,304.0,392.0
439930,315.0,413.0
439940,936.0,1035.0
440310,2146.0,2240.0
440350,1.0,1.0
440420,828.0,902.0
440540,1946.0,2062.0
440550,267.0,308.0
440630,749.0,869.0
440640,474.0,535.0
440650,4250.0,4912.0
440660,31.0,40.0
440760,988.0,1157.0
440800,26.0,31.0
440880,2386.0,2541.0
440900,80428.0,102404.0
441010,355.0,400.0
441050,475.0,503.0
441230,26.0,30.0
441280,305.0,330.0
441510,39.0,44.0
441550,1146.0,1286.0
441670,293.0,367.0
441690,1.0,1.0
441770,117.0,123.0
441870,3529.0,4649.0
441960,220.0,234.0
441990,4.0,5.0
442120,4371.0,4980.0
442140,19.0,25.0
442210,410.0,453.0
442260,34.0,42.0
442500,579.0,737.0
442720,1.0,1.0
443020,109.0,141.0
443250,60.0,68.0
443270,1.0,1.0
443360,310.0,360.0
443380,71.0,79.0
443420,172.0,209.0
443450,62.0,78.0
443460,84.0,106.0
443580,2001.0,2628.0
443630,65.0,72.0
443640,2.0,2.0
443650,100.0,129.0
443810,8587.0,10361.0
443860,330.0,366.0
444000,190.0,222.0
444090,293621.0,345598.0
444130,126.0,160.0
444140,502.0,556.0
444170,79.0,86.0
444190,22.0,28.0
444200,113599.0,143109.0
444270,49.0,59.0
444280,231.0,275.0
444330,2.0,2.0
444520,74.0,94.0
444530,49.0,54.0
444550,25.0,30.0
444570,22.0,24.0
444590,418.0,513.0
444600,1.0,1.0
444640,26224.0,28912.0
444670,89.0,103.0
444710,31.0,34.0
444770,955.0,1014.0
444800,267.0,308.0
444930,1236.0,1490.0
444940,436.0,516.0
444980,1.0,1.0
445000,31.0,36.0
445040,105.0,114.0
445070,27.0,35.0
445110,487.0,524.0
445130,976.0,1189.0
445190,3215.0,3857.0
445220,11784.0,13068.0
445230,883.0,1083.0
445420,60.0,73.0
445430,29.0,32.0
445440,49.0,54.0
445750,114.0,137.0
445770,295.0,352.0
445790,10.0,12.0
445800,137.0,167.0
445950,11.0,12.0
445980,18258.0,20078.0
446000,176.0,221.0
446020,7553.0,9765.0
446040,197.0,236.0
446050,15.0,19.0
446060,37.0,41.0
446070,22.0,25.0
446110,1.0,1.0
446310,148.0,157.0
446330,119.0,123.0
446380,392.0,473.0
446390,717.0,914.0
446510,8.0,8.0
446550,97.0,125.0
446600,106.0,129.0
446620,507.0,562.0
446640,342.0,383.0
446760,35.0,42.0
446770,131.0,171.0
446800,8874.0,10650.0
446810,549.0,635.0
446830,75.0,90.0
446840,984.0,1061.0
446850,73.0,92.0
446910,108.0,118.0
447000,20.0,22.0
447010,21.0,24.0
447020,22841.0,24446.0
447040,64244.0,77633.0
447120,1167.0,1521.0
447150,3125.0,3298.0
447170,208.0,275.0
447190,230.0,278.0
447200,185.0,221.0
447210,71.0,77.0
447240,133.0,143.0
447290,2546.0,2914.0
447530,34022.0,34897.0
447570,297.0,362.0
447700,90.0,114.0
447780,555.0,678.0
447800,252.0,303.0
447820,18194.0,22019.0
447840,1.0,1.0
447890,691.0,844.0
447930,5.0,5.0
447950,111.0,118.0
447980,25.0,26.0
448010,33.0,41.0
448050,63.0,78.0
448080,283.0,300.0
448160,89.0,102.0
448280,4305.0,4741.0
448290,340.0,400.0
448320,1106.0,1276.0
448370,1437.0,1570.0
448380,28.0,32.0
448400,210.0,268.0
448500,39.0,42.0
448510,13287.0,14690.0
448530,40.0,52.0
448550,28.0,32.0
448580,258.0,299.0
448610,133.0,177.0
448710,26.0,33.0
448720,29.0,35.0
448780,1268.0,1633.0
448800,66.0,72.0
448810,12.0,15.0
448850,1843.0,1956.0
448910,117.0,144.0
448930,109.0,139.0
448960,30.0,36.0
449000,137.0,176.0
449020,483.0,567.0
449040,1365.0,1581.0
449060,164.0,203.0
449130,63.0,76.0
449140,2307.0,2638.0
449150,14.0,16.0
449170,180.0,197.0
449180,28.0,29.0
449210,640.0,749.0
449240,66.0,68.0
449250,281.0,303.0
449310,20.0,23.0
449450,62.0,68.0
449530,456.0,594.0
449540,3951.0,4441.0
449550,479.0,494.0
449560,9.0,11.0
449610,2095.0,2342.0
449680,2292.0,2733.0
449710,548.0,661.0
449730,239.0,274.0
449760,134.0,165.0
449770,5.0,5.0
449800,3240.0,3803.0
449960,8626.0,9540.0
450120,88.0,105.0
450140,200.0,208.0
450150,3.0,3.0
450170,185.0,223.0
450190,185.0,235.0
450220,628.0,667.0
450390,5865.0,6172.0
450440,194.0,213.0
450500,525.0,585.0
450510,1.0,1.0
450540,20197.0,20802.0
450650,26.0,28.0
450670,522.0,681.0
450760,23.0,24.0
450950,187.0,214.0
451000,99.0,119.0
451010,180.0,203.0
451020,6159.0,7040.0
451100,33.0,35.0
451200,19.0,24.0
451310,90.0,113.0
451330,9.0,11.0
451360,30.0,36.0
451380,3.0,3.0
451540,6.0,6.0
451570,335.0,399.0
451590,1.0,1.0
451600,283.0,309.0
451630,22.0,28.0
451640,58.0,63.0
451650,397.0,498.0
451760,2423.0,2567.0
451840,607.0,726.0
451920,241.0,293.0
451930,23.0,25.0
451940,5.0,5.0
451980,243.0,264.0
451990,142.0,184.0
452060,3643.0,4229.0
452120,70.0,82.0
452180,6.0,7.0
452240,8.0,8.0
452280,105.0,111.0
452410,60.0,76.0
452420,256.0,300.0
452440,1579.0,1681.0
452490,537.0,614.0
452510,879.0,971.0
452570,2292.0,2390.0
452850,2.0,2.0
452860,294.0,320.0
452920,42.0,51.0
453090,6853.0,7253.0
453100,277.0,338.0
453130,27.0,32.0
453220,11.0,13.0
453270,830.0,1073.0
453290,409.0,499.0
453300,174.0,214.0
453310,344.0,417.0
453320,19.0,20.0
453340,1175.0,1263.0
453390,48.0,54.0
453510,65.0,72.0
453640,1.0,1.0
453650,19.0,22.0
453690,512.0,611.0
453700,9.0,11.0
453710,93.0,115.0
453720,266.0,350.0
453740,25.0,31.0
453780,51.0,56.0
453790,161.0,184.0
453830,65.0,74.0
453890,757.0,946.0
453950,22.0,29.0
453990,85.0,90.0
454060,886.0,1083.0
454100,700.0,882.0
454140,316.0,359.0
454160,208.0,220.0
454170,18.0,18.0
454190,185.0,199.0
454240,9.0,9.0
454250,621.0,752.0
454320,151.0,167.0
454380,173.0,178.0
454390,7.0,7.0
454410,540.0,692.0
454530,192.0,219.0
454630,14.0,16.0
454650,45960.0,50906.0
454750,16.0,21.0
454830,10.0,11.0
454890,374.0,451.0
454900,98.0,107.0
454950,268.0,342.0
454970,84.0,103.0
454980,1.0,1.0
455080,13.0,14.0
455100,38.0,45.0
455160,31.0,40.0
455190,15.0,19.0
455230,12.0,15.0
455300,473.0,604.0
455310,79.0,100.0
455400,1842.0,1993.0
455510,4.0,5.0
455620,1.0,1.0
455660,2.0,2.0
455690,171.0,195.0
455770,11.0,14.0
455820,1301.0,1460.0
455980,1763.0,2177.0
455990,8.0,10.0
456130,30.0,33.0
456170,114.0,149.0
456390,48.0,49.0
456400,6.0,7.0
456430,364.0,405.0
456670,4728.0,5592.0
456690,39.0,46.0
456740,14.0,16.0
456750,10902.0,11347.0
456760,38.0,44.0
456830,21.0,25.0
457130,78.0,96.0
457140,116058.0,119931.0
457210,2781.0,2931.0
457230,32.0,36.0
457320,411.0,461.0
457340,43.0,53.0
457370,38.0,47.0
457420,399.0,525.0
457450,42.0,50.0
457480,296.0,364.0
457490,210.0,237.0
457530,131.0,159.0
457550,2620.0,3081.0
457570,256.0,278.0
457580,157.0,207.0
457680,1304.0,1496.0
457770,20.0,25.0
457790,1.0,1.0
457810,56.0,73.0
457860,500.0,606.0
457890,162.0,210.0
457960,632.0,705.0
458080,3.0,3.0
458110,5.0,6.0
458120,1.0,1.0
458170,43.0,53.0
458230,4.0,5.0
458360,25.0,27.0
458370,24.0,31.0
458380,78.0,87.0
458470,707.0,760.0
458480,316.0,358.0
458540,112.0,128.0
458580,325.0,403.0
458710,8506.0,8787.0
458730,527.0,650.0
458750,450.0,492.0
458760,250.0,263.0
459010,348.0,405.0
459090,471.0,530.0
459150,26.0,32.0
459220,7393.0,8135.0
459350,74.0,88.0
459370,99.0,119.0
459520,14.0,15.0
459560,1.0,1.0
459580,13.0,13.0
459610,21.0,27.0
459680,63.0,75.0
459730,2.0,2.0
459770,2.0,2.0
459780,4.0,4.0
459820,23561.0,26338.0
459830,88.0,100.0
459840,70.0,72.0
460060,1236.0,1418.0
460120,3001.0,3178.0
460140,28.0,30.0
460160,268.0,292.0
460190,50.0,66.0
460210,15.0,15.0
460220,118.0,135.0
460230,83.0,105.0
460250,201.0,225.0
460340,397.0,464.0
460430,1209.0,1399.0
460450,1.0,1.0
460540,85.0,100.0
460560,22.0,28.0
460630,181.0,194.0
460650,41.0,54.0
460700,704.0,832.0
460730,1.0,1.0
460750,59.0,72.0
460780,110.0,121.0
460790,25299.0,27322.0
460810,6119.0,6855.0
460850,563.0,598.0
460910,104.0,129.0
460920,22998.0,28189.0
460930,72965.0,91597.0
460950,66552.0,67884.0
460960,480.0,549.0
460970,37.0,45.0
461010,222.0,286.0
461170,226.0,264.0
461220,108.0,117.0
461230,134.0,157.0
461280,13.0,16.0
461340,42.0,51.0
461360,109.0,131.0
461410,84.0,104.0
461480,88.0,97.0
461500,41.0,54.0
461560,5331.0,5610.0
461620,1694.0,1847.0
461640,824.0,982.0
461700,359.0,384.0
461710,62.0,74.0
461750,115.0,153.0
461810,43.0,52.0
461820,153.0,182.0
461840,2874.0,3021.0
461950,4441.0,5363.0
462000,96.0,110.0
462240,100.0,120.0
462380,2.0,2.0
462480,47.0,54.0
462520,24.0,27.0
462570,30.0,38.0
462590,74.0,89.0
462620,173.0,192.0
462670,8.0,9.0
462680,682.0,844.0
462770,8021.0,8858.0
462780,13196.0,15052.0
462860,38.0,47.0
462910,62.0,75.0
462940,208.0,268.0
462990,556.0,606.0
463020,166.0,195.0
463070,125.0,127.0
463080,1.0,1.0
463150,1969.0,2299.0
463160,116.0,148.0
463180,93.0,120.0
463210,908.0,1071.0
463220,401.0,520.0
463270,1861.0,2041.0
463290,137.0,152.0
463390,985.0,1096.0
463400,19.0,24.0
463450,5.0,5.0
463460,44.0,55.0
463530,12557.0,13301.0
463540,14.0,16.0
463760,153.0,190.0
463800,73.0,92.0
463850,296.0,361.0
463930,574.0,615.0
463980,397.0,519.0
464000,33.0,43.0
464040,16.0,18.0
464050,42.0,54.0
464060,10111.0,11264.0
464080,148.0,175.0
464110,14.0,16.0
464120,18.0,21.0
464140,6.0,6.0
464150,437.0,548.0
464230,74.0,95.0
464260,148.0,169.0
464350,1680.0,1919.0
464360,1057.0,1123.0
464400,37.0,40.0
464450,878.0,915.0
464490,107.0,111.0
464500,76.0,80.0
464540,123.0,148.0
464620,414.0,448.0
464650,95.0,111.0
464670,33.0,40.0
464740,6.0,7.0
464780,858.0,990.0
464880,608.0,771.0
464900,87.0,88.0
464920,21889.0,25813.0
464950,16.0,16.0
464960,263.0,305.0
465000,140.0,172.0
465020,238.0,254.0
465070,28.0,33.0
465100,1415.0,1552.0
465120,1.0,1.0
465150,38.0,50.0
465180,79.0,89.0
465200,2153.0,2427.0
465240,1165.0,1372.0
465280,550.0,662.0
465310,24.0,28.0
465360,77.0,92.0
465440,49.0,62.0
465450,30.0,36.0
465490,1103.0,1348.0
465520,4749.0,5045.0
465760,901.0,1194.0
465780,492.0,626.0
465860,9.0,10.0
465890,33.0,33.0
465900,17.0,20.0
465920,4.0,5.0
465960,18.0,22.0
465970,11.0,11.0
466000,43.0,44.0
466010,18.0,20.0
466020,11.0,11.0
466030,19.0,19.0
466050,12.0,12.0
466060,39.0,42.0
466100,10.0,12.0
466110,913.0,986.0
466130,2889.0,3545.0
466160,25.0,27.0
466170,1517.0,1761.0
466240,73978.0,93284.0
466270,635.0,721.0
466290,6.0,6.0
466300,4394.0,4632.0
466430,73.0,76.0
466560,52615.0,60424.0
466590,5.0,6.0
466630,4469.0,4615.0
466720,88.0,98.0
466740,637.0,832.0
466770,28.0,29.0
466800,176.0,213.0
466810,602.0,632.0
466820,57.0,68.0
466870,263.0,314.0
466900,40.0,43.0
466910,3719.0,4609.0
466920,72.0,95.0
466980,288.0,346.0
467170,4.0,5.0
467210,322.0,342.0
467220,36.0,47.0
467290,90.0,109.0
467310,101.0,126.0
467320,103.0,135.0
467330,32.0,40.0
467360,1477.0,1662.0
467380,1287.0,1345.0
467400,58.0,72.0
467440,2.0,2.0
467470,17.0,17.0
467490,45.0,49.0
467650,5.0,6.0
467710,18.0,21.0
467720,42.0,54.0
467760,286.0,306.0
467780,105.0,108.0
467790,5.0,6.0
467810,90.0,96.0
467820,640.0,716.0
467910,40.0,52.0
467940,16.0,18.0
467960,4949.0,5841.0
468050,156.0,163.0
468110,26.0,27.0
468130,4.0,4.0
468170,27.0,31.0
468180,1.0,1.0
468240,145.0,169.0
468310,122.0,143.0
468530,1548.0,1779.0
468670,129.0,160.0
468700,668.0,843.0
468740,49.0,55.0
468780,17.0,20.0
468800,107.0,138.0
468820,178.0,190.0
468890,2.0,2.0
468920,6615.0,7368.0
469600,10816.0,12556.0
469710,34.0,43.0
469720,434.0,516.0
469730,640.0,759.0
469750,1.0,1.0
469790,984.0,1016.0
469800,352.0,411.0
469820,9927.0,10785.0
469890,328.0,397.0
469920,635.0,798.0
469990,1362.0,1475.0
470060,113.0,145.0
470210,290.0,386.0
470260,1771.0,2207.0
470270,319.0,421.0
470300,73.0,93.0
470310,8235.0,8741.0
470440,65.0,66.0
470470,51.0,53.0
470480,37.0,47.0
470580,51.0,55.0
470740,483.0,612.0
470760,40.0,46.0
470780,475.0,503.0
470800,2.0,2.0
471010,1473.0,1924.0
471170,104.0,136.0
471200,5.0,5.0
471220,6.0,7.0
471330,449.0,565.0
471550,3283.0,4240.0
471570,87.0,88.0
471660,777.0,926.0
471700,67.0,81.0
471710,60385.0,66823.0
471720,23.0,26.0
471810,536.0,600.0
471920,200.0,232.0
472060,153.0,184.0
472420,184.0,215.0
472680,608.0,777.0
472720,5.0,6.0
472770,9.0,9.0
472870,833.0,850.0
473450,102.0,129.0
473460,974.0,1052.0
473510,75.0,86.0
473530,262.0,309.0
473720,18.0,20.0
473770,2955.0,3142.0
473780,24.0,25.0
473840,34.0,41.0
473920,140.0,142.0
473950,6151.0,6439.0
474030,234.0,272.0
474040,14.0,15.0
474210,994.0,1149.0
474220,355.0,406.0
474750,6848.0,7829.0
474960,23136.0,27006.0
474980,148.0,161.0
475150,31283.0,34312.0
475190,3435.0,3839.0
475240,334.0,406.0
475490,442.0,579.0
475520,7.0,9.0
475530,19.0,25.0
475550,23836.0,26024.0
475960,100.0,127.0
476000,8.0,10.0
476020,185.0,231.0
476240,713.0,758.0
476250,1.0,1.0
476410,60.0,64.0
476420,460.0,572.0
476430,18.0,21.0
476460,1528.0,1619.0
476490,94.0,102.0
476530,715.0,798.0
476540,355.0,368.0
476650,699.0,792.0
476670,5.0,6.0
476700,331.0,438.0
477120,5.0,6.0
477130,251.0,265.0
477160,194005.0,204846.0
477190,4.0,5.0
477200,329.0,367.0
477270,518.0,654.0
477310,68.0,82.0
477730,924.0,1225.0
477740,5155.0,5498.0
477770,2581.0,2963.0
477870,1593.0,2051.0
477900,57.0,71.0
477910,10.0,10.0
477950,15.0,18.0
478960,226.0,297.0
478980,1030.0,1112.0
479000,30.0,39.0
479110,39.0,51.0
479140,19.0,22.0
479150,7.0,8.0
479310,59.0,64.0
479330,27.0,34.0
480410,16.0,19.0
480430,4257.0,5152.0
480450,344.0,363.0
480480,218.0,253.0
480490,44190.0,48639.0
480650,3973.0,4694.0
480690,36.0,40.0
480900,102.0,122.0
481180,253.0,313.0
481510,16460.0,17365.0
481950,7.0,7.0
482330,93.0,117.0
482390,256.0,269.0
482400,8729.0,9517.0
482450,839.0,927.0
482920,2985.0,3630.0
482990,74.0,80.0
483420,1001.0,1090.0
483490,7.0,9.0
483680,46.0,52.0
483850,64.0,82.0
483950,234.0,275.0
483970,53.0,67.0
483980,5002.0,5145.0
484390,29.0,32.0
484870,414.0,470.0
484930,81.0,91.0
484950,893.0,1184.0
485040,734.0,793.0
485110,14.0,16.0
485130,4.0,5.0
485160,35.0,40.0
485260,35.0,40.0
485290,22.0,23.0
485350,502.0,598.0
485360,73.0,87.0
485380,2037.0,2399.0
485390,118.0,147.0
485460,2207.0,2730.0
485490,208.0,269.0
485500,89.0,114.0
485510,27082.0,33829.0
485600,67.0,80.0
485610,8276.0,9793.0
485640,82.0,100.0
485680,29.0,32.0
485730,256.0,331.0
485770,9.0,9.0
485800,98.0,128.0
485870,349.0,445.0
485880,48.0,52.0
485900,247.0,295.0
485920,76.0,96.0
485970,37.0,41.0
485980,4173.0,4824.0
486180,17.0,17.0
486290,31.0,36.0
486310,5245.0,5859.0
486350,15.0,18.0
486370,30.0,35.0
486380,259.0,265.0
486410,7.0,8.0
486430,15.0,17.0
486440,65.0,86.0
486510,267.0,325.0
486650,475.0,591.0
486660,16.0,18.0
486720,724.0,813.0
486780,683.0,851.0
486810,104.0,123.0
486860,2342.0,2707.0
487000,1795.0,2220.0
487020,30.0,32.0
487040,69.0,84.0
487160,108.0,121.0
487330,165.0,197.0
487370,581.0,667.0
487380,12.0,14.0
487390,24.0,26.0
487430,1655.0,1822.0
487510,9.0,9.0
487700,1242.0,1363.0
487730,9.0,9.0
488110,1.0,1.0
488280,555.0,623.0
488300,225.0,294.0
488310,2995.0,3163.0
488500,4.0,5.0
488550,961.0,1037.0
488590,35.0,42.0
488690,107.0,132.0
488760,103.0,123.0
488770,238.0,298.0
488790,22850.0,27100.0
488800,2.0,2.0
488860,14477.0,14899.0
488890,57.0,70.0
488920,284.0,366.0
488960,90.0,101.0
489100,8.0,10.0
489110,103.0,108.0
489120,16.0,19.0
489140,1460.0,1660.0
489360,3156.0,3770.0
489380,452.0,506.0
489440,28.0,35.0
489520,57731.0,64413.0
489540,1.0,1.0
489580,84.0,108.0
489610,883.0,954.0
489620,1.0,1.0
489630,10577.0,13062.0
489660,107.0,124.0
489720,68.0,75.0
489740,11.0,13.0
489760,36.0,44.0
489810,6.0,7.0
489830,283777.0,310031.0
489930,151.0,197.0
490040,15.0,17.0
490100,59.0,61.0
490160,40.0,47.0
490170,16.0,18.0
490220,972.0,1185.0
490230,471.0,531.0
490250,78.0,92.0
490280,765.0,948.0
490370,487.0,559.0
490390,614.0,720.0
490430,1.0,1.0
490510,90.0,99.0
490690,57.0,74.0
490820,484.0,572.0
490860,219.0,276.0
490880,42.0,54.0
490890,155.0,177.0
490920,1645.0,1834.0
490950,132.0,149.0
491000,398.0,507.0
491010,80.0,97.0
491040,1268.0,1365.0
491060,48.0,60.0
491110,11.0,13.0
491130,1821.0,2031.0
491210,32.0,38.0
491220,257.0,310.0
491240,36.0,39.0
491330,367.0,406.0
491350,31.0,35.0
491380,4.0,5.0
491390,11.0,11.0
491420,293.0,319.0
491530,3189.0,4184.0
491620,87.0,111.0
491700,24.0,30.0
491720,70.0,84.0
491830,23.0,30.0
491950,13279.0,14634.0
492080,32.0,42.0
492090,97.0,121.0
492180,229.0,273.0
492200,19.0,20.0
492270,301.0,370.0
492290,289.0,379.0
492370,56.0,71.0
492400,5.0,6.0
492410,56.0,62.0
492530,131.0,153.0
492560,2.0,2.0
492630,853.0,974.0
492710,109.0,138.0
492720,22731.0,26051.0
492860,1.0,1.0
493000,13.0,17.0
493060,198.0,239.0
493080,299.0,348.0
493100,40.0,50.0
493110,13.0,15.0
493180,79.0,97.0
493200,4495.0,4986.0
493220,36.0,47.0
493310,73.0,89.0
493340,61449.0,67158.0
493400,31.0,40.0
493410,19.0,24.0
493430,22.0,25.0
493490,22190.0,27084.0
493520,49728.0,59005.0
493540,4286.0,4911.0
493620,11.0,14.0
493670,9.0,9.0
493720,485.0,618.0
493900,17074.0,18104.0
493920,1.0,1.0
493940,2.0,2.0
493980,34.0,45.0
494040,8.0,10.0
494100,126.0,131.0
494150,3680.0,3850.0
494170,60.0,79.0
494230,813.0,865.0
494310,56.0,57.0
494340,2.0,2.0
494360,148.0,176.0
494400,2.0,2.0
494430,2309.0,2841.0
494480,16.0,16.0
494580,176.0,228.0
494720,505.0,551.0
494730,435.0,493.0
494790,2.0,2.0
494810,212.0,251.0
494820,2.0,2.0
494840,17186.0,20688.0
494960,81.0,90.0
495030,62.0,69.0
495050,1178.0,1397.0
495110,880.0,945.0
495140,4704.0,6207.0
495280,1391.0,1524.0
495290,448.0,513.0
495420,46114.0,55650.0
495550,5.0,5.0
495680,30.0,34.0
495700,145.0,164.0
495720,166.0,202.0
495750,22.0,28.0
495760,14.0,17.0
495780,193.0,217.0
495820,20.0,24.0
495830,16.0,20.0
495890,11569.0,12156.0
495900,52.0,61.0
495990,1310.0,1549.0
496030,23.0,30.0
496040,123.0,158.0
496070,2.0,2.0
496120,88.0,96.0
496190,290.0,310.0
496250,205.0,237.0
496260,280.0,292.0
496300,9777.0,11354.0
496350,241.0,244.0
496450,216.0,232.0
496540,24.0,29.0
496620,963.0,1216.0
496630,81.0,93.0
496760,228.0,251.0
496810,1213.0,1383.0
496850,11.0,13.0
496890,2939.0,3416.0
496930,122.0,161.0
496940,4.0,4.0
496990,30.0,34.0
497090,25.0,31.0
497160,1.0,1.0
497180,3387.0,3839.0
497190,55.0,61.0
497310,7.0,8.0
497400,550.0,711.0
497420,41.0,51.0
497450,49.0,55.0
497460,59.0,67.0
497480,1.0,1.0
497510,28.0,33.0
497640,2219.0,2304.0
497680,37.0,47.0
497700,308.0,383.0
497730,412.0,505.0
497770,6.0,6.0
497780,533.0,543.0
497790,12.0,12.0
497800,290.0,303.0
497820,313.0,349.0
497850,424.0,521.0
497870,9.0,9.0
497950,13.0,13.0
498000,12.0,14.0
498010,1.0,1.0
498190,132.0,173.0
498240,13022.0,15127.0
498290,10.0,10.0
498310,344.0,368.0
498330,610.0,658.0
498360,4.0,5.0
498380,9.0,9.0
498470,139.0,145.0
498500,445.0,541.0
498570,179.0,207.0
498660,600.0,770.0
498720,17.0,21.0
498830,61.0,70.0
499070,11.0,14.0
499100,57.0,65.0
499110,39.0,42.0
499120,36.0,41.0
499140,22.0,23.0
499180,781.0,826.0
499340,70.0,78.0
499370,41.0,45.0
499400,42.0,53.0
499440,4470.0,4618.0
499460,278.0,341.0
499520,6861.0,7826.0
499540,80.0,97.0
499580,5.0,5.0
499620,254.0,335.0
499660,1977.0,2576.0
499890,745.0,896.0
499910,111.0,123.0
500090,2.0,2.0
500110,29.0,34.0
500180,9.0,10.0
500190,150.0,172.0
500260,2124.0,2405.0
500340,25.0,33.0
500360,66.0,85.0
500420,78.0,96.0
500440,26.0,34.0
500470,38.0,41.0
500480,31.0,40.0
500550,7.0,8.0
500580,242.0,291.0
500590,120.0,147.0
500650,7.0,7.0
500670,509.0,574.0
500680,16.0,17.0
500690,85.0,94.0
500750,50.0,64.0
500790,19.0,21.0
500810,1510.0,1705.0
500870,198.0,251.0
500880,8.0,9.0
500940,35.0,41.0
501050,83.0,109.0
501080,1989.0,2486.0
501090,67.0,78.0
501120,360.0,413.0
501180,303.0,368.0
501300,39558.0,41326.0
501350,82.0,103.0
501410,9.0,10.0
501450,6.0,7.0
501480,47.0,52.0
501500,29.0,33.0
501530,46.0,53.0
501590,6991.0,7871.0
501790,816.0,926.0
501840,579.0,685.0
501850,6.0,6.0
501970,157.0,196.0
501990,387.0,447.0
502050,15.0,15.0
502120,25.0,29.0
502130,205.0,261.0
502150,32.0,37.0
502210,96.0,117.0
502230,215.0,231.0
502260,1.0,1.0
502280,2873.0,3511.0
502320,85.0,105.0
502370,1186.0,1402.0
502480,11.0,13.0
502500,38095.0,43571.0
502520,6893.0,7714.0
502530,18.0,23.0
502570,215.0,233.0
502620,2.0,2.0
502650,27.0,35.0
502700,25.0,28.0
502720,177.0,212.0
502740,605.0,673.0
502750,401.0,422.0
502770,616.0,803.0
502800,4931.0,5220.0
502920,14.0,14.0
502940,977.0,1082.0
503050,5.0,6.0
503060,18.0,18.0
503070,10.0,11.0
503130,14.0,16.0
503150,23.0,27.0
503180,159.0,190.0
503210,104.0,135.0
503280,77.0,87.0
503340,102.0,114.0
503350,2258.0,2837.0
503400,1170.0,1222.0
503460,130.0,139.0
503550,70.0,91.0
503560,14358.0,16138.0
503580,1234.0,1458.0
503620,877.0,1121.0
503630,162.0,184.0
503650,86.0,93.0
503680,43.0,54.0
503690,5.0,6.0
503770,535.0,631.0
503810,1.0,1.0
503860,40.0,44.0
503940,7615.0,9207.0
503950,48.0,56.0
503980,11.0,14.0
504000,280.0,308.0
504090,28.0,29.0
504130,2628.0,3168.0
504210,3819.0,4010.0
504230,105768.0,108499.0
504300,318.0,418.0
504370,50115.0,59316.0
504380,145.0,150.0
504390,328.0,360.0
504400,296.0,343.0
504420,21.0,26.0
504620,24.0,31.0
504690,126.0,156.0
504700,25.0,26.0
504750,20.0,25.0
504770,647.0,723.0
504790,48.0,58.0
504800,81.0,102.0
504840,10.0,10.0
504850,16.0,20.0
504920,260.0,304.0
504990,6.0,6.0
505060,288.0,333.0
505110,10.0,12.0
505170,2489.0,3183.0
505230,9297.0,10103.0
505400,27.0,28.0
505460,31420.0,38047.0
505630,1057.0,1244.0
505640,709.0,807.0
505660,16.0,18.0
506150,25.0,28.0
506260,59.0,78.0
506280,40.0,45.0
506470,12.0,14.0
506500,2532.0,3337.0
506510,220.0,244.0
506610,10350.0,11414.0
506700,7.0,8.0
506780,15.0,18.0
506830,22.0,29.0
506870,595.0,698.0
507010,3905.0,4733.0
507060,26.0,29.0
507080,38.0,49.0
507120,42.0,52.0
507130,1.0,1.0
507140,8.0,9.0
507340,10.0,13.0
507520,185.0,235.0
508170,398.0,514.0
508250,7.0,8.0
508260,144.0,173.0
508330,3.0,3.0
508390,737.0,977.0
508440,125736.0,128521.0
508600,437.0,547.0
508650,53.0,65.0
508720,5.0,5.0
508790,477.0,530.0
508820,64.0,84.0
508840,640.0,771.0
508890,3.0,3.0
508900,6296.0,6515.0
508910,35.0,42.0
508940,13.0,15.0
508980,1504.0,1702.0
508990,209.0,228.0
509110,343.0,429.0
509160,28.0,29.0
509220,1926.0,2132.0
509250,666.0,767.0
509290,40.0,50.0
509400,38.0,46.0
509570,427.0,487.0
509600,159.0,206.0
509620,8.0,10.0
509780,43.0,49.0
509820,14.0,15.0
509860,59.0,76.0
509980,16230.0,19767.0
510000,71.0,91.0
510040,34.0,36.0
510050,1186.0,1333.0
510060,36.0,36.0
510070,15.0,18.0
510130,26.0,28.0
510180,1.0,1.0
510240,41.0,49.0
510250,40.0,45.0
510280,10.0,11.0
510290,34.0,44.0
510420,4233.0,4491.0
510430,12.0,12.0
510490,526.0,646.0
510500,1206.0,1433.0
510520,113.0,131.0
510540,414.0,458.0
510590,108.0,124.0
510620,401.0,482.0
510650,254.0,325.0
510680,138.0,140.0
510740,33.0,40.0
510780,20.0,26.0
510930,92.0,122.0
510950,9.0,9.0
510960,2.0,2.0
510990,14.0,15.0
511090,177.0,221.0
511120,4.0,5.0
511140,216.0,234.0
511250,25.0,33.0
511270,13.0,13.0
511320,22.0,26.0
511350,210.0,217.0
511360,20.0,23.0
511380,24.0,25.0
511390,8.0,10.0
511420,1.0,1.0
511470,6193.0,6390.0
511500,58.0,70.0
511570,57.0,62.0
511630,88.0,109.0
511680,3873.0,4250.0
511690,9.0,10.0
511700,13.0,14.0
511740,1818.0,2091.0
511800,1345.0,1789.0
511960,6.0,7.0
512000,25.0,27.0
512060,534.0,568.0
512110,27.0,32.0
512150,40.0,41.0
512180,691.0,718.0
512220,390.0,457.0
512230,190.0,214.0
512240,47.0,53.0
512250,3342.0,3674.0
512260,52.0,58.0
512300,506.0,609.0
512370,5.0,5.0
512460,219.0,243.0
512470,3562.0,4334.0
512490,628.0,649.0
512630,21.0,26.0
512680,14.0,14.0
512740,75.0,84.0
512750,15.0,16.0
512790,3115.0,3400.0
512890,299.0,310.0
512900,20402.0,21224.0
512920,26.0,33.0
512950,34.0,35.0
513060,6.0,7.0
513210,58.0,75.0
513230,1116.0,1394.0
513250,41.0,44.0
513310,1.0,1.0
513340,314.0,411.0
513360,198.0,223.0
513450,1358.0,1521.0
513480,146.0,172.0
513490,273.0,294.0
513510,4280.0,4940.0
513610,116.0,135.0
513760,49.0,58.0
513780,1397.0,1798.0
513820,37.0,49.0
513840,15.0,17.0
513860,38.0,47.0
513890,326.0,354.0
513910,22.0,23.0
513920,8.0,10.0
513960,12.0,14.0
513980,97.0,121.0
514050,14.0,17.0
514080,39.0,51.0
514090,212.0,244.0
514130,44.0,51.0
514160,138.0,159.0
514180,93.0,106.0
514310,933.0,1006.0
514340,68.0,76.0
514370,7.0,9.0
514530,3.0,3.0
514580,210.0,239.0
514620,228.0,241.0
514640,11.0,13.0
514650,40.0,46.0
514700,116.0,134.0
514720,7.0,9.0
514730,7.0,7.0
514740,4.0,5.0
514750,18.0,20.0
514760,6.0,6.0
514770,6.0,6.0
514810,36.0,43.0
514830,79.0,104.0
514870,3.0,3.0
514890,92.0,112.0
514920,1043.0,1209.0
515000,11.0,13.0
515010,30.0,33.0
515020,270.0,306.0
515040,1547.0,1790.0
515180,10456.0,12880.0
515260,791.0,887.0
515570,420.0,468.0
515650,146.0,161.0
515700,16.0,19.0
515890,7.0,7.0
515960,2344.0,2921.0
516000,3.0,3.0
516010,18.0,19.0
516030,20.0,24.0
516110,937.0,1056.0
516120,17.0,20.0
516340,1.0,1.0
516430,63.0,77.0
516480,628.0,643.0
516500,15.0,17.0
516520,12.0,13.0
516550,13.0,14.0
516570,20.0,21.0
516580,47.0,50.0
516600,656.0,682.0
516640,4.0,5.0
516750,74217.0,78544.0
516790,23.0,27.0
516810,3.0,3.0
516820,51.0,54.0
516840,71.0,75.0
516890,36.0,41.0
516900,5.0,5.0
516940,34.0,43.0
517100,14.0,17.0
517130,496.0,565.0
517160,493.0,614.0
517190,18.0,21.0
517210,39.0,44.0
517230,15.0,17.0
517320,142.0,155.0
517330,169.0,208.0
517350,62.0,78.0
517370,133.0,173.0
517470,44.0,55.0
517620,10.0,12.0
517670,82.0,99.0
517710,3866.0,4517.0
517790,1735.0,1877.0
517910,944.0,1022.0
517930,44.0,48.0
517960,5.0,6.0
517970,22.0,23.0
518000,9.0,9.0
518030,5150.0,6030.0
518040,176.0,189.0
518070,1.0,1.0
518130,25.0,33.0
518150,5743.0,6343.0
518280,36.0,47.0
518580,2331.0,2506.0
518650,60.0,69.0
518670,171.0,197.0
518680,5.0,6.0
518730,519.0,559.0
518740,1.0,1.0
518790,145514.0,164408.0
519080,272.0,315.0
519540,5.0,6.0
519860,21793.0,22376.0
519870,77.0,84.0
519890,28.0,35.0
519980,19.0,25.0
520010,1031.0,1137.0
520150,24.0,28.0
520230,7.0,7.0
520290,37.0,46.0
520300,12.0,14.0
520370,11.0,14.0
520440,9654.0,10233.0
520510,8.0,10.0
520540,15.0,16.0
520610,73.0,91.0
520740,3.0,3.0
520750,16.0,18.0
520850,426.0,485.0
520910,124.0,138.0
520930,15.0,17.0
520940,1269.0,1573.0
521110,1.0,1.0
521130,96.0,108.0
521150,1895.0,2269.0
521200,2005.0,2069.0
521280,67.0,77.0
521300,9.0,9.0
521330,51.0,66.0
521350,720.0,807.0
521370,1.0,1.0
521430,117.0,143.0
521470,221.0,239.0
521500,243.0,316.0
521510,18.0,22.0
521560,55.0,64.0
521570,610.0,668.0
521620,86.0,110.0
521630,335.0,397.0
521670,23.0,29.0
521680,24.0,31.0
521690,28.0,34.0
521720,25.0,29.0
521740,12.0,15.0
521750,76.0,93.0
521760,40.0,46.0
521800,293.0,356.0
521880,123.0,150.0
521890,13706.0,16592.0
521920,427.0,484.0
521950,228.0,275.0
522000,5.0,6.0
522010,42.0,50.0
522020,107.0,133.0
522040,569.0,623.0
522130,60.0,66.0
522210,3104.0,3618.0
522230,425.0,557.0
522240,285.0,363.0
522340,68.0,73.0
522470,5145.0,5856.0
522490,129.0,135.0
522600,1.0,1.0
522610,14.0,17.0
522710,32.0,33.0
522730,32.0,42.0
522880,129.0,163.0
522890,25.0,31.0
522900,9.0,10.0
522910,1.0,1.0
522940,599.0,685.0
522950,11.0,13.0
522990,30.0,37.0
523000,1432.0,1538.0
523030,35.0,43.0
523050,15.0,15.0
523060,17.0,20.0
523070,292.0,382.0
523090,47.0,55.0
523150,181.0,206.0
523160,242.0,299.0
523170,61.0,80.0
523210,2280.0,2566.0
523260,1.0,1.0
523440,6.0,6.0
523570,4.0,5.0
523660,3773.0,4167.0
523680,38.0,50.0
523720,17.0,17.0
523760,34.0,42.0
523770,173.0,223.0
523780,5424.0,5806.0
523810,63.0,83.0
523870,33.0,39.0
523890,3.0,3.0
523970,11.0,12.0
524050,14.0,16.0
524120,39.0,49.0
524220,115597.0,133259.0
524250,140.0,165.0
524350,2.0,2.0
524490,22.0,25.0
524540,47.0,56.0
524560,39.0,44.0
524580,1988.0,2338.0
524600,71.0,85.0
524640,583.0,683.0
524660,649.0,850.0
524690,26.0,27.0
524850,939.0,1063.0
524880,3.0,3.0
524910,2507.0,2678.0
525040,797.0,900.0
525050,14.0,14.0
525140,1.0,1.0
525150,77.0,99.0
525360,1205.0,1527.0
525370,75.0,94.0
525450,87.0,93.0
525480,3188.0,3666.0
525500,32.0,40.0
525510,4266.0,4522.0
525620,943.0,1029.0
525640,452.0,514.0
525680,675.0,731.0
525690,95.0,111.0
525740,36.0,41.0
525760,8.0,10.0
525780,563.0,657.0
525860,2.0,2.0
525910,48.0,50.0
525950,10.0,13.0
526130,43.0,48.0
526140,332.0,399.0
526240,37.0,44.0
526310,13.0,16.0
526400,80.0,97.0
526430,80.0,106.0
526490,579.0,592.0
526510,21.0,25.0
526780,15.0,16.0
526800,48.0,52.0
526870,185518.0,191628.0
526890,22.0,23.0
527090,3.0,3.0
527100,2362.0,3122.0
527110,9.0,11.0
527150,231.0,254.0
527190,214.0,229.0
527230,35334.0,40014.0
527250,13.0,15.0
527260,11.0,12.0
527290,511.0,617.0
527320,16.0,20.0
527340,588.0,743.0
527420,249.0,277.0
527430,15056.0,19963.0
527450,2479.0,3077.0
527470,116.0,145.0
527580,19.0,23.0
527700,470.0,523.0
527710,195.0,242.0
527720,47.0,57.0
527740,59.0,73.0
527820,31.0,32.0
527890,9.0,11.0
527910,14.0,15.0
527920,18.0,19.0
527940,14.0,15.0
528020,7.0,9.0
528060,768.0,852.0
528110,25.0,30.0
528120,127.0,137.0
528230,11771.0,12494.0
528250,188.0,250.0
528260,68.0,85.0
528270,35.0,39.0
528420,14.0,15.0
528430,77.0,100.0
528550,804.0,1066.0
528580,128.0,144.0
528660,428.0,558.0
528730,198.0,241.0
528770,24.0,28.0
528860,14.0,16.0
528940,12.0,14.0
528990,22.0,24.0
529020,105.0,120.0
529040,10.0,13.0
529090,2.0,2.0
529100,39.0,44.0
529110,2371.0,2938.0
529140,6.0,6.0
529150,483.0,499.0
529160,337.0,391.0
529360,29.0,36.0
529410,42.0,54.0
529440,392.0,503.0
529490,333.0,429.0
529520,743.0,798.0
529540,18.0,19.0
529590,985.0,1184.0
529610,3.0,3.0
529640,5.0,6.0
529660,1197.0,1381.0
529670,205.0,238.0
529700,73.0,79.0
529770,125.0,152.0
529780,1640.0,1776.0
529850,1.0,1.0
529870,55.0,66.0
529890,156.0,181.0
529900,229.0,261.0
529950,245.0,279.0
529970,61.0,79.0
530010,6.0,7.0
530020,292.0,378.0
530050,2.0,2.0
530070,5417.0,6997.0
530120,406.0,427.0
530130,20.0,26.0
530210,18.0,18.0
530300,6.0,7.0
530320,3249.0,3407.0
530330,4096.0,4875.0
530360,34.0,36.0
530370,49.0,50.0
530390,777.0,816.0
530500,18.0,21.0
530510,39.0,45.0
530620,3989.0,4502.0
530650,7.0,9.0
530890,5401.0,6366.0
530920,169.0,214.0
531110,28.0,36.0
531140,34.0,45.0
531180,150.0,180.0
531190,183.0,211.0
531210,1.0,1.0
531480,15.0,17.0
531510,19835.0,20326.0
531530,111.0,128.0
531540,76.0,89.0
531630,35.0,45.0
531640,5318.0,6869.0
531660,243.0,317.0
531680,359.0,435.0
531730,169.0,173.0
531740,91.0,117.0
531780,29.0,36.0
531910,55.0,60.0
531930,483.0,627.0
531960,1079.0,1378.0
531990,56.0,63.0
532070,3.0,3.0
532110,6898.0,7132.0
532120,15.0,17.0
532170,63.0,73.0
532190,925.0,1008.0
532210,28938.0,33526.0
532270,154.0,195.0
532320,266.0,296.0
532470,33.0,42.0
532750,102.0,126.0
532770,187.0,239.0
532840,1421.0,1765.0
532900,8.0,8.0
532980,56.0,56.0
533040,20.0,23.0
533050,33.0,37.0
533060,18.0,20.0
533070,10.0,10.0
533080,13.0,17.0
533090,7.0,9.0
533300,8178.0,8684.0
533540,4207.0,5251.0
533580,48.0,53.0
533630,4.0,4.0
533740,6.0,7.0
533780,1780.0,2121.0
533850,175.0,212.0
533950,272.0,320.0
533960,6.0,6.0
533970,179.0,210.0
534000,86.0,99.0
534190,83.0,97.0
534200,39.0,51.0
534230,77.0,94.0
534240,1.0,1.0
534270,7.0,9.0
534290,515.0,604.0
534380,134939.0,172398.0
534440,18.0,23.0
534550,2792.0,3066.0
534560,40.0,45.0
534680,36.0,37.0
534720,45.0,49.0
534780,102.0,110.0
534870,20.0,25.0
534880,11.0,12.0
534970,2.0,2.0
535000,48.0,51.0
535150,62.0,82.0
535190,21.0,22.0
535240,3.0,3.0
535280,53.0,59.0
535330,25.0,26.0
535380,22.0,26.0
535410,27.0,33.0
535460,51.0,61.0
535480,3917.0,4747.0
535520,961.0,1177.0
535630,26.0,33.0
535650,19.0,20.0
535660,1.0,1.0
535680,11.0,12.0
535840,13.0,16.0
535890,29.0,35.0
535910,41.0,41.0
535930,29741.0,32411.0
535980,46.0,52.0
536210,50.0,66.0
536220,13122.0,15929.0
536230,11.0,12.0
536270,7549.0,9647.0
536360,2.0,2.0
536370,10.0,13.0
536430,57.0,69.0
536470,46.0,52.0
536560,244.0,276.0
536750,230.0,280.0
536770,53.0,60.0
536780,222.0,259.0
536890,437.0,529.0
536960,20.0,26.0
536990,197.0,248.0
537050,12.0,15.0
537110,4450.0,4695.0
537130,22.0,29.0
537140,115.0,128.0
537340,2065.0,2584.0
537380,1.0,1.0
537630,131.0,164.0
537760,13.0,15.0
537800,12296.0,14006.0
537920,4.0,5.0
538000,52.0,59.0
538030,1944.0,2423.0
538040,3.0,3.0
538070,1894.0,2063.0
538100,2524.0,2873.0
538110,21.0,24.0
538220,23.0,30.0
538550,55.0,67.0
538680,4953.0,5220.0
538710,54.0,58.0
538840,318.0,414.0
538880,78.0,96.0
538900,13.0,13.0
538950,53.0,62.0
539270,372.0,449.0
539330,201.0,245.0
539340,81.0,97.0
539370,39.0,45.0
539400,356.0,413.0
539460,152.0,195.0
539470,6947.0,8149.0
539660,137.0,149.0
539670,352.0,408.0
539720,1673.0,1936.0
539750,105.0,135.0
539980,22.0,23.0
540010,8.0,10.0
540060,116.0,140.0
540190,154.0,195.0
540210,2.0,2.0
540320,7.0,9.0
540360,12.0,15.0
540410,23.0,25.0
540510,288.0,351.0
540610,1505.0,1746.0
540660,16.0,20.0
540770,20.0,23.0
540780,128.0,136.0
540840,3332.0,3592.0
540880,182.0,200.0
541160,10.0,13.0
541200,2814.0,3179.0
541210,3835.0,4398.0
541230,728.0,848.0
541240,30.0,32.0
541310,171.0,196.0
541410,4.0,5.0
541420,14.0,17.0
541570,19738.0,20310.0
541640,439.0,486.0
541660,364.0,400.0
541670,988.0,1131.0
541760,3.0,3.0
541910,12.0,13.0
541930,296.0,308.0
542030,48.0,52.0
542050,1621.0,1793.0
542120,29.0,36.0
542140,2.0,2.0
542170,23.0,26.0
542200,134.0,156.0
542220,23.0,23.0
542260,644.0,687.0
542280,63.0,83.0
542290,113.0,118.0
542310,1585.0,1903.0
542350,324.0,422.0
542400,352.0,431.0
542510,1.0,1.0
542520,37.0,44.0
542570,16.0,20.0
542660,105.0,130.0
542770,215.0,239.0
542810,1.0,1.0
542820,15.0,19.0
542880,98.0,116.0
542960,25.0,28.0
543040,23.0,23.0
543070,32.0,36.0
543080,13.0,17.0
543110,8.0,10.0
543140,536.0,649.0
543240,425.0,536.0
543260,2001.0,2349.0
543270,41.0,51.0
543410,14.0,18.0
543440,35.0,45.0
543530,24.0,27.0
543580,40.0,50.0
543720,5.0,6.0
543870,3169.0,3571.0
543910,14.0,14.0
543930,252.0,278.0
543940,4.0,5.0
543980,176.0,205.0
544000,2.0,2.0
544130,16.0,21.0
544180,222.0,230.0
544310,297.0,310.0
544330,2456.0,3093.0
544380,6.0,7.0
544390,1099.0,1190.0
544400,21.0,21.0
544440,34.0,40.0
544520,36.0,44.0
544540,40.0,51.0
544550,5566.0,6557.0
544580,58.0,68.0
544600,164.0,182.0
544610,2771.0,3302.0
544650,68.0,88.0
544710,96.0,101.0
544750,10723.0,13053.0
544810,24806.0,32118.0
544920,14995.0,18422.0
544970,479.0,503.0
544990,9.0,10.0
545030,108.0,124.0
545040,607.0,741.0
545110,624.0,824.0
545180,91.0,106.0
545340,85.0,95.0
545400,18.0,23.0
545410,252.0,333.0
545430,98.0,112.0
545540,448.0,537.0
545580,164.0,218.0
545590,83.0,88.0
545600,238.0,290.0
545640,13.0,17.0
545660,17.0,18.0
545670,47.0,57.0
545690,751.0,795.0
545840,4.0,4.0
545850,15.0,17.0
545880,18.0,21.0
545910,4.0,4.0
545920,17.0,22.0
545940,43.0,47.0
545960,145.0,165.0
545980,488.0,525.0
546050,4550.0,5404.0
546080,719.0,783.0
546090,319.0,359.0
546100,14.0,14.0
546110,14.0,17.0
546120,5.0,5.0
546160,24.0,28.0
546170,61.0,69.0
546200,121.0,139.0
546220,317.0,391.0
546330,29.0,31.0
546390,2538.0,2692.0
546410,105.0,122.0
546430,1641.0,2135.0
546460,23.0,27.0
546550,152.0,174.0
546560,90359.0,91906.0
546780,46.0,58.0
546790,36.0,46.0
547000,4.0,5.0
547050,319.0,350.0
547140,10.0,12.0
547200,8.0,9.0
547260,64.0,85.0
547280,22.0,24.0
547340,505.0,622.0
547390,75.0,84.0
547480,189.0,208.0
547490,36.0,39.0
547520,24.0,31.0
547540,87.0,104.0
547590,318.0,373.0
547670,8.0,8.0
547750,50.0,56.0
547850,77.0,95.0
547900,230.0,274.0
547980,54.0,59.0
548050,31.0,37.0
548110,12.0,12.0
548130,35.0,36.0
548220,7.0,7.0
548230,69.0,85.0
548330,168.0,175.0
548340,345.0,374.0
548390,8.0,10.0
548430,304637.0,313463.0
548500,60.0,66.0
548680,96.0,114.0
548720,79.0,97.0
548810,82.0,101.0
548840,413.0,482.0
549080,314.0,377.0
549090,143.0,158.0
549100,334.0,426.0
549160,91.0,121.0
549190,23.0,25.0
549220,1.0,1.0
549260,633.0,785.0
549660,1.0,1.0
549700,34.0,42.0
549740,52.0,57.0
549760,103.0,130.0
549790,9.0,11.0
549850,89.0,106.0
549860,617.0,692.0
549920,36.0,40.0
550010,2569.0,2839.0
550080,1025.0,1207.0
550160,23.0,23.0
550170,26.0,27.0
550200,13.0,14.0
550310,423.0,501.0
550320,4585.0,4931.0
550340,408.0,448.0
550350,6.0,7.0
550400,72.0,79.0
550420,25.0,33.0
550480,1.0,1.0
550560,9.0,9.0
550580,78.0,102.0
550590,234.0,251.0
550650,62004.0,81548.0
550700,1.0,1.0
550810,220.0,248.0
550820,33.0,40.0
550840,977.0,1302.0
550990,59.0,64.0
551060,11.0,14.0
551100,13.0,16.0
551110,1006.0,1135.0
551130,4.0,4.0
551150,15.0,15.0
551160,5.0,5.0
551170,2395.0,2918.0
551190,172.0,204.0
551360,8.0,8.0
551370,208.0,263.0
551380,9.0,9.0
551450,346.0,396.0
551570,21.0,23.0
551580,83.0,93.0
551620,323.0,344.0
551700,247.0,321.0
551730,1113.0,1390.0
551750,17.0,20.0
551770,1277.0,1653.0
551840,12.0,15.0
551960,15.0,16.0
552000,4.0,5.0
552030,99.0,131.0
552060,74.0,95.0
552080,1081.0,1134.0
552100,42214.0,44785.0
552140,110.0,126.0
552160,293.0,327.0
552200,65.0,69.0
552220,1.0,1.0
552280,2286.0,2407.0
552330,5.0,6.0
552370,17.0,21.0
552380,9.0,11.0
552390,192.0,253.0
552400,32.0,35.0
552440,682.0,816.0
552450,582.0,669.0
552460,193.0,225.0
552500,105454.0,124271.0
552520,129710.0,160570.0
552590,3396.0,3664.0
552610,18.0,21.0
552620,8256.0,9569.0
552690,5.0,5.0
552700,2403.0,3087.0
552770,26.0,29.0
552780,143.0,167.0
552880,230.0,262.0
552900,37.0,46.0
552970,482.0,605.0
552990,111067.0,143342.0
553020,11.0,12.0
553310,6029.0,6219.0
553330,5.0,5.0
553340,173.0,206.0
553420,12106.0,13171.0
553440,15.0,18.0
553480,295.0,328.0
553520,1778.0,2335.0
553540,2221.0,2916.0
553590,138.0,152.0
553610,107.0,129.0
553640,23655.0,26180.0
553760,121.0,134.0
553780,21.0,26.0
553790,1018.0,1191.0
553830,23.0,25.0
553950,63.0,69.0
554150,83.0,95.0
554180,32.0,37.0
554220,56.0,66.0
554280,74.0,98.0
554290,146.0,159.0
554310,1869.0,2064.0
554330,122.0,156.0
554470,24.0,26.0
554560,6.0,6.0
554590,6.0,6.0
554600,466.0,507.0
554620,34483.0,36958.0
554660,49.0,56.0
554690,7.0,7.0
554800,136.0,170.0
554870,25.0,28.0
554940,7.0,9.0
554980,19.0,21.0
555000,3472.0,4058.0
555020,1.0,1.0
555040,1.0,1.0
555050,238.0,289.0
555060,96.0,122.0
555150,4096.0,5434.0
555160,35341.0,38876.0
555210,3207.0,3575.0
555220,10560.0,11023.0
555290,181.0,216.0
555310,118.0,145.0
555320,112.0,146.0
555400,217.0,288.0
555520,10.0,10.0
555580,62.0,68.0
555600,24.0,25.0
555610,92.0,122.0
555630,146.0,193.0
555640,261.0,314.0
555710,173.0,217.0
555730,11.0,14.0
555810,1.0,1.0
555880,1432.0,1687.0
555910,1.0,1.0
555950,4599.0,5322.0
555970,24.0,27.0
556050,457.0,487.0
556060,133.0,157.0
556140,38.0,43.0
556170,1.0,1.0
556180,636.0,812.0
556190,25.0,33.0
556240,311.0,381.0
556340,120.0,155.0
556640,210.0,279.0
556830,3.0,3.0
556930,7.0,8.0
556960,39.0,50.0
557030,101.0,133.0
557040,482.0,606.0
557240,32.0,37.0
557330,23.0,30.0
557340,25841.0,26985.0
557400,1492.0,1737.0
557410,257.0,288.0
557570,29.0,29.0
557600,16374.0,16770.0
557630,1676.0,1724.0
557670,32.0,35.0
557720,6.0,7.0
557730,15.0,18.0
557750,171.0,180.0
557790,14.0,15.0
557800,6.0,7.0
557850,14.0,16.0
557860,15.0,16.0
557890,141.0,158.0
557900,74.0,97.0
557940,9.0,10.0
557950,63.0,66.0
558100,5424.0,6876.0
558110,226.0,299.0
558230,752.0,986.0
558260,886.0,1173.0
558280,1.0,1.0
558410,14.0,18.0
558420,4333.0,4970.0
558440,10.0,12.0
558450,294.0,333.0
558660,228.0,288.0
558670,11.0,11.0
558790,221.0,243.0
558990,5612.0,5757.0
559010,376.0,400.0
559070,105.0,117.0
559150,4.0,4.0
559210,5560.0,5770.0
559250,5.0,5.0
559330,1309.0,1399.0
559610,1713.0,1865.0
559620,600.0,636.0
559640,95.0,106.0
559650,16538.0,18619.0
559680,718.0,818.0
559690,1.0,1.0
559700,2.0,2.0
559850,24.0,25.0
559870,138.0,182.0
559930,32.0,33.0
559960,289.0,321.0
559970,3.0,3.0
560000,301.0,326.0
560050,123.0,132.0
560130,15942.0,18118.0
560180,10.0,10.0
560220,41.0,48.0
560260,2456.0,2701.0
560300,64.0,66.0
560430,885.0,947.0
560510,12.0,14.0
560550,21.0,22.0
560600,15.0,15.0
560710,184.0,222.0
560720,199.0,244.0
560790,18.0,20.0
560970,25.0,33.0
560980,1.0,1.0
561000,99.0,106.0
561080,362.0,389.0
561190,57.0,66.0
561260,47.0,47.0
561340,109.0,131.0
561360,32.0,40.0
561450,51.0,66.0
561480,40.0,49.0
561510,18.0,20.0
561600,949.0,1115.0
561610,453.0,568.0
561660,18.0,19.0
561680,26.0,26.0
561740,232.0,268.0
561770,538.0,692.0
561930,39.0,42.0
562080,28.0,32.0
562210,132.0,164.0
562220,6397.0,6703.0
562230,505.0,596.0
562250,64.0,83.0
562260,1198.0,1346.0
562280,35.0,40.0
562310,11.0,13.0
562320,32.0,40.0
562350,351.0,431.0
562360,1593.0,1867.0
562410,978.0,1070.0
562460,30.0,31.0
562480,132.0,137.0
562490,74.0,89.0
562500,3097.0,3735.0
562530,2.0,2.0
562570,296.0,363.0
562660,56.0,68.0
562680,9.0,11.0
562730,257.0,330.0
562740,18.0,22.0
562860,5906.0,6336.0
563130,28.0,37.0
563150,38.0,49.0
563170,11.0,13.0
563180,73.0,82.0
563190,147.0,158.0
563200,150.0,168.0
563260,69.0,91.0
563390,13.0,14.0
563400,58.0,75.0
563410,13.0,14.0
563430,136.0,141.0
563550,92.0,114.0
563560,20793.0,21898.0
563710,25.0,29.0
563810,86.0,105.0
563830,24.0,29.0
563840,4289.0,4864.0
563990,1.0,1.0
564040,36.0,43.0
564050,1682.0,1831.0
564080,21.0,25.0
564090,10.0,10.0
564150,318.0,395.0
564160,112.0,128.0
564230,2708.0,3035.0
564280,19.0,25.0
564310,4428.0,4763.0
564330,148.0,155.0
564470,58.0,72.0
564480,10.0,10.0
564530,2144.0,2349.0
564700,51.0,57.0
564710,5749.0,6094.0
564810,49.0,51.0
564940,72.0,90.0
565030,163.0,203.0
565080,150.0,181.0
565100,6.0,6.0
565120,897.0,1043.0
565140,19.0,21.0
565170,224.0,288.0
565180,69.0,72.0
565190,24.0,24.0
565380,37.0,49.0
565390,75.0,83.0
565420,2.0,2.0
565540,11.0,14.0
565550,135.0,173.0
565600,45.0,50.0
565630,10.0,10.0
565650,10.0,13.0
565690,53.0,62.0
565720,364.0,447.0
565860,577.0,710.0
565980,29.0,38.0
566050,1579.0,1642.0
566140,1.0,1.0
566160,2256.0,2399.0
566270,38.0,47.0
566320,14.0,17.0
566380,30.0,39.0
566490,146.0,152.0
566540,962.0,1205.0
566640,1.0,1.0
566670,101.0,111.0
566700,90.0,100.0
566750,20.0,23.0
566860,1062.0,1394.0
566870,24.0,30.0
566880,29.0,32.0
566900,21.0,21.0
566930,19.0,22.0
566940,26.0,28.0
566970,44.0,58.0
567010,92.0,116.0
567030,664.0,693.0
567060,283.0,360.0
567080,209.0,245.0
567130,303.0,370.0
567140,107.0,130.0
567150,91.0,117.0
567160,172.0,193.0
567210,53.0,64.0
567240,28.0,36.0
567280,947.0,1122.0
567290,1040.0,1199.0
567340,70.0,81.0
567370,91.0,97.0
567380,2170.0,2290.0
567430,1.0,1.0
567480,13.0,17.0
567580,400.0,513.0
567590,40.0,41.0
567630,5081.0,6699.0
567640,15792.0,18740.0
567670,478.0,558.0
567750,231.0,287.0
567800,204.0,235.0
567860,21.0,23.0
567890,22.0,27.0
567980,151.0,190.0
568020,74.0,78.0
568030,16.0,18.0
568040,416.0,449.0
568060,9.0,9.0
568090,3798.0,4025.0
568160,8.0,8.0
568180,11.0,12.0
568200,30.0,35.0
568220,35802.0,38283.0
568310,11.0,13.0
568320,1239.0,1278.0
568370,32.0,35.0
568400,54.0,71.0
568460,58.0,63.0
568490,29.0,31.0
568500,44.0,56.0
568570,3127.0,4131.0
568610,29.0,33.0
568640,16.0,18.0
568670,19.0,23.0
568690,46.0,51.0
568770,3839.0,3978.0
568830,85.0,95.0
568840,12.0,13.0
568910,49.0,54.0
568920,29.0,32.0
568930,475.0,631.0
569050,6.0,6.0
569130,9.0,11.0
569140,11.0,11.0
569150,4.0,4.0
569200,24.0,24.0
569220,29.0,32.0
569270,6.0,7.0
569290,183.0,232.0
569340,86.0,114.0
569350,8.0,10.0
569360,36.0,39.0
569370,16.0,18.0
569420,13.0,15.0
569430,64.0,85.0
569480,26566.0,28486.0
569520,9.0,10.0
569530,566.0,661.0
569570,47.0,54.0
569590,7.0,9.0
569610,998.0,1201.0
569670,2.0,2.0
569720,113.0,130.0
569800,503.0,630.0
569810,295.0,353.0
569860,3585.0,3832.0
569880,1.0,1.0
569900,3.0,3.0
570000,135.0,144.0
570090,94.0,108.0
570110,14.0,15.0
570490,192.0,197.0
570580,84.0,87.0
570590,15.0,17.0
570600,4.0,4.0
570680,89.0,92.0
570770,2140.0,2768.0
570780,4200.0,5235.0
570810,16.0,17.0
570840,3830.0,4127.0
570860,48.0,59.0
570900,136.0,141.0
570940,104286.0,113664.0
570950,97.0,113.0
570980,417.0,481.0
571060,33.0,41.0
571080,1.0,1.0
571180,2.0,2.0
571230,11.0,12.0
571260,3264.0,3943.0
571310,6772.0,7084.0
571330,8.0,8.0
571350,569.0,696.0
571430,51.0,58.0
571500,10.0,11.0
571530,886.0,954.0
571680,5.0,6.0
571740,25358.0,27996.0
571880,1590.0,1645.0
571890,219.0,251.0
572000,101.0,127.0
572020,44.0,48.0
572130,11.0,11.0
572160,70.0,85.0
572180,20.0,21.0
572220,1136.0,1211.0
572430,2242.0,2824.0
572480,5.0,6.0
572510,18.0,19.0
572570,19.0,20.0
572580,37.0,45.0
572620,122.0,145.0
572630,21.0,25.0
572640,8.0,9.0
572660,69.0,86.0
572700,169.0,181.0
572730,126.0,138.0
572740,140.0,156.0
572890,8871.0,9273.0
573040,100.0,113.0
573050,23.0,25.0
573060,185.0,226.0
573070,49.0,63.0
573080,269.0,337.0
573090,44162.0,49215.0
573100,7186.0,9522.0
573120,1275.0,1637.0
573130,595.0,711.0
573170,368.0,392.0
573270,28.0,34.0
573300,23.0,27.0
573320,960.0,1098.0
573340,22.0,24.0
573360,21.0,22.0
573410,1287.0,1456.0
573520,68.0,75.0
573550,19.0,23.0
573630,2.0,2.0
573670,22.0,24.0
573690,26.0,27.0
573700,11.0,11.0
573710,89.0,94.0
573720,22.0,27.0
573730,20.0,23.0
573740,22.0,24.0
573760,32.0,41.0
573770,303.0,319.0
573790,113.0,122.0
573800,46.0,59.0
574090,1173.0,1539.0
574120,22.0,29.0
574140,338.0,379.0
574160,45.0,58.0
574180,590.0,781.0
574220,5.0,5.0
574260,176.0,212.0
574270,161.0,199.0
574310,959.0,1079.0
574410,1.0,1.0
574420,11.0,12.0
574500,11.0,12.0
574560,2024.0,2346.0
574590,73.0,78.0
574720,2641.0,3147.0
574740,1038.0,1104.0
574780,11.0,11.0
574820,671.0,724.0
574890,25.0,30.0
574940,110.0,127.0
574980,3551.0,4345.0
575030,4.0,5.0
575050,510.0,568.0
575060,9.0,11.0
575110,25.0,27.0
575180,1.0,1.0
575210,43.0,51.0
575270,10.0,13.0
575330,338.0,396.0
575340,92.0,122.0
575360,7.0,9.0
575400,67.0,79.0
575420,27.0,29.0
575450,34.0,41.0
575480,345.0,382.0
575580,113.0,142.0
575590,51.0,54.0
575640,4913.0,5447.0
575650,183.0,210.0
575680,148.0,174.0
575690,38.0,46.0
575710,10.0,12.0
575810,18.0,21.0
575820,176.0,230.0
575880,25.0,33.0
575890,94.0,117.0
575900,81.0,95.0
575940,109.0,134.0
575970,96.0,116.0
576030,356.0,399.0
576100,29.0,36.0
576130,474.0,560.0
576160,36.0,41.0
576280,53.0,66.0
576370,10.0,13.0
576410,91.0,107.0
576420,69.0,74.0
576470,608.0,791.0
576500,635.0,738.0
576620,40.0,52.0
576670,21.0,26.0
576720,17.0,21.0
576740,49.0,60.0
576750,45.0,54.0
576770,2737.0,3068.0
576790,20.0,22.0
576800,25.0,32.0
576810,250.0,326.0
576820,4.0,4.0
576840,90.0,104.0
576960,225.0,268.0
576980,151.0,186.0
577000,7.0,7.0
577150,19.0,19.0
577160,12.0,15.0
577180,77.0,98.0
577270,14.0,14.0
577290,53.0,65.0
577360,21.0,27.0
577380,27.0,29.0
577390,89.0,111.0
577440,25.0,29.0
577470,21.0,26.0
577480,655.0,673.0
577490,36.0,41.0
577530,163.0,190.0
577560,8.0,9.0
577670,1215.0,1598.0
577690,2960.0,3082.0
577760,37.0,42.0
577850,23.0,28.0
577910,46.0,53.0
577940,4329.0,4955.0
577970,174.0,186.0
577990,189.0,218.0
578060,33.0,38.0
578190,11.0,12.0
578310,12617.0,15411.0
578320,23.0,24.0
578330,7938.0,8781.0
578420,42.0,43.0
578430,98.0,106.0
578540,1037.0,1059.0
578610,11.0,12.0
578620,7569.0,8044.0
578650,21088.0,25181.0
578660,14.0,16.0
578670,13.0,13.0
578690,94.0,117.0
578850,1332.0,1473.0
578870,64.0,70.0
578900,645.0,702.0
578930,197.0,205.0
579020,567.0,738.0
579050,63.0,71.0
579110,337.0,400.0
579180,5173.0,5784.0
579230,177.0,200.0
579760,425.0,464.0
579840,751.0,914.0
579920,83.0,93.0
579940,381.0,409.0
579950,1582.0,1821.0
579980,77.0,81.0
580010,31.0,36.0
580110,1.0,1.0
580200,2556.0,3120.0
580250,1.0,1.0
580300,19.0,20.0
580310,9.0,11.0
580420,69.0,91.0
580480,3.0,3.0
580520,49.0,64.0
580590,43.0,46.0
580630,36.0,37.0
580720,880.0,990.0
580940,32.0,39.0
581120,491.0,529.0
581130,1269.0,1615.0
581270,3312.0,3803.0
581320,104058.0,122437.0
581360,365.0,391.0
581630,5234.0,6132.0
581650,147.0,177.0
581760,136.0,154.0
581840,56.0,72.0
581910,133.0,171.0
582010,404906.0,458531.0
582030,15.0,18.0
582160,90281.0,104497.0
582200,4.0,5.0
582210,32.0,39.0
582270,3021.0,3637.0
582330,741.0,929.0
582350,20.0,21.0
582370,22.0,24.0
582460,4.0,4.0
582500,25560.0,28220.0
582530,13.0,15.0
582550,5824.0,6614.0
582560,462.0,500.0
582620,199.0,254.0
582690,16.0,16.0
582820,15.0,17.0
582830,43.0,51.0
582890,1916.0,2209.0
582960,18.0,23.0
582990,46.0,59.0
583000,4.0,4.0
583010,1148.0,1199.0
583090,572.0,591.0
583190,23.0,28.0
583200,8.0,10.0
583270,473.0,509.0
583470,2787.0,2978.0
583500,9.0,11.0
583710,6.0,6.0
583760,1090.0,1229.0
583860,6.0,6.0
583890,101.0,114.0
583930,483.0,555.0
584040,7.0,7.0
584170,190.0,219.0
584220,82.0,99.0
584370,234.0,308.0
584400,23098.0,24670.0
584590,1.0,1.0
584640,4441.0,4614.0
584800,183.0,226.0
584850,34.0,35.0
584860,21.0,24.0
584870,1.0,1.0
584880,56.0,65.0
584930,278.0,298.0
584980,7470.0,8651.0
584990,372.0,439.0
585180,330.0,337.0
585190,163.0,198.0
585240,47.0,52.0
585260,63.0,69.0
585270,16.0,21.0
585420,22109.0,23890.0
585450,1784.0,2369.0
585500,39.0,47.0
585550,1013.0,1276.0
585710,2026.0,2403.0
585750,7.0,9.0
585770,16.0,19.0
585840,884.0,1090.0
585880,152.0,173.0
585890,541.0,583.0
585900,835.0,1089.0
585910,361.0,417.0
585920,9.0,11.0
585950,351.0,404.0
585990,67.0,79.0
586020,33.0,37.0
586030,935.0,1237.0
586140,9841.0,10466.0
586230,13.0,13.0
586240,261.0,301.0
586310,219.0,264.0
586320,48.0,55.0
586340,57.0,64.0
586350,332.0,370.0
586390,52.0,57.0
586430,21.0,25.0
586450,18.0,21.0
586660,67.0,70.0
586670,22.0,26.0
586690,6.0,6.0
586700,8.0,9.0
586720,2.0,2.0
586740,5.0,5.0
586770,16.0,19.0
586880,383.0,404.0
586950,394.0,515.0
586960,554.0,673.0
586990,11.0,12.0
587000,1341.0,1712.0
587100,784.0,848.0
587110,763.0,823.0
587180,166.0,204.0
587220,1595.0,1663.0
587260,1389.0,1619.0
587310,52.0,55.0
587400,55.0,71.0
587420,765.0,971.0
587430,2454.0,2596.0
587440,17.0,21.0
587470,313.0,323.0
587480,4.0,4.0
587580,242.0,289.0
587600,1.0,1.0
587620,7847.0,8529.0
587710,3.0,3.0
587730,8.0,9.0
587840,62.0,78.0
587920,35.0,45.0
587930,30.0,39.0
587970,98.0,119.0
588030,5585.0,5831.0
588040,4953.0,5324.0
588110,405.0,513.0
588180,279.0,321.0
588200,18.0,18.0
588240,177.0,217.0
588290,112.0,121.0
588430,63280.0,71420.0
588440,621.0,826.0
588490,35.0,46.0
588530,8.0,8.0
588620,95.0,106.0
588650,154704.0,159258.0
588690,2095.0,2230.0
588710,97.0,123.0
588730,1728.0,1785.0
588880,20.0,23.0
588930,74.0,89.0
588950,1469.0,1589.0
588970,1490.0,1659.0
588990,16.0,21.0
589040,103.0,108.0
589060,26.0,32.0
589120,1580.0,1671.0
589200,315.0,336.0
589270,11.0,11.0
589280,60.0,64.0
589290,21903.0,24355.0
589360,8872.0,10560.0
589420,280.0,320.0
589470,26.0,32.0
589480,64.0,72.0
589500,791.0,841.0
589510,422.0,446.0
589530,1583.0,1712.0
589590,7931.0,8220.0
589670,205.0,247.0
589680,23.0,24.0
589690,131.0,167.0
589760,526.0,645.0
589770,315.0,346.0
589780,11201.0,11909.0
589850,27.0,31.0
589860,136.0,150.0
589870,9172.0,9705.0
589940,361.0,387.0
590280,288.0,311.0
590370,66.0,80.0
590380,18269.0,19304.0
590440,11.0,13.0
590530,16.0,19.0
590590,558.0,633.0
590670,100.0,131.0
590690,574.0,688.0
590720,175.0,203.0
590770,10.0,13.0
590840,32.0,34.0
590850,57.0,67.0
590950,132.0,136.0
591000,86.0,100.0
591360,129.0,148.0
591370,2743.0,3324.0
591380,385.0,446.0
591390,2.0,2.0
591420,2652.0,2932.0
591460,2768.0,2963.0
591470,6.0,7.0
591560,95.0,117.0
591630,1085.0,1175.0
591640,7.0,7.0
591680,224.0,241.0
591760,134.0,153.0
591940,1.0,1.0
591960,2875.0,3816.0
592020,22.0,24.0
592030,181.0,239.0
592260,2266.0,2678.0
592270,139.0,144.0
592300,75.0,78.0
592350,38.0,45.0
592400,16.0,18.0
592450,8.0,10.0
592480,500.0,549.0
592660,100.0,132.0
593000,29.0,32.0
593030,338.0,373.0
593060,9.0,11.0
593070,39.0,43.0
593090,26.0,28.0
593100,13.0,17.0
593150,1176.0,1283.0
593200,1583.0,1753.0
593250,26.0,29.0
593280,8644.0,9106.0
593620,183.0,240.0
593640,961.0,1039.0
593670,46.0,54.0
593680,56.0,59.0
593700,114.0,120.0
593720,3.0,3.0
593740,69.0,80.0
593900,120.0,148.0
593960,1236.0,1371.0
593970,3.0,3.0
594030,17.0,19.0
594050,205.0,263.0
594130,524.0,546.0
594200,13.0,13.0
594220,166.0,208.0
594300,73.0,87.0
594310,25.0,32.0
594320,57.0,66.0
594330,7798.0,9140.0
594350,162.0,178.0
594360,10.0,13.0
594380,47.0,48.0
594410,6.0,7.0
594490,222.0,275.0
594520,2.0,2.0
594550,115.0,136.0
594570,111240.0,119411.0
594660,42.0,52.0
594680,438.0,523.0
594750,45.0,53.0
594810,27.0,31.0
594950,103.0,106.0
594980,32.0,38.0
595060,120.0,143.0
595080,27.0,29.0
595130,27.0,34.0
595140,2788.0,3078.0
595280,2075.0,2719.0
595300,23.0,30.0
595430,381.0,408.0
595440,637.0,754.0
595460,192.0,233.0
595490,11.0,13.0
595500,1422.0,1477.0
595520,7208.0,8000.0
595560,86.0,93.0
595650,3.0,3.0
595660,53.0,68.0
595690,3398.0,4215.0
595730,104.0,118.0
595740,547.0,652.0
595780,60.0,78.0
595790,293.0,315.0
595930,90.0,113.0
595960,171.0,199.0
596000,263.0,303.0
596060,21.0,25.0
596080,28.0,32.0
596090,35.0,41.0
596260,5.0,5.0
596370,14.0,14.0
596390,15.0,15.0
596400,8.0,9.0
596470,44.0,46.0
596500,39.0,42.0
596530,11.0,11.0
596590,500.0,543.0
596620,114.0,133.0
596630,52.0,58.0
596710,44.0,53.0
596810,82.0,100.0
596890,34.0,36.0
596910,53.0,65.0
596950,186.0,232.0
596970,2734.0,3226.0
597030,199.0,239.0
597060,44.0,48.0
597120,25.0,26.0
597150,701.0,787.0
597170,29092.0,30038.0
597180,2848.0,3489.0
597190,8.0,10.0
597200,45.0,51.0
597220,9188.0,9398.0
597230,852.0,944.0
597280,5.0,5.0
597590,43.0,48.0
597700,411.0,456.0
597730,63.0,77.0
597760,7319.0,7698.0
597900,33.0,39.0
597970,197.0,228.0
598050,1.0,1.0
598060,1757.0,2099.0
598070,188.0,216.0
598230,12.0,15.0
598330,3061.0,3859.0
598350,36.0,42.0
598430,57.0,75.0
598490,241.0,287.0
598530,153.0,194.0
598550,3230.0,3408.0
598640,54.0,56.0
598670,24.0,25.0
598700,7209.0,8015.0
598730,426.0,478.0
598740,27.0,29.0
598750,1.0,1.0
598810,1959.0,2303.0
598880,66.0,69.0
598960,2231.0,2601.0
598980,4910.0,5117.0
599000,210.0,275.0
599070,4.0,5.0
599080,2182.0,2787.0
599140,35324.0,40899.0
599160,58.0,65.0
599180,6.0,7.0
599390,4701.0,4996.0
599420,2.0,2.0
599430,7.0,7.0
599460,1340.0,1668.0
599590,92.0,104.0
599600,65.0,76.0
599610,649.0,679.0
599630,34.0,42.0
599670,10.0,13.0
599750,1155.0,1363.0
599800,4.0,4.0
599840,97.0,101.0
600000,8.0,9.0
600090,2092.0,2475.0
600130,1988.0,2395.0
600140,576.0,667.0
600160,28.0,35.0
600170,8.0,8.0
600200,12.0,13.0
600230,2.0,2.0
600250,28.0,37.0
600370,1455.0,1542.0
600410,32.0,41.0
600420,191.0,235.0
600460,262.0,343.0
600480,3082.0,3241.0
600500,2.0,2.0
600510,19.0,21.0
600520,10.0,10.0
600530,39.0,46.0
600640,11.0,13.0
600650,22.0,24.0
600660,60.0,69.0
600990,2478.0,2644.0
601050,6267.0,6749.0
601070,2.0,2.0
601120,40.0,41.0
601130,20.0,23.0
601150,125445.0,130942.0
601180,56.0,69.0
601200,7.0,9.0
601220,8009.0,8251.0
601250,14.0,18.0
601420,6.0,7.0
601430,25822.0,27982.0
601510,35780.0,42800.0
601520,3.0,3.0
601530,821.0,883.0
601570,44.0,52.0
601700,8.0,8.0
601780,23.0,30.0
601810,1166.0,1258.0
601840,12833.0,13628.0
601890,15.0,18.0
601920,11.0,13.0
601930,60.0,68.0
602010,41.0,49.0
602070,68.0,76.0
602080,49.0,51.0
602120,53.0,58.0
602240,10.0,11.0
602320,2444.0,2715.0
602430,252.0,299.0
602480,60.0,68.0
602520,11480.0,11832.0
602550,11.0,13.0
602590,34.0,45.0
602630,34.0,37.0
602700,969.0,1057.0
602770,842.0,1021.0
602860,15.0,17.0
602880,29.0,36.0
602920,6.0,6.0
602960,62757.0,67000.0
603010,234.0,298.0
603060,69.0,91.0
603100,261.0,343.0
603110,33.0,37.0
603140,285.0,318.0
603190,254.0,332.0
603220,13.0,16.0
603230,35.0,45.0
603260,877.0,979.0
603280,24.0,26.0
603320,525.0,667.0
603330,76.0,91.0
603350,176.0,213.0
603390,813.0,890.0
603440,33.0,35.0
603530,738.0,838.0
603610,8.0,10.0
603630,29.0,36.0
603660,26.0,26.0
603800,222.0,274.0
603810,184.0,217.0
603840,14.0,18.0
603850,38760.0,43235.0
603870,25.0,27.0
603880,658.0,722.0
603940,124.0,161.0
603960,1869.0,1916.0
603980,2.0,2.0
604000,100.0,115.0
604010,95.0,109.0
604170,35.0,40.0
604240,9104.0,9813.0
604330,1900.0,1978.0
604340,4.0,4.0
604450,3954.0,4326.0
604510,110.0,141.0
604780,669.0,812.0
604920,16.0,17.0
604980,18.0,21.0
604990,6.0,6.0
605230,1317.0,1461.0
605250,29.0,32.0
605450,820.0,975.0
605490,8.0,10.0
605610,759.0,832.0
605660,1.0,1.0
605740,12889.0,15777.0
605770,97.0,113.0
605790,5.0,5.0
605830,273.0,303.0
605850,54.0,68.0
605920,129.0,153.0
605990,339.0,352.0
606150,15423.0,18707.0
606190,19.0,21.0
606230,1640.0,2052.0
606280,11196.0,14661.0
606300,11.0,14.0
606330,206.0,269.0
606480,257.0,278.0
606490,111.0,133.0
606510,307.0,332.0
606520,141.0,147.0
606670,7.0,7.0
606680,709.0,763.0
606690,67.0,79.0
606710,546.0,583.0
606720,6.0,6.0
606790,13.0,15.0
606800,4871.0,5969.0
606880,14945.0,19405.0
606890,303.0,372.0
606920,90.0,92.0
607040,72.0,94.0
607050,4188.0,5023.0
607080,10966.0,11348.0
607120,79.0,102.0
607160,2.0,2.0
607230,1.0,1.0
607260,5370.0,6048.0
607330,19.0,19.0
607360,11.0,13.0
607400,130.0,144.0
607440,138.0,173.0
607460,287.0,322.0
607490,26.0,27.0
607560,10.0,12.0
607660,51.0,66.0
607710,1.0,1.0
607760,12.0,14.0
607770,16.0,17.0
607780,10.0,10.0
607820,115.0,125.0
607890,5936.0,7471.0
608000,117.0,128.0
608110,261.0,271.0
608120,272.0,312.0
608440,8.0,8.0
608510,246.0,296.0
608630,32.0,42.0
608660,104.0,117.0
608670,23.0,25.0
608760,126.0,159.0
608800,1073.0,1403.0
608870,31.0,38.0
608980,13.0,15.0
609110,1480.0,1682.0
609320,18525.0,19532.0
609340,2.0,2.0
609360,6.0,6.0
609380,10.0,11.0
609410,58.0,77.0
609420,127.0,147.0
609470,2.0,2.0
609490,2220.0,2485.0
609760,29.0,33.0
609920,1569.0,2067.0
610080,5954.0,6833.0
610090,7.0,7.0
610110,5.0,6.0
610120,135.0,157.0
610180,2982.0,3137.0
610250,30.0,34.0
610310,150.0,181.0
610360,2479.0,2655.0
610370,13330.0,13787.0
610410,70.0,76.0
610460,4.0,5.0
610550,6.0,6.0
610610,66.0,74.0
610620,32.0,35.0
610740,18.0,22.0
610860,145.0,190.0
610900,151.0,155.0
610960,700.0,832.0
610980,26.0,27.0
611040,459.0,591.0
611060,47.0,57.0
611080,2.0,2.0
611090,19.0,25.0
611160,1114.0,1321.0
611190,26.0,31.0
611230,79.0,96.0
611390,6.0,7.0
611630,47.0,51.0
611640,27.0,34.0
611650,10.0,12.0
611670,8183.0,10885.0
611710,46.0,46.0
611730,10.0,11.0
611760,2070.0,2111.0
611770,89.0,114.0
611790,12618.0,14595.0
611830,92.0,104.0
611850,65.0,74.0
611860,115.0,146.0
611960,41.0,51.0
611980,1231.0,1320.0
612020,1463.0,1714.0
612040,25.0,26.0
612060,80.0,94.0
612100,247.0,268.0
612110,394.0,479.0
612140,14.0,15.0
612160,23.0,24.0
612170,108.0,133.0
612300,372.0,422.0
612310,33.0,35.0
612370,357.0,377.0
612390,901.0,1116.0
612420,7.0,8.0
612440,12.0,15.0
612470,1882.0,2098.0
612520,252.0,296.0
612570,754.0,953.0
612590,49.0,57.0
612600,15.0,15.0
612620,236.0,285.0
612640,45.0,51.0
612670,36.0,45.0
612720,668.0,793.0
612740,114.0,150.0
612840,10.0,11.0
612850,1.0,1.0
612880,34031.0,42170.0
612890,16.0,18.0
612930,697.0,824.0
613020,11.0,13.0
613100,83516.0,88707.0
613120,24.0,30.0
613130,36.0,37.0
613190,619.0,766.0
613200,13.0,16.0
613210,65.0,69.0
613240,112.0,118.0
613350,3.0,3.0
613390,149.0,168.0
613420,25.0,26.0
613450,226.0,240.0
613470,389.0,435.0
613610,9.0,9.0
613670,180.0,226.0
613830,8559.0,9726.0
613900,372.0,410.0
614130,27.0,29.0
614150,10.0,10.0
614250,33.0,40.0
614380,4.0,5.0
614550,11.0,12.0
614570,10314.0,11767.0
614630,458.0,602.0
614650,4.0,4.0
614660,29.0,36.0
614700,13.0,17.0
614890,126.0,164.0
614910,737.0,839.0
614950,302.0,361.0
614960,102.0,128.0
615010,189.0,215.0
615020,105.0,128.0
615080,15.0,17.0
615100,1.0,1.0
615120,1967.0,2024.0
615180,120.0,159.0
615250,151.0,169.0
615270,28.0,31.0
615330,21.0,23.0
615350,247.0,275.0
615530,5286.0,6568.0
615610,3210.0,3315.0
615650,18.0,22.0
615670,105.0,136.0
615730,109.0,136.0
615770,179.0,213.0
615780,162.0,195.0
615960,12.0,12.0
616000,98.0,110.0
616030,26.0,28.0
616040,36.0,43.0
616050,1.0,1.0
616110,2603.0,2844.0
616250,1276.0,1348.0
616390,23.0,25.0
616520,162.0,195.0
616560,9207.0,12031.0
616610,104.0,129.0
616620,117.0,148.0
616640,26.0,33.0
616690,12.0,15.0
616720,3114.0,3364.0
616730,2.0,2.0
616740,263.0,297.0
616810,13.0,17.0
616820,62.0,66.0
616880,25.0,29.0
616890,27.0,32.0
616920,140.0,168.0
617060,9.0,11.0
617070,91.0,91.0
617160,3089.0,3561.0
617200,4.0,4.0
617270,14.0,17.0
617290,43603.0,51469.0
617360,23.0,26.0
617430,19.0,22.0
617440,324.0,345.0
617480,1863.0,2208.0
617560,7.0,7.0
617570,9.0,9.0
617580,7.0,8.0
617610,164.0,184.0
617620,35.0,37.0
617660,431.0,475.0
617670,13825.0,14235.0
617690,43.0,50.0
617700,780.0,900.0
617730,12.0,14.0
617820,56.0,61.0
617830,7157.0,8705.0
617980,20.0,25.0
618000,13.0,16.0
618010,19.0,25.0
618070,50.0,55.0
618080,590.0,700.0
618140,3711.0,4720.0
618190,7.0,7.0
618210,68.0,78.0
618310,72.0,95.0
618350,33.0,37.0
618360,62.0,71.0
618370,39.0,47.0
618420,15.0,18.0
618470,111.0,124.0
618510,433.0,476.0
618550,102.0,112.0
618570,16.0,20.0
618580,1.0,1.0
618590,19.0,24.0
618690,70.0,77.0
618710,60.0,70.0
618720,740.0,809.0
618740,1899.0,2183.0
618850,422.0,512.0
618920,154.0,190.0
618950,498.0,535.0
618970,697.0,893.0
618990,14.0,16.0
619150,6456.0,7056.0
619210,210.0,239.0
619220,35.0,41.0
619250,12.0,14.0
619270,10.0,12.0
619280,489.0,585.0
619320,128.0,135.0
619380,5.0,6.0
619480,8.0,10.0
619500,970.0,1067.0
619590,1.0,1.0
619670,19.0,23.0
619810,79.0,86.0
619870,96.0,105.0
619880,1207.0,1588.0
619890,31.0,37.0
619910,2056.0,2629.0
619930,53.0,65.0
620080,68.0,72.0
620130,48.0,62.0
620170,47.0,52.0
620190,743.0,989.0
620210,840.0,899.0
620220,449.0,530.0
620250,1.0,1.0
620280,13.0,13.0
620310,11.0,12.0
620330,4.0,5.0
620340,22.0,23.0
620360,41.0,42.0
620410,34.0,39.0
620590,6442.0,8155.0
620620,270.0,329.0
620650,156.0,178.0
620660,7.0,8.0
620670,12.0,14.0
620710,45.0,52.0
620800,21.0,24.0
620890,24.0,31.0
620900,54.0,58.0
620940,66.0,75.0
620980,70106.0,73295.0
621000,570.0,600.0
621010,33.0,35.0
621060,47345.0,50495.0
621080,247.0,265.0
621140,2.0,2.0
621170,25.0,27.0
621220,663.0,830.0
621300,13.0,15.0
621810,195.0,226.0
621830,8846.0,10973.0
621930,336.0,395.0
621940,48.0,60.0
622060,240.0,315.0
622150,8.0,8.0
622200,20.0,20.0
622220,4081.0,4386.0
622270,133.0,137.0
622380,38.0,48.0
622460,265.0,349.0
622480,10.0,12.0
622510,14.0,16.0
622550,7.0,7.0
622620,14.0,18.0
622630,1231.0,1500.0
622650,23623.0,26688.0
622680,257.0,296.0
622720,1276.0,1587.0
622810,28.0,29.0
622830,63.0,81.0
622870,303.0,351.0
622910,30.0,33.0
622930,5.0,5.0
622940,2.0,2.0
622950,21.0,23.0
623040,8.0,10.0
623070,85.0,108.0
623080,2739.0,2770.0
623090,332.0,409.0
623170,50.0,58.0
623180,38.0,45.0
623320,166.0,173.0
623360,21.0,27.0
623380,72.0,88.0
623470,5.0,5.0
623540,73.0,83.0
623640,156.0,172.0
623700,236.0,291.0
623800,16.0,18.0
623840,494.0,647.0
623940,3648.0,3928.0
623980,1.0,1.0
624050,17.0,18.0
624070,15.0,18.0
624080,36.0,38.0
624270,4242.0,4651.0
624320,50.0,59.0
624371,97.0,118.0
624460,453.0,472.0
624690,71.0,90.0
624710,48.0,50.0
624780,4.0,5.0
624890,170.0,207.0
624900,1.0,1.0
624920,46.0,57.0
624970,744.0,831.0
624990,10.0,10.0
625000,14.0,15.0
625100,5.0,5.0
625120,31.0,36.0
625220,2.0,2.0
625410,9.0,9.0
625460,8.0,10.0
625470,400.0,452.0
625560,14.0,16.0
625630,7.0,7.0
625680,169.0,211.0
625690,5.0,6.0
625740,105.0,111.0
625770,19.0,21.0
625780,66.0,69.0
625800,5.0,6.0
625820,35.0,42.0
625830,25.0,28.0
625910,88.0,113.0
625940,95.0,118.0
625980,774.0,829.0
625990,35.0,43.0
626170,28.0,37.0
626510,333.0,412.0
626570,10.0,10.0
626600,171.0,219.0
626640,77.0,82.0
626660,217.0,243.0
626670,1.0,1.0
626680,816.0,993.0
626690,14946.0,18887.0
626700,18.0,23.0
626840,11.0,11.0
627070,51.0,63.0
627270,18387.0,21298.0
627350,100.0,121.0
627530,17.0,19.0
627570,12.0,13.0
627610,7.0,7.0
627670,73.0,81.0
627690,10830.0,13958.0
627890,48.0,58.0
628050,415.0,487.0
628060,495.0,599.0
628070,3028.0,3265.0
628100,30.0,39.0
628150,52.0,69.0
628180,14.0,15.0
628200,484.0,596.0
628350,71.0,93.0
628450,8.0,9.0
628460,79.0,83.0
628530,42.0,55.0
628550,82.0,96.0
628660,129.0,159.0
628680,189.0,233.0
628730,1074.0,1268.0
628740,431.0,447.0
628750,752.0,874.0
628770,1165.0,1396.0
628800,197.0,218.0
628830,31.0,32.0
628920,165.0,190.0
628940,4.0,4.0
628960,44.0,48.0
629000,513.0,577.0
629040,27.0,34.0
629080,8.0,9.0
629090,524.0,653.0
629100,19.0,19.0
629110,39.0,40.0
629220,901.0,1138.0
629230,60.0,70.0
629240,19.0,24.0
629260,1.0,1.0
629340,15.0,16.0
629410,31.0,35.0
629420,38.0,43.0
629430,69.0,72.0
629440,273.0,285.0
629510,1.0,1.0
629520,72337.0,75258.0
629540,133.0,168.0
629550,12.0,15.0
629650,805.0,832.0
629690,793.0,924.0
629730,51733.0,53448.0
629760,89554.0,111385.0
629770,597.0,688.0
629780,10.0,13.0
629820,13982.0,15776.0
629860,63.0,71.0
629960,248.0,325.0
629970,20.0,21.0
630020,33.0,41.0
630030,255.0,331.0
630060,1139.0,1200.0
630070,15.0,19.0
630080,17.0,19.0
630140,178.0,232.0
630240,5.0,6.0
630260,8.0,8.0
630280,10.0,12.0
630310,582.0,753.0
630390,7.0,9.0
630460,38.0,40.0
630470,13.0,17.0
630550,149.0,180.0
630610,604.0,671.0
630640,163.0,170.0
630720,505.0,644.0
630830,89.0,95.0
630870,55.0,59.0
630880,7.0,7.0
630900,413.0,447.0
631120,6.0,7.0
631260,10.0,12.0
631490,24.0,28.0
631510,11592.0,12606.0
631570,1642.0,1752.0
631810,22.0,25.0
631890,12.0,12.0
631900,199.0,212.0
632000,669.0,791.0
632040,11.0,11.0
632070,657.0,841.0
632080,14.0,16.0
632130,2.0,2.0
632200,128.0,155.0
632240,2.0,2.0
632250,52.0,59.0
632300,6896.0,8163.0
632350,4042.0,4631.0
632360,276038.0,295994.0
632470,94407.0,101284.0
632590,35.0,37.0
632710,59.0,64.0
632800,171.0,186.0
632810,682.0,710.0
632820,16.0,18.0
632880,52.0,53.0
632900,66.0,84.0
633060,1291.0,1693.0
633150,13.0,13.0
633230,46855.0,55556.0
633430,3.0,3.0
633460,8057.0,9341.0
633600,31.0,33.0
633660,14.0,17.0
633930,30.0,30.0
634060,14.0,16.0
634160,2442.0,2549.0
634180,66.0,85.0
634200,26.0,32.0
634340,343.0,383.0
634410,266.0,277.0
635260,75857.0,79546.0
635310,223.0,259.0
635320,3754.0,4330.0
635410,63.0,83.0
635790,43.0,49.0
635850,139.0,156.0
635930,3.0,3.0
635940,817.0,831.0
635980,6.0,6.0
636100,1067.0,1183.0
636150,1537.0,1828.0
636220,19.0,19.0
636390,102.0,112.0
636450,1033.0,1124.0
636460,37.0,49.0
636480,67530.0,69700.0
636910,10.0,11.0
636950,16.0,21.0
636960,279.0,315.0
636970,773.0,961.0
637060,176.0,224.0
637090,25598.0,30624.0
637110,3.0,3.0
637120,16.0,18.0
637650,42533.0,51283.0
637850,4344.0,4652.0
637870,5.0,6.0
637880,153.0,167.0
637960,71.0,84.0
638000,713.0,820.0
638060,9.0,11.0
638110,1501.0,1702.0
638130,108.0,126.0
638200,413.0,504.0
638230,30563.0,32370.0
638250,3.0,3.0
638470,10.0,12.0
638490,1612.0,1700.0
638500,2.0,2.0
638510,1908.0,1992.0
638650,1577.0,2018.0
638900,5.0,5.0
638930,128.0,141.0
638970,66271.0,69337.0
638990,1302.0,1627.0
639130,353.0,397.0
639170,1414.0,1545.0
639220,39.0,49.0
639270,293.0,311.0
639320,6.0,7.0
639370,8.0,8.0
639490,1085.0,1131.0
639560,59.0,73.0
639650,733.0,782.0
639720,82.0,101.0
639770,51.0,55.0
639780,2030.0,2166.0
639790,8020.0,8349.0
639960,9.0,11.0
640080,7.0,8.0
640090,130.0,146.0
640120,561.0,642.0
640160,159.0,163.0
640250,6.0,7.0
640290,27.0,28.0
640300,70.0,91.0
640340,178.0,229.0
640380,461.0,493.0
640590,5776.0,6727.0
640700,20.0,26.0
640730,2.0,2.0
640820,25349.0,32505.0
640880,53.0,61.0
640890,918.0,1081.0
640970,104.0,135.0
640990,281.0,339.0
641050,2.0,2.0
641320,15178.0,17920.0
641780,3174.0,3771.0
641860,72.0,80.0
641960,1283.0,1617.0
641980,66.0,79.0
641990,27722.0,30559.0
642020,60.0,60.0
642090,1304.0,1363.0
642560,606.0,660.0
642580,115.0,138.0
642600,18.0,18.0
642610,302.0,379.0
642650,163.0,170.0
642730,50.0,60.0
642770,146.0,157.0
642810,1.0,1.0
642840,13.0,13.0
643200,397.0,527.0
643260,22.0,22.0
643270,5140.0,5427.0
643570,25.0,25.0
643620,152.0,177.0
643810,500.0,586.0
643830,52.0,61.0
643870,560.0,597.0
643880,752.0,846.0
643900,123.0,134.0
643940,15.0,18.0
643960,401.0,479.0
644080,87.0,106.0
644150,14.0,18.0
644200,464.0,521.0
644370,36.0,45.0
644390,1414.0,1507.0
644400,5.0,5.0
644540,502.0,575.0
644550,260.0,289.0
644560,82565.0,85543.0
644580,29.0,32.0
644710,138.0,163.0
644730,1.0,1.0
644740,1.0,1.0
644830,6134.0,7988.0
644840,1.0,1.0
644870,9.0,10.0
644930,40052.0,47025.0
644940,1.0,1.0
645090,2634.0,2810.0
645240,7.0,7.0
645320,221.0,270.0
645380,39.0,46.0
645420,39.0,47.0
645460,65.0,86.0
645630,45743.0,50152.0
645690,368.0,420.0
645720,121.0,145.0
645730,691.0,861.0
645750,31.0,33.0
645790,850.0,1069.0
645820,134.0,161.0
645920,73.0,90.0
645950,1.0,1.0
646150,3.0,3.0
646200,967.0,1200.0
646210,38.0,42.0
646240,793.0,838.0
646270,3071.0,3486.0
646280,25.0,32.0
646330,97.0,99.0
646360,19.0,24.0
646370,26.0,27.0
646460,14.0,15.0
646470,127.0,143.0
646500,1012.0,1160.0
646530,54.0,58.0
646570,163033.0,166614.0
646680,35.0,37.0
646830,9.0,10.0
646910,68018.0,87923.0
647040,162.0,192.0
647080,23.0,24.0
647090,10.0,10.0
647640,33.0,43.0
647670,8.0,10.0
647740,275.0,348.0
647790,1.0,1.0
647810,13.0,15.0
647830,7514.0,8640.0
647840,13.0,16.0
647850,5.0,5.0
647900,5.0,5.0
647910,8.0,9.0
647930,6.0,7.0
647950,2.0,2.0
647960,5215.0,5385.0
647990,20.0,23.0
648050,141.0,155.0
648100,6118.0,6347.0
648150,1.0,1.0
648190,8.0,9.0
648350,46237.0,53075.0
648390,5961.0,6354.0
648410,2239.0,2567.0
648510,8.0,10.0
648570,15.0,18.0
648580,2022.0,2132.0
648640,24.0,30.0
648670,3.0,3.0
648800,304582.0,325895.0
648880,12.0,12.0
648890,175.0,192.0
649040,1.0,1.0
649090,2.0,2.0
649120,12.0,13.0
649360,23.0,27.0
649500,1.0,1.0
649570,15.0,18.0
649580,224.0,298.0
649600,412.0,530.0
649620,77.0,84.0
649640,393.0,477.0
649820,7.0,9.0
649890,201.0,216.0
649960,29.0,30.0
649990,27.0,29.0
650070,62.0,74.0
650090,122.0,158.0
650220,725.0,857.0
650330,399.0,445.0
650460,22.0,22.0
650570,103.0,111.0
650680,49.0,64.0
650700,7229.0,7681.0
650710,4.0,4.0
650750,63.0,76.0
650760,2106.0,2656.0
650780,337.0,373.0
650940,320.0,371.0
651280,80.0,88.0
651340,145.0,193.0
651360,12.0,12.0
651380,241.0,258.0
651470,201.0,238.0
651500,769.0,831.0
651610,1.0,1.0
651640,13.0,15.0
651660,630.0,800.0
651670,2248.0,2681.0
651690,4.0,5.0
651990,1.0,1.0
652000,7.0,8.0
652050,25.0,28.0
652120,4.0,5.0
652130,9.0,10.0
652150,159.0,170.0
652160,1.0,1.0
652190,393.0,483.0
652200,4.0,4.0
652250,3.0,3.0
652270,11.0,12.0
652310,1.0,1.0
652340,57.0,61.0
652410,380.0,399.0
652460,5.0,6.0
652510,14.0,15.0
652530,9.0,10.0
652570,66.0,71.0
652610,6.0,7.0
652700,24.0,27.0
652750,46.0,56.0
652760,12.0,14.0
652770,37.0,41.0
652780,22.0,27.0
652800,23.0,24.0
652810,198.0,218.0
652880,29.0,30.0
652890,28.0,32.0
652910,20.0,26.0
652950,108.0,111.0
652980,7489.0,8627.0
653020,5.0,5.0
653080,16.0,21.0
653100,1.0,1.0
653220,206.0,252.0
653530,25674.0,26518.0
653770,2.0,2.0
653780,15.0,17.0
653920,3.0,3.0
653930,907.0,985.0
653950,557.0,587.0
653960,3.0,3.0
653970,9.0,10.0
654000,5.0,5.0
654010,9.0,9.0
654020,36.0,42.0
654050,651.0,752.0
654080,17.0,19.0
654100,68.0,73.0
654220,135.0,165.0
654260,557.0,654.0
654400,32.0,35.0
654430,43.0,45.0
654440,194.0,219.0
654450,20.0,24.0
654500,90.0,100.0
654520,16.0,16.0
654550,262.0,286.0
654580,28.0,28.0
654600,24.0,27.0
654630,4.0,5.0
654670,13.0,14.0
654770,55.0,61.0
654800,18.0,20.0
654810,29.0,30.0
654880,5397.0,5887.0
654890,1593.0,2082.0
654900,993.0,1087.0
654910,71.0,79.0
655030,19.0,25.0
655080,160.0,192.0
655100,795.0,911.0
655200,4.0,4.0
655280,26.0,32.0
655350,46.0,46.0
655370,65.0,74.0
655380,59.0,77.0
655420,13.0,16.0
655480,282.0,293.0
655490,7.0,7.0
655500,21307.0,22682.0
655620,24.0,31.0
655660,9.0,11.0
655730,462.0,551.0
655740,278.0,336.0
655770,397.0,413.0
655910,80.0,84.0
656020,19.0,23.0
656040,45.0,51.0
656100,9.0,11.0
656120,98.0,105.0
656190,11.0,13.0
656260,7.0,9.0
656320,7.0,9.0
656330,13.0,16.0
656350,8109.0,8847.0
656380,8.0,8.0
656550,105.0,110.0
656570,99.0,111.0
656590,92.0,118.0
656630,11.0,13.0
656660,12.0,12.0
656690,7.0,9.0
656740,83.0,95.0
656770,15.0,15.0
656880,190.0,243.0
656970,554.0,608.0
657000,257.0,286.0
657010,142.0,177.0
657020,4.0,4.0
657040,179.0,213.0
657050,209.0,252.0
657060,8.0,9.0
657070,53.0,68.0
657120,40.0,48.0
657200,30582.0,36402.0
657240,1285.0,1364.0
657260,38.0,47.0
657280,268.0,313.0
657290,60.0,70.0
657300,19.0,22.0
657440,66.0,83.0
657550,6.0,7.0
657630,550.0,669.0
657690,451.0,480.0
658050,51.0,54.0
658140,39.0,45.0
658150,158.0,164.0
658160,231.0,289.0
658230,33.0,41.0
658260,1081.0,1346.0
658330,18.0,20.0
658400,10.0,12.0
658480,20.0,22.0
658500,85.0,100.0
658530,134.0,141.0
658550,1099.0,1168.0
658560,2081.0,2179.0
658570,981.0,1191.0
658590,275.0,319.0
658600,390.0,483.0
658620,1556.0,1674.0
658690,328.0,375.0
658760,3.0,3.0
658770,7.0,8.0
658780,258.0,287.0
658790,56.0,73.0
658800,13.0,14.0
658810,15.0,17.0
658850,9594.0,10225.0
658870,11.0,11.0
658890,445.0,483.0
658990,105.0,111.0
659040,19.0,20.0
659060,8.0,9.0
659110,53.0,68.0
659170,7.0,7.0
659180,7.0,7.0
659190,660.0,830.0
659220,19.0,25.0
659260,19.0,22.0
659320,4.0,4.0
659480,155.0,198.0
659540,1692.0,1758.0
659560,25.0,33.0
659830,7.0,8.0
659860,22.0,24.0
659890,10.0,10.0
659940,17.0,19.0
660030,12.0,12.0
660040,7.0,7.0
660070,26.0,29.0
660110,4.0,5.0
660160,922.0,1110.0
660760,3.0,3.0
660880,3776.0,4135.0
660970,1.0,1.0
660980,7.0,7.0
661000,230.0,303.0
661030,15.0,16.0
661050,8.0,10.0
661070,2.0,2.0
661100,1.0,1.0
661120,41.0,49.0
661130,1899.0,2328.0
661200,19.0,20.0
661220,19.0,21.0
661230,87.0,98.0
661270,4.0,4.0
661280,90.0,112.0
661290,507.0,658.0
661340,3.0,3.0
661360,8.0,8.0
661430,473.0,508.0
661450,35.0,44.0
661480,23.0,25.0
661500,23.0,29.0
661550,2.0,2.0
661680,155.0,174.0
661790,1959.0,2224.0
661820,34.0,34.0
661940,326.0,395.0
661990,299.0,352.0
662170,4.0,4.0
662190,179.0,195.0
662210,235.0,247.0
662260,14.0,15.0
662390,2.0,2.0
662410,16.0,16.0
662540,136.0,158.0
662550,5.0,6.0
662620,31.0,33.0
662680,62.0,81.0
662690,4.0,5.0
662780,16.0,19.0
662840,48.0,63.0
662870,12.0,15.0
662920,33.0,39.0
662930,62.0,63.0
662940,1.0,1.0
662990,51.0,64.0
663130,67.0,87.0
663210,147.0,163.0
663240,315.0,391.0
663370,82.0,85.0
663590,24.0,28.0
663600,2.0,2.0
663690,53.0,66.0
663760,18.0,20.0
664000,298.0,369.0
664060,8.0,10.0
664090,260.0,320.0
664110,1.0,1.0
664140,10.0,11.0
664160,6.0,6.0
664180,856.0,876.0
664190,8.0,9.0
664210,10.0,11.0
664240,8.0,8.0
664250,15.0,19.0
664440,5.0,5.0
664450,59.0,67.0
664460,25.0,26.0
664530,38.0,48.0
664610,107.0,135.0
664660,2.0,2.0
664750,455.0,484.0
664820,7.0,7.0
664830,2720.0,3059.0
664850,64.0,76.0
665030,52.0,68.0
665090,1441.0,1886.0
665120,140.0,175.0
665160,1.0,1.0
665270,332.0,344.0
665300,1951.0,2043.0
665310,20.0,26.0
665330,355.0,405.0
665340,19.0,21.0
665350,8.0,8.0
665370,1602.0,1714.0
665410,1.0,1.0
665440,30.0,38.0
665490,1657.0,1887.0
665550,10.0,12.0
665590,39.0,51.0
665620,20.0,25.0
665630,2.0,2.0
665640,13.0,17.0
665650,19.0,22.0
665780,1.0,1.0
665790,7.0,7.0
665840,19.0,20.0
665900,1.0,1.0
665920,59.0,70.0
665930,16.0,20.0
666010,30.0,33.0
666020,782.0,887.0
666050,45.0,51.0
666100,203.0,224.0
666140,39157.0,42661.0
666150,2479.0,2937.0
666170,1.0,1.0
666180,8.0,9.0
666220,8667.0,9623.0
666330,570.0,676.0
666340,31.0,34.0
666570,850.0,1029.0
666590,6.0,6.0
666600,13.0,15.0
666610,394.0,407.0
666630,18.0,20.0
666780,2.0,2.0
666790,2.0,2.0
666810,11.0,11.0
666820,313.0,351.0
666850,4.0,5.0
666860,2478.0,3080.0
666910,6.0,7.0
666940,171.0,226.0
666970,28.0,30.0
667000,9.0,11.0
667010,26.0,28.0
667040,75.0,80.0
667110,11.0,14.0
667160,21.0,26.0
667220,25.0,32.0
667240,14.0,15.0
667270,14.0,18.0
667400,1.0,1.0
667530,13939.0,15928.0
667550,22.0,27.0
667600,2127.0,2283.0
667660,6.0,6.0
667690,17.0,18.0
667720,3118.0,3889.0
667760,35.0,35.0
667770,17.0,21.0
667780,24.0,25.0
667790,30.0,37.0
667800,49.0,56.0
667820,95.0,109.0
667870,2539.0,2991.0
667890,3496.0,4659.0
667970,17178.0,17517.0
668010,14.0,16.0
668020,4.0,5.0
668200,9.0,11.0
668210,1727.0,1872.0
668230,28.0,28.0
668280,18.0,21.0
668320,239.0,314.0
668350,609.0,616.0
668360,91.0,104.0
668430,219.0,242.0
668510,6.0,6.0
668550,1040.0,1332.0
668570,3.0,3.0
668580,27286.0,32942.0
668590,491.0,570.0
668630,22712.0,27674.0
668650,22.0,23.0
668660,39.0,48.0
668680,163.0,217.0
668780,19.0,23.0
668790,14.0,17.0
668800,5.0,5.0
668850,11.0,14.0
668960,11.0,11.0
668970,10.0,12.0
668980,204.0,229.0
669040,5.0,5.0
669050,219.0,249.0
669310,9.0,10.0
669330,8938.0,10536.0
669340,16.0,18.0
669380,79.0,86.0
669390,31.0,38.0
669410,10.0,10.0
669440,31.0,40.0
669580,402.0,510.0
669630,124.0,155.0
669690,1.0,1.0
669710,40.0,45.0
669740,8.0,9.0
669760,1.0,1.0
669790,1.0,1.0
669830,21.0,27.0
669910,67.0,71.0
669950,989.0,1128.0
669990,2.0,2.0
670130,11.0,14.0
670140,8.0,9.0
670160,966.0,1014.0
670180,23.0,28.0
670210,3.0,3.0
670230,3.0,3.0
670280,12.0,15.0
670290,11067.0,14390.0
670400,12.0,14.0
670510,29.0,30.0
670610,72.0,74.0
670630,17.0,20.0
670720,36.0,38.0
670750,285.0,328.0
670850,16.0,20.0
670930,135.0,168.0
670950,20.0,25.0
671050,7.0,9.0
671090,192.0,225.0
671100,35.0,39.0
671120,7.0,8.0
671150,8.0,8.0
671170,106.0,126.0
671190,122.0,129.0
671210,188.0,214.0
671230,4.0,5.0
671330,20.0,20.0
671370,2.0,2.0
671390,369.0,466.0
671470,5.0,5.0
671540,5.0,6.0
671550,96.0,99.0
671560,12.0,12.0
671610,1938.0,2172.0
671620,1009.0,1163.0
671640,95.0,107.0
671650,96.0,117.0
671700,348.0,364.0
671720,570.0,646.0
671740,35.0,45.0
671750,2.0,2.0
671800,990.0,1226.0
671840,13.0,16.0
671860,120265.0,137077.0
671880,6.0,7.0
671910,1.0,1.0
671980,87.0,111.0
671990,6.0,7.0
672000,81.0,90.0
672010,2.0,2.0
672020,44.0,49.0
672080,4.0,4.0
672100,8.0,8.0
672150,128.0,146.0
672280,7.0,8.0
672300,2.0,2.0
672410,3.0,3.0
672490,13.0,15.0
672560,1.0,1.0
672630,2383.0,2783.0
672640,618.0,776.0
672650,60.0,69.0
672690,13.0,16.0
672710,108.0,143.0
672730,378.0,403.0
672790,37.0,44.0
672870,925.0,1140.0
672910,15.0,18.0
672920,17.0,19.0
672970,35.0,45.0
673000,1246.0,1438.0
673040,2.0,2.0
673060,97.0,107.0
673070,292.0,365.0
673130,6442.0,6849.0
673230,7.0,7.0
673250,2.0,2.0
673260,766.0,940.0
673280,9.0,10.0
673300,137.0,148.0
673360,1.0,1.0
673380,6.0,7.0
673540,5.0,6.0
673550,3.0,3.0
673560,2234.0,2728.0
673600,273.0,312.0
673610,6182.0,7356.0
673620,50.0,61.0
673710,1.0,1.0
673740,57.0,69.0
673750,7588.0,8703.0
673800,1116.0,1309.0
673810,3.0,3.0
673850,210.0,246.0
673870,5.0,6.0
673880,11781.0,12840.0
673910,69.0,72.0
673920,3.0,3.0
673950,20213.0,21457.0
673970,10.0,11.0
673980,45.0,46.0
674130,75.0,88.0
674140,5914.0,6083.0
674190,87.0,90.0
674210,31.0,38.0
674250,23.0,28.0
674310,93.0,103.0
674320,1.0,1.0
674330,37.0,39.0
674440,44.0,49.0
674450,9.0,11.0
674480,34.0,44.0
674500,6047.0,7682.0
674520,2544.0,2784.0
674580,131.0,141.0
674750,2450.0,2899.0
674800,25.0,32.0
674850,137.0,149.0
674910,9.0,10.0
674930,2152.0,2347.0
674940,112339.0,120001.0
674960,95.0,116.0
675010,31424.0,34600.0
675030,40.0,47.0
675110,8.0,10.0
675120,7.0,8.0
675140,8.0,9.0
675160,4.0,5.0
675240,313.0,331.0
675250,2.0,2.0
675260,7886.0,8588.0
675270,17.0,20.0
675490,44.0,52.0
675500,48.0,61.0
675610,97.0,105.0
675650,1.0,1.0
675810,85.0,111.0
675870,13.0,16.0
675890,27.0,32.0
675910,12.0,15.0
675940,204.0,257.0
675970,20.0,21.0
675980,3.0,3.0
676030,64.0,67.0
676070,28.0,35.0
676090,340.0,450.0
676130,80.0,83.0
676140,1.0,1.0
676170,2.0,2.0
676180,29.0,29.0
676240,55.0,60.0
676410,7.0,9.0
676420,484.0,510.0
676430,574.0,657.0
676440,123.0,148.0
676470,31.0,37.0
676500,443.0,525.0
676510,76.0,81.0
676520,2.0,2.0
676580,14.0,14.0
676620,15.0,18.0
676630,389.0,419.0
676680,5.0,6.0
676700,30.0,36.0
676770,421.0,497.0
676800,17.0,21.0
676820,1739.0,1842.0
676830,51.0,58.0
676910,25.0,31.0
676930,30.0,33.0
676960,17.0,20.0
677020,232.0,273.0
677030,24.0,28.0
677080,9.0,9.0
677120,7818.0,8914.0
677160,7209.0,8933.0
677190,14.0,15.0
677240,16.0,20.0
677260,20.0,21.0
677280,123.0,141.0
677300,52.0,58.0
677330,57.0,68.0
677340,953.0,1111.0
677380,55.0,60.0
677520,27.0,33.0
677620,102215.0,111657.0
677700,4.0,4.0
677720,56.0,66.0
677780,4.0,4.0
677790,125.0,136.0
677850,28.0,35.0
677910,40.0,43.0
678010,9.0,11.0
678090,62.0,74.0
678100,6.0,7.0
678150,10.0,12.0
678290,21.0,26.0
678310,167.0,174.0
678400,10.0,11.0
678410,6.0,7.0
678420,3.0,3.0
678430,2.0,2.0
678440,24.0,24.0
678460,6.0,6.0
678520,403.0,485.0
678530,10.0,10.0
678540,20.0,25.0
678560,372.0,469.0
678620,9.0,10.0
678720,7.0,7.0
678800,7471.0,8659.0
678830,10.0,13.0
678850,90.0,111.0
678870,21.0,21.0
678880,2.0,2.0
678910,1.0,1.0
678920,14.0,16.0
678930,2.0,2.0
678940,33.0,35.0
678950,64536.0,71421.0
678960,46863.0,55280.0
678970,231.0,255.0
679030,9.0,10.0
679090,24.0,28.0
679100,1.0,1.0
679120,84.0,109.0
679230,27.0,28.0
679300,33.0,39.0
679400,140.0,175.0
679410,11.0,11.0
679490,248.0,291.0
679500,50.0,51.0
679520,92.0,96.0
679550,9.0,10.0
679560,21.0,22.0
679570,10.0,12.0
679660,215.0,265.0
679720,2.0,2.0
679750,311.0,348.0
679770,67.0,73.0
679830,16.0,20.0
679900,4534.0,4858.0
680190,6.0,6.0
680240,1.0,1.0
680250,1.0,1.0
680350,14.0,17.0
680360,3886.0,4477.0
680380,483.0,642.0
680390,71.0,80.0
680400,30.0,32.0
680480,328.0,381.0
680590,315.0,329.0
680620,58.0,68.0
680700,143.0,150.0
680730,26.0,31.0
680750,82.0,105.0
680850,1.0,1.0
680890,6.0,6.0
680980,676.0,873.0
681060,60.0,70.0
681100,40.0,51.0
681110,174.0,217.0
681190,10.0,11.0
681240,253.0,277.0
681280,16617.0,17632.0
681330,227.0,290.0
681340,20.0,22.0
681350,7.0,9.0
681380,4.0,4.0
681390,701.0,825.0
681410,33.0,36.0
681460,22.0,27.0
681530,99.0,105.0
681540,4.0,5.0
681640,81.0,93.0
681740,2.0,2.0
681790,21.0,22.0
681800,26.0,28.0
681990,16.0,16.0
682080,98.0,128.0
682130,2172.0,2479.0
682140,263.0,336.0
682160,7.0,9.0
682170,51.0,63.0
682230,33.0,34.0
682250,6.0,6.0
682280,3.0,3.0
682340,1.0,1.0
682450,203.0,242.0
682470,54.0,62.0
682480,387.0,451.0
682530,665.0,848.0
682670,28.0,33.0
682780,134.0,152.0
682810,26.0,33.0
682920,11.0,14.0
682990,17296.0,19759.0
683070,2.0,2.0
683260,26.0,34.0
683280,119.0,158.0
683310,20.0,25.0
683320,73684.0,76341.0
683340,4.0,4.0
683430,6.0,6.0
683490,1.0,1.0
683620,5.0,5.0
683630,6.0,6.0
683670,41.0,49.0
683760,29.0,35.0
683770,54.0,70.0
683830,311.0,406.0
683870,21.0,25.0
683880,14.0,14.0
683890,20.0,23.0
683900,2121.0,2339.0
683940,318.0,378.0
684000,124.0,127.0
684050,350.0,429.0
684060,21.0,24.0
684210,174.0,216.0
684230,20.0,23.0
684260,6.0,6.0
684270,230.0,262.0
684320,22.0,23.0
684330,5.0,5.0
684350,5.0,5.0
684410,5698.0,6214.0
684430,20.0,21.0
684530,78.0,80.0
684570,4.0,5.0
684590,16.0,18.0
684680,1293.0,1620.0
684690,65.0,67.0
684800,3.0,3.0
684840,12.0,13.0
684940,18.0,21.0
684980,8.0,9.0
685050,17.0,22.0
685110,16.0,18.0
685120,5.0,5.0
685130,6.0,7.0
685200,49.0,63.0
685240,504.0,551.0
685300,56.0,66.0
685310,344.0,428.0
685320,2.0,2.0
685340,794.0,980.0
685380,2.0,2.0
685400,263.0,278.0
685570,3.0,3.0
685670,644.0,725.0
685680,353.0,426.0
685690,376.0,421.0
685700,1.0,1.0
685760,6.0,7.0
685800,10.0,11.0
685910,12.0,14.0
685920,6.0,7.0
686000,1.0,1.0
686010,26.0,28.0
686030,14.0,17.0
686080,1.0,1.0
686110,54.0,69.0
686200,9276.0,9776.0
686270,6.0,7.0
686340,147.0,176.0
686440,253.0,286.0
686450,25.0,28.0
686510,13.0,13.0
686520,45.0,53.0
686580,4.0,4.0
686630,3.0,3.0
686680,802.0,945.0
686720,191.0,244.0
686760,120.0,139.0
686770,166.0,174.0
686870,29.0,38.0
686900,266.0,343.0
686940,9.0,11.0
686950,20.0,25.0
687260,1096.0,1287.0
687310,18.0,23.0
687360,15.0,16.0
687420,1.0,1.0
687540,261.0,304.0
687590,270.0,284.0
687610,5.0,6.0
687720,12.0,15.0
687800,668.0,766.0
687830,247.0,260.0
687850,616.0,776.0
687860,5.0,5.0
687890,20.0,26.0
687920,586.0,728.0
687980,384.0,406.0
688050,1.0,1.0
688060,793.0,912.0
688070,42.0,44.0
688120,10.0,12.0
688130,4976.0,5940.0
688170,4.0,4.0
688180,1.0,1.0
688210,3.0,3.0
688380,50.0,56.0
688420,10212.0,10976.0
688680,22.0,29.0
688720,7.0,7.0
688740,300.0,381.0
688770,92.0,106.0
688780,2.0,2.0
688790,4.0,4.0
688900,2.0,2.0
688930,19.0,23.0
689000,14.0,17.0
689040,20.0,24.0
689070,218.0,245.0
689090,715.0,829.0
689120,3.0,3.0
689170,13.0,15.0
689210,2.0,2.0
689290,23.0,24.0
689300,5.0,5.0
689340,8.0,10.0
689400,145.0,168.0
689470,18.0,19.0
689580,618.0,679.0
689600,1.0,1.0
689680,7.0,8.0
689700,118.0,147.0
689710,97.0,100.0
689880,4.0,4.0
689900,538.0,577.0
689910,807.0,887.0
690040,9816.0,11609.0
690120,188.0,220.0
690130,20.0,25.0
690150,59.0,70.0
690200,71.0,84.0
690350,59.0,77.0
690400,44.0,49.0
690410,2.0,2.0
690420,209.0,216.0
690440,2.0,2.0
690530,6369.0,8454.0
690550,17.0,19.0
690560,133.0,151.0
690570,10.0,11.0
690620,105.0,131.0
690630,27.0,30.0
690640,11352.0,12699.0
690690,8.0,10.0
690710,24.0,28.0
690790,35500.0,40377.0
690830,12921.0,14774.0
690850,13.0,16.0
690930,636.0,710.0
690950,4.0,4.0
691150,257.0,280.0
691160,443.0,482.0
691240,29.0,33.0
691260,2072.0,2491.0
691290,1.0,1.0
691320,522.0,653.0
691430,33.0,35.0
691450,2038.0,2133.0
691620,8.0,9.0
691720,12.0,14.0
691770,654.0,730.0
691830,247.0,294.0
691890,14.0,16.0
691910,8.0,9.0
691930,80.0,87.0
691990,1.0,1.0
692100,662.0,809.0
692110,16.0,19.0
692190,7.0,8.0
692310,7.0,9.0
692360,68.0,89.0
692610,2.0,2.0
692660,4.0,5.0
692680,6.0,6.0
692690,151.0,185.0
692710,14.0,16.0
692850,35994.0,38351.0
692890,18120.0,18970.0
692930,121.0,154.0
692950,30.0,33.0
693030,17.0,17.0
693150,1.0,1.0
693320,2.0,2.0
693330,9.0,10.0
693380,5.0,6.0
693450,16.0,16.0
693650,12.0,12.0
693700,182.0,202.0
693940,59.0,70.0
693950,28.0,28.0
693990,15.0,18.0
694060,197.0,215.0
694280,7136.0,8310.0
694370,108.0,120.0
694500,967.0,1089.0
694520,11.0,13.0
694550,17.0,18.0
694660,6.0,7.0
694670,7.0,8.0
694760,11.0,12.0
694770,815.0,946.0
694930,18.0,22.0
694950,37.0,43.0
694960,4.0,5.0
694980,77.0,101.0
694990,20.0,22.0
695050,249.0,325.0
695100,350.0,461.0
695110,117.0,126.0
695290,1824.0,2416.0
695320,9.0,9.0
695330,1622.0,1741.0
695420,7.0,7.0
695450,28.0,37.0
695560,1.0,1.0
695570,30.0,30.0
695600,175.0,231.0
695660,27.0,31.0
695830,25.0,30.0
695920,1434.0,1726.0
695950,4.0,4.0
695960,18.0,21.0
695970,164.0,184.0
695980,10.0,12.0
695990,3.0,3.0
696000,8.0,10.0
696010,10.0,10.0
696020,5.0,5.0
696040,12.0,14.0
696050,1.0,1.0
696060,43.0,52.0
696140,416.0,460.0
696150,83.0,100.0
696170,3255.0,4043.0
696220,874.0,1154.0
696280,17.0,22.0
696410,11.0,14.0
696480,1017.0,1160.0
696490,46.0,59.0
696560,186.0,205.0
696590,158.0,199.0
696630,4.0,4.0
696710,21.0,27.0
696760,22.0,25.0
696860,5.0,6.0
696880,10.0,12.0
697430,20.0,21.0
697550,1036.0,1225.0
697610,343.0,412.0
697650,330.0,359.0
697660,35.0,40.0
697670,12.0,14.0
697680,5.0,5.0
697710,13.0,14.0
697800,33.0,40.0
697860,126.0,143.0
697890,1.0,1.0
697900,137.0,168.0
697910,14.0,14.0
697950,19.0,23.0
697970,23.0,29.0
698050,147.0,180.0
698260,325.0,420.0
698370,159.0,199.0
698450,41.0,46.0
698520,16.0,20.0
698540,925.0,1024.0
698570,4.0,5.0
698590,37.0,45.0
698620,22.0,29.0
698650,12.0,12.0
698670,10834.0,14164.0
698700,438.0,495.0
698770,48.0,53.0
698780,196372.0,203531.0
698870,621.0,794.0
698880,9.0,11.0
698910,28.0,35.0
698960,1.0,1.0
699080,116.0,138.0
699130,18229.0,21793.0
699150,115.0,125.0
699170,5095.0,5759.0
699180,641.0,686.0
699230,12.0,12.0
699330,627.0,793.0
699390,41.0,46.0
699410,14.0,16.0
699510,8.0,10.0
699540,103.0,115.0
699600,180.0,196.0
699700,164.0,213.0
699720,25.0,30.0
699780,203.0,223.0
699830,6.0,7.0
699850,13.0,15.0
699920,2779.0,3555.0
699930,2.0,2.0
699940,58.0,71.0
700100,344.0,394.0
700140,7.0,7.0
700150,1.0,1.0
700160,317.0,368.0
700170,117.0,140.0
700240,101.0,125.0
700330,184385.0,201389.0
700360,17.0,22.0
700400,8.0,9.0
700450,4.0,4.0
700480,135.0,170.0
700490,8.0,9.0
700510,10.0,11.0
700520,65.0,71.0
700620,37.0,48.0
700650,8.0,10.0
700730,8.0,8.0
700880,5.0,6.0
700910,3.0,3.0
700920,53.0,62.0
701010,10.0,12.0
701040,55.0,56.0
701080,27.0,33.0
701100,57.0,75.0
701160,26081.0,28724.0
701290,39.0,49.0
701380,271.0,282.0
701420,119.0,130.0
701440,53.0,59.0
701470,215.0,245.0
701650,2.0,2.0
701730,164.0,201.0
701810,32.0,34.0
701820,2.0,2.0
701860,53.0,60.0
701870,270.0,293.0
701880,1.0,1.0
701890,3.0,3.0
701900,103.0,114.0
701910,26.0,29.0
701930,899.0,936.0
701940,7.0,7.0
701970,19.0,21.0
702030,31.0,37.0
702050,5469.0,5950.0
702110,296.0,322.0
702120,1048.0,1320.0
702140,1.0,1.0
702160,46.0,58.0
702300,6.0,6.0
702310,7.0,9.0
702360,4.0,4.0
702600,51.0,56.0
702670,8893.0,9707.0
702680,412.0,489.0
702790,15.0,18.0
702810,1294.0,1414.0
702820,3.0,3.0
702890,3495.0,4369.0
702900,2.0,2.0
702940,10.0,12.0
703000,5.0,5.0
703050,11.0,13.0
703080,75151.0,82619.0
703180,319.0,416.0
703250,6.0,7.0
703310,113.0,149.0
703320,765.0,802.0
703490,11.0,12.0
703500,67.0,74.0
703510,387.0,496.0
703620,115.0,145.0
703630,75.0,78.0
703680,1.0,1.0
703700,3684.0,4625.0
703720,15.0,17.0
703730,79.0,84.0
703800,4.0,4.0
703840,433.0,543.0
703910,6.0,6.0
703940,339.0,440.0
703960,3.0,3.0
703980,154.0,176.0
704000,144.0,177.0
704200,148.0,161.0
704230,315.0,415.0
704360,227.0,267.0
704430,4.0,5.0
704450,7230.0,8034.0
704470,145.0,153.0
704510,225.0,267.0
704640,244.0,284.0
704660,1.0,1.0
704680,40.0,52.0
704760,19.0,22.0
704840,169.0,186.0
704850,28587.0,32421.0
704860,269.0,324.0
704910,142.0,159.0
704920,1226.0,1298.0
704950,47.0,61.0
704970,1.0,1.0
704990,8.0,10.0
705020,47.0,55.0
705100,68.0,82.0
705120,2907.0,3228.0
705130,1.0,1.0
705210,1573.0,1737.0
705240,47.0,54.0
705280,458.0,545.0
705290,285.0,341.0
705340,207.0,218.0
705380,20.0,23.0
705450,89.0,98.0
705500,49.0,52.0
705530,7.0,8.0
705550,40.0,48.0
705610,59.0,77.0
705620,38.0,48.0
705670,70.0,85.0
705750,79.0,90.0
705770,28.0,29.0
705780,6.0,7.0
705810,176.0,233.0
705860,20.0,26.0
705870,57.0,65.0
706130,160.0,183.0
706270,3.0,3.0
706280,22.0,27.0
706310,6.0,6.0
706370,10.0,11.0
706390,13.0,15.0
706510,24.0,24.0
706560,471.0,501.0
706710,25.0,28.0
706850,52.0,53.0
706880,20.0,26.0
706920,34.0,38.0
706960,42.0,53.0
707340,12.0,14.0
707560,4.0,5.0
707580,141.0,180.0
707710,39.0,48.0
707950,5.0,5.0
708100,51.0,67.0
708140,2.0,2.0
708150,90.0,98.0
708260,44.0,50.0
708280,2.0,2.0
708340,486.0,548.0
708590,2.0,2.0
708640,43.0,52.0
708680,119.0,132.0
708720,1607.0,2030.0
708780,13.0,13.0
708820,58.0,76.0
708850,49.0,61.0
708870,7.0,7.0
708890,37.0,48.0
708910,1.0,1.0
708920,62.0,75.0
708950,51.0,57.0
708970,30.0,36.0
709080,21.0,23.0
709290,2.0,2.0
709350,5.0,6.0
709370,1.0,1.0
709400,3.0,3.0
709450,112.0,123.0
709510,50.0,53.0
709520,3.0,3.0
709620,25.0,33.0
709670,50.0,56.0
709920,1099.0,1131.0
710030,336.0,375.0
710170,186.0,211.0
710190,82.0,100.0
710280,1.0,1.0
710310,3.0,3.0
710360,11.0,14.0
710470,1035.0,1332.0
710480,12.0,15.0
710550,10.0,12.0
710600,217.0,253.0
710620,6.0,6.0
710630,9.0,9.0
710690,16.0,19.0
710710,313.0,316.0
710780,244.0,319.0
710820,16.0,20.0
710920,9852.0,11929.0
710940,3.0,3.0
710950,42.0,49.0
710960,3.0,3.0
711130,61.0,67.0
711210,73.0,92.0
711230,15.0,18.0
711260,2.0,2.0
711300,7.0,7.0
711430,53.0,62.0
711480,8.0,10.0
711500,4.0,4.0
711540,2334.0,2561.0
711550,9.0,9.0
711600,1.0,1.0
711660,3023.0,3602.0
711690,48.0,52.0
711700,8.0,9.0
711750,796.0,951.0
711810,3298.0,4309.0
711820,5.0,5.0
711840,18.0,19.0
711890,19.0,19.0
711920,30.0,33.0
711980,880.0,1030.0
712010,102.0,130.0
712060,34.0,38.0
712210,10.0,11.0
712240,21.0,24.0
712260,21.0,23.0
712390,70.0,86.0
712610,15.0,16.0
712620,3.0,3.0
712700,7.0,8.0
712730,3736.0,4104.0
712760,6.0,6.0
712770,60.0,74.0
712870,59.0,75.0
712890,5.0,6.0
712970,26.0,30.0
713010,17.0,22.0
713030,40.0,48.0
713070,5.0,6.0
713090,13.0,13.0
713160,129.0,143.0
713180,49.0,57.0
713220,16.0,21.0
713260,152.0,163.0
713310,20.0,21.0
713320,41.0,49.0
713340,1.0,1.0
713430,22.0,25.0
713450,11.0,12.0
713460,188.0,214.0
713530,404.0,497.0
713540,112.0,129.0
713740,11.0,11.0
713830,1.0,1.0
713980,6.0,6.0
714010,109105.0,117249.0
714060,6.0,6.0
714080,731.0,974.0
714100,142.0,155.0
714120,10094.0,10999.0
714240,83.0,105.0
714280,86.0,89.0
714520,4.0,4.0
714580,90.0,106.0
714590,120.0,131.0
714610,59.0,65.0
714780,44.0,49.0
714800,337.0,354.0
714820,40.0,50.0
714910,1.0,1.0
714980,11.0,14.0
715010,493.0,526.0
715090,34.0,39.0
715100,4.0,4.0
715210,51.0,58.0
715240,10.0,10.0
715270,15.0,18.0
715320,1.0,1.0
715370,87.0,99.0
715430,5.0,5.0
715440,23.0,26.0
715460,29.0,33.0
715510,1476.0,1678.0
715560,4483.0,5018.0
715580,281.0,293.0
715650,205.0,244.0
715670,480.0,580.0
715680,118.0,152.0
715990,12.0,13.0
716000,10.0,12.0
716010,91.0,96.0
716030,63.0,67.0
716040,29.0,37.0
716070,49.0,55.0
716150,22.0,29.0
716190,12.0,15.0
716250,22.0,28.0
716260,248.0,302.0
716330,28.0,37.0
716340,547.0,571.0
716360,6.0,7.0
716370,5.0,6.0
716400,41.0,50.0
716490,1603.0,1691.0
716500,1453.0,1602.0
716560,25.0,27.0
716640,1009.0,1320.0
716650,163.0,167.0
716680,98.0,126.0
716710,1729.0,1898.0
716950,18.0,23.0
717020,13.0,15.0
717060,6.0,7.0
717170,2.0,2.0
717280,1.0,1.0
717310,426.0,549.0
717400,4.0,5.0
717540,9.0,9.0
717560,448.0,596.0
717610,453.0,553.0
717640,1018.0,1223.0
717720,11.0,13.0
717780,31.0,33.0
717830,13.0,14.0
717850,129.0,134.0
717870,50.0,55.0
717980,74.0,83.0
718010,75.0,80.0
718030,23.0,25.0
718040,2.0,2.0
718080,40.0,47.0
718120,19.0,20.0
718180,171.0,212.0
718190,33.0,37.0
718200,164.0,178.0
718250,32.0,33.0
718410,9.0,9.0
718470,1.0,1.0
718500,56.0,74.0
718530,6.0,7.0
718560,3128.0,3497.0
718590,1717.0,2266.0
718670,9279.0,11646.0
718680,12.0,13.0
718710,7.0,7.0
718720,28.0,35.0
718730,69.0,76.0
718850,5013.0,6247.0
718940,173.0,201.0
718960,11.0,13.0
718980,5.0,6.0
719040,16997.0,20107.0
719080,99.0,108.0
719110,20.0,21.0
719130,7.0,9.0
719140,38.0,39.0
719180,59.0,77.0
719210,16.0,17.0
719240,1.0,1.0
719270,9.0,11.0
719280,71.0,84.0
719350,1.0,1.0
719410,72.0,81.0
719520,55.0,65.0
719660,82.0,83.0
719750,1246.0,1418.0
719840,4.0,4.0
719930,33.0,34.0
720020,1.0,1.0
720030,523.0,616.0
720150,176.0,211.0
720250,2584.0,3028.0
720280,3351.0,3919.0
720300,224.0,238.0
720350,1098.0,1167.0
720380,690.0,873.0
720510,8.0,9.0
720560,2796.0,3204.0
720600,4.0,5.0
720620,3975.0,4335.0
720640,8.0,8.0
720660,165.0,173.0
720670,215.0,234.0
720940,76.0,81.0
721090,544.0,721.0
721350,25.0,31.0
721380,10.0,10.0
721390,162.0,168.0
721400,6.0,7.0
721480,5.0,6.0
721510,20.0,24.0
721700,130.0,167.0
721760,26.0,32.0
721960,19.0,22.0
722040,23.0,30.0
722060,2004.0,2121.0
722180,1438.0,1764.0
722330,60.0,62.0
722350,13.0,15.0
722370,7.0,7.0
722580,2.0,2.0
722590,60.0,72.0
722620,37.0,49.0
722730,1622.0,1684.0
722870,224.0,239.0
722890,38.0,43.0
722910,9.0,10.0
722960,2460.0,2971.0
722990,34.0,38.0
723050,1.0,1.0
723070,18.0,23.0
723090,1989.0,2086.0
723110,14.0,18.0
723130,45.0,49.0
723270,504.0,558.0
723350,86.0,105.0
723410,120.0,158.0
723420,34.0,43.0
723600,7.0,7.0
723720,3.0,3.0
723790,449.0,588.0
723820,33.0,36.0
723890,388.0,458.0
723910,1.0,1.0
723920,2.0,2.0
723930,26.0,31.0
723940,6.0,6.0
723950,6.0,6.0
723960,1.0,1.0
724000,155.0,198.0
724010,57.0,69.0
724120,8.0,10.0
724170,4.0,4.0
724180,45.0,49.0
724300,590.0,667.0
724310,4.0,5.0
724350,231.0,277.0
724390,96.0,119.0
724470,144.0,182.0
724600,5.0,5.0
724640,23.0,24.0
724680,100.0,105.0
724690,25.0,31.0
724740,752.0,908.0
724760,7.0,9.0
724870,30.0,38.0
724910,18.0,20.0
724980,24.0,31.0
725020,7.0,9.0
725050,1.0,1.0
725080,43.0,50.0
725100,253.0,316.0
725110,29.0,36.0
725120,98.0,106.0
725130,2.0,2.0
725140,2.0,2.0
725170,18.0,22.0
725270,1039.0,1238.0
725330,401.0,426.0
725340,1649.0,1769.0
725380,9.0,10.0
725410,47.0,50.0
725430,2.0,2.0
725480,2707.0,2859.0
725510,38.0,43.0
725540,4.0,4.0
725550,6.0,7.0
725610,25.0,32.0
725640,22.0,28.0
725660,16.0,21.0
725850,23.0,25.0
725910,4.0,4.0
725920,9.0,10.0
725970,13.0,17.0
725980,162.0,177.0
726000,118.0,137.0
726020,72.0,94.0
726110,1343.0,1644.0
726200,222.0,255.0
726230,23.0,26.0
726260,21.0,23.0
726300,6.0,7.0
726330,3.0,3.0
726340,93.0,122.0
726390,654.0,747.0
726440,1.0,1.0
726450,7.0,7.0
726490,20.0,24.0
726500,2.0,2.0
726510,29.0,33.0
726590,1648.0,2030.0
726620,34.0,45.0
726630,23.0,27.0
726670,1.0,1.0
726830,887.0,974.0
726840,1249.0,1381.0
726870,40.0,45.0
726880,18.0,19.0
726910,457.0,509.0
727020,1056.0,1141.0
727030,8.0,8.0
727040,34.0,40.0
727070,41.0,47.0
727100,26.0,32.0
727130,1663.0,2197.0
727140,4.0,4.0
727150,7.0,7.0
727290,23.0,24.0
727310,28.0,33.0
727340,83.0,104.0
727420,18.0,19.0
727450,44.0,50.0
727480,49.0,58.0
727540,92.0,109.0
727570,149.0,191.0
727730,362.0,398.0
727740,2.0,2.0
727760,119.0,149.0
727790,8.0,10.0
727830,33.0,34.0
727850,2265.0,2613.0
727930,100.0,131.0
728020,4.0,4.0
728090,8.0,8.0
728110,8.0,10.0
728240,732.0,821.0
728530,6374.0,7554.0
728610,2.0,2.0
728620,1.0,1.0
728670,4.0,5.0
728710,1.0,1.0
728720,1.0,1.0
728730,1282.0,1571.0
728740,2402.0,3132.0
728870,130.0,154.0
728880,59835.0,65968.0
729000,3331.0,3584.0
729040,18376.0,21355.0
729180,13.0,14.0
729300,48.0,49.0
729370,97.0,109.0
729390,18.0,18.0
729460,183.0,219.0
729530,172.0,226.0
729570,52.0,64.0
729580,140.0,177.0
729640,28.0,28.0
729660,1479.0,1788.0
729780,4.0,4.0
729820,14.0,14.0
729920,2.0,2.0
729940,9.0,9.0
729950,3.0,3.0
729960,2.0,2.0
729970,7.0,7.0
729980,16.0,16.0
730050,328.0,405.0
730270,21.0,25.0
730290,19.0,25.0
730300,17.0,22.0
730390,1909.0,2333.0
730420,2.0,2.0
730550,50.0,65.0
730620,282.0,320.0
730670,3.0,3.0
730690,6.0,6.0
730700,4.0,4.0
730780,2.0,2.0
730820,2490.0,2560.0
730840,273.0,275.0
730860,37.0,42.0
730870,326.0,333.0
730890,1.0,1.0
730920,89.0,95.0
731040,4469.0,5024.0
731180,89.0,114.0
731300,8.0,9.0
731310,25.0,33.0
731320,20.0,25.0
731420,32.0,38.0
731490,15951.0,17226.0
731510,9.0,10.0
731520,7.0,7.0
731560,42.0,44.0
731600,14.0,15.0
731650,95.0,117.0
731670,3.0,3.0
731770,331.0,365.0
731930,11.0,13.0
731940,72.0,82.0
731950,25.0,33.0
732010,8.0,9.0
732030,12.0,13.0
732050,1291.0,1600.0
732230,48.0,55.0
732240,578.0,751.0
732360,97.0,112.0
732370,3150.0,3590.0
732390,3.0,3.0
732400,89.0,117.0
732430,10664.0,11059.0
732690,11697.0,12167.0
732710,2.0,2.0
732770,30.0,33.0
732810,1400.0,1605.0
732820,1.0,1.0
732850,7.0,7.0
732930,154.0,164.0
732950,28.0,35.0
732980,3.0,3.0
733050,496.0,540.0
733070,2608.0,2733.0
733110,210.0,220.0
733210,781.0,899.0
733300,566.0,610.0
733340,828.0,862.0
733460,436.0,577.0
733500,11.0,12.0
733510,11.0,11.0
733520,12.0,13.0
733530,6.0,6.0
733540,15.0,16.0
733560,3.0,3.0
733710,8.0,10.0
733740,260.0,286.0
733750,1.0,1.0
733760,29.0,35.0
733790,1976.0,2370.0
733800,181.0,240.0
733810,5.0,6.0
733870,16.0,21.0
733990,1476.0,1614.0
734060,2.0,2.0
734090,2.0,2.0
734330,203.0,236.0
734350,10.0,11.0
734440,60.0,67.0
734450,10.0,11.0
734490,6.0,7.0
734510,80.0,102.0
734700,27.0,33.0
734730,31.0,41.0
734750,5758.0,6652.0
734840,10.0,12.0
734890,4.0,4.0
734900,62.0,70.0
734910,771.0,859.0
734920,373.0,406.0
735010,6.0,7.0
735060,30.0,39.0
735280,1600.0,1903.0
735290,1469.0,1863.0
735320,5.0,6.0
735350,175.0,226.0
735360,748.0,932.0
735470,15.0,19.0
735550,22.0,28.0
735570,1296.0,1404.0
735580,1642.0,1907.0
735600,75.0,81.0
735620,34.0,37.0
735650,4.0,4.0
735850,1134.0,1408.0
736050,1.0,1.0
736180,4.0,4.0
736190,22600.0,24682.0
736220,17343.0,22742.0
736230,1.0,1.0
736240,19.0,19.0
736250,74.0,89.0
736260,20300.0,20757.0
736340,20.0,25.0
736390,9.0,10.0
736420,35.0,38.0
736470,17.0,22.0
736570,909.0,982.0
736590,12043.0,15626.0
736710,29.0,35.0
736720,81.0,95.0
736810,278.0,340.0
736820,3990.0,5170.0
736850,1539.0,1995.0
736920,11.0,13.0
737050,45.0,50.0
737280,16.0,20.0
737380,3.0,3.0
737470,2.0,2.0
737490,22.0,28.0
737520,529.0,625.0
737660,1.0,1.0
737710,116.0,124.0
737730,4.0,5.0
737830,16.0,18.0
737870,186.0,220.0
737980,2.0,2.0
738000,119.0,150.0
738030,6.0,7.0
738060,27432.0,29153.0
738130,1.0,1.0
738210,6.0,6.0
738310,12.0,14.0
738440,7.0,8.0
738470,98.0,101.0
738480,4.0,5.0
738510,912.0,1015.0
738520,11801.0,14289.0
738540,3479.0,4292.0
738580,10.0,12.0
738590,10.0,12.0
738620,4.0,4.0
738650,152.0,165.0
738700,4.0,5.0
738720,17.0,20.0
738730,4.0,5.0
738780,1.0,1.0
738840,134.0,152.0
738860,70.0,77.0
738900,2.0,2.0
739010,29.0,37.0
739050,104.0,115.0
739080,690.0,802.0
739100,33.0,37.0
739170,33.0,43.0
739180,49.0,54.0
739190,379.0,460.0
739260,163.0,175.0
739290,42.0,45.0
739630,684653.0,713927.0
739650,1292.0,1654.0
739660,1.0,1.0
739710,2.0,2.0
739720,115.0,126.0
739850,24.0,31.0
739880,10.0,12.0
739950,12.0,12.0
739980,239.0,299.0
740000,25.0,28.0
740040,117.0,131.0
740080,1351.0,1562.0
740090,150.0,185.0
740130,29683.0,33816.0
740200,485.0,583.0
740230,161.0,183.0
740260,1938.0,2064.0
740290,582.0,654.0
740310,21.0,23.0
740330,3.0,3.0
740410,72.0,90.0
740450,2.0,2.0
740470,425.0,559.0
740520,6.0,7.0
740570,123.0,148.0
740810,194.0,218.0
740950,9.0,11.0
740990,3.0,3.0
741010,3.0,3.0
741110,27.0,28.0
741140,1264.0,1334.0
741150,205.0,257.0
741250,259.0,275.0
741360,8.0,10.0
741430,234.0,283.0
741520,49.0,52.0
741590,216.0,285.0
741670,780.0,979.0
741990,284.0,309.0
742030,16.0,21.0
742120,7574.0,8841.0
742150,61.0,67.0
742170,250.0,281.0
742220,3.0,3.0
742250,1395.0,1511.0
742300,3952.0,4416.0
742380,21.0,22.0
742460,257.0,309.0
742470,33.0,37.0
742480,279.0,324.0
742490,285.0,318.0
742500,415.0,483.0
742520,437.0,459.0
742700,135.0,148.0
743000,11.0,14.0
743110,34.0,38.0
743130,1260.0,1349.0
743230,14.0,16.0
743330,13.0,17.0
743340,5.0,6.0
743390,3774.0,3944.0
743420,3.0,3.0
743450,12637.0,13541.0
743480,5.0,6.0
743550,31.0,36.0
743640,2441.0,2963.0
743660,11.0,12.0
743850,76.0,81.0
743870,1.0,1.0
743890,2960.0,3840.0
743900,1471.0,1927.0
743910,40.0,45.0
743920,5.0,5.0
743940,103.0,104.0
744050,200.0,220.0
744190,4954.0,5198.0
744240,9.0,9.0
744260,364.0,438.0
744400,109.0,145.0
744430,100.0,132.0
744520,245.0,261.0
744570,178.0,208.0
744600,20.0,22.0
744650,39.0,41.0
744660,10.0,13.0
744800,805.0,837.0
744810,2461.0,2601.0
745000,134.0,177.0
745030,60.0,65.0
745090,25.0,30.0
745250,51.0,57.0
745330,725.0,817.0
745400,28.0,34.0
745430,16.0,16.0
745450,7.0,7.0
745520,6.0,7.0
745560,302.0,326.0
745660,28.0,28.0
745720,15.0,15.0
745730,40.0,45.0
745740,796.0,924.0
745760,305.0,330.0
745790,23.0,25.0
745820,6.0,6.0
745850,572.0,612.0
745870,20.0,24.0
745880,4405.0,4472.0
745890,119.0,124.0
745920,31609.0,38583.0
745950,77.0,99.0
745960,862.0,891.0
746030,12.0,14.0
746100,4.0,4.0
746110,10.0,13.0
746140,346.0,461.0
746220,18.0,18.0
746260,1.0,1.0
746270,3.0,3.0
746360,8.0,10.0
746400,475.0,495.0
746420,21.0,25.0
746470,36.0,42.0
746500,7.0,9.0
746510,875.0,940.0
746520,62.0,77.0
746560,118.0,121.0
746580,2137.0,2571.0
746620,101.0,125.0
746660,23.0,27.0
746710,654.0,713.0
746770,6.0,7.0
746840,169.0,202.0
746850,12257.0,13906.0
746860,25.0,28.0
746890,11.0,14.0
746900,11.0,13.0
746910,249.0,317.0
746920,355.0,384.0
746930,916.0,1198.0
746940,288.0,315.0
747050,21.0,26.0
747160,16.0,18.0
747190,148.0,181.0
747200,3341.0,3927.0
747340,1222.0,1460.0
747350,1267.0,1484.0
747360,866.0,1031.0
747470,112.0,125.0
747620,109.0,126.0
747640,11.0,12.0
747650,40.0,50.0
747660,54011.0,62464.0
747690,109.0,130.0
747730,4.0,5.0
747750,3.0,3.0
747810,6.0,6.0
747820,1.0,1.0
747910,251.0,306.0
747980,3.0,3.0
748020,88.0,104.0
748040,515.0,580.0
748150,27.0,33.0
748270,13.0,16.0
748310,16.0,17.0
748330,15.0,17.0
748360,1574.0,2094.0
748420,29.0,32.0
748460,67.0,81.0
748480,149.0,186.0
748490,2531.0,2700.0
748580,6.0,7.0
748600,14.0,18.0
748610,162.0,197.0
748660,15.0,19.0
748780,1.0,1.0
748830,5.0,5.0
748880,46.0,59.0
748890,122.0,136.0
748940,1347.0,1632.0
748970,334.0,384.0
748980,6.0,7.0
748990,2.0,2.0
749140,52.0,58.0
749180,20.0,25.0
749200,6.0,6.0
749320,4.0,4.0
749340,132.0,173.0
749410,53.0,59.0
749430,1.0,1.0
749470,2.0,2.0
749520,869.0,947.0
749560,46.0,55.0
749670,42.0,51.0
749700,9.0,9.0
749730,19.0,22.0
749840,185.0,229.0
749880,65.0,86.0
749890,153.0,173.0
749900,17.0,20.0
749960,412.0,497.0
749980,22.0,29.0
749990,37.0,45.0
750170,302.0,319.0
750240,6.0,6.0
750290,454.0,491.0
750330,52.0,67.0
750350,41.0,45.0
750360,45.0,49.0
750420,4.0,5.0
750450,40.0,41.0
750460,27.0,34.0
750470,413.0,454.0
750520,389.0,472.0
750610,5.0,5.0
750670,1.0,1.0
750780,14.0,15.0
750820,5.0,6.0
750850,58.0,67.0
750920,62366.0,73387.0
750960,67.0,73.0
750990,188.0,204.0
751200,23.0,30.0
751220,140.0,157.0
751250,115.0,125.0
751260,29.0,29.0
751270,1.0,1.0
751280,155.0,163.0
751300,200.0,211.0
751330,23.0,29.0
751350,37.0,46.0
751380,12.0,15.0
751440,1482.0,1954.0
751450,158.0,166.0
751490,18.0,18.0
751630,2103.0,2723.0
751640,247.0,270.0
751670,10.0,11.0
751690,929.0,1011.0
751780,35643.0,39581.0
751940,3.0,3.0
751950,10.0,12.0
751970,18.0,20.0
751980,89.0,93.0
752170,60.0,79.0
752180,28.0,36.0
752330,41.0,48.0
752430,8.0,8.0
752470,211.0,257.0
752490,4.0,4.0
752550,26.0,30.0
752590,56261.0,60205.0
752600,64.0,69.0
752770,2.0,2.0
752800,46.0,48.0
752880,3.0,3.0
752900,332.0,413.0
752910,244.0,300.0
753220,604.0,616.0
753360,192.0,224.0
753400,25.0,30.0
753420,8362.0,8965.0
753440,36.0,41.0
753560,6.0,7.0
753640,69588.0,72716.0
753650,4951.0,6283.0
753660,170.0,204.0
753950,2.0,2.0
753980,7.0,7.0
754000,1.0,1.0
754010,47.0,60.0
754030,1.0,1.0
754040,554.0,682.0
754050,544.0,643.0
754120,378.0,469.0
754150,1946.0,2025.0
754230,6.0,7.0
754270,6.0,6.0
754300,6.0,6.0
754460,20.0,23.0
754480,11.0,14.0
754500,906.0,1144.0
754520,60.0,71.0
754620,227.0,296.0
754730,9.0,11.0
754810,309.0,400.0
754830,16.0,17.0
754840,82.0,93.0
754850,89.0,116.0
754930,20.0,23.0
755130,6.0,7.0
755150,89.0,105.0
755250,22.0,27.0
755340,4.0,4.0
755410,259.0,277.0
755470,258.0,315.0
755490,16.0,20.0
755500,4340.0,5608.0
755520,16.0,17.0
755530,1.0,1.0
755540,769.0,881.0
755560,18.0,21.0
755590,35.0,39.0
755610,4.0,4.0
755640,2.0,2.0
755670,57.0,67.0
755760,1.0,1.0
755820,1.0,1.0
755830,27.0,30.0
755920,19.0,21.0
755950,92.0,108.0
755980,625.0,771.0
756100,30.0,38.0
756150,17.0,20.0
756170,7.0,8.0
756200,3.0,3.0
756210,4.0,4.0
756240,41.0,51.0
756300,13.0,16.0
756320,38.0,38.0
756590,505.0,546.0
756600,95.0,110.0
756630,7.0,7.0
756680,18.0,21.0
756700,30.0,36.0
756740,6.0,6.0
756790,36.0,37.0
756800,16135.0,16988.0
756840,8.0,9.0
756980,2.0,2.0
757030,50.0,53.0
757040,85.0,86.0
757080,14.0,16.0
757100,26.0,32.0
757180,278.0,305.0
757190,3.0,3.0
757200,117.0,147.0
757210,1596.0,1712.0
757240,2478.0,2639.0
757310,4471.0,5187.0
757320,4821.0,5223.0
757330,491.0,520.0
757380,40.0,48.0
757400,1.0,1.0
757450,25.0,31.0
757480,1742.0,1870.0
757490,11.0,12.0
757570,5.0,6.0
757700,18.0,18.0
757730,20.0,23.0
757820,23.0,26.0
757850,20.0,20.0
758010,24.0,25.0
758070,15.0,18.0
758080,96.0,122.0
758090,608.0,640.0
758110,4.0,4.0
758190,6689.0,7475.0
758280,18.0,18.0
758320,90.0,117.0
758330,2467.0,2781.0
758370,1914.0,2106.0
758480,750.0,800.0
758500,411.0,442.0
758530,1556.0,1620.0
758560,83.0,94.0
758570,155.0,189.0
758590,7.0,7.0
758620,5.0,5.0
758630,11.0,11.0
758640,4.0,5.0
758650,1.0,1.0
758660,36.0,42.0
758730,339.0,401.0
758870,2438.0,2983.0
758930,155.0,172.0
758980,533.0,696.0
758990,2339.0,2460.0
759000,134.0,146.0
759030,7.0,9.0
759040,2.0,2.0
759220,39.0,41.0
759300,1.0,1.0
759440,284.0,341.0
759540,105.0,130.0
759640,38.0,43.0
759650,13.0,14.0
759740,4617.0,5572.0
759860,6.0,6.0
759920,6.0,6.0
759940,820.0,953.0
759980,3.0,3.0
760000,10.0,12.0
760030,16.0,18.0
760050,67.0,87.0
760060,17707.0,19552.0
760160,42273.0,55887.0
760190,1.0,1.0
760300,7.0,8.0
760330,276.0,297.0
760390,1.0,1.0
760410,519.0,613.0
760510,342.0,370.0
760530,10.0,12.0
760550,123.0,152.0
760630,182.0,202.0
760640,499.0,531.0
760810,287.0,344.0
760890,2263.0,2296.0
760920,47.0,54.0
760960,6.0,7.0
760970,2.0,2.0
761010,75.0,85.0
761040,6.0,6.0
761070,166.0,192.0
761150,2.0,2.0
761170,158.0,197.0
761280,58.0,76.0
761290,10.0,11.0
761300,9.0,10.0
761320,91.0,108.0
761350,320.0,350.0
761460,641.0,718.0
761480,34.0,34.0
761600,2300.0,2463.0
761620,5811.0,6630.0
761670,113.0,116.0
761680,3.0,3.0
761700,229.0,264.0
761730,4.0,5.0
761830,3713.0,4590.0
761890,60770.0,76864.0
761910,394.0,440.0
761920,11.0,12.0
762030,21.0,23.0
762100,1.0,1.0
762180,62.0,77.0
762190,34.0,38.0
762240,5.0,5.0
762270,17.0,17.0
762360,1.0,1.0
762370,34.0,37.0
762490,78.0,100.0
762500,22.0,27.0
762560,278.0,362.0
762590,106.0,128.0
762610,246.0,252.0
762930,93.0,93.0
762940,208.0,268.0
762980,4.0,4.0
763010,7.0,8.0
763030,161.0,179.0
763050,19.0,25.0
763180,82.0,90.0
763210,28.0,37.0
763230,192.0,217.0
763250,206.0,274.0
763320,7.0,8.0
763350,8.0,10.0
763380,6.0,7.0
763410,2685.0,3060.0
763680,10.0,11.0
763790,56.0,60.0
763870,31.0,38.0
763890,16136.0,17001.0
763930,92.0,96.0
764050,2121.0,2546.0
764110,21.0,26.0
764180,17.0,20.0
764230,236.0,266.0
764280,14.0,16.0
764300,892.0,1004.0
764370,12.0,13.0
764390,1.0,1.0
764430,71.0,93.0
764510,128.0,148.0
764560,93.0,123.0
764570,816.0,942.0
764580,34.0,43.0
764590,69.0,85.0
764620,1.0,1.0
764790,10246.0,10967.0
764830,7.0,9.0
764870,1.0,1.0
764880,3.0,3.0
764970,8.0,10.0
764990,44.0,52.0
765030,98.0,114.0
765040,1.0,1.0
765060,28.0,29.0
765090,1.0,1.0
765100,109.0,144.0
765170,3.0,3.0
765210,96.0,121.0
765230,19.0,24.0
765350,3.0,3.0
765380,27.0,32.0
765410,9023.0,9610.0
765480,319.0,329.0
765490,19.0,20.0
765520,2.0,2.0
765590,29.0,33.0
765610,38.0,43.0
765640,355.0,386.0
765690,114.0,122.0
765710,1072.0,1198.0
765770,71.0,88.0
765780,1.0,1.0
765810,2436.0,2900.0
765870,1382.0,1612.0
765890,184.0,213.0
765900,495.0,640.0
765910,68.0,87.0
765940,125.0,143.0
766000,50.0,56.0
766150,3.0,3.0
766250,21.0,25.0
766280,1578.0,1695.0
766300,8.0,8.0
766560,103.0,110.0
766630,61.0,73.0
766650,16.0,20.0
766730,202.0,219.0
766740,20.0,21.0
766880,2.0,2.0
766910,1.0,1.0
766940,45.0,50.0
767010,1.0,1.0
767200,16.0,17.0
767240,29.0,37.0
767360,60.0,75.0
767410,3.0,3.0
767460,26.0,30.0
767590,23.0,27.0
767680,3.0,3.0
767690,65.0,73.0
767800,5.0,6.0
767870,9.0,11.0
767930,812.0,876.0
768020,7.0,9.0
768090,39.0,42.0
768200,6117.0,7319.0
768270,17.0,20.0
768290,48.0,53.0
768450,715.0,810.0
768460,52.0,62.0
768580,7.0,8.0
768590,26.0,28.0
768640,5.0,5.0
768880,22.0,23.0
768970,46.0,50.0
769020,13.0,14.0
769160,5.0,5.0
769320,30.0,30.0
769370,45.0,59.0
769420,30.0,32.0
769550,124.0,133.0
769560,8312.0,9897.0
769580,5.0,6.0
769680,64.0,64.0
769840,71.0,81.0
769860,2.0,2.0
769910,12.0,15.0
769920,362.0,460.0
769970,882.0,1079.0
770010,1.0,1.0
770050,7.0,9.0
770090,50.0,60.0
770100,639.0,793.0
770110,124.0,150.0
770120,3.0,3.0
770200,97.0,123.0
770360,1.0,1.0
770380,2.0,2.0
770520,3.0,3.0
770600,34.0,37.0
770630,46.0,54.0
770660,7.0,7.0
770810,4065.0,4510.0
770820,9.0,9.0
770850,8.0,9.0
770860,14.0,15.0
770870,3.0,3.0
770880,5.0,6.0
770900,6.0,6.0
771010,42.0,50.0
771070,75.0,76.0
771240,187.0,197.0
771310,265.0,277.0
771340,13.0,14.0
771350,626.0,801.0
771380,11.0,12.0
771410,112.0,149.0
771420,316.0,385.0
771430,41.0,44.0
771450,48.0,55.0
771530,71.0,91.0
771540,1.0,1.0
771560,3.0,3.0
771570,20.0,26.0
771680,58.0,73.0
771700,46.0,48.0
771810,259.0,319.0
771860,4.0,4.0
771950,364.0,455.0
772040,7.0,7.0
772060,29.0,35.0
772090,39.0,44.0
772160,60.0,70.0
772180,108.0,118.0
772200,16.0,20.0
772210,3.0,3.0
772230,14.0,14.0
772240,4.0,5.0
772270,93.0,100.0
772290,233.0,266.0
772340,5.0,5.0
772420,17.0,22.0
772430,1097.0,1395.0
772460,16.0,21.0
772470,76.0,99.0
772480,171.0,218.0
772520,1.0,1.0
772570,30.0,32.0
772610,169.0,183.0
772660,21.0,21.0
772700,124.0,164.0
772710,18.0,19.0
772730,27.0,33.0
772750,13.0,15.0
773090,179.0,216.0
773130,31.0,35.0
773150,23.0,28.0
773160,2.0,2.0
773350,1.0,1.0
773360,6.0,6.0
773370,3916.0,4348.0
773430,203.0,227.0
773440,64.0,84.0
773490,10.0,11.0
773580,553.0,648.0
773610,3.0,3.0
773620,4.0,4.0
773630,31.0,34.0
773660,1.0,1.0
773670,1467.0,1528.0
773710,11.0,11.0
773740,111.0,121.0
773790,5588.0,5896.0
773850,2.0,2.0
773870,3.0,3.0
773930,15.0,18.0
774091,633.0,675.0
774141,24.0,31.0
774151,42.0,50.0
774171,99104.0,109066.0
774181,20004.0,20321.0
774191,22.0,28.0
774201,1795.0,2075.0
774221,77.0,81.0
774231,10.0,12.0
774281,97.0,121.0
774351,595.0,789.0
774361,41448.0,45954.0
774461,2552.0,2720.0
774501,2.0,2.0
774531,38.0,38.0
774541,715.0,946.0
774651,177.0,199.0
774721,19.0,25.0
774801,23365.0,23847.0
774861,15546.0,18781.0
775270,14.0,17.0
775310,23.0,25.0
775460,9.0,11.0
775500,13432.0,16453.0
775520,38.0,47.0
775530,209.0,228.0
775580,298.0,329.0
775590,7.0,8.0
775690,10.0,11.0
775730,26.0,29.0
775760,105.0,138.0
775900,531.0,704.0
775910,38.0,47.0
775940,1560.0,1848.0
775960,72.0,83.0
776040,11.0,13.0
776160,21.0,25.0
776180,20.0,22.0
776270,10.0,12.0
776280,17.0,17.0
776340,698.0,853.0
776360,6.0,6.0
776410,1.0,1.0
776490,2963.0,3515.0
776720,29.0,38.0
776780,9.0,9.0
776790,22.0,26.0
776830,21.0,25.0
776880,2.0,2.0
776920,52.0,66.0
776960,1104.0,1331.0
777130,5996.0,6862.0
777150,114.0,134.0
777160,109.0,142.0
777200,213.0,225.0
777220,44.0,48.0
777300,1.0,1.0
777340,28.0,35.0
777390,1275.0,1428.0
777410,78.0,102.0
777460,20.0,21.0
777470,186.0,215.0
777580,2.0,2.0
777650,298.0,350.0
777670,111.0,129.0
777760,18.0,23.0
777790,74.0,88.0
777820,18.0,22.0
777890,11.0,11.0
778000,7.0,9.0
778030,23.0,30.0
778050,43.0,55.0
778060,17.0,17.0
778140,2.0,2.0
778150,104.0,132.0
778260,35.0,42.0
778330,173.0,181.0
778340,35.0,45.0
778390,386.0,438.0
778400,163.0,183.0
778440,13.0,15.0
778470,4.0,4.0
778490,7.0,7.0
778560,3.0,3.0
778580,9.0,11.0
778610,252.0,273.0
778620,9.0,10.0
778640,20.0,22.0
778650,7.0,7.0
778700,9020.0,10770.0
778780,46.0,48.0
778800,32.0,34.0
778810,14.0,18.0
778840,54.0,67.0
778860,33.0,43.0
778870,9.0,10.0
778900,1.0,1.0
778930,65.0,81.0
779090,190.0,214.0
779120,5.0,6.0
779140,6.0,7.0
779220,4.0,5.0
779250,32.0,40.0
779260,35.0,45.0
779320,12.0,15.0
779340,71500.0,86616.0
779430,416.0,465.0
779560,13.0,16.0
779580,7.0,7.0
779590,468.0,511.0
779640,2015.0,2309.0
779730,16.0,17.0
779780,3.0,3.0
779870,5.0,5.0
779920,4.0,4.0
779960,80.0,106.0
779990,448.0,471.0
780100,183.0,241.0
780210,1368.0,1581.0
780270,160.0,176.0
780280,272.0,317.0
780290,12022.0,14386.0
780310,15409.0,17060.0
780350,688.0,909.0
780390,88.0,98.0
780490,2.0,2.0
780500,316.0,369.0
780520,3.0,3.0
780570,4.0,4.0
780630,6.0,7.0
780650,1.0,1.0
780670,546.0,678.0
780710,21.0,25.0
780740,8.0,8.0
780760,25.0,31.0
780820,216.0,239.0
780850,7.0,7.0
781110,27.0,27.0
781180,150.0,189.0
781280,8.0,10.0
781440,1938.0,2025.0
781480,443.0,590.0
781490,15.0,16.0
781500,6.0,6.0
781590,65.0,81.0
781640,69.0,78.0
781670,28.0,31.0
781810,247.0,298.0
781820,178.0,199.0
781840,4.0,4.0
781860,4.0,5.0
781890,9.0,9.0
781920,14.0,16.0
781930,23.0,29.0
781950,9.0,11.0
781990,68.0,73.0
782120,20.0,20.0
782180,67.0,74.0
782190,7.0,8.0
782250,1258.0,1326.0
782280,29.0,35.0
782290,1.0,1.0
782330,175915.0,192411.0
782340,546.0,573.0
782380,31.0,40.0
782570,394.0,521.0
782610,6.0,6.0
782630,14.0,18.0
782650,2.0,2.0
783050,294.0,350.0
783090,1.0,1.0
783120,790.0,828.0
783130,1.0,1.0
783180,83.0,94.0
783210,222.0,268.0
783250,1.0,1.0
783270,2.0,2.0
783340,25.0,29.0
783400,3.0,3.0
783430,14.0,16.0
783650,2.0,2.0
783720,13.0,14.0
783790,8.0,8.0
783840,580.0,697.0
783940,201.0,221.0
784010,27.0,31.0
784080,9899.0,11740.0
784100,42.0,50.0
784110,8.0,9.0
784130,13.0,13.0
784150,16827.0,18344.0
784180,2.0,2.0
784950,3684.0,4737.0
784980,1.0,1.0
785100,25.0,27.0
785110,127.0,159.0
785130,146.0,165.0
785150,4.0,4.0
785480,313.0,359.0
785560,8.0,8.0
785590,12.0,14.0
785740,4454.0,5899.0
785750,21.0,25.0
785760,65.0,71.0
785780,232.0,295.0
785790,3653.0,3907.0
785830,22.0,24.0
785840,291.0,346.0
785870,3.0,3.0
785880,193.0,227.0
785890,1134.0,1184.0
785940,12.0,14.0
785990,9.0,9.0
786040,10.0,11.0
786060,1.0,1.0
786090,7.0,8.0
786100,5.0,5.0
786120,2.0,2.0
786140,23.0,28.0
786180,41.0,53.0
786280,20.0,22.0
786350,22.0,24.0
786390,12.0,15.0
786450,263.0,325.0
786470,8.0,8.0
786490,16.0,20.0
786510,26.0,32.0
786520,2590.0,2953.0
786540,1.0,1.0
786590,3.0,3.0
786680,102.0,124.0
786710,14.0,16.0
786770,5.0,6.0
786800,2.0,2.0
786820,60.0,68.0
786950,4.0,5.0
786990,43.0,48.0
787070,678.0,698.0
787150,6.0,6.0
787170,8.0,10.0
787200,11.0,14.0
787220,89.0,118.0
787260,25.0,27.0
787400,404.0,527.0
787450,805.0,941.0
787480,32711.0,33505.0
787510,184.0,196.0
787620,6.0,6.0
787650,13.0,14.0
787710,43.0,47.0
787740,445.0,590.0
787810,2576.0,3286.0
787850,603.0,726.0
787860,69217.0,73378.0
787920,35.0,37.0
787940,5.0,5.0
787970,35.0,42.0
787980,460.0,495.0
788000,5.0,5.0
788010,21.0,26.0
788050,52.0,65.0
788100,19618.0,22609.0
788150,37.0,42.0
788180,7.0,9.0
788210,152.0,197.0
788270,853.0,954.0
788310,4.0,4.0
788320,22.0,29.0
788330,21.0,21.0
788390,18.0,20.0
788410,34.0,39.0
788420,209.0,248.0
788520,16.0,18.0
788630,182.0,241.0
788690,483.0,557.0
788730,1.0,1.0
788760,28.0,31.0
788770,4413.0,4573.0
788900,4.0,5.0
788930,89.0,102.0
789050,33.0,37.0
789090,96.0,104.0
789210,1.0,1.0
789260,80.0,104.0
789280,8.0,8.0
789380,78.0,92.0
789480,13.0,13.0
789540,126.0,139.0
789570,80.0,85.0
789600,2.0,2.0
789610,1.0,1.0
789620,106.0,141.0
789660,803.0,930.0
789720,3.0,3.0
789730,157.0,193.0
789740,57.0,72.0
789760,2309.0,2735.0
789770,57.0,69.0
789830,77.0,82.0
790020,48.0,60.0
790030,1.0,1.0
790050,3.0,3.0
790060,1386.0,1395.0
790120,40.0,44.0
790170,4.0,4.0
790260,15.0,19.0
790290,50.0,54.0
790350,49.0,56.0
790360,136.0,169.0
790390,22.0,23.0
790450,67.0,81.0
790550,3.0,3.0
790630,15.0,16.0
790740,9078.0,10527.0
790750,60.0,70.0
790820,5519.0,6320.0
790850,1170.0,1339.0
790930,74.0,94.0
790960,7.0,8.0
790970,1.0,1.0
791000,9.0,9.0
791020,34.0,41.0
791140,10.0,10.0
791180,362.0,414.0
791200,116.0,127.0
791240,84.0,89.0
791300,26.0,31.0
791330,1584.0,1848.0
791370,17.0,19.0
791410,17.0,17.0
791470,1414.0,1461.0
791500,27.0,31.0
791600,5.0,6.0
791700,53.0,70.0
791750,125.0,155.0
791770,156.0,172.0
791800,9.0,10.0
791930,1274.0,1513.0
791960,25.0,28.0
792030,485.0,517.0
792040,1048.0,1180.0
792050,456.0,484.0
792080,2.0,2.0
792100,1718.0,1835.0
792120,1234.0,1329.0
792160,48.0,52.0
792190,1.0,1.0
792220,9891.0,11048.0
792300,8877.0,10709.0
792320,7.0,9.0
792340,13.0,15.0
792350,32.0,39.0
792370,21.0,24.0
792560,27.0,29.0
792650,110.0,123.0
792660,265.0,327.0
792710,934.0,992.0
792720,8.0,10.0
792820,1.0,1.0
792850,12.0,15.0
792860,43.0,50.0
793000,2.0,2.0
793010,13.0,16.0
793030,3.0,3.0
793060,2.0,2.0
793080,2.0,2.0
793120,2.0,2.0
793200,36.0,46.0
793280,4.0,5.0
793320,29.0,32.0
793350,1715.0,1807.0
793370,1554.0,1856.0
793410,3.0,3.0
793450,61.0,65.0
793460,5289.0,5920.0
793480,2.0,2.0
793600,53.0,64.0
793630,39.0,45.0
793640,6.0,7.0
793670,35.0,39.0
793690,443.0,473.0
793830,101.0,106.0
793880,99.0,117.0
794030,34.0,35.0
794190,63.0,79.0
794390,54.0,57.0
794480,28.0,34.0
794540,1954.0,2399.0
794550,125.0,132.0
794760,74.0,80.0
794780,17.0,22.0
794800,2684.0,3059.0
794830,12.0,14.0
794850,12.0,15.0
794860,659.0,698.0
794940,92.0,103.0
794950,52.0,63.0
795040,219.0,240.0
795050,14.0,14.0
795100,5589.0,5960.0
795120,6.0,7.0
795220,25.0,30.0
795420,1528.0,1580.0
795440,2.0,2.0
795510,148.0,160.0
795570,46.0,59.0
795760,118.0,149.0
795940,5.0,5.0
795950,23.0,27.0
795960,24.0,27.0
796060,5.0,5.0
796070,6.0,7.0
796090,3.0,3.0
796100,8.0,9.0
796260,1.0,1.0
796290,201.0,267.0
796370,17.0,20.0
796380,55.0,63.0
796490,6.0,6.0
796500,2.0,2.0
796760,5.0,5.0
796780,25.0,27.0
796790,415.0,441.0
796930,2.0,2.0
796940,143.0,156.0
797010,41.0,47.0
797020,11.0,11.0
797200,73.0,87.0
797230,5.0,5.0
797300,5.0,6.0
797310,5.0,5.0
797330,5.0,5.0
797340,6.0,6.0
797350,4.0,4.0
797390,527.0,573.0
797430,3522.0,4378.0
797440,7.0,7.0
797450,8.0,8.0
797570,56.0,58.0
797610,17.0,18.0
797620,83.0,90.0
798170,11.0,11.0
798240,22.0,27.0
798280,191.0,232.0
798290,995.0,1169.0
798330,41.0,49.0
798420,2944.0,3824.0
798460,3616.0,4273.0
798480,11.0,13.0
798490,3725.0,4523.0
798510,1448.0,1734.0
798650,54.0,57.0
798670,6.0,7.0
798680,8.0,9.0
798790,48.0,54.0
798810,478.0,576.0
798840,874.0,997.0
798850,98.0,114.0
799070,4019.0,4197.0
799110,38.0,42.0
799260,41.0,53.0
799310,4.0,5.0
799460,10.0,11.0
799510,393.0,430.0
799570,2.0,2.0
799590,5.0,5.0
799600,9491.0,9975.0
799640,6428.0,6606.0
799770,4.0,4.0
799800,79.0,92.0
799830,43.0,48.0
799960,6114.0,7484.0
800050,26.0,28.0
800120,131.0,140.0
800170,4.0,5.0
800180,53.0,58.0
800190,55.0,58.0
800200,91.0,116.0
800280,54.0,68.0
800290,28.0,31.0
800330,23.0,28.0
800350,14.0,16.0
800390,32.0,34.0
800550,18.0,20.0
800570,1.0,1.0
800600,324.0,349.0
800620,386.0,398.0
800640,8.0,9.0
800680,1.0,1.0
800690,21.0,22.0
800700,14.0,16.0
800720,1.0,1.0
800820,106.0,114.0
800830,9.0,10.0
800860,8.0,8.0
800910,5.0,6.0
800930,16.0,19.0
801040,107.0,123.0
801120,99.0,120.0
801260,142.0,183.0
801290,322.0,379.0
801480,4916.0,5142.0
801550,1645.0,2075.0
801630,3544.0,3757.0
801660,2.0,2.0
801750,172.0,190.0
801760,38.0,50.0
801950,4.0,5.0
802040,103.0,112.0
802050,139.0,171.0
802060,4.0,5.0
802120,46.0,55.0
802130,42.0,43.0
802200,1687.0,1933.0
802260,14.0,14.0
802310,5.0,6.0
802400,48.0,50.0
802450,428.0,502.0
802490,55.0,66.0
802550,1.0,1.0
802720,21.0,26.0
802730,540.0,649.0
802740,42.0,47.0
802780,5.0,6.0
802870,1436.0,1486.0
802880,1376.0,1456.0
802890,2717.0,2832.0
802920,11.0,14.0
802930,17.0,19.0
803050,3989.0,5270.0
803150,120.0,149.0
803270,26.0,28.0
803280,26.0,26.0
803290,5.0,6.0
803330,9683.0,10480.0
803590,12.0,13.0
803600,2916.0,3297.0
803760,2.0,2.0
803780,5.0,6.0
803830,268.0,322.0
803870,1.0,1.0
803930,45.0,46.0
803940,2.0,2.0
803960,1.0,1.0
804000,52.0,61.0
804010,1670.0,1911.0
804120,16.0,17.0
804230,4.0,4.0
804270,1586.0,1981.0
804350,68.0,79.0
804400,13.0,14.0
804490,1526.0,1978.0
804530,44.0,44.0
804700,1154.0,1184.0
804990,3.0,3.0
805000,2.0,2.0
805010,6.0,7.0
805020,3.0,3.0
805030,4.0,4.0
805040,6.0,6.0
805070,5.0,5.0
805260,7.0,7.0
805270,573.0,726.0
805320,30.0,32.0
805330,1.0,1.0
805340,14.0,15.0
805370,7.0,8.0
805420,7.0,8.0
805440,25.0,30.0
805470,1.0,1.0
805520,11.0,12.0
805550,32915.0,35624.0
805590,1125.0,1144.0
805610,62.0,70.0
805620,9.0,9.0
805770,2.0,2.0
805790,2.0,2.0
805820,288.0,316.0
805840,5.0,6.0
805850,1776.0,2292.0
805900,8.0,8.0
805920,52.0,65.0
805940,3359.0,4344.0
805950,1.0,1.0
806020,44.0,54.0
806100,108.0,133.0
806140,1195.0,1436.0
806350,6.0,7.0
806510,794.0,980.0
806550,2.0,2.0
806580,24.0,26.0
806600,1.0,1.0
806670,4.0,4.0
806720,36.0,38.0
806740,180.0,195.0
806770,62.0,82.0
806840,4.0,4.0
806900,61.0,64.0
806960,56.0,72.0
807070,22.0,25.0
807120,6432.0,7475.0
807990,4.0,5.0
808010,173.0,209.0
808080,453.0,513.0
808100,440.0,484.0
808130,26.0,34.0
808190,17.0,21.0
808360,8.0,9.0
808450,12.0,15.0
808580,24.0,27.0
808800,48.0,60.0
808810,12.0,15.0
808870,1.0,1.0
808880,24.0,30.0
808910,1752.0,2002.0
808980,21.0,24.0
808990,11.0,13.0
809020,1588.0,1653.0
809050,50.0,65.0
809060,444.0,486.0
809090,57.0,74.0
809140,3611.0,4137.0
809230,1444.0,1786.0
809240,71.0,93.0
809250,233.0,249.0
809310,266.0,312.0
809320,94.0,117.0
809330,4.0,5.0
809360,12.0,15.0
809380,11.0,12.0
809410,14.0,17.0
809440,385.0,448.0
809460,11.0,12.0
809500,66.0,80.0
809530,41.0,46.0
809540,412.0,493.0
809680,97.0,116.0
809720,677.0,848.0
809730,311.0,355.0
809850,186.0,206.0
809870,341.0,371.0
809880,780.0,933.0
809900,75.0,94.0
809910,1.0,1.0
810000,13.0,16.0
810020,9.0,11.0
810040,1001.0,1071.0
810060,22.0,26.0
810220,1.0,1.0
810230,343.0,371.0
810330,17.0,19.0
810340,11.0,13.0
810360,24.0,29.0
810420,9.0,10.0
810450,12.0,12.0
810470,66.0,73.0
810500,436.0,520.0
810590,32.0,39.0
810630,38.0,46.0
810640,84.0,93.0
810660,725.0,778.0
810670,1266.0,1608.0
810690,27.0,28.0
810700,2.0,2.0
810780,94.0,119.0
811040,6.0,6.0
811070,161.0,202.0
811110,17.0,18.0
811130,32.0,36.0
811160,1.0,1.0
811270,258.0,295.0
811290,28.0,34.0
811320,1697.0,1847.0
811440,4.0,5.0
811620,54.0,64.0
811850,2.0,2.0
811870,576.0,656.0
811890,685.0,743.0
811910,16.0,20.0
811940,1.0,1.0
811970,14.0,15.0
812040,1059.0,1375.0
812070,264.0,330.0
812140,142749.0,160267.0
812190,15.0,18.0
812360,6.0,6.0
812380,83.0,97.0
812410,133.0,150.0
812560,292.0,324.0
812580,13.0,16.0
812590,5.0,5.0
812610,6.0,6.0
812650,34.0,36.0
812740,9.0,11.0
812810,14353.0,14929.0
812840,179.0,188.0
812870,197.0,262.0
812890,1.0,1.0
812900,2.0,2.0
812930,26.0,29.0
813020,6.0,6.0
813030,17.0,20.0
813230,13414.0,13990.0
813250,26.0,29.0
813260,2.0,2.0
813300,141.0,153.0
813310,1.0,1.0
813370,13.0,13.0
813450,68.0,85.0
813480,52.0,54.0
813530,156.0,176.0
813540,380.0,443.0
813630,11801.0,12403.0
813650,119.0,133.0
813700,359.0,425.0
813730,7.0,7.0
813780,142815.0,150626.0
813820,43005.0,56589.0
813920,4.0,5.0
813970,12.0,13.0
814000,2427.0,3028.0
814230,1.0,1.0
814300,166.0,181.0
814320,7.0,9.0
814360,128.0,133.0
814370,9741.0,10607.0
814380,287661.0,301897.0
814420,19.0,20.0
814510,12.0,12.0
814530,462.0,512.0
814540,14346.0,16428.0
814560,1.0,1.0
814590,18.0,22.0
814650,42.0,48.0
814680,933.0,1108.0
814880,5.0,5.0
814890,7.0,7.0
814960,13.0,15.0
815000,188.0,209.0
815010,19.0,21.0
815070,17.0,22.0
815150,144.0,159.0
815280,21.0,25.0
815370,62712.0,72562.0
815440,34.0,45.0
815450,170.0,180.0
815540,8.0,9.0
815550,4.0,4.0
815570,5.0,6.0
815580,27.0,29.0
815630,4.0,5.0
815730,4.0,5.0
815780,5753.0,6172.0
815800,14.0,18.0
816000,4.0,4.0
816040,11.0,14.0
816080,79.0,92.0
816150,6.0,7.0
816170,8.0,10.0
816190,68.0,84.0
816250,106.0,127.0
816270,168.0,214.0
816280,11.0,14.0
816340,6399.0,6668.0
816350,1002.0,1189.0
816410,1.0,1.0
816490,706.0,818.0
816500,27.0,34.0
816650,20.0,25.0
816710,109.0,144.0
816720,129.0,140.0
816730,5.0,6.0
816760,22.0,25.0
816770,14.0,15.0
816830,18.0,20.0
816850,15.0,19.0
816950,6.0,6.0
817120,6.0,7.0
817220,31.0,32.0
817230,151.0,166.0
817370,41.0,52.0
817410,15.0,16.0
817440,2.0,2.0
817530,14.0,18.0
817540,1861.0,2193.0
817630,21.0,26.0
817710,36.0,36.0
817820,10.0,10.0
817840,1493.0,1608.0
817860,69.0,72.0
817980,8.0,8.0
818030,35.0,44.0
818050,46.0,47.0
818060,32.0,37.0
818110,119.0,120.0
818140,26.0,27.0
818150,22.0,25.0
818210,291.0,346.0
818320,1521.0,1697.0
818360,48.0,55.0
818410,43.0,49.0
818420,6.0,6.0
818500,128.0,134.0
818530,96.0,127.0
818580,1.0,1.0
818610,70.0,83.0
818670,5.0,5.0
818730,121.0,154.0
818760,127.0,133.0
818780,16.0,21.0
818800,26.0,30.0
818860,21.0,25.0
818940,36.0,43.0
818960,73.0,80.0
819020,490.0,630.0
819030,1218.0,1326.0
819040,44.0,46.0
819060,15.0,19.0
819160,10.0,10.0
819220,5.0,6.0
819230,168.0,185.0
819280,18.0,21.0
819330,13.0,15.0
819480,73.0,83.0
819510,21.0,22.0
819520,29.0,37.0
819550,3.0,3.0
819630,153.0,165.0
819670,3.0,3.0
819780,18.0,19.0
819800,10.0,13.0
819870,33.0,35.0
819880,1.0,1.0
819940,8.0,8.0
819980,17.0,19.0
820030,350.0,459.0
820060,2.0,2.0
820170,13.0,13.0
820190,31.0,36.0
820210,46.0,50.0
820400,146.0,176.0
820480,14.0,14.0
820510,31.0,35.0
820520,6037.0,7365.0
820540,187.0,208.0
820600,44.0,45.0
820610,150.0,191.0
820620,39.0,46.0
820630,626.0,739.0
820640,16.0,17.0
820690,4.0,5.0
820700,16.0,20.0
820730,788.0,817.0
820790,73.0,93.0
820830,13.0,16.0
820900,114.0,129.0
820910,166.0,192.0
820950,22.0,24.0
821120,52.0,65.0
821250,2008.0,2629.0
821320,160.0,173.0
821390,103.0,127.0
821400,12.0,14.0
821440,16.0,16.0
821490,6.0,7.0
821500,375.0,468.0
821560,231.0,271.0
821570,16.0,16.0
821640,151.0,171.0
821770,1.0,1.0
821790,349.0,376.0
821840,20.0,22.0
821880,3265.0,3730.0
821890,1199.0,1290.0
821920,11.0,11.0
822040,99.0,106.0
822110,84.0,101.0
822140,20.0,26.0
822190,48.0,49.0
822240,2494.0,3210.0
822450,7.0,7.0
822610,7.0,8.0
822640,30.0,37.0
822660,11.0,12.0
822700,24.0,28.0
822730,1.0,1.0
822740,1.0,1.0
822750,4.0,5.0
822760,327.0,336.0
822810,10.0,11.0
822830,130.0,138.0
822920,22.0,26.0
822930,857.0,897.0
822940,31.0,33.0
822970,1.0,1.0
822990,235.0,297.0
823130,75834.0,85814.0
823420,80.0,90.0
823500,32562.0,35301.0
823530,36.0,47.0
823580,271.0,283.0
823610,262.0,338.0
823690,7.0,7.0
823830,469.0,514.0
823840,168.0,181.0
823870,1.0,1.0
823900,9.0,10.0
823910,3193.0,3390.0
824090,37.0,39.0
824190,638.0,783.0
824200,12.0,14.0
824250,4.0,5.0
824270,30463.0,32859.0
824430,2.0,2.0
824440,5.0,6.0
824460,78.0,92.0
824470,30.0,35.0
824570,99.0,106.0
824600,5042.0,5190.0
824620,82.0,97.0
824640,2.0,2.0
824720,913.0,1076.0
824830,252.0,325.0
824850,248.0,263.0
824900,4.0,4.0
825060,48.0,50.0
825240,9.0,11.0
825300,162.0,186.0
825320,15.0,17.0
825480,5.0,6.0
825630,5655.0,5873.0
825730,423.0,460.0
826010,132.0,169.0
826020,1.0,1.0
826040,41.0,51.0
826100,112.0,122.0
826180,30.0,38.0
826370,4.0,4.0
826390,1.0,1.0
826420,20.0,23.0
826440,1.0,1.0
826470,15.0,15.0
826480,207.0,270.0
826540,297.0,332.0
826550,2.0,2.0
826600,956.0,1237.0
826810,10.0,12.0
826930,17.0,20.0
826940,1640.0,2069.0
827000,134.0,149.0
827050,198.0,216.0
827290,406.0,413.0
827330,77.0,98.0
827460,24.0,28.0
827610,91.0,118.0
827830,13.0,16.0
827940,21.0,26.0
827950,4.0,5.0
828030,228.0,248.0
828050,752.0,853.0
828070,2051.0,2291.0
828240,24.0,27.0
828250,1.0,1.0
828270,7.0,8.0
828320,14.0,18.0
828350,19.0,22.0
828380,33.0,43.0
828420,2.0,2.0
828520,3.0,3.0
828580,276.0,290.0
828590,18.0,21.0
828600,4.0,4.0
828680,41.0,41.0
828710,3.0,3.0
828740,3131.0,3614.0
828860,3.0,3.0
829040,8.0,10.0
829110,5828.0,6382.0
829260,33.0,38.0
829280,1464.0,1543.0
829370,28.0,33.0
829410,13.0,17.0
829490,7.0,8.0
829560,31.0,37.0
829590,4677.0,5916.0
829660,1699.0,1835.0
829760,7.0,8.0
829940,65.0,73.0
830360,11.0,13.0
830470,36.0,40.0
830490,60.0,79.0
830500,3.0,3.0
830520,5.0,5.0
830620,16.0,21.0
830640,268.0,298.0
830710,31.0,39.0
830820,1095.0,1206.0
831040,13.0,14.0
831070,48.0,53.0
831090,34.0,37.0
831110,55.0,60.0
831120,46.0,49.0
831230,121.0,139.0
831260,15.0,16.0
831470,61.0,68.0
831560,4529.0,5227.0
831570,251.0,273.0
831660,466.0,505.0
831680,15.0,16.0
831720,99.0,109.0
831770,104.0,120.0
832080,48.0,49.0
832130,12.0,15.0
832140,51.0,58.0
832320,113.0,125.0
832440,4.0,4.0
832500,132.0,143.0
832510,14.0,17.0
832530,2.0,2.0
832690,5.0,6.0
832710,46.0,59.0
832770,85.0,90.0
833010,24.0,30.0
833030,32.0,42.0
833040,1229.0,1324.0
833140,240.0,253.0
833260,30.0,39.0
833270,68.0,82.0
833360,2375.0,2650.0
833440,15.0,19.0
833470,24.0,27.0
833500,30.0,32.0
833540,4.0,5.0
833690,7.0,7.0
833750,10.0,12.0
833880,16.0,18.0
833910,68.0,82.0
833950,36.0,38.0
833980,32.0,35.0
833990,42.0,45.0
834150,271.0,313.0
834280,825.0,1048.0
834380,30.0,33.0
834390,146.0,185.0
834410,17.0,21.0
834440,13.0,14.0
834530,18807.0,20152.0
834580,76.0,80.0
834740,3339.0,3739.0
834760,142.0,159.0
834790,6.0,7.0
834920,40.0,46.0
834930,11.0,13.0
835040,42.0,53.0
835110,41.0,45.0
835130,8.0,10.0
835430,807.0,936.0
835490,18.0,20.0
835520,328.0,400.0
835630,11.0,14.0
835640,13.0,14.0
835680,8.0,9.0
835690,4.0,4.0
835700,124.0,147.0
835710,16.0,16.0
835720,3.0,3.0
835770,10.0,13.0
835800,5.0,5.0
835960,9990.0,10427.0
836080,51.0,60.0
836120,1.0,1.0
836280,5.0,6.0
836290,29.0,38.0
836300,6.0,6.0
836350,19.0,21.0
836440,65.0,82.0
836450,531.0,573.0
836460,8.0,10.0
836490,515.0,552.0
836540,35.0,40.0
836550,25.0,27.0
836560,26.0,28.0
836610,23.0,24.0
836640,1554.0,1896.0
836680,4.0,4.0
836940,325.0,360.0
837040,106.0,110.0
837180,4.0,4.0
837190,80.0,84.0
837200,38.0,50.0
837280,18.0,19.0
837310,50.0,61.0
837330,25.0,28.0
837350,164.0,168.0
837460,216.0,261.0
837470,18963.0,19805.0
837500,3.0,3.0
837590,244.0,321.0
837610,466.0,541.0
837640,52.0,63.0
837850,49.0,53.0
837880,462.0,532.0
837930,19.0,25.0
837940,78.0,84.0
837950,7.0,8.0
838010,101.0,125.0
838070,6.0,6.0
838100,26.0,26.0
838110,124.0,148.0
838180,56.0,69.0
838190,21.0,23.0
838310,3889.0,4119.0
838340,28.0,33.0
838390,226.0,238.0
838440,7.0,7.0
838490,27.0,29.0
838620,140.0,150.0
838700,13.0,13.0
838710,2.0,2.0
838720,6.0,6.0
838750,4.0,5.0
838990,109.0,127.0
839010,2.0,2.0
839020,39.0,50.0
839080,143.0,172.0
839130,1.0,1.0
839180,2.0,2.0
839200,674.0,869.0
839210,11.0,13.0
839230,25.0,27.0
839240,91.0,96.0
839280,119.0,130.0
839310,788.0,967.0
839330,140.0,150.0
839340,90.0,99.0
839350,13.0,13.0
839410,34.0,38.0
839420,175.0,217.0
839450,581.0,762.0
839460,3.0,3.0
839560,183.0,215.0
839570,19.0,22.0
839670,50.0,57.0
839740,89.0,116.0
839850,106.0,113.0
839870,429.0,442.0
839910,1135.0,1325.0
839940,25.0,26.0
839960,20.0,22.0
840010,2197.0,2422.0
840060,103.0,130.0
840100,146.0,183.0
840160,12.0,12.0
840230,9.0,10.0
840240,22.0,28.0
840260,3310.0,4222.0
840300,15.0,15.0
840310,55.0,57.0
840380,12.0,12.0
840410,129.0,152.0
840430,41.0,46.0
840610,136.0,151.0
840700,86.0,107.0
840720,1534.0,1925.0
840790,4.0,4.0
840810,3.0,3.0
840830,2.0,2.0
840860,1.0,1.0
840910,16.0,18.0
840920,5.0,6.0
840930,214.0,235.0
840980,13.0,16.0
841010,13.0,14.0
841110,6.0,7.0
841210,46.0,57.0
841270,184.0,215.0
841440,7.0,8.0
841470,3.0,3.0
841500,43.0,53.0
841580,1.0,1.0
841600,87.0,92.0
841660,115.0,133.0
841680,8.0,9.0
841770,916.0,967.0
841830,6.0,6.0
841870,9.0,10.0
841950,16.0,21.0
841970,1.0,1.0
841980,17.0,21.0
842090,1.0,1.0
842120,12.0,15.0
842140,67.0,77.0
842170,116.0,128.0
842180,1821.0,2080.0
842430,15.0,16.0
842470,6.0,6.0
842500,51.0,65.0
842750,106.0,112.0
842760,4.0,4.0
842770,12.0,12.0
842780,1526.0,1684.0
842810,333.0,404.0
842910,1141.0,1281.0
842990,8.0,8.0
843010,26.0,32.0
843020,25.0,29.0
843050,61.0,74.0
843080,16.0,19.0
843120,13.0,15.0
843170,58.0,62.0
843180,112.0,119.0
843200,1390.0,1558.0
843230,7.0,8.0
843250,79.0,102.0
843260,1300.0,1366.0
843370,13.0,13.0
843380,38541.0,41116.0
843390,2101.0,2181.0
843430,145.0,154.0
843440,152.0,163.0
843510,18.0,22.0
843560,11.0,11.0
843590,29.0,29.0
843620,13.0,14.0
843630,18.0,23.0
843640,26.0,33.0
843660,309.0,370.0
843700,9.0,11.0
843710,9.0,9.0
843740,21.0,25.0
843810,1422.0,1673.0
843840,12.0,13.0
843900,89.0,108.0
843920,3.0,3.0
843980,2.0,2.0
844020,1.0,1.0
844040,179.0,221.0
844130,65.0,73.0
844180,64.0,80.0
844260,1207.0,1600.0
844380,265.0,349.0
844420,127.0,154.0
844430,1.0,1.0
844440,14.0,15.0
844590,4335.0,4466.0
844660,798.0,834.0
844670,284.0,286.0
844860,74.0,88.0
844920,279.0,338.0
844930,5306.0,5446.0
844960,234.0,308.0
844970,9.0,9.0
845030,155.0,164.0
845040,40.0,43.0
845050,70.0,75.0
845070,12819.0,13833.0
845110,1.0,1.0
845160,3.0,3.0
845210,90.0,114.0
845270,67.0,72.0
845350,14.0,17.0
845380,67.0,85.0
845510,1.0,1.0
845600,8.0,8.0
845650,20.0,22.0
845690,77.0,86.0
845750,23.0,27.0
845840,17.0,19.0
845860,16.0,17.0
845880,1086.0,1163.0
845890,1196.0,1392.0
845900,34.0,44.0
845940,9.0,10.0
845990,2.0,2.0
846030,2479.0,2646.0
846080,27.0,30.0
846110,2321.0,2605.0
846220,3.0,3.0
846320,1.0,1.0
846340,31.0,35.0
846470,2957.0,3108.0
846670,181.0,194.0
846690,84.0,89.0
846700,56.0,61.0
846710,26.0,33.0
846770,9109.0,9972.0
846800,727.0,811.0
846870,998.0,1209.0
846880,174.0,184.0
847100,4.0,4.0
847290,29.0,33.0
847360,544.0,634.0
847370,10925.0,12112.0
847460,2.0,2.0
847490,7.0,9.0
847530,56.0,63.0
847560,31.0,32.0
847590,14.0,18.0
847680,36.0,37.0
847780,25.0,30.0
847790,16.0,17.0
847800,4.0,4.0
847900,22.0,23.0
847940,2.0,2.0
847950,34.0,43.0
848030,445.0,537.0
848050,370.0,398.0
848060,161.0,200.0
848070,2.0,2.0
848080,75.0,82.0
848090,1.0,1.0
848100,1.0,1.0
848230,40.0,43.0
848270,6.0,7.0
848330,28.0,37.0
848340,16.0,19.0
848350,5307.0,5695.0
848430,26.0,31.0
848450,82831.0,91170.0
848480,3877.0,4075.0
848520,76.0,86.0
848660,9.0,9.0
848700,81.0,86.0
848770,16.0,16.0
848780,1.0,1.0
848920,3.0,3.0
848930,67.0,82.0
849000,16.0,17.0
849210,115.0,125.0
849280,16.0,18.0
849410,5.0,6.0
849520,20.0,25.0
849630,18.0,18.0
849670,36.0,40.0
849680,57.0,63.0
849740,991.0,1099.0
849800,52.0,55.0
849980,6.0,6.0
850000,2295.0,2389.0
850020,1.0,1.0
850040,16.0,17.0
850050,294.0,345.0
850060,87.0,110.0
850190,4723.0,4849.0
850320,748.0,878.0
850330,102.0,124.0
850340,3.0,3.0
850500,40.0,44.0
850710,21.0,24.0
850760,58.0,64.0
850820,79.0,105.0
850880,7.0,7.0
850920,10.0,10.0
850930,2.0,2.0
850980,448.0,537.0
851100,13228.0,13543.0
851150,92.0,122.0
851180,155.0,206.0
851280,224.0,293.0
851320,1.0,1.0
851490,1.0,1.0
851530,807.0,856.0
851640,93.0,106.0
851670,548.0,578.0
851730,186.0,202.0
851790,35.0,46.0
851800,2386.0,2993.0
851840,25.0,29.0
851850,48617.0,52192.0
851890,1871.0,2236.0
851950,340.0,359.0
852090,513.0,517.0
852110,1347.0,1395.0
852190,5.0,5.0
852220,1140.0,1486.0
852250,27.0,35.0
852300,261.0,331.0
852310,1.0,1.0
852320,10.0,10.0
852340,309.0,338.0
852390,20.0,21.0
852450,13.0,15.0
852480,1210.0,1296.0
852530,7.0,8.0
852590,10.0,11.0
852760,1.0,1.0
852780,404.0,462.0
852790,107.0,126.0
852880,1.0,1.0
852900,31.0,38.0
852910,294.0,327.0
853050,157.0,193.0
853200,177.0,205.0
853220,16.0,21.0
853250,89.0,95.0
853290,2.0,2.0
853300,26.0,27.0
853310,44.0,53.0
853320,16.0,21.0
853410,14.0,15.0
853450,1015.0,1142.0
853500,369.0,415.0
853550,2690.0,2902.0
853590,11.0,12.0
853610,11.0,13.0
853650,35.0,39.0
853700,2.0,2.0
853770,3250.0,3613.0
853780,34.0,42.0
853860,235.0,297.0
853980,19.0,20.0
854120,26.0,26.0
854210,15.0,17.0
854250,234.0,264.0
854330,11.0,13.0
854390,12.0,14.0
854450,21.0,22.0
854570,524.0,623.0
854600,5.0,5.0
854670,5.0,5.0
854680,4.0,5.0
854830,13.0,14.0
854860,357.0,420.0
854870,117.0,132.0
854940,1016.0,1119.0
854950,2.0,2.0
855010,701.0,933.0
855060,2.0,2.0
855510,12.0,13.0
855530,18.0,21.0
855620,4.0,4.0
855630,617.0,702.0
855640,1734.0,1795.0
855730,12.0,14.0
855740,3262.0,3716.0
855760,2.0,2.0
855770,11.0,12.0
855850,148.0,164.0
855860,2727.0,3042.0
856040,1.0,1.0
856060,31.0,32.0
856070,9.0,9.0
856100,2.0,2.0
856110,20.0,21.0
856160,2.0,2.0
856220,39.0,46.0
856310,4.0,5.0
856450,30.0,32.0
856540,87.0,88.0
856550,6.0,7.0
856570,69.0,71.0
856600,136.0,151.0
856670,14.0,14.0
856880,229.0,289.0
856890,199.0,207.0
857080,189.0,212.0
857200,43.0,46.0
857320,198.0,238.0
857350,251.0,314.0
857410,7.0,8.0
857450,1501.0,1575.0
857460,32.0,37.0
857470,79.0,91.0
857500,85.0,93.0
857690,539.0,577.0
857710,30.0,35.0
857740,32.0,39.0
857850,27.0,35.0
857860,11.0,12.0
857900,24.0,30.0
857940,442.0,504.0
857950,114.0,124.0
857980,4455.0,5189.0
858040,191.0,205.0
858050,74.0,75.0
858070,5.0,5.0
858080,7.0,8.0
858210,12217.0,12772.0
858260,2971.0,3150.0
858320,7.0,7.0
858360,87.0,97.0
858600,1.0,1.0
858630,147.0,188.0
858710,2172.0,2275.0
858740,9.0,11.0
858760,937.0,959.0
858810,14445.0,16638.0
858830,15.0,15.0
858860,86.0,96.0
858880,31.0,33.0
858940,1146.0,1154.0
858960,35.0,43.0
859050,1.0,1.0
859090,144.0,162.0
859220,18.0,23.0
859370,38.0,45.0
859380,4.0,5.0
859570,15537.0,17927.0
859640,49.0,54.0
859660,3.0,3.0
859680,1108.0,1161.0
859700,174.0,219.0
859740,29.0,35.0
859820,11.0,12.0
859910,1.0,1.0
859950,3.0,3.0
859960,9.0,9.0
859990,39.0,44.0
860000,19.0,23.0
860030,6.0,7.0
860070,11.0,14.0
860080,28.0,36.0
860090,24.0,29.0
860510,36274.0,38493.0
860550,19.0,20.0
860590,14.0,17.0
860650,156.0,201.0
860860,326.0,411.0
860870,4.0,4.0
860880,13.0,17.0
860890,3829.0,4216.0
860910,989.0,1274.0
860950,5586.0,5811.0
861030,91.0,119.0
861230,19.0,22.0
861240,19.0,19.0
861250,1159.0,1384.0
861270,173.0,191.0
861330,197.0,206.0
861400,209.0,226.0
861520,33.0,34.0
861540,9567.0,10685.0
861580,3.0,3.0
861590,53.0,70.0
861650,11268.0,13439.0
861710,106.0,124.0
861770,1.0,1.0
861860,4.0,4.0
861930,240.0,276.0
862110,74.0,79.0
862130,51.0,51.0
862160,66.0,73.0
862200,3.0,3.0
862240,5.0,6.0
862250,9.0,9.0
862260,25.0,32.0
862370,9.0,11.0
862440,555.0,626.0
862460,17.0,19.0
862480,466.0,578.0
862570,792.0,815.0
862580,482.0,593.0
862690,3846.0,4341.0
862700,18.0,21.0
862740,56.0,67.0
862770,42.0,49.0
862800,2094.0,2349.0
862920,48.0,61.0
863190,7.0,8.0
863230,39.0,50.0
863270,2.0,2.0
863280,8.0,9.0
863400,191.0,212.0
863430,20.0,21.0
863470,20.0,24.0
863500,518.0,567.0
863570,1403.0,1694.0
863590,1688.0,1853.0
863610,2.0,2.0
863730,62.0,78.0
863810,20.0,25.0
863900,70.0,93.0
863920,5.0,6.0
863940,43.0,47.0
863970,9.0,10.0
864020,7.0,9.0
864060,850.0,915.0
864100,212.0,223.0
864110,14.0,16.0
864190,5.0,5.0
864300,435.0,462.0
864360,2.0,2.0
864370,2.0,2.0
864420,35.0,39.0
864430,62.0,73.0
864450,52.0,67.0
864480,2.0,2.0
864510,23.0,27.0
864540,323.0,375.0
864550,185.0,240.0
864610,41.0,51.0
864680,479.0,618.0
864700,617.0,821.0
864740,28.0,35.0
864860,176.0,205.0
864960,3.0,3.0
864970,53.0,63.0
865030,17.0,17.0
865040,768.0,815.0
865060,26.0,26.0
865090,1214.0,1369.0
865170,4.0,4.0
865180,56.0,69.0
865220,41.0,47.0
865270,162.0,168.0
865360,12276.0,14563.0
865370,22.0,28.0
865410,1.0,1.0
865540,1102.0,1164.0
865570,1518.0,1639.0
865630,8.0,9.0
865680,667.0,763.0
865750,6.0,6.0
865760,3.0,3.0
865770,26.0,32.0
865800,12.0,13.0
865820,632.0,735.0
865830,490.0,563.0
865880,179.0,186.0
865930,125.0,154.0
865940,199.0,253.0
865990,5.0,6.0
866040,7.0,8.0
866080,5.0,5.0
866130,4.0,4.0
866140,1877.0,2046.0
866190,337.0,386.0
866270,40.0,45.0
866400,61.0,70.0
866420,207.0,215.0
866440,4615.0,4861.0
866450,10.0,12.0
866500,5.0,5.0
866540,747.0,790.0
866730,4.0,4.0
866740,16.0,19.0
866750,9.0,9.0
866790,4.0,4.0
866800,17204.0,18126.0
866960,11.0,14.0
867050,167.0,191.0
867110,13.0,14.0
867130,8.0,8.0
867140,198.0,252.0
867180,320.0,373.0
867210,8122.0,9395.0
867250,25.0,30.0
867380,388.0,413.0
867390,22.0,28.0
867470,6.0,7.0
867490,505.0,568.0
867510,12.0,12.0
867640,10.0,13.0
867700,57.0,69.0
867750,6.0,7.0
867790,6.0,7.0
867920,2.0,2.0
867960,219.0,271.0
867980,47.0,51.0
868010,7.0,8.0
868020,1227.0,1408.0
868070,14.0,17.0
868080,261.0,321.0
868090,40.0,53.0
868130,16.0,19.0
868150,254.0,328.0
868180,4.0,4.0
868200,2.0,2.0
868210,1.0,1.0
868230,61.0,72.0
868240,7.0,8.0
868360,6847.0,7757.0
868430,3.0,3.0
868500,35.0,37.0
868520,2865.0,2991.0
868550,58.0,77.0
868580,57.0,70.0
868600,1.0,1.0
868660,14.0,17.0
868730,3.0,3.0
868780,24.0,30.0
868830,9.0,9.0
868880,12.0,13.0
868910,5.0,6.0
868930,16.0,19.0
868940,27.0,31.0
868980,972.0,1003.0
869010,2.0,2.0
869030,12.0,15.0
869090,1.0,1.0
869120,7.0,8.0
869170,243.0,287.0
869260,18.0,22.0
869290,21.0,24.0
869300,39.0,48.0
869350,83.0,87.0
869370,5.0,5.0
869400,10.0,13.0
869440,5.0,6.0
869490,32.0,35.0
869500,7.0,7.0
869540,24.0,27.0
869550,14.0,16.0
869580,1.0,1.0
869620,63.0,74.0
869640,11.0,12.0
869690,269.0,288.0
869760,3105.0,3566.0
869840,246.0,256.0
869850,8.0,9.0
869870,55.0,67.0
869910,8.0,8.0
870030,3.0,3.0
870090,20.0,21.0
870110,92.0,111.0
870140,16.0,17.0
870190,7.0,9.0
870200,2635.0,2914.0
870260,13.0,13.0
870290,312.0,406.0
870510,2.0,2.0
870590,7.0,7.0
870670,18.0,20.0
870690,188.0,206.0
870730,37.0,43.0
870740,8.0,10.0
870780,41083.0,46994.0
870800,36.0,41.0
870820,331.0,374.0
870870,34.0,37.0
870890,66.0,69.0
871100,355.0,415.0
871170,266.0,305.0
871190,61.0,65.0
871200,548.0,656.0
871280,118.0,123.0
871290,4.0,5.0
871330,10.0,11.0
871390,11.0,14.0
871410,15.0,18.0
871510,20.0,26.0
871540,1536.0,2014.0
871570,192.0,202.0
871580,5.0,5.0
871720,54157.0,56897.0
871920,20.0,24.0
871930,755.0,843.0
871940,68.0,90.0
871950,329.0,379.0
871970,1.0,1.0
871980,2491.0,3109.0
872040,24.0,31.0
872060,25.0,28.0
872110,30.0,34.0
872130,616.0,656.0
872220,17.0,21.0
872230,1.0,1.0
872240,216.0,254.0
872270,2.0,2.0
872360,4.0,5.0
872380,32.0,35.0
872470,44.0,51.0
872580,37.0,41.0
872590,4.0,5.0
872600,59.0,71.0
872670,8221.0,10458.0
872700,34.0,36.0
872750,223.0,245.0
872790,10819.0,12478.0
872810,22.0,24.0
872820,332.0,402.0
872860,4.0,4.0
872970,96.0,112.0
872990,44.0,48.0
873000,2.0,2.0
873040,1.0,1.0
873070,40.0,42.0
873190,1533.0,1765.0
873200,303.0,316.0
873230,163.0,174.0
873250,14.0,17.0
873270,372.0,413.0
873280,4.0,5.0
873330,2.0,2.0
873390,45.0,46.0
873410,18.0,23.0
873470,6.0,7.0
873490,114.0,141.0
873500,17.0,21.0
873560,86.0,93.0
873570,9.0,9.0
873610,113.0,135.0
873720,10.0,12.0
873830,10.0,11.0
873890,242.0,257.0
873940,3543.0,4115.0
874010,72.0,92.0
874040,348.0,416.0
874060,15.0,16.0
874080,4.0,4.0
874260,10033.0,10449.0
874370,73.0,90.0
874390,4405.0,4695.0
874440,42.0,49.0
874760,18.0,23.0
874770,19.0,21.0
875080,10.0,11.0
875110,20.0,23.0
875240,128.0,158.0
875270,12.0,13.0
875300,59.0,62.0
875310,604.0,779.0
875400,21.0,23.0
875460,17.0,19.0
875510,6.0,7.0
875520,6.0,7.0
875610,423.0,428.0
875640,3.0,3.0
875660,13.0,13.0
875740,262.0,319.0
875790,2.0,2.0
875810,9.0,11.0
875830,62.0,78.0
875930,131.0,137.0
876100,2.0,2.0
876120,3.0,3.0
876130,9.0,11.0
876160,1172.0,1265.0
876180,18.0,19.0
876270,1.0,1.0
876310,47.0,59.0
876320,41.0,45.0
876480,5.0,5.0
876500,32.0,37.0
876580,1.0,1.0
876650,1637.0,1744.0
876660,7.0,7.0
876780,9.0,10.0
876850,1133.0,1204.0
876890,31.0,35.0
876900,293.0,386.0
877040,14.0,18.0
877060,3.0,3.0
877180,6.0,6.0
877200,3646.0,4728.0
877270,8.0,10.0
877280,1427.0,1535.0
877310,7.0,8.0
877330,41.0,53.0
877340,1.0,1.0
877440,20.0,21.0
877480,6.0,7.0
877550,20.0,26.0
877610,11.0,13.0
877710,3.0,3.0
877810,669.0,705.0
877850,231.0,277.0
877870,18.0,20.0
877910,84.0,98.0
877940,18.0,19.0
878020,42.0,49.0
878030,2.0,2.0
878090,25.0,26.0
878110,69.0,91.0
878140,11.0,13.0
878150,27.0,29.0
878170,59.0,73.0
878250,38.0,40.0
878280,17.0,22.0
878290,27.0,32.0
878320,670.0,800.0
878330,17.0,20.0
878340,3.0,3.0
878380,3222.0,4006.0
878440,9.0,9.0
878610,1.0,1.0
878620,9.0,10.0
878680,41.0,46.0
878750,13276.0,14321.0
878770,9.0,9.0
878910,2.0,2.0
879030,14.0,18.0
879050,82.0,93.0
879060,43.0,57.0
879140,66.0,70.0
879250,144.0,178.0
879280,36.0,45.0
879290,17.0,17.0
879390,6.0,7.0
879430,38.0,42.0
879490,19.0,20.0
879510,1404.0,1568.0
879520,8.0,9.0
879550,1.0,1.0
879740,20.0,24.0
879920,2.0,2.0
880130,92.0,103.0
880180,10.0,11.0
880340,4.0,4.0
880370,11.0,12.0
880400,530.0,577.0
880490,203.0,226.0
880510,1707.0,1933.0
880570,17.0,19.0
880580,571.0,636.0
880610,35.0,38.0
880720,5.0,5.0
880730,215.0,229.0
880830,13.0,16.0
880870,17.0,17.0
880940,45350.0,51072.0
880950,3394.0,3512.0
881020,36330.0,40706.0
881040,261.0,273.0
881090,25.0,28.0
881100,67384.0,70752.0
881110,12.0,13.0
881130,60.0,68.0
881260,4.0,5.0
881420,350.0,429.0
881470,16.0,16.0
881560,367.0,456.0
881620,2.0,2.0
881680,103.0,124.0
881980,8.0,10.0
882020,559.0,662.0
882080,17.0,18.0
882110,456.0,463.0
882140,699.0,722.0
882150,55.0,68.0
882190,12.0,13.0
882210,50.0,55.0
882220,67.0,89.0
882250,267.0,338.0
882290,8.0,10.0
882410,332.0,393.0
882590,174.0,204.0
882640,43.0,55.0
882650,3.0,3.0
882680,69.0,80.0
882700,2.0,2.0
882710,1281.0,1330.0
882790,11953.0,13146.0
882840,7.0,8.0
882860,2.0,2.0
882900,137.0,163.0
882960,600.0,757.0
883020,78.0,95.0
883070,406.0,458.0
883080,332.0,405.0
883100,572.0,640.0
883130,420.0,481.0
883160,1.0,1.0
883230,38.0,38.0
883280,6.0,6.0
883330,17.0,19.0
883360,1141.0,1290.0
883400,1.0,1.0
883560,27.0,31.0
883590,386.0,398.0
883630,6.0,6.0
883710,156791.0,161710.0
883780,1.0,1.0
883810,6.0,7.0
883830,10.0,11.0
883870,93.0,99.0
883900,4.0,5.0
884080,4.0,4.0
884160,11.0,13.0
884180,85.0,104.0
884260,2602.0,2719.0
884270,8.0,9.0
884350,23.0,28.0
884370,12.0,13.0
884400,15.0,17.0
884420,19.0,24.0
884470,5.0,5.0
884610,1.0,1.0
884630,3.0,3.0
884660,30335.0,38446.0
884830,51.0,58.0
884910,1.0,1.0
884960,30.0,33.0
884980,48.0,51.0
885000,1358.0,1473.0
885030,64.0,79.0
885080,1.0,1.0
885120,83.0,93.0
885140,822.0,1014.0
885150,1090.0,1250.0
885290,12.0,14.0
885300,3.0,3.0
885440,72.0,90.0
885470,96.0,103.0
885510,105.0,114.0
885530,6.0,6.0
885570,1075.0,1376.0
885640,812.0,1018.0
885650,117.0,128.0
885780,31.0,40.0
885790,19.0,20.0
885810,3026.0,3150.0
885910,130.0,156.0
885940,354.0,417.0
885950,120.0,126.0
885970,8367.0,11114.0
886070,115.0,127.0
886110,122.0,139.0
886180,20.0,23.0
886200,89.0,98.0
886250,5093.0,6262.0
886330,9.0,11.0
886350,6.0,7.0
886380,22.0,22.0
886400,1.0,1.0
886460,138.0,168.0
886480,1.0,1.0
886490,21.0,25.0
886530,1.0,1.0
886600,6.0,7.0
886630,48.0,52.0
886650,1.0,1.0
886670,10.0,13.0
886730,104.0,117.0
886780,2.0,2.0
886820,197.0,256.0
886830,5.0,6.0
886950,29.0,35.0
887060,645.0,843.0
887090,62.0,79.0
887160,71.0,75.0
887280,1.0,1.0
887300,9.0,11.0
887330,40.0,46.0
887340,107.0,132.0
887400,281.0,359.0
887440,9.0,11.0
887510,26.0,26.0
887530,564.0,724.0
887550,37.0,40.0
887570,2597.0,3122.0
887590,1.0,1.0
887660,7.0,8.0
887730,16.0,20.0
887750,6.0,6.0
887820,167.0,201.0
887890,13.0,14.0
887900,117.0,136.0
887920,4.0,4.0
887930,7.0,8.0
888010,59.0,69.0
888040,382.0,405.0
888090,2061.0,2197.0
888150,1.0,1.0
888200,5.0,6.0
888220,12.0,14.0
888310,5.0,5.0
888380,6.0,7.0
888480,2.0,2.0
888530,493.0,602.0
888630,140.0,178.0
888640,4.0,5.0
888680,41.0,51.0
888790,2155.0,2312.0
888900,11.0,11.0
888990,71.0,72.0
889080,281.0,318.0
889100,9.0,10.0
889150,5.0,5.0
889210,4.0,5.0
889220,44.0,52.0
889240,79.0,100.0
889260,30.0,31.0
889280,47.0,57.0
889290,1.0,1.0
889320,32.0,36.0
889400,20.0,20.0
889450,8.0,8.0
889480,581.0,631.0
889510,2073.0,2222.0
889520,32.0,37.0
889700,203.0,216.0
889710,182.0,210.0
889720,34.0,45.0
889740,63.0,67.0
889770,284.0,361.0
889910,1184.0,1311.0
890070,151.0,164.0
890130,48.0,52.0
890220,122.0,151.0
890280,41.0,51.0
890300,38.0,48.0
890310,64.0,66.0
890520,101.0,131.0
890550,2459.0,2828.0
890570,165.0,218.0
890590,15.0,18.0
890630,5.0,5.0
890700,31.0,34.0
890720,1785.0,2051.0
890740,4.0,4.0
890750,97.0,97.0
890880,451.0,520.0
890890,33.0,38.0
890900,1.0,1.0
890910,2.0,2.0
890960,1.0,1.0
890970,371.0,433.0
890990,1.0,1.0
891040,7600.0,8684.0
891110,7.0,7.0
891120,13.0,16.0
891130,143.0,155.0
891170,160.0,182.0
891220,1290.0,1466.0
891340,4.0,4.0
891360,633.0,798.0
891370,172.0,212.0
891490,13.0,17.0
891510,692.0,733.0
891710,18.0,20.0
891720,23.0,28.0
891790,117.0,133.0
891850,5.0,5.0
891960,58.0,64.0
892380,127.0,145.0
892470,25.0,25.0
892550,63.0,82.0
892560,39.0,42.0
892630,621.0,777.0
892760,388.0,485.0
892780,61.0,64.0
892830,34.0,39.0
892840,15.0,17.0
892860,458.0,602.0
892880,42.0,52.0
892970,442756.0,468964.0
892980,20.0,22.0
892990,64.0,64.0
893030,3229.0,3658.0
893050,531.0,655.0
893170,1.0,1.0
893180,8174.0,9343.0
893390,281.0,329.0
893470,33.0,34.0
893480,3.0,3.0
893560,35.0,42.0
893610,72.0,83.0
893620,19.0,22.0
893640,19.0,24.0
893680,4383.0,5023.0
893690,96.0,107.0
893710,7.0,7.0
893720,725.0,832.0
893790,303.0,321.0
893810,6.0,7.0
893840,110.0,120.0
893850,5762.0,6251.0
893900,54.0,54.0
893910,10.0,10.0
894000,59.0,65.0
894020,16038.0,17163.0
894090,3.0,3.0
894120,4.0,5.0
894160,12.0,12.0
894270,57.0,72.0
894310,19.0,21.0
894330,17.0,22.0
894340,89.0,100.0
894360,1.0,1.0
894380,24.0,30.0
894420,42.0,45.0
894430,18.0,19.0
894460,106.0,114.0
894540,34.0,41.0
894570,12.0,13.0
894620,97.0,113.0
894630,298.0,371.0
894730,10.0,13.0
894790,2.0,2.0
894890,1.0,1.0
894940,6102.0,6528.0
894960,9.0,9.0
895000,11.0,11.0
895120,20.0,23.0
895140,176.0,192.0
895170,11.0,12.0
895220,719.0,792.0
895370,7.0,9.0
895400,26926.0,34895.0
895420,237.0,267.0
895470,49.0,58.0
895480,134.0,150.0
895510,2.0,2.0
895540,1.0,1.0
895600,81.0,93.0
895610,5.0,5.0
895620,3204.0,3866.0
895650,7.0,8.0
895670,587.0,685.0
895760,11.0,12.0
895820,10.0,13.0
895860,12.0,15.0
895870,16204.0,17348.0
895900,1.0,1.0
895930,4.0,4.0
895990,80.0,103.0
896040,55.0,62.0
896110,4.0,4.0
896160,1327.0,1729.0
896340,45.0,55.0
896350,1.0,1.0
896370,5.0,6.0
896400,17.0,18.0
896460,434.0,457.0
896500,23.0,29.0
896520,1251.0,1315.0
896550,15.0,16.0
896570,27.0,31.0
896590,502.0,633.0
896670,54.0,65.0
896750,303.0,362.0
896890,1094.0,1293.0
896960,147.0,169.0
896980,4.0,5.0
897000,4.0,4.0
897010,2.0,2.0
897020,20.0,24.0
897120,157.0,164.0
897210,1.0,1.0
897220,3571.0,3614.0
897270,10.0,12.0
897330,7110.0,7374.0
897360,3.0,3.0
897450,6430.0,8367.0
897560,2.0,2.0
897580,1.0,1.0
897610,78.0,85.0
897630,90.0,110.0
897690,76.0,81.0
897740,8.0,9.0
897760,62.0,67.0
897800,53.0,54.0
897820,772.0,987.0
897890,7.0,9.0
897900,13.0,13.0
897930,229.0,273.0
898030,1.0,1.0
898080,129.0,149.0
898160,233.0,301.0
898240,11.0,14.0
898260,21.0,24.0
898450,251.0,267.0
898560,1.0,1.0
898580,394.0,415.0
898650,1174.0,1515.0
898720,604.0,747.0
898750,5029.0,5784.0
898780,121.0,145.0
898790,28.0,29.0
898800,365.0,413.0
898830,6.0,6.0
898890,1844.0,1920.0
898910,15.0,15.0
898920,3438.0,4417.0
899000,3.0,3.0
899100,19.0,24.0
899160,284.0,318.0
899180,41.0,48.0
899190,142.0,151.0
899270,52.0,52.0
899290,113.0,121.0
899340,15.0,15.0
899440,7188.0,9028.0
899470,103.0,125.0
899530,22.0,29.0
899590,20.0,25.0
899610,209.0,222.0
899760,65.0,71.0
899770,75808.0,98547.0
899930,142.0,183.0
899960,96.0,106.0
899970,3625.0,3723.0
900050,114.0,130.0
900060,3.0,3.0
900270,8431.0,8882.0
900380,15.0,17.0
900390,2.0,2.0
900400,417.0,438.0
900490,32.0,32.0
900790,64.0,76.0
901020,2.0,2.0
903040,183.0,224.0
903150,27.0,30.0
903180,11.0,13.0
903280,29.0,34.0
903450,6.0,6.0
903580,22.0,24.0
903630,126.0,129.0
903640,5.0,6.0
903700,1.0,1.0
903780,15.0,17.0
903790,3.0,3.0
903850,35.0,41.0
903910,15.0,16.0
904130,39.0,51.0
904160,17.0,21.0
904320,182.0,189.0
904400,198.0,226.0
904430,5.0,5.0
904500,31.0,34.0
904520,272.0,323.0
904530,6.0,6.0
904540,335.0,406.0
904570,247.0,267.0
904700,67.0,75.0
904740,825.0,870.0
904750,257.0,258.0
904770,2.0,2.0
904810,9.0,10.0
905010,2.0,2.0
905040,1.0,1.0
905070,13.0,14.0
905120,1.0,1.0
905260,7.0,9.0
905330,19.0,20.0
905340,2114.0,2310.0
905380,12.0,14.0
905450,394.0,518.0
905460,7.0,8.0
905510,14.0,18.0
905660,256.0,300.0
905800,20.0,26.0
905870,7.0,9.0
905880,6.0,7.0
905890,1.0,1.0
905970,452.0,538.0
906100,3588.0,4566.0
906110,53.0,53.0
906120,223.0,236.0
906280,26.0,27.0
906300,103.0,110.0
906310,6.0,6.0
906370,6.0,6.0
906390,863.0,953.0
906470,33.0,36.0
906600,59.0,62.0
906730,55.0,70.0
906870,1188.0,1458.0
906880,15.0,19.0
907000,216.0,223.0
907030,4.0,5.0
907090,557.0,605.0
907180,21.0,24.0
907190,4.0,5.0
907290,4.0,4.0
907310,256.0,302.0
907330,44.0,51.0
907350,34.0,43.0
907380,65.0,83.0
907390,8.0,8.0
907410,76.0,85.0
907470,2485.0,2805.0
907560,6.0,7.0
907600,136.0,150.0
907670,190.0,197.0
907760,554.0,639.0
907780,1.0,1.0
907820,96.0,110.0
907890,20.0,20.0
907900,9.0,10.0
908000,4.0,4.0
908010,9.0,10.0
908020,14.0,16.0
908050,275.0,341.0
908070,356.0,400.0
908100,1010.0,1107.0
908120,14.0,18.0
908150,7.0,7.0
908180,15.0,17.0
908290,1.0,1.0
908320,4.0,4.0
908360,268.0,287.0
908390,18.0,18.0
908480,23.0,26.0
908520,2041.0,2089.0
908560,36.0,37.0
908660,1.0,1.0
908690,4.0,5.0
908710,18.0,23.0
908790,78.0,101.0
908840,7.0,7.0
908940,4.0,5.0
908990,76.0,83.0
909080,9493.0,9750.0
909110,173.0,189.0
909190,315.0,320.0
909200,5.0,5.0
909220,17.0,20.0
909370,12.0,12.0
909380,274.0,286.0
909460,10.0,11.0
909480,34.0,39.0
909660,1093.0,1283.0
909670,95.0,102.0
909750,19.0,21.0
909820,540.0,593.0
910050,14.0,15.0
910190,17.0,18.0
910230,3.0,3.0
910320,255.0,335.0
910380,10.0,13.0
910390,26.0,31.0
910460,195.0,252.0
910470,53.0,54.0
910500,6.0,7.0
910590,10.0,13.0
910630,532.0,575.0
910660,10.0,12.0
910730,36.0,36.0
910770,1.0,1.0
910880,327.0,415.0
910990,14.0,17.0
911010,20.0,26.0
911100,14.0,14.0
911120,27.0,28.0
911220,623.0,731.0
911240,4.0,5.0
911250,150.0,159.0
911290,5.0,5.0
911310,24.0,30.0
911420,7.0,9.0
911500,1.0,1.0
911520,25.0,27.0
911540,13.0,13.0
911550,136.0,177.0
911580,15.0,15.0
911640,1.0,1.0
911660,2.0,2.0
911680,41.0,52.0
911760,24.0,28.0
911950,11.0,11.0
912070,16.0,19.0
912190,88.0,115.0
912250,18.0,22.0
912380,146.0,158.0
912390,8.0,10.0
912450,219.0,270.0
912500,7.0,9.0
912510,1.0,1.0
912550,33.0,41.0
912560,86.0,103.0
912570,488.0,628.0
912580,6.0,6.0
912730,7.0,9.0
912870,13.0,13.0
912900,37.0,45.0
912920,29.0,31.0
912990,2.0,2.0
913010,630.0,664.0
913060,931.0,997.0
913090,49.0,51.0
913100,17.0,21.0
913110,85.0,89.0
913120,12.0,12.0
913160,113.0,125.0
913210,3.0,3.0
913280,37.0,48.0
913320,47.0,50.0
913420,2.0,2.0
913500,7.0,9.0
913550,2597.0,2728.0
913600,103.0,113.0
913660,8.0,10.0
913670,12.0,13.0
913690,11.0,12.0
913710,50.0,66.0
913740,8391.0,9082.0
914000,39.0,45.0
914010,2087.0,2528.0
914020,1898.0,2113.0
914050,2.0,2.0
914170,249.0,312.0
914260,1880.0,2225.0
914290,285.0,370.0
914320,404.0,523.0
914400,94.0,109.0
914420,11.0,12.0
914430,253.0,275.0
914440,2.0,2.0
914450,37.0,46.0
914480,1.0,1.0
914600,1.0,1.0
914620,10010.0,12901.0
914690,978.0,1286.0
914710,5595.0,5835.0
914800,9909.0,10410.0
914850,141.0,173.0
914890,113.0,129.0
914930,9.0,9.0
915020,14.0,16.0
915060,21.0,24.0
915120,1.0,1.0
915130,134.0,155.0
915190,21.0,22.0
915230,304.0,351.0
915250,13.0,15.0
915300,5.0,5.0
915310,3987.0,4204.0
915330,41.0,50.0
915360,13.0,13.0
915380,6.0,7.0
915420,2.0,2.0
915460,2033.0,2212.0
915560,21.0,27.0
915570,5.0,6.0
915600,955.0,1250.0
915720,180.0,206.0
915730,13.0,15.0
915760,4.0,4.0
915770,7.0,7.0
915810,5544.0,7230.0
915850,34.0,35.0
915860,1.0,1.0
916030,38.0,39.0
916040,86.0,98.0
916050,217.0,261.0
916060,100.0,108.0
916120,4.0,4.0
916130,40.0,48.0
916140,149.0,166.0
916150,2.0,2.0
916160,216.0,254.0
916210,1.0,1.0
916240,19.0,22.0
916290,9.0,11.0
916320,18.0,18.0
916350,46.0,53.0
916380,7.0,8.0
916440,15679.0,19295.0
916480,10.0,11.0
916540,7.0,9.0
916580,18.0,23.0
916730,4002.0,4217.0
916840,8168.0,9359.0
916900,295.0,334.0
916950,78.0,92.0
916960,13.0,17.0
916970,6.0,7.0
917050,2.0,2.0
917130,5.0,5.0
917140,62.0,66.0
917200,23.0,27.0
917220,7.0,7.0
917290,296.0,304.0
917380,53.0,55.0
917680,2581.0,2702.0
917690,32.0,33.0
917720,1204.0,1490.0
917740,94.0,112.0
917770,7.0,7.0
917840,517.0,580.0
917870,24.0,26.0
917900,14.0,15.0
917910,22.0,24.0
917920,81.0,95.0
917950,262.0,293.0
918100,4.0,4.0
918110,49.0,65.0
918170,60.0,76.0
918300,1.0,1.0
918380,146.0,157.0
918480,2.0,2.0
918500,19.0,24.0
918530,110.0,122.0
918620,11.0,12.0
918670,103.0,114.0
918690,5.0,6.0
918700,10.0,10.0
918740,29.0,30.0
918780,13.0,15.0
918820,674.0,756.0
919150,7.0,9.0
919170,34.0,44.0
919260,324.0,409.0
919320,9.0,9.0
919330,241.0,315.0
919370,2428.0,3056.0
919400,12.0,14.0
919440,3.0,3.0
919640,6879.0,8629.0
919890,4.0,4.0
920190,523.0,618.0
920200,29.0,31.0
920210,39397.0,43296.0
920280,5.0,5.0
920320,812.0,877.0
920490,7016.0,8277.0
920500,9.0,11.0
920520,193.0,231.0
920580,5.0,5.0
920620,9.0,10.0
920640,11.0,11.0
920680,674.0,852.0
920770,20.0,21.0
920800,9.0,11.0
921050,7.0,8.0
921070,193.0,224.0
921420,2.0,2.0
921430,72.0,76.0
921520,26.0,34.0
921570,12503.0,14493.0
921650,1.0,1.0
921660,1.0,1.0
921700,283.0,299.0
921710,315.0,417.0
921720,4.0,4.0
921730,26.0,31.0
921740,4.0,5.0
921800,3403.0,4377.0
921840,6.0,6.0
921850,4.0,5.0
921890,4.0,4.0
921900,128.0,149.0
922020,8.0,9.0
922040,106.0,130.0
922050,217.0,256.0
922100,300.0,322.0
922140,120.0,158.0
922150,45.0,56.0
922170,7.0,7.0
922290,27.0,29.0
922400,432.0,450.0
922410,11.0,13.0
922460,2466.0,2631.0
922470,33.0,33.0
922490,11.0,11.0
922510,12.0,14.0
922520,19.0,19.0
922530,68.0,73.0
922550,114.0,133.0
922650,19.0,20.0
922700,80.0,88.0
922710,219.0,253.0
922820,17.0,18.0
922920,30.0,36.0
923050,3.0,3.0
923080,5.0,6.0
923230,24.0,30.0
923260,683.0,716.0
923350,19.0,24.0
923370,201.0,214.0
923390,1.0,1.0
923470,849.0,995.0
923500,8.0,10.0
923550,3.0,3.0
923570,382.0,456.0
923630,6.0,7.0
923650,5.0,6.0
923670,12.0,12.0
923710,45.0,58.0
923810,464.0,487.0
923840,137.0,178.0
923900,40.0,43.0
923910,474.0,496.0
924070,566.0,722.0
924130,3.0,3.0
924140,8598.0,9958.0
924240,1.0,1.0
924280,11.0,12.0
924310,19.0,25.0
924520,6.0,6.0
924530,6.0,7.0
924650,210.0,277.0
924750,517.0,624.0
924780,31.0,32.0
924790,6.0,6.0
924800,74.0,94.0
924870,6.0,7.0
924940,47.0,54.0
924980,4855.0,5278.0
925050,6.0,6.0
925060,16.0,18.0
925100,852.0,1030.0
925120,2.0,2.0
925160,10.0,10.0
925170,24.0,29.0
925280,1.0,1.0
925330,1.0,1.0
925340,42.0,42.0
925360,10.0,12.0
925370,30.0,31.0
925440,665.0,701.0
925460,287.0,299.0
925470,341.0,406.0
925490,23.0,28.0
925520,75.0,91.0
925550,77.0,87.0
925560,12.0,12.0
925640,4.0,4.0
925830,9.0,10.0
925900,51.0,55.0
925930,402.0,430.0
925950,1186.0,1287.0
926070,4.0,4.0
926100,8.0,8.0
926110,9.0,9.0
926120,11.0,13.0
926130,8.0,10.0
926140,2189.0,2398.0
926210,45.0,56.0
926250,10.0,10.0
926310,301.0,332.0
926340,1397.0,1452.0
926350,7.0,7.0
926390,338.0,399.0
926450,24.0,29.0
926460,2.0,2.0
926490,7.0,7.0
926510,4.0,4.0
926520,454.0,532.0
926540,287.0,378.0
926580,525.0,666.0
926610,4.0,4.0
926820,22.0,25.0
926860,249.0,275.0
926990,8416.0,8616.0
927080,8.0,8.0
927120,2.0,2.0
927150,13.0,13.0
927250,2716.0,3137.0
927310,218.0,269.0
927370,3.0,3.0
927380,14668.0,15401.0
927840,62.0,75.0
927850,36.0,38.0
927890,4430.0,4715.0
927930,58.0,77.0
927970,10.0,12.0
927990,761.0,845.0
928000,26.0,27.0
928160,5.0,6.0
928180,54.0,70.0
928230,9.0,11.0
928300,62.0,75.0
928350,10.0,12.0
928370,15.0,17.0
928390,249.0,286.0
928440,158.0,178.0
928480,49.0,51.0
928520,376.0,468.0
928660,21.0,26.0
928670,51.0,59.0
928680,42.0,42.0
928690,10.0,11.0
928950,966.0,1036.0
928970,42.0,42.0
929020,2.0,2.0
929120,54.0,60.0
929140,61.0,68.0
929170,25.0,32.0
929270,197.0,256.0
929320,42.0,43.0
929400,10.0,13.0
929410,8.0,10.0
929420,7.0,9.0
929600,34.0,41.0
929630,4.0,4.0
929640,9.0,10.0
929670,655.0,707.0
929740,26.0,27.0
929850,44.0,47.0
929910,14.0,14.0
930210,8371.0,9140.0
930290,1.0,1.0
930310,135.0,157.0
930320,25.0,32.0
930360,1.0,1.0
930430,4.0,4.0
930460,208.0,246.0
930500,7.0,8.0
930600,6.0,7.0
930630,24.0,24.0
930640,143.0,162.0
930690,3.0,3.0
930780,556.0,688.0
930840,30.0,34.0
930910,736.0,760.0
931000,438.0,561.0
931070,126.0,161.0
931090,36.0,40.0
931150,5.0,6.0
931200,7.0,7.0
931270,435.0,455.0
931280,1324.0,1675.0
931450,26.0,34.0
931460,2.0,2.0
931470,52.0,68.0
931500,1670.0,1788.0
931560,171.0,174.0
931620,9.0,10.0
931680,3.0,3.0
931690,5205.0,5698.0
931700,250.0,271.0
931780,12.0,12.0
931810,6.0,6.0
931860,75.0,87.0
931870,2.0,2.0
931880,5.0,5.0
931930,61.0,64.0
931950,122.0,153.0
932070,13.0,15.0
932120,29.0,36.0
932190,71.0,86.0
932220,91.0,97.0
932240,21.0,26.0
932270,9.0,9.0
932290,3.0,3.0
932300,5.0,6.0
932330,47.0,60.0
932420,34.0,35.0
932450,18.0,19.0
932500,104.0,108.0
932530,17.0,18.0
932560,4.0,4.0
932570,112.0,131.0
932800,29.0,35.0
932820,10.0,10.0
932850,1528.0,1743.0
932950,6.0,6.0
933030,5.0,5.0
933060,123.0,162.0
933110,37912.0,44718.0
933140,46.0,60.0
933160,25.0,29.0
933210,11.0,12.0
933250,13.0,16.0
933450,294.0,371.0
933660,20.0,23.0
933770,43.0,50.0
933820,7064.0,9145.0
933860,481.0,609.0
933940,716.0,836.0
934060,180.0,229.0
934070,45.0,46.0
934410,37.0,37.0
934480,3.0,3.0
934540,191.0,235.0
934550,1.0,1.0
934580,1009.0,1156.0
934630,30.0,36.0
934800,2.0,2.0
934810,33.0,42.0
934840,3205.0,3379.0
934850,202.0,230.0
934860,408.0,426.0
934930,850.0,1086.0
935070,270.0,316.0
935120,45.0,46.0
935250,12.0,14.0
935350,7.0,8.0
935360,31.0,40.0
935560,92.0,108.0
935580,562.0,602.0
935640,33.0,35.0
935750,15.0,19.0
935790,16.0,20.0
935860,30.0,37.0
935880,2649.0,2872.0
935920,138.0,167.0
935930,367.0,408.0
935970,58.0,63.0
936020,17.0,22.0
936140,576.0,713.0
936150,1.0,1.0
936160,536.0,580.0
936170,8.0,8.0
936180,251.0,313.0
936190,259.0,271.0
936210,5.0,6.0
936270,2.0,2.0
936470,1.0,1.0
936510,2.0,2.0
936530,104.0,127.0
936580,1.0,1.0
936600,3.0,3.0
936630,12.0,12.0
936650,43.0,46.0
936700,28.0,28.0
936720,1311.0,1452.0
936740,37.0,46.0
936770,2.0,2.0
936780,1363.0,1583.0
936790,13070.0,14635.0
936820,36.0,43.0
937020,47.0,51.0
937090,3.0,3.0
937140,22.0,27.0
937170,7643.0,8059.0
937180,1.0,1.0
937280,13.0,14.0
937300,99.0,117.0
937310,3064.0,3335.0
937350,100.0,108.0
937380,277.0,364.0
937390,19.0,23.0
937490,34.0,35.0
937520,8.0,9.0
937570,157.0,161.0
937580,1233.0,1252.0
937770,47.0,61.0
937820,8.0,10.0
937850,260.0,276.0
937930,14.0,14.0
937940,170.0,224.0
937960,41.0,50.0
937980,67.0,89.0
938050,13.0,14.0
938070,12.0,12.0
938100,3.0,3.0
938170,4.0,4.0
938210,5.0,6.0
938220,892.0,1185.0
938240,20.0,22.0
938260,5.0,5.0
938270,172.0,208.0
938280,8.0,9.0
938300,151.0,194.0
938310,143.0,148.0
938340,1.0,1.0
938480,32.0,40.0
938560,5629.0,6168.0
938630,3.0,3.0
938680,1.0,1.0
938710,11.0,11.0
938810,232.0,247.0
938860,348.0,425.0
938960,4.0,5.0
938980,25.0,27.0
939000,208.0,271.0
939010,2.0,2.0
939230,14.0,17.0
939250,4.0,4.0
939330,873.0,919.0
939360,110.0,137.0
939400,29788.0,31952.0
939470,1.0,1.0
939560,4.0,4.0
939600,2321.0,2454.0
939620,1649.0,1805.0
939790,274.0,290.0
939850,8052.0,10682.0
939960,22526.0,29643.0
939970,20.0,21.0
939990,458.0,512.0
940140,28.0,30.0
940240,1.0,1.0
940320,4.0,4.0
940590,15.0,17.0
940640,18.0,21.0
940650,63.0,83.0
940680,1169.0,1417.0
940700,7.0,8.0
940710,1102.0,1249.0
940790,39.0,50.0
940800,43.0,44.0
940810,26.0,34.0
940850,6.0,7.0
940910,1948.0,2391.0
940920,12.0,13.0
940980,16.0,18.0
941000,11.0,11.0
941020,64.0,73.0
941030,5.0,5.0
941040,10.0,13.0
941050,3.0,3.0
941150,15.0,19.0
941300,152.0,180.0
941320,8.0,8.0
941350,8.0,10.0
941390,4.0,4.0
941410,60.0,72.0
941460,3217.0,3417.0
941480,297.0,367.0
941490,34.0,38.0
941530,1.0,1.0
941540,22.0,23.0
941580,1.0,1.0
941600,6.0,7.0
941620,3.0,3.0
941630,3.0,3.0
941640,25.0,28.0
941730,45.0,58.0
941890,20.0,20.0
942030,7.0,7.0
942050,136.0,159.0
942060,75.0,78.0
942140,1189.0,1456.0
942200,50.0,50.0
942250,25.0,28.0
942270,69.0,81.0
942390,33.0,33.0
942440,2.0,2.0
942520,38.0,38.0
942530,4.0,5.0
942600,119.0,137.0
942800,44.0,57.0
942850,431.0,456.0
942870,1.0,1.0
942930,628.0,683.0
942970,29264.0,30396.0
942990,20.0,21.0
943010,28.0,30.0
943040,9.0,9.0
943140,427.0,547.0
943170,126.0,146.0
943190,53.0,56.0
943370,594.0,775.0
943380,3150.0,3444.0
943390,167.0,201.0
943410,228.0,250.0
943510,16.0,16.0
943520,10.0,11.0
943590,6.0,7.0
943700,16351.0,17158.0
943810,76.0,93.0
943900,23.0,30.0
943920,7.0,7.0
943950,5.0,5.0
943970,7.0,9.0
943980,472.0,540.0
944010,997.0,1097.0
944020,2889.0,2975.0
944030,4.0,4.0
944050,40.0,43.0
944080,341.0,369.0
944180,65.0,84.0
944200,4.0,4.0
944220,2074.0,2199.0
944300,13.0,13.0
944330,532.0,637.0
944340,83.0,89.0
944430,112.0,123.0
944440,14.0,16.0
944450,24.0,31.0
944500,4.0,5.0
944530,10.0,11.0
944590,33.0,37.0
944610,18.0,21.0
944650,17.0,21.0
944690,17.0,20.0
944710,40.0,46.0
944730,10.0,13.0
944750,16.0,21.0
944810,35.0,37.0
944830,4.0,4.0
944910,27.0,33.0
944920,576.0,737.0
944960,3.0,3.0
945100,14.0,16.0
945240,8.0,9.0
945280,19.0,25.0
945310,7.0,9.0
945340,94.0,101.0
945360,634405.0,691054.0
945390,5.0,5.0
945440,126.0,139.0
945490,66.0,76.0
945500,11.0,13.0
945520,50.0,59.0
945530,3.0,3.0
945540,2.0,2.0
945580,43.0,46.0
945590,10.0,12.0
945710,1349.0,1793.0
945810,8.0,10.0
945920,22.0,29.0
946000,24.0,25.0
946010,256.0,291.0
946030,509.0,623.0
946040,285.0,358.0
946050,5004.0,5295.0
946090,574.0,727.0
946300,5.0,5.0
946330,3.0,3.0
946340,17.0,19.0
946380,28.0,36.0
946460,46.0,54.0
946560,97.0,105.0
946610,375.0,417.0
946650,193.0,240.0
946660,221.0,265.0
946690,8.0,9.0
946770,40.0,42.0
946780,133.0,160.0
946860,89.0,97.0
946950,1.0,1.0
947060,12.0,13.0
947120,44.0,48.0
947240,20.0,23.0
947260,10.0,13.0
947270,27.0,34.0
947300,1272.0,1442.0
947390,17.0,22.0
947430,24.0,24.0
947450,23.0,26.0
947600,1145.0,1315.0
947880,1.0,1.0
947890,77.0,98.0
947960,2.0,2.0
948020,42.0,46.0
948100,101.0,102.0
948220,25.0,33.0
948240,9.0,9.0
948320,83.0,109.0
948340,5.0,6.0
948420,26.0,28.0
948460,31.0,36.0
948630,935.0,1095.0
948660,13.0,16.0
948740,7043.0,7684.0
948770,141.0,165.0
948790,3.0,3.0
948830,1438.0,1555.0
948880,231.0,299.0
948900,563.0,607.0
948960,75.0,89.0
948990,51.0,59.0
949000,126.0,160.0
949030,67.0,82.0
949060,554.0,601.0
949070,7.0,9.0
949150,6.0,7.0
949200,305.0,356.0
949290,1470.0,1652.0
949370,391.0,406.0
949380,57.0,70.0
949390,23.0,24.0
949450,10.0,13.0
949480,983.0,1001.0
949600,273.0,279.0
949650,13.0,13.0
949670,28.0,32.0
949730,5.0,6.0
949770,49.0,52.0
949790,100.0,110.0
949800,125.0,156.0
949820,16.0,17.0
949860,2.0,2.0
949890,68.0,83.0
949990,27.0,33.0
950130,9.0,10.0
950140,140.0,145.0
950230,148.0,154.0
950300,180.0,204.0
950310,11.0,11.0
950380,26.0,34.0
950460,1240.0,1323.0
950530,704.0,880.0
950570,4.0,4.0
950620,735.0,763.0
950730,4.0,5.0
950740,902.0,976.0
950770,1.0,1.0
950810,13.0,17.0
950850,62.0,78.0
950860,1339.0,1514.0
950890,9.0,10.0
950900,3.0,3.0
951000,1498.0,1591.0
951050,21.0,25.0
951100,1.0,1.0
951130,64.0,82.0
951190,17.0,17.0
951220,21.0,22.0
951240,482.0,526.0
951260,132.0,172.0
951370,31.0,35.0
951420,2.0,2.0
951430,929.0,1208.0
951440,7040.0,8503.0
951450,9.0,11.0
951490,12.0,13.0
951530,206.0,268.0
951570,105.0,137.0
951670,249.0,313.0
951690,8.0,10.0
951700,24.0,27.0
951740,61.0,68.0
951750,322.0,382.0
951820,268.0,305.0
951830,596.0,623.0
951860,125.0,143.0
951930,114.0,147.0
951990,2.0,2.0
952000,6.0,6.0
952040,5204.0,5868.0
952050,12.0,14.0
952060,69319.0,85400.0
952140,1.0,1.0
952200,236.0,277.0
952250,1890.0,2196.0
952290,1241.0,1305.0
952330,11.0,13.0
952340,1.0,1.0
952370,8.0,8.0
952400,36.0,43.0
952420,485.0,514.0
952540,352.0,448.0
952700,60.0,68.0
952860,8504.0,10367.0
952910,5.0,5.0
952920,58.0,69.0
952950,299.0,369.0
952970,3.0,3.0
953170,10.0,13.0
953230,105.0,117.0
953270,674.0,810.0
953330,50.0,54.0
953340,7.0,7.0
953490,23357.0,24708.0
953550,1.0,1.0
953570,331.0,391.0
953690,101.0,128.0
953700,27.0,30.0
953820,25.0,30.0
953840,201.0,254.0
953880,3042.0,3854.0
953900,202.0,243.0
953920,5.0,5.0
953950,26.0,27.0
954010,62.0,65.0
954150,39.0,48.0
954160,29.0,31.0
954200,2.0,2.0
954210,3.0,3.0
954240,21.0,21.0
954280,163.0,175.0
954300,2.0,2.0
954400,2.0,2.0
954590,38.0,48.0
954650,1107.0,1329.0
954740,13903.0,15155.0
954860,27.0,30.0
954870,913.0,1026.0
954920,2.0,2.0
955030,2.0,2.0
955050,29544.0,32574.0
955120,5.0,6.0
955170,382.0,472.0
955190,13.0,14.0
955200,58.0,60.0
955250,15.0,18.0
955300,5.0,6.0
955320,319.0,352.0
955370,16.0,19.0
955400,103.0,107.0
955410,13.0,13.0
955500,8.0,8.0
955540,11.0,13.0
955550,5.0,5.0
955560,1142.0,1235.0
955640,68.0,72.0
955670,7.0,9.0
955740,1929.0,2106.0
955750,3.0,3.0
955840,1.0,1.0
955860,10.0,13.0
955870,327.0,379.0
955900,19334.0,22538.0
955910,1.0,1.0
956000,4.0,5.0
956010,24.0,29.0
956030,4100.0,4314.0
956090,21.0,21.0
956140,358.0,380.0
956200,5.0,6.0
956210,7.0,8.0
956240,303.0,310.0
956310,45.0,49.0
956350,1.0,1.0
956380,7.0,8.0
956400,20.0,21.0
956450,648.0,694.0
956500,53.0,60.0
956550,16.0,20.0
956560,57.0,71.0
956600,87.0,109.0
956620,8.0,10.0
956680,3340.0,3792.0
956990,15.0,16.0
957070,124.0,131.0
957140,10.0,10.0
957440,34.0,44.0
957490,26.0,30.0
957570,20.0,23.0
957660,234.0,272.0
957720,441.0,524.0
957770,10.0,11.0
957790,1295.0,1609.0
957810,8.0,10.0
957820,103.0,111.0
957850,3.0,3.0
957890,7.0,8.0
957960,541.0,607.0
958050,39.0,45.0
958110,7.0,8.0
958190,1.0,1.0
958200,4.0,4.0
958360,1.0,1.0
958480,835.0,1052.0
958490,8.0,9.0
958650,26.0,32.0
958670,8.0,8.0
958680,23.0,28.0
958690,8.0,10.0
958720,948.0,1120.0
958740,73.0,89.0
958750,71.0,77.0
958850,605.0,741.0
958880,67.0,72.0
958930,29.0,31.0
959000,581.0,634.0
959020,11.0,13.0
959030,58.0,62.0
959050,30.0,32.0
959080,1348.0,1419.0
959090,10.0,11.0
959240,1.0,1.0
959350,42.0,55.0
959400,4.0,4.0
959410,193.0,202.0
959500,165.0,208.0
959510,8.0,9.0
959710,11.0,12.0
959730,4.0,4.0
959750,375.0,392.0
959760,1.0,1.0
959800,16.0,16.0
959880,290.0,366.0
959890,561.0,624.0
959930,11.0,13.0
960030,51.0,61.0
960040,120.0,145.0
960070,4.0,5.0
960090,322309.0,331249.0
960170,23962.0,26951.0
960190,147.0,184.0
960220,36.0,39.0
960420,715.0,841.0
960550,9.0,9.0
960590,43.0,47.0
960660,24.0,28.0
960690,6815.0,7292.0
960700,9.0,9.0
960710,76.0,89.0
960730,73.0,76.0
960800,1.0,1.0
960910,12082.0,14401.0
960980,1364.0,1559.0
960990,20604.0,23318.0
961000,2.0,2.0
961010,177.0,187.0
961220,21.0,27.0
961410,2.0,2.0
961420,35.0,40.0
961450,11.0,11.0
961490,374.0,447.0
961510,108.0,137.0
961560,4.0,5.0
961620,413.0,522.0
961640,35.0,38.0
961660,209.0,213.0
961750,1.0,1.0
961850,8.0,10.0
961870,2.0,2.0
961910,1.0,1.0
962050,17.0,20.0
962130,69142.0,77657.0
962150,26.0,32.0
962170,2.0,2.0
962220,27.0,29.0
962230,2.0,2.0
962250,4.0,4.0
962270,1.0,1.0
962380,99.0,126.0
962400,3796.0,4104.0
962510,24.0,28.0
962580,1425.0,1885.0
962610,3.0,3.0
962730,16570.0,19260.0
962810,205.0,235.0
962950,13.0,15.0
962970,455.0,558.0
963000,4340.0,4695.0
963020,3.0,3.0
963230,80.0,92.0
963280,333.0,356.0
963330,440.0,534.0
963450,618.0,715.0
963470,3.0,3.0
963490,57.0,74.0
963510,2.0,2.0
963570,11.0,13.0
963680,27.0,28.0
963690,3843.0,4119.0
963710,3094.0,3332.0
963720,4.0,5.0
963770,25.0,33.0
963830,4.0,5.0
963860,8.0,10.0
963930,3517.0,4162.0
963950,1.0,1.0
963960,6.0,6.0
964040,218.0,280.0
964060,6.0,7.0
964110,5.0,5.0
964130,194.0,212.0
964180,14.0,17.0
964210,96.0,103.0
964220,12.0,12.0
964230,77.0,101.0
964340,4.0,4.0
964350,1581.0,1862.0
964570,691.0,882.0
964580,13.0,13.0
964700,7.0,9.0
964800,6577.0,7051.0
964810,6.0,6.0
964890,9.0,11.0
964990,139.0,158.0
965010,97.0,104.0
965070,2.0,2.0
965110,1.0,1.0
965120,58.0,64.0
965200,10598.0,12071.0
965210,17.0,21.0
965230,1732.0,2125.0
965240,9.0,9.0
965300,585.0,688.0
965310,465.0,609.0
965340,55.0,62.0
965390,16.0,19.0
965410,16.0,19.0
965470,20.0,22.0
965490,16.0,17.0
965510,16.0,17.0
965580,3361.0,3751.0
965590,307.0,320.0
965600,201.0,228.0
965610,94.0,104.0
965620,74.0,90.0
965640,118.0,131.0
965670,701.0,775.0
965680,2158.0,2247.0
965810,359.0,390.0
965820,1052.0,1080.0
965830,49.0,57.0
965860,354.0,379.0
965880,7.0,8.0
965890,282.0,312.0
965920,22.0,26.0
965960,4.0,5.0
966010,56.0,67.0
966020,6.0,7.0
966070,78.0,89.0
966180,6.0,6.0
966190,20.0,20.0
966210,9.0,11.0
966320,2423.0,2514.0
966330,3469.0,4333.0
966400,52.0,63.0
966420,10.0,12.0
966450,17.0,17.0
966580,35.0,46.0
966590,19.0,19.0
966610,1660.0,1955.0
966630,288.0,306.0
966660,13.0,16.0
966670,216.0,253.0
966680,957.0,1061.0
966730,4.0,5.0
967050,35552.0,40978.0
967060,1.0,1.0
967120,52.0,56.0
967210,3.0,3.0
967250,2971.0,3532.0
967330,112.0,123.0
967460,665.0,768.0
967490,85.0,93.0
967910,1.0,1.0
968170,11.0,11.0
968210,4.0,4.0
968250,3069.0,3479.0
968290,34.0,38.0
968310,23.0,25.0
968320,20.0,24.0
968350,530.0,553.0
968370,360.0,410.0
968420,118.0,123.0
968470,34.0,36.0
968480,5.0,6.0
968500,291.0,310.0
968550,230.0,268.0
968570,21.0,25.0
968600,7.0,7.0
968700,672.0,815.0
968760,234.0,271.0
968790,1207.0,1416.0
968800,74.0,76.0
968820,113.0,141.0
968950,158.0,179.0
969060,8.0,10.0
969130,15.0,17.0
969170,15.0,19.0
969220,43.0,50.0
969240,10.0,12.0
969250,39.0,41.0
969340,5.0,5.0
969350,5.0,6.0
969420,1.0,1.0
969480,25.0,25.0
969530,6.0,6.0
969540,26.0,34.0
969690,39.0,41.0
969700,419.0,434.0
969740,10.0,11.0
969760,2091.0,2259.0
969990,15244.0,16187.0
970090,12.0,12.0
970140,28.0,36.0
970200,4.0,5.0
970220,16.0,16.0
970240,4.0,4.0
970300,107.0,113.0
970470,6.0,6.0
970500,1772.0,2271.0
970510,829.0,929.0
970560,1136.0,1170.0
970570,2734.0,2915.0
970580,36.0,42.0
970700,7.0,8.0
970730,33.0,39.0
970760,5.0,5.0
970800,106.0,130.0
970810,9.0,10.0
970830,6258.0,7143.0
970960,1195.0,1571.0
970980,11.0,11.0
971030,608.0,723.0
971040,18.0,19.0
971070,16.0,18.0
971080,4.0,4.0
971100,1.0,1.0
971130,14.0,14.0
971150,13.0,13.0
971210,262.0,268.0
971340,6.0,7.0
971430,92.0,98.0
971480,42.0,48.0
971500,22.0,23.0
971620,647.0,813.0
971680,1245.0,1307.0
971690,328.0,366.0
971740,7.0,7.0
971780,10.0,10.0
972010,214.0,273.0
972050,7.0,8.0
972080,3.0,3.0
972160,88.0,93.0
972180,11.0,13.0
972290,11.0,14.0
972390,46.0,50.0
972420,10.0,11.0
972500,2.0,2.0
972510,4.0,4.0
972520,9.0,11.0
972660,37840.0,39608.0
972740,231.0,282.0
972760,54.0,70.0
972770,73.0,90.0
972850,25.0,28.0
972910,31.0,38.0
972940,8.0,10.0
972960,23.0,23.0
972980,1.0,1.0
972990,22.0,23.0
973000,312.0,403.0
973020,2.0,2.0
973050,51.0,59.0
973070,99.0,117.0
973170,26.0,33.0
973200,3.0,3.0
973220,230.0,241.0
973230,5771.0,6534.0
973250,112.0,112.0
973300,45.0,54.0
973350,2.0,2.0
973360,1.0,1.0
973410,9.0,9.0
973440,31.0,35.0
973690,1.0,1.0
973760,13931.0,15479.0
973810,5033.0,5736.0
973850,61.0,66.0
973860,5.0,6.0
974040,10.0,11.0
974070,1.0,1.0
974110,27.0,28.0
974160,8.0,9.0
974200,74.0,90.0
974390,29.0,35.0
974430,1.0,1.0
974600,8.0,9.0
974630,101.0,109.0
974830,34.0,36.0
974840,37.0,40.0
974850,11.0,13.0
974860,4.0,4.0
974870,39.0,42.0
974910,185.0,202.0
974950,289.0,315.0
974970,13.0,16.0
975000,118.0,137.0
975050,55.0,73.0
975110,1.0,1.0
975230,29.0,35.0
975270,722.0,798.0
975290,28.0,29.0
975350,228.0,278.0
975370,25346.0,26645.0
975390,41.0,48.0
975410,29.0,36.0
975430,39.0,50.0
975510,441.0,579.0
975520,1.0,1.0
975620,90.0,105.0
975640,112.0,136.0
975670,2.0,2.0
975700,63.0,70.0
975710,18.0,21.0
975800,17.0,21.0
975860,8.0,9.0
975950,331.0,440.0
975980,1.0,1.0
976010,1956.0,2110.0
976020,43.0,56.0
976060,29.0,30.0
976090,2.0,2.0
976120,89.0,113.0
976260,12.0,13.0
976310,88538.0,100427.0
976330,24.0,30.0
976360,5.0,5.0
976390,1320.0,1389.0
976420,280.0,299.0
976500,189.0,230.0
976700,394.0,452.0
976730,215105.0,232681.0
976780,183.0,235.0
976830,10.0,11.0
976870,12.0,12.0
976890,3066.0,3929.0
976900,144.0,181.0
976920,127.0,159.0
976930,29.0,34.0
976940,1127.0,1150.0
976960,35.0,35.0
976970,3.0,3.0
976980,26.0,31.0
977050,107.0,140.0
977080,8.0,8.0
977100,25.0,28.0
977210,13.0,16.0
977230,569.0,605.0
977270,2.0,2.0
977290,5.0,5.0
977300,70.0,80.0
977310,6.0,6.0
977380,2.0,2.0
977390,353.0,422.0
977400,19479.0,21623.0
977430,27.0,30.0
977450,11.0,13.0
977460,322.0,379.0
977510,104.0,121.0
977540,10.0,13.0
977670,9.0,9.0
977780,1.0,1.0
977810,208.0,227.0
977830,6.0,6.0
977840,54.0,64.0
977880,12954.0,15361.0
977950,64457.0,68598.0
978010,4.0,4.0
978210,22.0,27.0
978250,153.0,170.0
978270,643.0,691.0
978440,9.0,9.0
978460,5217.0,5661.0
978510,13.0,16.0
978520,3516.0,4441.0
978630,88.0,93.0
978640,30.0,37.0
978660,2.0,2.0
978680,208.0,247.0
978690,51.0,55.0
978780,4711.0,5003.0
978790,57.0,63.0
978800,173.0,187.0
978870,133.0,146.0
978970,33.0,43.0
978980,3.0,3.0
979060,3532.0,4051.0
979070,2538.0,3074.0
979080,1317.0,1603.0
979090,73.0,77.0
979100,29.0,31.0
979110,7304.0,8440.0
979120,4188.0,4676.0
979260,294.0,309.0
979300,4.0,5.0
979310,108.0,140.0
979350,3.0,3.0
979390,17.0,22.0
979400,85.0,111.0
979450,17.0,18.0
979480,112.0,140.0
979580,17.0,19.0
979600,447.0,454.0
979640,2227.0,2803.0
979710,807.0,851.0
979790,29.0,32.0
979800,65.0,83.0
979880,3.0,3.0
979920,2673.0,3550.0
979990,8.0,9.0
980170,18.0,18.0
980190,9.0,11.0
980300,4180.0,4337.0
980360,2.0,2.0
980480,62.0,65.0
980520,12.0,13.0
980610,13660.0,14831.0
980630,3.0,3.0
980690,14.0,18.0
980740,8.0,10.0
980800,2.0,2.0
980830,335.0,408.0
980880,15.0,16.0
980950,40.0,46.0
981020,381.0,390.0
981060,7.0,7.0
981080,3.0,3.0
981090,2.0,2.0
981260,203.0,237.0
981270,12.0,13.0
981300,225.0,291.0
981340,1.0,1.0
981420,103.0,109.0
981430,5030.0,5622.0
981450,6.0,6.0
981540,1.0,1.0
981550,64.0,79.0
981590,239.0,269.0
981600,3171.0,3842.0
981620,15.0,17.0
981630,16.0,17.0
981710,3.0,3.0
981750,904.0,1134.0
981770,403.0,463.0
981880,73.0,80.0
981960,56.0,69.0
981990,5.0,5.0
982020,2.0,2.0
982040,54.0,68.0
982050,1.0,1.0
982090,1.0,1.0
982100,22.0,25.0
982120,6.0,6.0
982220,270.0,301.0
982250,14.0,17.0
982270,1143.0,1228.0
982290,1772.0,2034.0
982320,1.0,1.0
982350,55.0,57.0
982390,3.0,3.0
982400,150.0,171.0
982540,28.0,29.0
982580,629.0,766.0
982710,21.0,24.0
982750,7.0,8.0
982850,10.0,13.0
983050,34.0,41.0
983070,41.0,51.0
983100,2.0,2.0
983140,25.0,25.0
983150,440.0,462.0
983170,26.0,31.0
983280,27.0,32.0
983290,28.0,36.0
983350,508.0,639.0
983360,1.0,1.0
983380,553.0,717.0
983450,41.0,48.0
983590,3.0,3.0
983640,15.0,16.0
983650,2.0,2.0
983760,11.0,11.0
983790,5.0,5.0
983830,14.0,17.0
983870,1550.0,1854.0
983970,4317.0,4769.0
983990,35.0,40.0
984020,13.0,15.0
984030,7.0,8.0
984110,2075.0,2297.0
984300,5.0,6.0
984360,14.0,14.0
984450,36.0,36.0
984470,154.0,168.0
984540,15.0,15.0
984560,505.0,584.0
984570,49.0,61.0
984600,22.0,23.0
984680,616.0,736.0
984720,127.0,147.0
984730,23.0,29.0
984780,1425.0,1600.0
984790,20.0,24.0
984830,15.0,17.0
984880,4.0,5.0
984910,3.0,3.0
984990,1.0,1.0
985020,23.0,30.0
985040,29.0,36.0
985060,1.0,1.0
985080,412.0,436.0
985240,18.0,21.0
985260,240.0,275.0
985430,318.0,395.0
985510,29.0,32.0
985530,54.0,71.0
985560,24.0,29.0
985590,33.0,33.0
985620,13.0,15.0
985650,104.0,124.0
985700,4.0,4.0
985830,3609.0,4677.0
985840,1.0,1.0
985870,2.0,2.0
985890,15869.0,17122.0
985900,425.0,505.0
985930,3.0,3.0
985950,397.0,506.0
986010,1.0,1.0
986020,405.0,499.0
986070,24.0,28.0
986130,10960.0,12904.0
986280,197.0,201.0
986370,14.0,18.0
986670,5.0,5.0
986680,926.0,1097.0
986710,39.0,41.0
986800,3133.0,3230.0
986820,89.0,95.0
986830,66.0,70.0
986920,1.0,1.0
986930,13.0,13.0
986990,84.0,102.0
987000,41.0,49.0
987190,29.0,36.0
987210,47.0,58.0
987230,410.0,527.0
987290,31.0,37.0
987400,497.0,565.0
987480,243.0,250.0
987710,17.0,18.0
987770,61.0,79.0
987810,14.0,16.0
987820,93.0,121.0
987840,4700.0,5322.0
987880,51.0,56.0
987900,586.0,656.0
988100,186.0,225.0
988250,4.0,5.0
988310,81.0,84.0
988330,4.0,5.0
988490,185.0,210.0
988500,1.0,1.0
988640,2.0,2.0
988650,30.0,35.0
988910,1868.0,2043.0
988930,54.0,67.0
988980,140.0,151.0
989060,101.0,104.0
989080,41.0,48.0
989140,1.0,1.0
989160,10.0,12.0
989380,4.0,4.0
989400,1.0,1.0
989430,62.0,76.0
989440,1802.0,2156.0
989550,237.0,291.0
989580,124.0,165.0
989750,4.0,5.0
989790,312.0,319.0
990020,32.0,33.0
990050,1003.0,1304.0
990080,259388.0,286038.0
990090,150.0,157.0
990180,27.0,28.0
990250,163.0,215.0
990280,10.0,11.0
990390,8.0,8.0
990410,22.0,26.0
990630,10803.0,11065.0
990640,61.0,80.0
990720,23.0,26.0
990750,6.0,7.0
990900,79.0,98.0
991070,44.0,58.0
991170,3313.0,3992.0
991240,24.0,27.0
991270,2572.0,2809.0
991430,18.0,19.0
991480,20.0,24.0
991490,1.0,1.0
991510,6.0,6.0
991530,12.0,14.0
991600,626.0,701.0
991620,12.0,15.0
991660,5.0,6.0
991750,13.0,17.0
991790,55.0,72.0
991800,17.0,20.0
991810,458.0,600.0
991930,14.0,17.0
991960,35.0,42.0
992050,127.0,142.0
992070,1269.0,1461.0
992120,55.0,56.0
992200,22.0,24.0
992210,29.0,34.0
992300,30399.0,34102.0
992310,4004.0,4134.0
992330,171.0,219.0
992420,30.0,37.0
992520,11.0,11.0
992560,2.0,2.0
992680,17.0,22.0
992700,50.0,59.0
992730,323.0,390.0
992740,375.0,375.0
992750,29.0,30.0
992790,8.0,9.0
992880,1.0,1.0
992950,12.0,13.0
992970,3.0,3.0
992990,26.0,29.0
993030,35.0,37.0
993090,10317.0,11886.0
993110,694.0,758.0
993170,189.0,205.0
993200,11.0,14.0
993370,6.0,7.0
993500,8.0,10.0
993580,18.0,23.0
993740,620.0,691.0
993780,69.0,78.0
993790,422.0,473.0
993810,33.0,41.0
993860,1.0,1.0
993890,5.0,6.0
994020,278.0,306.0
994030,4.0,4.0
994040,48.0,59.0
994140,2387.0,2610.0
994180,30.0,32.0
994190,397.0,522.0
994220,3136.0,3725.0
994260,80.0,94.0
994270,27.0,28.0
994280,40696.0,47248.0
994290,41.0,47.0
994340,185.0,195.0
994350,17.0,22.0
994360,6.0,6.0
994450,3.0,3.0
994500,158.0,166.0
994610,11.0,13.0
994670,66.0,74.0
994730,6647.0,7562.0
994860,35.0,39.0
994880,22.0,24.0
994910,3229.0,3687.0
994930,537.0,707.0
995050,475.0,569.0
995060,2.0,2.0
995160,21.0,21.0
995230,264.0,314.0
995270,22.0,26.0
995330,20.0,25.0
995450,47.0,59.0
995460,2195.0,2260.0
995470,146.0,193.0
995490,13.0,13.0
995720,22.0,25.0
995850,4.0,5.0
995900,12.0,15.0
995920,10.0,10.0
995930,4.0,5.0
995980,1276.0,1494.0
995990,12.0,12.0
996000,25.0,26.0
996080,91.0,115.0
996150,1.0,1.0
996160,14.0,18.0
996180,44.0,50.0
996280,10.0,13.0
996370,38.0,45.0
996450,20.0,24.0
996550,25.0,25.0
996580,18441.0,19595.0
996650,3.0,3.0
996770,1653.0,2096.0
996860,10.0,12.0
996920,14.0,17.0
996980,27.0,29.0
997000,8.0,10.0
997010,13965.0,17657.0
997170,17.0,19.0
997180,169.0,206.0
997240,32.0,41.0
997260,18.0,21.0
997280,7.0,8.0
997310,2.0,2.0
997370,8.0,9.0
997380,1097.0,1218.0
997480,27.0,31.0
997530,3.0,3.0
997700,180.0,190.0
997720,88.0,100.0
997730,60.0,70.0
997950,16.0,18.0
998220,165.0,183.0
998270,16.0,16.0
998400,841.0,922.0
998630,10.0,12.0
998660,291.0,339.0
998690,2.0,2.0
998740,4223.0,4610.0
998790,42.0,52.0
998820,16.0,18.0
998930,3936.0,5042.0
998990,43.0,49.0
999030,5.0,5.0
999200,44.0,51.0
999220,6313.0,8233.0
999250,4.0,4.0
999280,2.0,2.0
999290,13.0,16.0
999350,84.0,98.0
999410,50.0,52.0
999430,10.0,12.0
999560,11.0,13.0
999660,241.0,293.0
999730,2305.0,2759.0
999750,2.0,2.0
999760,25.0,32.0
999830,312.0,371.0
999840,8.0,8.0
999880,18.0,21.0
999890,3.0,3.0
999990,14.0,15.0
1000000,30.0,37.0
1000010,4411.0,5150.0
1000030,1902.0,2086.0
1000130,6.0,7.0
1000360,6063.0,6712.0
1000380,318.0,409.0
1000440,373.0,405.0
1000470,59.0,73.0
1000500,13.0,16.0
1000510,119.0,142.0
1000540,60.0,71.0
1000560,23.0,24.0
1000640,133.0,140.0
1000650,7.0,7.0
1000700,227.0,249.0
1000750,8.0,8.0
1000760,1069.0,1309.0
1000810,5.0,6.0
1000830,164.0,168.0
1000900,1.0,1.0
1000980,1.0,1.0
1001070,128.0,157.0
1001100,12.0,12.0
1001140,316.0,353.0
1001200,13.0,15.0
1001220,250.0,300.0
1001230,30.0,34.0
1001270,4067.0,4679.0
1001430,19.0,20.0
1001500,8.0,10.0
1001570,2.0,2.0
1001590,11.0,14.0
1001600,38.0,41.0
1001660,13.0,13.0
1001690,13.0,16.0
1001740,4.0,4.0
1001800,436.0,544.0
1001860,155.0,182.0
1001870,30.0,31.0
1001880,54.0,65.0
1001930,6.0,7.0
1001970,28.0,30.0
1001980,84.0,111.0
1002000,41.0,46.0
1002030,69.0,91.0
1002210,21.0,22.0
1002270,60.0,65.0
1002290,366.0,381.0
1002300,12749.0,13502.0
1002310,7.0,9.0
1002360,62.0,76.0
1002430,170.0,187.0
1002440,11.0,14.0
1002480,4.0,5.0
1002500,1.0,1.0
1002510,28.0,28.0
1002520,6.0,7.0
1002540,16.0,20.0
1002560,3778.0,3984.0
1002590,7.0,7.0
1002630,77.0,102.0
1002690,15.0,15.0
1002800,13.0,14.0
1002860,3.0,3.0
1002890,17.0,21.0
1002970,15.0,19.0
1002980,9.0,9.0
1003020,33.0,35.0
1003090,866.0,1027.0
1003190,17.0,19.0
1003230,11.0,13.0
1003360,573.0,762.0
1003400,716.0,785.0
1003450,21.0,27.0
1003480,759.0,868.0
1003490,58.0,72.0
1003520,2354.0,2740.0
1003590,6875.0,7232.0
1003600,24.0,26.0
1003690,2.0,2.0
1003730,74.0,92.0
1003750,135.0,149.0
1003830,7.0,9.0
1003840,4.0,4.0
1003860,29.0,30.0
1003890,4717.0,5557.0
1003960,1.0,1.0
1004030,9.0,10.0
1004150,91.0,96.0
1004170,1.0,1.0
1004210,131.0,139.0
1004230,12.0,13.0
1004240,4180.0,4429.0
1004310,5.0,5.0
1004330,396.0,421.0
1004490,769.0,986.0
1004500,17.0,22.0
1004510,44.0,48.0
1004580,7.0,7.0
1004600,7.0,9.0
1004610,324.0,365.0
1004620,70.0,87.0
1004650,36.0,41.0
1004740,105.0,120.0
1004770,735.0,756.0
1004860,161.0,184.0
1005000,45.0,49.0
1005050,51.0,57.0
1005060,31.0,38.0
1005080,7.0,8.0
1005120,270.0,344.0
1005130,96.0,116.0
1005210,11.0,14.0
1005220,41.0,42.0
1005230,9.0,11.0
1005240,165.0,219.0
1005250,4.0,5.0
1005300,2715.0,2850.0
1005310,30.0,30.0
1005330,16.0,19.0
1005390,1.0,1.0
1005400,226.0,237.0
1005410,126.0,134.0
1005450,100.0,109.0
1005460,297.0,376.0
1005480,6.0,7.0
1005520,85.0,110.0
1005730,16.0,20.0
1005870,798.0,893.0
1005890,10.0,13.0
1005900,42.0,51.0
1005910,226.0,249.0
1005920,14.0,14.0
1005930,1405.0,1504.0
1006090,5.0,5.0
1006120,11.0,13.0
1006140,22.0,26.0
1006160,10.0,10.0
1006190,1.0,1.0
1006220,120.0,133.0
1006250,43.0,51.0
1006270,115.0,135.0
1006400,90.0,99.0
1006410,1.0,1.0
1006430,3.0,3.0
1006440,14.0,18.0
1006450,13.0,16.0
1006460,18.0,20.0
1006720,20.0,24.0
1006730,10.0,10.0
1006760,5.0,6.0
1006800,37.0,46.0
1006920,13.0,15.0
1006930,122.0,144.0
1007040,9809.0,10363.0
1007050,36.0,38.0
1007180,7.0,7.0
1007260,20.0,26.0
1007360,10.0,10.0
1007630,74.0,78.0
1007730,31.0,40.0
1007830,93.0,113.0
1007840,300.0,386.0
1007880,10.0,11.0
1007930,2.0,2.0
1007940,21.0,27.0
1007960,12.0,14.0
1007980,19.0,21.0
1008010,8.0,9.0
1008020,1261.0,1428.0
1008030,17.0,21.0
1008060,8.0,8.0
1008250,2.0,2.0
1008280,28.0,31.0
1008430,1.0,1.0
1008450,1.0,1.0
1008520,65.0,81.0
1008600,4.0,4.0
1008710,2622.0,3266.0
1008740,25.0,31.0
1008800,131.0,156.0
1008820,10.0,12.0
1008830,85.0,94.0
1008840,1.0,1.0
1008860,387.0,396.0
1008910,102.0,129.0
1008920,134.0,157.0
1009030,1.0,1.0
1009350,12.0,13.0
1009360,28.0,29.0
1009370,1.0,1.0
1009390,12.0,12.0
1009450,235.0,247.0
1009460,60.0,65.0
1009560,5386.0,6656.0
1009590,7.0,8.0
1009700,53.0,61.0
1009750,132.0,138.0
1009780,14.0,17.0
1009850,3849.0,4138.0
1009870,1.0,1.0
1009920,17.0,21.0
1009950,73.0,89.0
1010000,4.0,4.0
1010070,81.0,95.0
1010100,85.0,95.0
1010230,45.0,51.0
1010240,143.0,153.0
1010290,27.0,27.0
1010410,10.0,13.0
1010420,2.0,2.0
1010480,5.0,6.0
1010600,287.0,315.0
1010650,17.0,18.0
1010660,47.0,56.0
1010670,206.0,222.0
1010750,6405.0,6690.0
1010780,40.0,46.0
1010800,1274.0,1536.0
1010830,29.0,32.0
1010850,165.0,213.0
1010870,184.0,200.0
1010890,1424.0,1481.0
1010920,7.0,7.0
1010950,54.0,59.0
1010970,69.0,75.0
1011000,34.0,37.0
1011090,59.0,75.0
1011120,3.0,3.0
1011130,80.0,93.0
1011190,1320.0,1515.0
1011290,171.0,186.0
1011320,12.0,12.0
1011390,672.0,814.0
1011460,1.0,1.0
1011510,638.0,702.0
1011610,402.0,486.0
1011620,13.0,13.0
1011670,1358.0,1648.0
1011700,92.0,109.0
1011740,57.0,72.0
1011760,4.0,5.0
1011830,71.0,85.0
1011860,6.0,6.0
1011940,1442.0,1639.0
1011990,56.0,56.0
1012030,1663.0,1809.0
1012110,1214.0,1366.0
1012180,19.0,20.0
1012240,701.0,712.0
1012280,11.0,12.0
1012330,33.0,41.0
1012360,7.0,9.0
1012430,9.0,11.0
1012450,17.0,18.0
1012490,7.0,9.0
1012510,20.0,20.0
1012530,28.0,31.0
1012560,2195.0,2346.0
1012570,529.0,608.0
1012600,2.0,2.0
1012630,1028.0,1108.0
1012640,2.0,2.0
1012670,2.0,2.0
1012790,9658.0,10286.0
1012830,53.0,65.0
1012840,2021.0,2612.0
1012880,14423.0,15326.0
1012970,60.0,70.0
1012990,14.0,15.0
1013100,8.0,9.0
1013140,803.0,997.0
1013180,166.0,173.0
1013190,16.0,16.0
1013280,28.0,28.0
1013290,3.0,3.0
1013320,4616.0,5912.0
1013540,284.0,342.0
1013580,19.0,19.0
1013600,11.0,11.0
1013630,11.0,12.0
1013650,75.0,79.0
1013670,6.0,7.0
1013750,399.0,515.0
1013820,19.0,22.0
1013870,627.0,754.0
1013910,179.0,235.0
1013950,25.0,29.0
1014040,375.0,453.0
1014130,113.0,148.0
1014140,193.0,207.0
1014180,9.0,10.0
1014240,10.0,12.0
1014260,6.0,7.0
1014270,14.0,14.0
1014280,111.0,115.0
1014310,1.0,1.0
1014350,10.0,12.0
1014370,162.0,191.0
1014420,22.0,25.0
1014470,9.0,10.0
1014550,45.0,52.0
1014560,45.0,53.0
1014570,40.0,43.0
1014580,43.0,47.0
1014660,1.0,1.0
1014710,22.0,26.0
1014720,1.0,1.0
1014750,12.0,13.0
1014790,2.0,2.0
1014850,9.0,10.0
1014880,115.0,128.0
1015120,1.0,1.0
1015190,16.0,21.0
1015250,9.0,11.0
1015520,2184.0,2400.0
1015540,7.0,9.0
1015550,7.0,7.0
1015610,198.0,260.0
1015650,8.0,10.0
1015720,405.0,471.0
1015730,407.0,484.0
1015770,400.0,475.0
1015890,388.0,511.0
1015920,317.0,324.0
1015940,227.0,234.0
1016000,44.0,47.0
1016030,1.0,1.0
1016110,614.0,699.0
1016120,6353.0,7555.0
1016180,778.0,842.0
1016250,185.0,236.0
1016260,10.0,10.0
1016330,4.0,4.0
1016390,156.0,173.0
1016420,9.0,11.0
1016430,18.0,20.0
1016600,2373.0,2790.0
1016630,24.0,25.0
1016690,4.0,4.0
1016700,35.0,35.0
1016770,260.0,325.0
1016800,10670.0,12898.0
1016860,313.0,381.0
1016890,1.0,1.0
1016920,16780.0,17976.0
1016930,588.0,740.0
1016960,808.0,1029.0
1016970,48.0,58.0
1017100,1270.0,1590.0
1017130,23.0,26.0
1017160,92.0,118.0
1017180,35375.0,38999.0
1017240,6.0,6.0
1017270,2.0,2.0
1017410,506.0,556.0
1017440,4.0,4.0
1017490,6.0,6.0
1017520,105.0,137.0
1017580,19.0,25.0
1017610,30.0,34.0
1017630,4.0,4.0
1017650,4.0,4.0
1017660,4.0,4.0
1017820,14.0,16.0
1017900,10921.0,13021.0
1018010,1384.0,1699.0
1018020,878.0,1149.0
1018080,7.0,8.0
1018130,290.0,332.0
1018160,1059.0,1163.0
1018240,5.0,5.0
1018380,1.0,1.0
1018420,47.0,55.0
1018560,9.0,9.0
1018640,22.0,25.0
1018650,1.0,1.0
1018680,207.0,258.0
1018720,22.0,26.0
1018800,3437.0,3731.0
1018810,2.0,2.0
1018830,2591.0,2862.0
1018850,2537.0,2626.0
1018860,25.0,26.0
1018900,37.0,40.0
1018930,80.0,89.0
1018990,21.0,22.0
1019020,21.0,24.0
1019050,1.0,1.0
1019070,19.0,21.0
1019100,219.0,244.0
1019230,32.0,35.0
1019260,1.0,1.0
1019270,6.0,6.0
1019310,877.0,1050.0
1019340,55.0,69.0
1019370,2.0,2.0
1019560,2.0,2.0
1019590,148.0,163.0
1019690,4.0,5.0
1019730,20.0,23.0
1019790,11.0,14.0
1019820,5.0,6.0
1019910,5.0,6.0
1019920,119.0,128.0
1020020,14.0,17.0
1020030,87.0,112.0
1020080,13.0,17.0
1020090,16.0,18.0
1020120,3.0,3.0
1020210,63.0,77.0
1020270,191.0,216.0
1020310,28.0,31.0
1020340,494.0,581.0
1020420,10.0,12.0
1020430,5.0,5.0
1020440,23.0,30.0
1020450,25.0,28.0
1020470,1844.0,2269.0
1020510,1.0,1.0
1020520,48.0,50.0
1020590,61.0,64.0
1020640,205.0,235.0
1020650,6.0,7.0
1020730,452.0,503.0
1020800,460.0,545.0
1020820,633.0,822.0
1020830,22.0,23.0
1020930,9.0,9.0
1020940,52.0,53.0
1021060,2.0,2.0
1021070,298.0,391.0
1021210,579.0,613.0
1021230,1.0,1.0
1021370,4.0,4.0
1021640,11.0,11.0
1021680,12.0,14.0
1021690,144.0,178.0
1021770,2314.0,2582.0
1021850,85.0,97.0
1021880,32.0,32.0
1021950,7594.0,8231.0
1022010,33.0,39.0
1022160,5.0,6.0
1022270,2.0,2.0
1022320,6.0,6.0
1022450,17912.0,20800.0
1022480,162.0,189.0
1022550,5.0,5.0
1022610,17.0,19.0
1022630,4.0,4.0
1022650,9.0,11.0
1022780,232.0,286.0
1022820,3.0,3.0
1022840,25.0,29.0
1022980,1009.0,1305.0
1023100,1.0,1.0
1023140,66.0,72.0
1023180,1.0,1.0
1023260,17.0,20.0
1023280,7.0,7.0
1023320,110.0,146.0
1023340,6.0,6.0
1023410,16.0,20.0
1023550,121.0,131.0
1023560,12.0,12.0
1023570,43.0,51.0
1023690,230.0,241.0
1023700,108.0,127.0
1023710,4.0,4.0
1023740,437.0,500.0
1023760,7.0,7.0
1023790,28.0,29.0
1023810,1.0,1.0
1023830,2.0,2.0
1023860,7.0,7.0
1024080,15.0,19.0
1024100,6.0,7.0
1024160,156.0,163.0
1024210,12.0,14.0
1024250,6.0,7.0
1024400,49.0,65.0
1024420,4.0,5.0
1024460,81.0,103.0
1024520,7.0,9.0
1024540,9.0,11.0
1024640,82.0,106.0
1024730,3.0,3.0
1024790,58.0,69.0
1024850,4.0,5.0
1024860,3.0,3.0
1024950,24.0,29.0
1024980,116.0,139.0
1025010,1.0,1.0
1025070,307.0,322.0
1025130,70.0,78.0
1025140,636.0,690.0
1025160,9.0,9.0
1025200,101.0,118.0
1025230,13.0,16.0
1025240,95.0,99.0
1025250,1679.0,1848.0
1025330,1.0,1.0
1025360,2.0,2.0
1025410,487.0,567.0
1025420,2.0,2.0
1025440,982.0,1186.0
1025460,70.0,75.0
1025480,19.0,20.0
1025520,4.0,5.0
1025540,4.0,5.0
1025600,2928.0,3348.0
1025710,30.0,33.0
1025960,1478.0,1736.0
1026020,7.0,9.0
1026070,32.0,33.0
1026100,116.0,141.0
1026130,83.0,96.0
1026160,222.0,258.0
1026370,19.0,19.0
1026400,303.0,317.0
1026430,6.0,7.0
1026450,1.0,1.0
1026560,6.0,6.0
1026610,19.0,19.0
1026670,22.0,28.0
1026760,28.0,35.0
1026820,3597.0,3883.0
1026840,1084.0,1123.0
1026910,27.0,32.0
1026940,23.0,24.0
1026990,6.0,6.0
1027060,15.0,16.0
1027120,131.0,156.0
1027130,111.0,120.0
1027190,32.0,35.0
1027230,20.0,26.0
1027250,201.0,245.0
1027530,7.0,9.0
1027550,3.0,3.0
1027610,5.0,6.0
1027620,134.0,140.0
1027710,12.0,12.0
1027720,9.0,9.0
1027790,1.0,1.0
1027830,1.0,1.0
1027930,2.0,2.0
1027990,201.0,213.0
1028090,33.0,37.0
1028170,48.0,53.0
1028250,6.0,6.0
1028300,57.0,59.0
1028310,2581.0,2800.0
1028340,7.0,9.0
1028350,451.0,470.0
1028450,1.0,1.0
1028460,8.0,8.0
1028500,21.0,21.0
1028520,17.0,22.0
1028550,4.0,5.0
1028570,1280.0,1500.0
1028590,285.0,341.0
1028610,6.0,7.0
1028630,3244.0,3554.0
1028660,4.0,5.0
1028730,145.0,185.0
1028750,71.0,85.0
1028760,20.0,22.0
1028850,36.0,45.0
1028880,14.0,15.0
1028900,3.0,3.0
1028930,277.0,312.0
1029020,1.0,1.0
1029040,10.0,13.0
1029050,20.0,23.0
1029070,14.0,17.0
1029080,18.0,18.0
1029100,48.0,61.0
1029110,30.0,31.0
1029130,30.0,30.0
1029150,8.0,9.0
1029160,13.0,17.0
1029170,48.0,55.0
1029210,2166.0,2373.0
1029220,25.0,25.0
1029230,1.0,1.0
1029340,16.0,19.0
1029380,30.0,30.0
1029500,1145.0,1334.0
1029540,1.0,1.0
1029550,8708.0,11430.0
1029560,23.0,27.0
1029570,66.0,79.0
1029640,1.0,1.0
1029650,203.0,204.0
1029690,16057.0,19452.0
1029760,102.0,112.0
1029780,15704.0,17473.0
1029790,7.0,7.0
1029840,1.0,1.0
1029860,76.0,83.0
1029870,65.0,82.0
1029920,14.0,18.0
1029950,1.0,1.0
1029970,63.0,68.0
1029980,211.0,243.0
1030170,5.0,6.0
1030180,11.0,14.0
1030310,86.0,102.0
1030360,15.0,19.0
1030430,17.0,21.0
1030470,22.0,29.0
1030490,26.0,31.0
1030530,24.0,28.0
1030580,75.0,93.0
1030770,1.0,1.0
1030840,69141.0,79330.0
1030960,14.0,14.0
1030970,42.0,46.0
1031020,108.0,125.0
1031110,277.0,295.0
1031170,157.0,191.0
1031220,2.0,2.0
1031320,7.0,9.0
1031330,10.0,12.0
1031370,1.0,1.0
1031380,1.0,1.0
1031440,284.0,326.0
1031460,447.0,479.0
1031480,2299.0,2361.0
1031580,6.0,6.0
1031650,19.0,23.0
1031770,9.0,11.0
1031790,41.0,45.0
1031830,3.0,3.0
1031900,237.0,240.0
1031910,14.0,17.0
1031920,549.0,638.0
1032040,4.0,5.0
1032060,4.0,5.0
1032070,5.0,5.0
1032080,1.0,1.0
1032170,61.0,70.0
1032230,3.0,3.0
1032430,4256.0,5276.0
1032440,4.0,4.0
1032510,10.0,13.0
1032520,528.0,558.0
1032580,11.0,14.0
1032590,548.0,601.0
1032660,24.0,26.0
1032670,651.0,708.0
1032690,33.0,36.0
1032730,120.0,133.0
1032740,31.0,38.0
1032770,1.0,1.0
1032790,1170.0,1309.0
1032830,120.0,134.0
1033000,19.0,20.0
1033080,190.0,206.0
1033090,4.0,5.0
1033100,135.0,154.0
1033130,10.0,10.0
1033140,46.0,50.0
1033210,27.0,33.0
1033220,102.0,124.0
1033340,29.0,31.0
1033360,1.0,1.0
1033370,2.0,2.0
1033410,202.0,242.0
1033420,1314.0,1335.0
1033580,8.0,9.0
1033780,31.0,37.0
1033880,186.0,225.0
1033950,570.0,645.0
1033960,29.0,34.0
1034020,16.0,17.0
1034030,9.0,9.0
1034150,62.0,70.0
1034170,26.0,29.0
1034200,62.0,67.0
1034240,22.0,27.0
1034270,14.0,18.0
1034280,31.0,38.0
1034380,8.0,10.0
1034390,6.0,7.0
1034400,18.0,21.0
1034540,67.0,89.0
1034740,45.0,58.0
1034750,123.0,153.0
1034810,55.0,72.0
1034860,1285.0,1412.0
1034880,168.0,174.0
1034900,855.0,915.0
1034910,420.0,466.0
1034940,447.0,462.0
1034950,13.0,13.0
1035010,30.0,36.0
1035030,56.0,56.0
1035050,185.0,214.0
1035110,31.0,34.0
1035120,3307.0,4049.0
1035260,5.0,5.0
1035280,1.0,1.0
1035320,29.0,35.0
1035340,1.0,1.0
1035410,3.0,3.0
1035430,2.0,2.0
1035470,4.0,4.0
1035490,4.0,4.0
1035510,2630.0,3043.0
1035550,19.0,20.0
1035560,573.0,662.0
1035610,825.0,933.0
1035660,252.0,294.0
1035690,8.0,9.0
1035750,282.0,316.0
1035760,648.0,858.0
1035770,35.0,42.0
1035780,18.0,18.0
1035790,4.0,4.0
1035800,89.0,101.0
1035830,2.0,2.0
1035850,102.0,131.0
1035880,11.0,14.0
1035890,113.0,121.0
1035930,409.0,513.0
1035950,67.0,71.0
1035990,1736.0,1749.0
1036000,14.0,18.0
1036160,1.0,1.0
1036200,53.0,68.0
1036260,80.0,95.0
1036370,102.0,105.0
1036420,8.0,10.0
1036460,1.0,1.0
1036490,48.0,52.0
1036580,187.0,203.0
1036620,2.0,2.0
1036640,218.0,251.0
1036660,73.0,86.0
1036700,331.0,383.0
1036740,632.0,767.0
1036750,282.0,366.0
1036870,23.0,28.0
1036900,29.0,36.0
1036910,147.0,185.0
1036950,911.0,955.0
1036960,111.0,122.0
1036990,23.0,27.0
1037000,5.0,6.0
1037020,2391.0,2728.0
1037080,192.0,214.0
1037090,19.0,24.0
1037100,39.0,42.0
1037120,168.0,187.0
1037130,1012.0,1140.0
1037140,5.0,6.0
1037190,580.0,600.0
1037270,1.0,1.0
1037350,13.0,17.0
1037460,32.0,34.0
1037560,390.0,453.0
1037580,2.0,2.0
1037590,632.0,713.0
1037750,90.0,119.0
1037760,47.0,57.0
1037850,2.0,2.0
1037930,65.0,84.0
1037940,101.0,120.0
1037970,14.0,16.0
1038100,13.0,16.0
1038120,5.0,6.0
1038280,335.0,366.0
1038300,485.0,512.0
1038370,2684.0,3104.0
1038380,9.0,9.0
1038420,1.0,1.0
1038430,8.0,9.0
1038630,62.0,67.0
1038690,1.0,1.0
1038740,3350.0,3453.0
1039040,26.0,29.0
1039110,50.0,56.0
1039200,76.0,81.0
1039220,1.0,1.0
1039280,125.0,136.0
1039290,16.0,18.0
1039330,14.0,16.0
1039360,121.0,151.0
1039380,21.0,25.0
1039430,2.0,2.0
1039470,18.0,20.0
1039800,1.0,1.0
1039830,177.0,205.0
1039880,3219.0,3764.0
1039910,5.0,6.0
1039940,399.0,412.0
1039960,69.0,74.0
1039970,97.0,102.0
1040000,2.0,2.0
1040070,1777.0,2062.0
1040190,9.0,9.0
1040200,9950.0,10191.0
1040220,1.0,1.0
1040230,3291.0,3686.0
1040370,2.0,2.0
1040390,78.0,88.0
1040420,2566.0,2898.0
1040460,255.0,289.0
1040480,1.0,1.0
1040490,228.0,238.0
1040510,96.0,119.0
1040550,866.0,892.0
1040590,48.0,55.0
1040610,15.0,19.0
1040630,151.0,191.0
1040720,14.0,16.0
1040730,450.0,494.0
1040740,25.0,32.0
1040750,2.0,2.0
1041020,1.0,1.0
1041060,9.0,11.0
1041100,20.0,21.0
1041130,13.0,16.0
1041160,1.0,1.0
1041180,1.0,1.0
1041210,196.0,209.0
1041390,16.0,19.0
1041400,197.0,240.0
1041450,17.0,22.0
1041500,10.0,10.0
1041650,1.0,1.0
1041690,46.0,53.0
1041720,5036.0,6602.0
1041840,1334.0,1752.0
1041920,1701.0,1883.0
1041940,67.0,79.0
1042110,7.0,8.0
1042130,8.0,9.0
1042210,43.0,49.0
1042330,45.0,50.0
1042380,747.0,958.0
1042460,14.0,16.0
1042490,4190.0,4718.0
1042550,9022.0,9931.0
1042570,28.0,31.0
1042600,88.0,97.0
1042800,2186.0,2747.0
1042920,254.0,319.0
1042980,86.0,102.0
1043030,5.0,5.0
1043060,3.0,3.0
1043140,16.0,16.0
1043160,2.0,2.0
1043180,1438.0,1540.0
1043200,11.0,11.0
1043230,330.0,347.0
1043240,345.0,351.0
1043260,2703.0,3288.0
1043340,1552.0,1592.0
1043390,1102.0,1297.0
1043430,76.0,87.0
1043500,462.0,482.0
1043510,11.0,13.0
1043560,12.0,12.0
1043580,3.0,3.0
1043690,38.0,38.0
1043710,28.0,29.0
1043760,9.0,10.0
1043790,2.0,2.0
1043810,5931.0,6022.0
1043860,119.0,122.0
1043870,15.0,15.0
1044020,68.0,84.0
1044070,3.0,3.0
1044110,30.0,37.0
1044210,19.0,23.0
1044220,79.0,88.0
1044340,175.0,223.0
1044450,541.0,647.0
1044480,25.0,28.0
1044490,655.0,671.0
1044620,5199.0,5312.0
1044720,15327.0,17886.0
1044730,26.0,28.0
1044740,2.0,2.0
1044760,23.0,28.0
1044770,59.0,67.0
1044800,3.0,3.0
1044820,1.0,1.0
1044900,1.0,1.0
1045010,75.0,84.0
1045020,41.0,46.0
1045130,10.0,11.0
1045140,11.0,12.0
1045280,1.0,1.0
1045300,5.0,5.0
1045340,188.0,243.0
1045390,9.0,9.0
1045460,1.0,1.0
1045520,4864.0,5057.0
1045580,291.0,365.0
1045590,45.0,57.0
1045620,487.0,534.0
1045650,160.0,192.0
1045720,2890.0,3017.0
1045850,46.0,54.0
1045900,16.0,19.0
1046030,15032.0,15864.0
1046060,8.0,8.0
1046210,10.0,10.0
1046230,191.0,234.0
1046300,577.0,685.0
1046330,5.0,6.0
1046400,960.0,1050.0
1046470,729.0,943.0
1046570,10.0,13.0
1046610,2.0,2.0
1046630,30.0,30.0
1046660,185.0,241.0
1046670,19.0,25.0
1046770,83.0,103.0
1046790,547.0,631.0
1046820,1739.0,1815.0
1046910,1.0,1.0
1046930,74653.0,90779.0
1047000,2.0,2.0
1047010,625.0,715.0
1047120,30.0,31.0
1047170,65.0,73.0
1047190,16.0,16.0
1047220,1744.0,1829.0
1047320,7.0,7.0
1047340,2.0,2.0
1047350,1.0,1.0
1047410,230.0,261.0
1047440,3190.0,3359.0
1047480,68.0,88.0
1047580,46.0,47.0
1047590,1.0,1.0
1047610,1.0,1.0
1047620,4.0,5.0
1047680,137.0,147.0
1047800,9.0,9.0
1047810,13.0,14.0
1047840,2.0,2.0
1047850,11.0,11.0
1047870,53.0,59.0
1047930,9.0,10.0
1047950,50.0,61.0
1047960,135.0,144.0
1048000,31.0,40.0
1048090,6.0,7.0
1048100,2629.0,3316.0
1048270,52.0,61.0
1048300,21.0,23.0
1048390,29.0,29.0
1048420,6.0,7.0
1048470,6.0,7.0
1048530,41.0,52.0
1048540,7286.0,7786.0
1048560,29.0,35.0
1048570,102.0,124.0
1048660,184.0,198.0
1048740,262.0,282.0
1048790,16.0,19.0
1048850,4.0,4.0
1048860,18.0,19.0
1048880,47.0,58.0
1048920,158.0,163.0
1048960,6.0,7.0
1049000,18.0,19.0
1049070,26.0,32.0
1049090,7.0,9.0
1049100,4052.0,4241.0
1049140,27.0,31.0
1049280,4397.0,4544.0
1049310,10.0,10.0
1049320,2804.0,3332.0
1049380,2.0,2.0
1049400,613.0,679.0
1049410,26793.0,28314.0
1049420,46.0,55.0
1049530,11.0,13.0
1049560,16.0,16.0
1049590,47686.0,60133.0
1049640,8.0,9.0
1049670,64.0,69.0
1049690,8.0,8.0
1049710,605.0,782.0
1049720,3.0,3.0
1049840,11.0,13.0
1049890,8164.0,9680.0
1050000,106.0,120.0
1050010,6.0,6.0
1050160,30.0,36.0
1050190,8.0,9.0
1050260,35.0,36.0
1050280,325.0,413.0
1050370,228.0,261.0
1050430,1.0,1.0
1050500,8.0,8.0
1050510,71.0,84.0
1050520,27.0,29.0
1050620,1.0,1.0
1050660,1.0,1.0
1050690,4.0,4.0
1050700,1.0,1.0
1050730,13.0,13.0
1050880,32.0,34.0
1050900,5.0,5.0
1051130,29.0,38.0
1051200,2697.0,2961.0
1051290,60.0,67.0
1051300,14.0,17.0
1051310,3774.0,4371.0
1051330,7.0,9.0
1051350,53.0,53.0
1051410,102.0,115.0
1051420,55.0,58.0
1051500,21.0,22.0
1051580,28.0,33.0
1051590,214.0,267.0
1051600,3.0,3.0
1051690,3211.0,3431.0
1051840,56.0,66.0
1051920,23.0,25.0
1051940,1.0,1.0
1051950,126.0,147.0
1051960,139.0,152.0
1051990,17.0,17.0
1052030,11.0,11.0
1052040,5.0,6.0
1052070,2638.0,2977.0
1052080,15.0,15.0
1052100,11.0,12.0
1052140,5.0,5.0
1052150,36.0,42.0
1052210,19.0,25.0
1052220,33.0,40.0
1052230,26.0,32.0
1052360,23.0,29.0
1052370,19.0,21.0
1052440,102.0,131.0
1052580,32.0,33.0
1052640,34.0,37.0
1052670,3.0,3.0
1052760,16.0,17.0
1052870,20.0,25.0
1052990,1188.0,1245.0
1053000,300.0,387.0
1053020,20.0,20.0
1053090,4.0,5.0
1053190,18.0,20.0
1053250,122.0,129.0
1053270,14.0,14.0
1053330,10.0,12.0
1053390,28.0,31.0
1053560,30.0,34.0
1053620,13.0,14.0
1053640,2.0,2.0
1053680,4844.0,5352.0
1053700,7.0,7.0
1053710,643.0,774.0
1053760,32.0,34.0
1053780,14.0,17.0
1053820,2.0,2.0
1053830,50.0,53.0
1053920,4.0,4.0
1054030,22.0,28.0
1054050,34.0,40.0
1054090,21.0,24.0
1054110,79.0,102.0
1054150,1.0,1.0
1054180,6.0,7.0
1054240,13.0,13.0
1054270,43.0,46.0
1054340,279.0,296.0
1054350,33.0,35.0
1054430,967.0,1132.0
1054490,8835.0,9365.0
1054500,15.0,15.0
1054510,2817.0,3204.0
1054530,14.0,14.0
1054550,646.0,832.0
1054560,124.0,146.0
1054580,217.0,226.0
1054590,1.0,1.0
1054640,8.0,10.0
1054650,30.0,34.0
1054660,120.0,122.0
1054700,107.0,140.0
1054710,215.0,257.0
1054720,12.0,15.0
1054750,33.0,38.0
1054770,20.0,24.0
1054800,873.0,1003.0
1054950,140.0,145.0
1054980,14.0,17.0
1055020,5.0,5.0
1055140,68.0,81.0
1055170,95.0,109.0
1055180,3.0,3.0
1055210,478.0,503.0
1055280,1.0,1.0
1055310,94.0,117.0
1055430,2268.0,2437.0
1055540,17185.0,17323.0
1055610,308.0,389.0
1055620,78.0,101.0
1055690,36.0,38.0
1055760,352.0,366.0
1055780,4.0,5.0
1055850,243.0,257.0
1055890,29.0,32.0
1055940,1.0,1.0
1055950,12.0,12.0
1055960,6.0,6.0
1055970,26.0,29.0
1055990,315.0,372.0
1056040,28.0,36.0
1056060,1.0,1.0
1056070,6.0,7.0
1056140,9.0,10.0
1056180,301.0,399.0
1056280,43.0,46.0
1056310,2.0,2.0
1056320,2.0,2.0
1056330,12.0,13.0
1056350,50.0,50.0
1056490,605.0,625.0
1056510,132.0,159.0
1056570,840.0,968.0
1056590,96.0,114.0
1056610,529.0,626.0
1056690,189.0,217.0
1056710,12.0,15.0
1056720,293.0,331.0
1056750,215.0,269.0
1056840,629.0,773.0
1057090,126575.0,131031.0
1057130,40.0,44.0
1057220,32.0,36.0
1057390,6.0,7.0
1057430,496.0,616.0
1057460,2.0,2.0
1057540,246.0,273.0
1057600,82.0,92.0
1057640,418.0,467.0
1057680,2318.0,2442.0
1057700,3260.0,3798.0
1057710,8.0,8.0
1057720,366.0,418.0
1057780,215.0,243.0
1057800,285.0,353.0
1057850,2273.0,2515.0
1057980,22.0,22.0
1057990,57.0,63.0
1058000,617.0,639.0
1058020,3998.0,4139.0
1058060,339.0,413.0
1058130,289.0,347.0
1058140,303.0,336.0
1058200,342.0,453.0
1058220,11.0,13.0
1058270,215.0,256.0
1058280,166.0,196.0
1058320,413.0,475.0
1058350,70.0,93.0
1058380,987.0,1127.0
1058430,1951.0,2248.0
1058450,3029.0,3448.0
1058470,25.0,25.0
1058510,10.0,10.0
1058530,391.0,504.0
1058550,17.0,20.0
1058560,90.0,107.0
1058570,6.0,6.0
1058590,11.0,12.0
1058630,9.0,11.0
1058640,3183.0,3305.0
1058690,181.0,209.0
1058700,4.0,4.0
1058710,243.0,319.0
1058750,12.0,12.0
1058770,1910.0,2337.0
1058830,3799.0,3911.0
1058840,5.0,6.0
1058990,11.0,13.0
1059090,35.0,36.0
1059120,924.0,1099.0
1059300,7.0,7.0
1059310,4.0,5.0
1059370,3.0,3.0
1059420,30.0,30.0
1059430,155.0,185.0
1059460,50.0,64.0
1059470,1.0,1.0
1059640,6.0,6.0
1059690,13.0,17.0
1059710,10.0,10.0
1059840,9.0,11.0
1059880,323.0,389.0
1059890,62.0,77.0
1059900,516.0,630.0
1059980,1241.0,1380.0
1059990,9043.0,9231.0
1060000,10.0,10.0
1060020,1.0,1.0
1060040,2.0,2.0
1060170,9.0,10.0
1060180,128.0,154.0
1060230,1629.0,1927.0
1060240,32.0,37.0
1060310,401.0,493.0
1060350,1.0,1.0
1060360,12.0,15.0
1060450,21.0,27.0
1060460,8.0,9.0
1060510,5.0,6.0
1060550,2.0,2.0
1060560,8.0,9.0
1060570,12.0,14.0
1060600,683.0,735.0
1060620,15.0,19.0
1060630,62.0,71.0
1060670,1359.0,1711.0
1060770,16.0,21.0
1060810,25.0,31.0
1060820,16.0,20.0
1060840,1.0,1.0
1060870,4.0,4.0
1060900,1.0,1.0
1061090,10324.0,11450.0
1061120,4.0,5.0
1061150,43.0,47.0
1061180,838.0,952.0
1061200,2.0,2.0
1061270,40.0,44.0
1061360,4.0,4.0
1061390,3.0,3.0
1061420,3.0,3.0
1061470,65.0,84.0
1061540,15.0,15.0
1061550,21.0,22.0
1061560,5.0,5.0
1061600,22.0,28.0
1061610,198.0,240.0
1061690,22.0,28.0
1061770,5.0,5.0
1061850,5.0,6.0
1061900,12.0,15.0
1061910,13977.0,14534.0
1061920,101.0,111.0
1062040,432.0,550.0
1062060,640.0,721.0
1062070,190.0,208.0
1062080,34.0,39.0
1062090,25753.0,27010.0
1062110,1603.0,1719.0
1062130,10.0,13.0
1062140,1206.0,1351.0
1062160,7137.0,7490.0
1062220,29.0,38.0
1062390,4.0,5.0
1062520,19775.0,21010.0
1062540,23.0,25.0
1062550,19.0,22.0
1062810,2895.0,3235.0
1062830,1536.0,1769.0
1062860,9.0,11.0
1063040,270.0,340.0
1063060,2.0,2.0
1063070,3.0,3.0
1063080,17.0,17.0
1063100,6.0,6.0
1063110,7.0,7.0
1063120,12.0,12.0
1063130,96.0,115.0
1063140,3.0,3.0
1063190,136.0,143.0
1063300,12.0,15.0
1063350,22.0,23.0
1063420,3268.0,3667.0
1063490,1060.0,1216.0
1063520,12.0,15.0
1063530,126.0,136.0
1063540,137.0,152.0
1063570,1.0,1.0
1063580,338.0,410.0
1063660,10657.0,11437.0
1063710,14.0,15.0
1063770,1380.0,1641.0
1063790,179.0,222.0
1063820,14.0,14.0
1063830,40.0,45.0
1063860,137.0,173.0
1063910,33.0,41.0
1063950,75.0,98.0
1063960,25.0,28.0
1064010,158.0,189.0
1064030,53.0,57.0
1064080,14.0,17.0
1064130,166.0,181.0
1064140,186.0,223.0
1064150,77.0,88.0
1064200,59.0,75.0
1064340,651.0,707.0
1064360,6.0,6.0
1064420,189.0,206.0
1064450,1.0,1.0
1064460,1957.0,2036.0
1064480,2.0,2.0
1064520,2.0,2.0
1064540,29.0,32.0
1064580,16.0,21.0
1064610,6170.0,6449.0
1064620,7.0,7.0
1064660,116.0,145.0
1064670,46.0,57.0
1064690,43.0,44.0
1064730,1974.0,2198.0
1064800,15.0,18.0
1064900,44.0,48.0
1064910,19.0,25.0
1064920,1.0,1.0
1064950,181.0,188.0
1064960,1.0,1.0
1065020,367.0,383.0
1065070,110.0,114.0
1065100,558.0,576.0
1065110,24.0,25.0
1065180,487.0,520.0
1065200,133.0,175.0
1065260,543.0,615.0
1065300,3.0,3.0
1065320,113.0,120.0
1065350,35.0,45.0
1065410,16.0,19.0
1065460,29.0,30.0
1065580,62.0,82.0
1065630,40.0,46.0
1065680,13.0,17.0
1065690,3.0,3.0
1065750,61.0,65.0
1065770,6.0,7.0
1065790,1.0,1.0
1065800,2.0,2.0
1065850,39.0,40.0
1065870,1.0,1.0
1065880,104.0,109.0
1065890,8.0,9.0
1065920,48.0,58.0
1065970,1045.0,1127.0
1066010,4.0,4.0
1066040,21.0,22.0
1066140,135.0,164.0
1066180,262.0,313.0
1066260,1009.0,1133.0
1066290,89.0,111.0
1066310,22.0,23.0
1066400,140.0,165.0
1066420,81.0,84.0
1066430,44.0,56.0
1066460,19.0,23.0
1066470,14.0,14.0
1066490,24.0,24.0
1066630,161.0,179.0
1066700,13.0,14.0
1066780,22811.0,25314.0
1066860,175.0,207.0
1066890,8396.0,9112.0
1066900,440.0,453.0
1066930,2.0,2.0
1066940,60.0,62.0
1066950,12.0,15.0
1067020,323.0,380.0
1067030,25.0,31.0
1067080,20.0,21.0
1067220,130.0,144.0
1067280,5.0,6.0
1067310,6565.0,6696.0
1067320,89.0,114.0
1067350,119.0,120.0
1067380,5.0,5.0
1067390,7.0,7.0
1067400,12.0,15.0
1067430,54.0,61.0
1067440,111.0,115.0
1067520,37.0,45.0
1067540,2409.0,2664.0
1067580,26.0,33.0
1067600,959.0,1068.0
1067650,27.0,32.0
1067720,203.0,227.0
1067850,4455.0,4544.0
1067900,3018.0,3346.0
1067930,111.0,127.0
1068070,295.0,304.0
1068110,12.0,13.0
1068120,16.0,18.0
1068190,1.0,1.0
1068300,6.0,6.0
1068360,382.0,447.0
1068410,31.0,31.0
1068420,2.0,2.0
1068460,104.0,104.0
1068480,11.0,14.0
1068510,6.0,7.0
1068520,31.0,40.0
1068540,6.0,7.0
1068680,6.0,6.0
1068700,13.0,15.0
1068720,2.0,2.0
1068820,2594.0,2933.0
1068910,10.0,13.0
1068990,4.0,4.0
1069030,750.0,849.0
1069050,85.0,109.0
1069120,6.0,6.0
1069140,10.0,12.0
1069150,8.0,9.0
1069160,1996.0,2101.0
1069190,391.0,414.0
1069220,12.0,15.0
1069230,3196.0,3275.0
1069290,6.0,6.0
1069360,503.0,629.0
1069390,112.0,132.0
1069480,41.0,48.0
1069490,8.0,8.0
1069520,7.0,8.0
1069530,1157.0,1478.0
1069610,10.0,12.0
1069650,1506.0,1901.0
1069720,2.0,2.0
1069740,8742.0,9550.0
1069750,17.0,17.0
1069760,456.0,482.0
1069840,1.0,1.0
1069850,58.0,61.0
1069920,3.0,3.0
1069940,14.0,17.0
1069970,8.0,8.0
1070020,599.0,646.0
1070030,3.0,3.0
1070110,22.0,28.0
1070150,118.0,130.0
1070160,7.0,7.0
1070180,13.0,16.0
1070220,26.0,29.0
1070230,14.0,16.0
1070250,32.0,34.0
1070270,1.0,1.0
1070300,28.0,33.0
1070330,6734.0,7571.0
1070350,5.0,6.0
1070390,1.0,1.0
1070440,11.0,11.0
1070460,1.0,1.0
1070510,29.0,30.0
1070550,434.0,436.0
1070580,5417.0,5926.0
1070590,13.0,15.0
1070710,8668.0,8829.0
1070780,75.0,89.0
1070790,305.0,309.0
1070910,778.0,860.0
1070990,5.0,5.0
1071060,14.0,18.0
1071070,3.0,3.0
1071100,601.0,706.0
1071120,1535.0,1589.0
1071130,973.0,992.0
1071170,24.0,31.0
1071190,32.0,32.0
1071220,118.0,131.0
1071240,173.0,183.0
1071260,16.0,17.0
1071280,44.0,49.0
1071320,37.0,46.0
1071330,115.0,138.0
1071350,20.0,26.0
1071440,7.0,7.0
1071510,78.0,91.0
1071640,2.0,2.0
1071660,15.0,16.0
1071680,204.0,240.0
1071740,1.0,1.0
1071760,2.0,2.0
1071800,1.0,1.0
1071860,9.0,10.0
1071870,6751.0,7827.0
1071890,6.0,7.0
1071900,28.0,30.0
1071920,18.0,18.0
1071940,106.0,138.0
1071970,1.0,1.0
1072030,17.0,18.0
1072040,2985.0,3557.0
1072090,8.0,8.0
1072100,117.0,151.0
1072110,15.0,18.0
1072120,721.0,863.0
1072140,1.0,1.0
1072150,1654.0,1810.0
1072170,63.0,83.0
1072180,8.0,8.0
1072210,7.0,8.0
1072270,55.0,73.0
1072280,3.0,3.0
1072300,45.0,47.0
1072350,9.0,10.0
1072390,4535.0,4764.0
1072420,6285.0,6814.0
1072530,158.0,163.0
1072590,73.0,81.0
1072610,28.0,30.0
1072640,358.0,399.0
1072710,1163.0,1420.0
1072750,141.0,153.0
1072760,5.0,6.0
1072800,11.0,11.0
1072860,86.0,96.0
1072870,14.0,16.0
1072980,1.0,1.0
1073090,1.0,1.0
1073100,10.0,10.0
1073130,47.0,60.0
1073220,254.0,303.0
1073280,16.0,19.0
1073310,240.0,293.0
1073320,744.0,819.0
1073350,5.0,5.0
1073390,2163.0,2285.0
1073400,8.0,10.0
1073440,5235.0,5700.0
1073450,1.0,1.0
1073490,131.0,161.0
1073610,21.0,21.0
1073710,1.0,1.0
1073770,35.0,41.0
1073790,1.0,1.0
1073810,243.0,259.0
1073820,475.0,499.0
1073840,78.0,82.0
1073870,77.0,100.0
1073890,18.0,19.0
1073900,200.0,223.0
1073910,1228.0,1566.0
1073990,1.0,1.0
1074030,176.0,193.0
1074040,34.0,41.0
1074070,925.0,1146.0
1074080,614.0,699.0
1074150,4.0,5.0
1074170,197.0,252.0
1074190,241.0,277.0
1074220,25.0,28.0
1074280,26.0,27.0
1074300,33.0,35.0
1074310,14.0,14.0
1074330,12.0,14.0
1074340,24.0,24.0
1074390,5.0,5.0
1074440,8.0,10.0
1074500,38.0,38.0
1074510,29.0,38.0
1074520,54.0,57.0
1074530,14.0,17.0
1074550,18.0,21.0
1074620,380.0,429.0
1074630,261.0,339.0
1074700,14.0,15.0
1074760,1.0,1.0
1074860,1.0,1.0
1074880,3.0,3.0
1074910,1.0,1.0
1074920,1.0,1.0
1074930,2.0,2.0
1075000,37.0,49.0
1075080,148.0,187.0
1075170,110.0,126.0
1075200,546.0,645.0
1075370,27.0,34.0
1075390,23.0,30.0
1075430,175.0,203.0
1075570,1.0,1.0
1075740,2348.0,2938.0
1075850,2.0,2.0
1075860,2.0,2.0
1075910,4.0,4.0
1075980,723.0,771.0
1076050,4.0,4.0
1076060,1.0,1.0
1076070,22.0,22.0
1076110,9.0,9.0
1076130,199.0,202.0
1076140,21.0,23.0
1076160,1118.0,1312.0
1076200,3055.0,3644.0
1076210,163.0,200.0
1076230,104.0,123.0
1076350,1.0,1.0
1076360,5.0,5.0
1076450,2.0,2.0
1076480,47.0,47.0
1076500,783.0,942.0
1076550,447.0,485.0
1076610,29.0,35.0
1076620,155.0,157.0
1076720,44.0,47.0
1076770,6.0,6.0
1076880,366.0,383.0
1076940,3.0,3.0
1077030,2.0,2.0
1077090,30.0,38.0
1077160,111.0,118.0
1077210,26.0,33.0
1077230,344.0,391.0
1077250,10.0,11.0
1077290,844.0,906.0
1077340,174.0,206.0
1077410,392.0,480.0
1077420,10.0,10.0
1077430,355.0,404.0
1077450,209.0,223.0
1077470,32.0,38.0
1077510,49.0,51.0
1077520,1133.0,1273.0
1077530,200.0,239.0
1077600,71.0,78.0
1077680,4.0,4.0
1077730,459.0,512.0
1077850,38.0,47.0
1077890,60.0,75.0
1077970,386.0,474.0
1078040,1.0,1.0
1078200,376.0,391.0
1078230,2.0,2.0
1078280,625.0,671.0
1078320,275.0,327.0
1078330,429.0,478.0
1078340,14.0,14.0
1078350,2270.0,2410.0
1078360,17.0,19.0
1078420,1181.0,1236.0
1078460,1.0,1.0
1078510,157.0,171.0
1078540,8.0,8.0
1078650,1.0,1.0
1078730,1184.0,1550.0
1078750,7.0,9.0
1078820,1.0,1.0
1078880,4.0,5.0
1078920,1100.0,1284.0
1078950,3.0,3.0
1078960,176.0,188.0
1078970,320.0,387.0
1078990,1.0,1.0
1079000,191.0,204.0
1079050,3.0,3.0
1079130,129.0,155.0
1079160,967.0,993.0
1079170,3.0,3.0
1079210,572.0,633.0
1079230,262.0,307.0
1079260,5579.0,5762.0
1079310,338.0,412.0
1079320,73.0,96.0
1079450,147.0,148.0
1079470,2.0,2.0
1079510,252.0,289.0
1079560,19.0,22.0
1079570,70.0,84.0
1079600,7.0,8.0
1079610,5.0,5.0
1079620,554.0,693.0
1079630,85.0,104.0
1079700,1.0,1.0
1079730,4.0,4.0
1079800,3668.0,3903.0
1079810,16.0,19.0
1079860,11.0,12.0
1079890,7.0,8.0
1079910,2.0,2.0
1079970,51.0,53.0
1080010,248.0,271.0
1080020,1614.0,2007.0
1080040,43.0,45.0
1080090,1.0,1.0
1080120,5.0,6.0
1080180,1.0,1.0
1080250,25.0,27.0
1080330,22.0,22.0
1080410,66.0,83.0
1080450,92.0,98.0
1080490,7.0,7.0
1080630,18.0,21.0
1080680,30.0,31.0
1080700,33.0,36.0
1080750,1075.0,1123.0
1080930,7.0,8.0
1080950,1.0,1.0
1080990,83.0,88.0
1081020,1.0,1.0
1081070,14.0,15.0
1081120,36.0,38.0
1081160,44.0,46.0
1081200,4.0,4.0
1081240,21.0,26.0
1081250,13.0,15.0
1081260,9.0,10.0
1081350,1.0,1.0
1081410,11.0,13.0
1081420,1.0,1.0
1081430,2.0,2.0
1081490,6.0,6.0
1081510,2341.0,3014.0
1081520,2.0,2.0
1081550,9.0,10.0
1081630,5.0,5.0
1081650,114.0,129.0
1081670,190.0,246.0
1081780,40.0,48.0
1081840,92.0,111.0
1081870,44.0,55.0
1081880,46.0,55.0
1081890,21.0,24.0
1081990,9.0,9.0
1082000,23.0,26.0
1082180,1147.0,1379.0
1082430,14586.0,14900.0
1082440,21.0,21.0
1082460,13.0,14.0
1082470,43.0,46.0
1082480,1.0,1.0
1082500,12.0,15.0
1082620,4.0,5.0
1082710,4971.0,5111.0
1082750,27.0,35.0
1082860,5.0,5.0
1082930,234.0,288.0
1082970,215.0,249.0
1083190,180.0,214.0
1083240,14.0,14.0
1083270,2.0,2.0
1083300,103.0,117.0
1083350,10.0,11.0
1083420,43.0,51.0
1083450,18.0,22.0
1083460,8.0,8.0
1083500,93.0,114.0
1083600,428.0,556.0
1083660,2.0,2.0
1083750,16.0,16.0
1083760,73.0,84.0
1083790,450.0,454.0
1083800,58.0,61.0
1083810,32.0,40.0
1083820,83.0,102.0
1083870,335.0,417.0
1083880,2395.0,2751.0
1083990,9.0,11.0
1084020,2581.0,2755.0
1084080,82.0,109.0
1084090,3.0,3.0
1084160,10533.0,11760.0
1084220,100.0,105.0
1084360,29.0,35.0
1084390,5.0,5.0
1084420,9.0,11.0
1084480,266.0,284.0
1084530,14.0,16.0
1084560,1.0,1.0
1084570,978.0,1026.0
1084600,21745.0,24605.0
1084640,2029.0,2131.0
1084710,19.0,22.0
1084790,152.0,187.0
1084910,2.0,2.0
1084920,8.0,8.0
1084930,14.0,15.0
1084970,11.0,13.0
1085070,23.0,26.0
1085160,606.0,681.0
1085180,647.0,717.0
1085220,839.0,887.0
1085260,61.0,70.0
1085280,10.0,11.0
1085340,56.0,60.0
1085510,12363.0,14073.0
1085540,7.0,7.0
1085560,135.0,153.0
1085570,9.0,9.0
1085590,1.0,1.0
1085630,109.0,133.0
1085640,91.0,113.0
1085660,491548.0,613924.0
1085750,2516.0,3068.0
1085790,22.0,27.0
1085800,5.0,6.0
1085810,1.0,1.0
1085880,9.0,9.0
1085900,10.0,11.0
1085990,36.0,39.0
1086010,1518.0,1999.0
1086140,3.0,3.0
1086160,103.0,115.0
1086240,29.0,29.0
1086270,7.0,8.0
1086410,967.0,1025.0
1086450,66.0,71.0
1086460,27.0,30.0
1086620,98.0,116.0
1086630,9.0,10.0
1086670,1.0,1.0
1086680,121.0,151.0
1086750,60.0,70.0
1086810,43.0,54.0
1086840,61.0,77.0
1086850,609.0,649.0
1086860,183.0,205.0
1086900,8.0,8.0
1086920,4.0,5.0
1086940,645206.0,666496.0
1086970,25.0,31.0
1086980,1.0,1.0
1087050,8.0,8.0
1087060,34.0,40.0
1087080,74.0,79.0
1087190,11.0,13.0
1087270,259.0,333.0
1087310,4.0,4.0
1087440,53.0,67.0
1087460,470.0,517.0
1087480,8.0,10.0
1087500,72.0,92.0
1087610,3.0,3.0
1087620,13.0,15.0
1087720,83.0,103.0
1087760,1703.0,1982.0
1087780,31.0,39.0
1087790,40.0,40.0
1087800,14.0,17.0
1087810,100.0,109.0
1087930,4.0,4.0
1087940,22.0,22.0
1087960,106.0,118.0
1088060,9.0,10.0
1088150,6454.0,7507.0
1088160,21.0,27.0
1088300,3.0,3.0
1088420,51.0,61.0
1088440,5.0,6.0
1088630,23.0,30.0
1088690,1.0,1.0
1088710,6534.0,8099.0
1088750,59.0,65.0
1088790,4886.0,5892.0
1088850,33731.0,35789.0
1088870,170.0,222.0
1088910,2.0,2.0
1088950,103.0,133.0
1088960,5.0,6.0
1089000,13.0,14.0
1089030,8.0,9.0
1089050,7.0,9.0
1089090,17354.0,18938.0
1089110,24.0,25.0
1089130,3902.0,4458.0
1089140,8.0,10.0
1089310,117.0,140.0
1089520,2.0,2.0
1089600,68.0,75.0
1089630,1280.0,1382.0
1089650,412.0,525.0
1089660,106.0,136.0
1089760,16.0,21.0
1089770,18.0,18.0
1089790,714.0,879.0
1089820,101.0,119.0
1089830,1090.0,1234.0
1089840,299.0,334.0
1089860,48.0,57.0
1089880,10.0,13.0
1089980,46056.0,46684.0
1090020,15.0,16.0
1090030,29.0,31.0
1090060,33.0,35.0
1090100,97.0,102.0
1090190,62.0,71.0
1090210,47.0,62.0
1090300,1.0,1.0
1090340,1.0,1.0
1090380,4.0,4.0
1090390,93.0,104.0
1090440,674.0,791.0
1090490,2.0,2.0
1090560,90.0,105.0
1090590,16.0,16.0
1090630,7063.0,8506.0
1090650,6.0,6.0
1090680,11.0,12.0
1090690,4.0,4.0
1090700,21.0,25.0
1090790,38.0,43.0
1090900,793.0,1042.0
1090910,5.0,6.0
1090920,59.0,60.0
1090930,39.0,48.0
1090940,16.0,17.0
1090960,4.0,4.0
1091030,5.0,6.0
1091170,19.0,24.0
1091180,9.0,10.0
1091250,149.0,157.0
1091270,15.0,19.0
1091320,212.0,224.0
1091380,10.0,10.0
1091390,42.0,47.0
1091400,40.0,47.0
1091470,83.0,98.0
1091500,642845.0,769557.0
1091570,50.0,65.0
1091640,86.0,108.0
1091720,46.0,48.0
1091920,1014.0,1062.0
1091940,100.0,128.0
1091950,239.0,282.0
1091960,179.0,195.0
1091980,908.0,1169.0
1092000,105.0,124.0
1092040,1051.0,1221.0
1092060,7.0,8.0
1092070,1.0,1.0
1092140,459.0,527.0
1092150,62.0,81.0
1092260,59.0,74.0
1092270,9.0,10.0
1092400,822.0,911.0
1092430,410.0,510.0
1092510,17.0,20.0
1092530,195.0,257.0
1092590,963.0,998.0
1092630,1455.0,1572.0
1092660,5344.0,6791.0
1092700,1569.0,1730.0
1092710,2805.0,3047.0
1092720,3263.0,3448.0
1092730,1057.0,1348.0
1092780,56.0,61.0
1092790,117528.0,121248.0
1092800,18.0,19.0
1092830,2.0,2.0
1092850,17.0,18.0
1092940,1.0,1.0
1092950,124.0,132.0
1092980,219.0,290.0
1093120,3.0,3.0
1093130,26.0,28.0
1093150,20.0,25.0
1093220,4.0,5.0
1093290,591.0,617.0
1093300,28.0,36.0
1093330,532.0,610.0
1093340,9.0,9.0
1093370,9.0,10.0
1093460,1.0,1.0
1093520,169.0,185.0
1093670,37.0,44.0
1093720,1414.0,1719.0
1093750,10.0,13.0
1093760,49.0,64.0
1093770,4.0,4.0
1093790,77.0,91.0
1093800,20.0,22.0
1093840,53.0,62.0
1093850,11.0,12.0
1093900,13.0,16.0
1093910,12699.0,12994.0
1093920,27.0,28.0
1094030,1836.0,2065.0
1094050,22.0,29.0
1094070,12.0,13.0
1094110,10.0,13.0
1094120,1.0,1.0
1094130,7.0,9.0
1094170,5.0,5.0
1094250,87.0,92.0
1094290,41.0,47.0
1094340,22.0,24.0
1094390,417.0,460.0
1094400,20.0,22.0
1094410,1.0,1.0
1094420,488.0,510.0
1094520,18428.0,22405.0
1094530,597.0,620.0
1094590,45.0,48.0
1094640,36.0,42.0
1094680,50.0,56.0
1094780,3259.0,3835.0
1094820,804.0,827.0
1094870,174.0,187.0
1094930,56.0,63.0
1094960,45.0,56.0
1095040,247.0,326.0
1095120,264.0,289.0
1095140,4.0,4.0
1095200,7.0,8.0
1095260,384.0,396.0
1095270,1.0,1.0
1095290,81.0,84.0
1095320,18.0,19.0
1095370,17.0,19.0
1095380,7.0,9.0
1095400,1.0,1.0
1095480,71.0,76.0
1095520,85.0,95.0
1095550,6.0,7.0
1095700,25.0,29.0
1095710,20.0,26.0
1095750,21.0,23.0
1095790,90.0,109.0
1095810,3.0,3.0
1095820,3.0,3.0
1095850,23.0,28.0
1095860,7.0,8.0
1095880,1.0,1.0
1095910,11.0,11.0
1096060,154.0,160.0
1096100,77.0,90.0
1096120,14.0,16.0
1096130,16.0,18.0
1096140,129.0,137.0
1096180,373.0,384.0
1096200,882.0,977.0
1096210,140.0,161.0
1096290,6.0,6.0
1096330,53.0,57.0
1096360,22.0,25.0
1096420,16.0,18.0
1096530,16926.0,19346.0
1096570,2146.0,2731.0
1096590,544.0,603.0
1096600,6.0,7.0
1096660,6.0,7.0
1096690,45.0,54.0
1096710,3747.0,4398.0
1096720,746.0,970.0
1096760,19.0,20.0
1096900,1437.0,1689.0
1096930,371.0,404.0
1096980,13.0,17.0
1096990,2.0,2.0
1097100,220.0,245.0
1097110,401.0,451.0
1097120,114.0,138.0
1097130,1811.0,2093.0
1097160,7.0,8.0
1097170,62.0,66.0
1097180,19.0,24.0
1097330,18.0,22.0
1097350,2863.0,3638.0
1097370,344.0,426.0
1097420,1254.0,1659.0
1097440,4.0,4.0
1097470,2.0,2.0
1097520,63.0,80.0
1097530,487.0,559.0
1097570,4.0,4.0
1097580,1213.0,1454.0
1097620,559.0,696.0
1097630,2.0,2.0
1097670,37.0,43.0
1097710,15.0,17.0
1097750,77.0,94.0
1097760,8.0,8.0
1097770,78.0,95.0
1097780,25.0,25.0
1097790,85.0,110.0
1097810,127.0,168.0
1097820,54.0,60.0
1097830,1.0,1.0
1097870,15.0,17.0
1097880,1146.0,1308.0
1097900,5.0,6.0
1098040,46.0,47.0
1098050,7.0,8.0
1098090,10.0,11.0
1098100,223.0,281.0
1098130,570.0,644.0
1098140,10.0,13.0
1098170,337.0,439.0
1098220,32.0,33.0
1098250,3.0,3.0
1098270,353.0,446.0
1098280,740.0,795.0
1098291,194.0,223.0
1098340,1619.0,1697.0
1098370,113.0,124.0
1098390,15.0,18.0
1098420,70.0,75.0
1098470,53.0,54.0
1098480,10.0,10.0
1098510,130.0,155.0
1098560,45.0,47.0
1098610,140.0,151.0
1098660,5.0,5.0
1098680,43.0,49.0
1098700,37.0,46.0
1098720,40.0,45.0
1098730,9.0,10.0
1098770,332.0,335.0
1098840,139.0,143.0
1099070,30.0,34.0
1099090,8.0,10.0
1099110,169.0,198.0
1099140,42.0,45.0
1099170,62.0,69.0
1099220,354.0,430.0
1099440,81.0,95.0
1099470,16.0,18.0
1099490,3.0,3.0
1099500,297.0,329.0
1099530,65.0,79.0
1099640,676.0,850.0
1099660,6.0,6.0
1099790,25.0,30.0
1099920,27.0,34.0
1099980,8.0,9.0
1100030,34.0,40.0
1100140,1077.0,1089.0
1100150,559.0,575.0
1100160,301.0,318.0
1100170,73.0,74.0
1100180,98.0,103.0
1100210,20.0,22.0
1100260,1553.0,1731.0
1100270,64.0,76.0
1100290,38.0,43.0
1100300,29.0,33.0
1100320,5.0,5.0
1100350,18.0,21.0
1100420,842.0,917.0
1100430,224.0,245.0
1100560,2.0,2.0
1100580,1.0,1.0
1100600,28327.0,31739.0
1100620,885.0,1011.0
1100800,233.0,235.0
1100840,2.0,2.0
1100860,1.0,1.0
1100900,31.0,37.0
1100930,1082.0,1364.0
1100990,1715.0,1848.0
1101030,89.0,112.0
1101100,4.0,5.0
1101120,1949.0,2288.0
1101130,47.0,62.0
1101140,1277.0,1480.0
1101170,25.0,28.0
1101180,405.0,419.0
1101220,2.0,2.0
1101260,552.0,697.0
1101270,144.0,177.0
1101310,24.0,26.0
1101340,2.0,2.0
1101400,222.0,284.0
1101450,3786.0,4243.0
1101480,8.0,10.0
1101620,23.0,28.0
1101630,1.0,1.0
1101660,25.0,29.0
1101670,66.0,76.0
1101760,117.0,149.0
1101770,7.0,7.0
1101800,34.0,35.0
1101850,8.0,10.0
1101930,323.0,367.0
1102000,3.0,3.0
1102040,15.0,16.0
1102080,17.0,18.0
1102100,135.0,162.0
1102130,12130.0,12982.0
1102190,19593.0,20386.0
1102210,1.0,1.0
1102340,49.0,50.0
1102390,16.0,16.0
1102410,39.0,40.0
1102510,9.0,9.0
1102650,50.0,57.0
1102700,7.0,8.0
1102750,14.0,18.0
1102770,6.0,6.0
1102930,1576.0,1726.0
1102940,4.0,4.0
1102980,481.0,523.0
1103100,315.0,376.0
1103120,20.0,24.0
1103130,26.0,30.0
1103160,5.0,5.0
1103210,5081.0,5267.0
1103290,4.0,5.0
1103310,58.0,59.0
1103340,7.0,8.0
1103390,2.0,2.0
1103460,4.0,5.0
1103490,260.0,346.0
1103520,24.0,26.0
1103540,2.0,2.0
1103550,48.0,48.0
1103620,5.0,5.0
1103640,7.0,8.0
1103730,299.0,387.0
1103770,82.0,87.0
1103790,11.0,12.0
1103800,118.0,139.0
1103870,7.0,7.0
1103880,450.0,528.0
1103930,37.0,38.0
1103940,27.0,27.0
1104220,108.0,126.0
1104230,5.0,6.0
1104250,8.0,10.0
1104280,3305.0,4145.0
1104330,1657.0,2051.0
1104340,386.0,479.0
1104380,3482.0,3564.0
1104450,7285.0,8444.0
1104460,16.0,21.0
1104470,9.0,9.0
1104490,17.0,20.0
1104610,20.0,23.0
1104620,17.0,19.0
1104660,4415.0,4802.0
1104840,4.0,4.0
1104890,81.0,102.0
1104910,3.0,3.0
1104920,39.0,41.0
1104930,19.0,19.0
1104950,3.0,3.0
1105040,290.0,386.0
1105110,246.0,256.0
1105140,5.0,5.0
1105160,2.0,2.0
1105300,11.0,13.0
1105410,108.0,120.0
1105430,11.0,14.0
1105450,10.0,12.0
1105460,35.0,44.0
1105490,2.0,2.0
1105500,5086.0,5559.0
1105510,4954.0,5527.0
1105560,24.0,30.0
1105570,9.0,9.0
1105600,13.0,15.0
1105620,254.0,294.0
1105670,9790.0,10660.0
1105740,44.0,57.0
1105870,4.0,4.0
1105890,120.0,138.0
1106140,439.0,547.0
1106150,44.0,58.0
1106340,756.0,854.0
1106530,2305.0,2607.0
1106710,20.0,23.0
1106730,2.0,2.0
1106740,5.0,6.0
1106770,756.0,795.0
1106830,190.0,204.0
1106840,20009.0,23028.0
1106860,331.0,364.0
1106880,423.0,480.0
1106920,53.0,67.0
1106940,309.0,332.0
1106950,1.0,1.0
1106980,6.0,6.0
1107040,30.0,39.0
1107060,44.0,52.0
1107230,176.0,188.0
1107300,1135.0,1269.0
1107320,967.0,1217.0
1107470,53.0,54.0
1107750,80.0,95.0
1107790,2443.0,3140.0
1107820,45.0,53.0
1107860,5.0,6.0
1107920,2.0,2.0
1108000,962.0,1110.0
1108090,182.0,205.0
1108120,5.0,5.0
1108170,106.0,110.0
1108190,28.0,34.0
1108250,3.0,3.0
1108340,1.0,1.0
1108350,100.0,114.0
1108370,4590.0,5184.0
1108380,7.0,7.0
1108390,20.0,26.0
1108560,1124.0,1467.0
1108630,21.0,26.0
1108640,45.0,51.0
1108820,4.0,5.0
1108830,1.0,1.0
1109070,22.0,29.0
1109130,615.0,634.0
1109170,5.0,5.0
1109220,16.0,18.0
1109300,39.0,39.0
1109360,841.0,906.0
1109410,926.0,943.0
1109420,43.0,51.0
1109460,1703.0,1781.0
1109490,30.0,30.0
1109570,5346.0,5697.0
1109650,6.0,7.0
1109660,7.0,7.0
1109680,2121.0,2426.0
1109750,15.0,15.0
1109820,81.0,84.0
1109840,372.0,416.0
1109880,7.0,8.0
1109890,1.0,1.0
1109940,5.0,5.0
1110020,3.0,3.0
1110030,51.0,64.0
1110050,1513.0,1724.0
1110090,2.0,2.0
1110100,1217.0,1457.0
1110220,9.0,10.0
1110260,4.0,4.0
1110280,8.0,9.0
1110350,13.0,13.0
1110380,76.0,79.0
1110390,1231.0,1454.0
1110460,1.0,1.0
1110580,57.0,71.0
1110620,49.0,51.0
1110640,16.0,21.0
1110670,7.0,8.0
1110690,665.0,742.0
1110720,169.0,179.0
1110770,40.0,41.0
1110780,6.0,6.0
1110840,14.0,18.0
1110890,160.0,200.0
1110960,94.0,96.0
1110980,33.0,37.0
1111030,610.0,717.0
1111080,261.0,298.0
1111090,15.0,17.0
1111120,11.0,12.0
1111210,2885.0,3563.0
1111220,7.0,7.0
1111240,1.0,1.0
1111310,7.0,8.0
1111370,1744.0,1812.0
1111380,433.0,474.0
1111450,616.0,677.0
1111460,9497.0,10052.0
1111600,57.0,58.0
1111620,164.0,182.0
1111870,1.0,1.0
1111930,233.0,286.0
1111940,317.0,349.0
1111960,8.0,9.0
1111970,65.0,72.0
1112050,24.0,31.0
1112110,10.0,13.0
1112150,26.0,26.0
1112230,2.0,2.0
1112250,3.0,3.0
1112340,137.0,159.0
1112350,1.0,1.0
1112360,8.0,9.0
1112370,44.0,52.0
1112440,11.0,12.0
1112580,47.0,57.0
1112690,41.0,49.0
1112700,11.0,12.0
1112760,3.0,3.0
1112830,349.0,462.0
1112890,4050.0,4603.0
1112930,418.0,464.0
1113000,70639.0,72778.0
1113030,254.0,300.0
1113090,19.0,21.0
1113120,11472.0,14718.0
1113210,1.0,1.0
1113230,1.0,1.0
1113240,17.0,22.0
1113300,46.0,56.0
1113310,74.0,83.0
1113340,7.0,9.0
1113360,2.0,2.0
1113370,12.0,13.0
1113380,1.0,1.0
1113490,20.0,25.0
1113560,21273.0,24137.0
1113570,1034.0,1287.0
1113580,20.0,23.0
1113680,803.0,974.0
1113690,29.0,30.0
1113730,127.0,159.0
1113760,13.0,15.0
1113770,26.0,32.0
1113780,156.0,187.0
1113850,10.0,12.0
1113860,3.0,3.0
1113940,616.0,705.0
1113950,13.0,15.0
1113960,13.0,14.0
1113970,52.0,63.0
1114030,329.0,347.0
1114090,255.0,268.0
1114130,621.0,663.0
1114140,2.0,2.0
1114210,26.0,26.0
1114220,3062.0,3457.0
1114260,485.0,586.0
1114290,591.0,674.0
1114360,35.0,46.0
1114380,113.0,118.0
1114430,419.0,473.0
1114460,82.0,86.0
1114470,2.0,2.0
1114530,96.0,110.0
1114620,45.0,45.0
1114630,10.0,12.0
1114650,195.0,198.0
1114720,17.0,18.0
1114740,41.0,43.0
1114860,1033.0,1203.0
1114870,219.0,247.0
1114900,62.0,65.0
1114940,4398.0,4629.0
1114950,160.0,164.0
1115020,2.0,2.0
1115050,2597.0,2662.0
1115060,10.0,13.0
1115090,1.0,1.0
1115110,10.0,13.0
1115380,48.0,63.0
1115400,22.0,27.0
1115580,74.0,78.0
1115610,25.0,32.0
1115620,23.0,25.0
1115630,3.0,3.0
1115640,1867.0,2095.0
1115690,9045.0,10414.0
1115780,880.0,1078.0
1115830,1.0,1.0
1115860,12.0,15.0
1115870,21.0,23.0
1115960,1.0,1.0
1115980,358.0,408.0
1116080,80.0,96.0
1116100,12.0,13.0
1116110,75.0,85.0
1116170,133.0,149.0
1116180,9.0,11.0
1116190,3.0,3.0
1116200,5.0,5.0
1116210,323.0,376.0
1116230,430.0,509.0
1116290,29.0,32.0
1116360,3.0,3.0
1116430,56.0,61.0
1116460,1.0,1.0
1116490,58.0,63.0
1116540,773.0,908.0
1116550,397.0,480.0
1116580,2158.0,2279.0
1116650,71.0,82.0
1116660,11.0,14.0
1116670,7.0,9.0
1116700,12.0,13.0
1116770,83.0,89.0
1116780,159.0,176.0
1116790,3.0,3.0
1116800,8.0,8.0
1116860,33.0,34.0
1116880,1358.0,1589.0
1116890,19.0,25.0
1116960,5737.0,6586.0
1116990,40.0,44.0
1117000,7.0,9.0
1117040,41.0,53.0
1117090,1447.0,1636.0
1117150,1.0,1.0
1117310,152.0,157.0
1117340,6.0,6.0
1117360,7.0,8.0
1117380,117.0,124.0
1117420,32.0,38.0
1117480,20.0,26.0
1117590,12.0,14.0
1117600,13.0,13.0
1117630,718.0,850.0
1117840,11.0,11.0
1117880,113.0,129.0
1117890,18.0,19.0
1117970,9.0,10.0
1117980,7.0,7.0
1117990,6.0,6.0
1118000,18.0,20.0
1118070,124.0,142.0
1118200,258289.0,261940.0
1118240,3749.0,4326.0
1118310,6232.0,6954.0
1118320,9.0,10.0
1118370,4.0,5.0
1118380,397.0,497.0
1118410,55.0,72.0
1118470,15.0,17.0
1118550,13.0,17.0
1118570,8.0,9.0
1118580,16.0,17.0
1118640,7.0,8.0
1118740,44.0,48.0
1118840,680.0,829.0
1118880,133.0,153.0
1118950,1.0,1.0
1119060,684.0,768.0
1119100,48.0,61.0
1119590,12.0,15.0
1119600,683.0,851.0
1119620,32.0,40.0
1119680,1.0,1.0
1119710,354.0,393.0
1119730,23822.0,28925.0
1119740,9.0,9.0
1119760,8.0,10.0
1119790,9.0,9.0
1119800,104.0,125.0
1119830,2.0,2.0
1119840,530.0,685.0
1119940,69.0,75.0
1119980,4898.0,5129.0
1120050,18.0,21.0
1120090,29.0,31.0
1120160,8.0,10.0
1120240,40.0,47.0
1120310,19.0,23.0
1120340,5.0,6.0
1120360,188.0,215.0
1120370,289.0,321.0
1120390,6.0,7.0
1120400,130.0,146.0
1120420,33.0,34.0
1120560,438.0,549.0
1120600,8.0,9.0
1120690,361.0,385.0
1120700,18.0,23.0
1120750,11.0,12.0
1120800,55.0,61.0
1120810,5458.0,6453.0
1120890,1.0,1.0
1120940,20.0,24.0
1120950,94.0,103.0
1120970,4.0,4.0
1120980,157.0,174.0
1121000,19.0,20.0
1121100,6.0,7.0
1121190,25.0,30.0
1121230,27.0,28.0
1121270,26.0,27.0
1121290,7.0,7.0
1121300,79.0,83.0
1121400,10.0,12.0
1121420,916.0,994.0
1121460,1.0,1.0
1121530,143.0,161.0
1121550,26.0,32.0
1121560,6959.0,8000.0
1121570,8.0,10.0
1121590,169.0,208.0
1121640,4914.0,5421.0
1121650,29.0,36.0
1121680,97.0,115.0
1121710,646.0,851.0
1121720,50.0,64.0
1121820,18.0,22.0
1121860,7.0,8.0
1121910,11497.0,12511.0
1121930,36.0,42.0
1121980,38.0,43.0
1122040,467.0,540.0
1122050,3563.0,4425.0
1122100,292.0,318.0
1122120,407.0,468.0
1122240,58.0,74.0
1122290,116.0,141.0
1122310,9.0,9.0
1122340,1472.0,1721.0
1122360,46.0,57.0
1122440,1.0,1.0
1122490,50.0,54.0
1122680,1433.0,1550.0
1122690,208.0,270.0
1122700,81.0,107.0
1122720,7780.0,8033.0
1122740,19.0,21.0
1122750,3750.0,3828.0
1122810,17.0,19.0
1122830,19.0,25.0
1122880,141.0,150.0
1122960,160.0,180.0
1123030,102.0,115.0
1123050,4523.0,5285.0
1123070,6.0,6.0
1123080,32.0,35.0
1123090,21.0,24.0
1123150,13.0,17.0
1123210,1.0,1.0
1123300,150.0,177.0
1123310,53.0,56.0
1123340,26.0,27.0
1123360,16.0,17.0
1123400,77.0,93.0
1123450,3021.0,3093.0
1123570,7.0,8.0
1123690,1.0,1.0
1123770,6774.0,8030.0
1123830,1641.0,2065.0
1123850,1.0,1.0
1123900,9.0,9.0
1123970,1.0,1.0
1124000,13.0,13.0
1124060,166.0,178.0
1124080,231.0,271.0
1124090,339.0,421.0
1124160,136.0,155.0
1124170,1.0,1.0
1124180,1591.0,1767.0
1124190,10.0,12.0
1124310,1.0,1.0
1124340,1.0,1.0
1124380,3.0,3.0
1124410,4.0,4.0
1124430,9.0,11.0
1124550,2.0,2.0
1124660,780.0,1000.0
1124710,14.0,17.0
1124800,2.0,2.0
1124810,10.0,11.0
1124830,328.0,366.0
1124860,4.0,5.0
1124950,11.0,11.0
1124960,12.0,12.0
1124990,52.0,54.0
1125130,9.0,11.0
1125240,1209.0,1275.0
1125290,2.0,2.0
1125330,230.0,305.0
1125340,3.0,3.0
1125350,4.0,4.0
1125360,12.0,12.0
1125370,6.0,7.0
1125390,447.0,539.0
1125420,18.0,20.0
1125450,1.0,1.0
1125480,1230.0,1476.0
1125510,354.0,360.0
1125620,11.0,11.0
1125730,10.0,12.0
1125800,12.0,14.0
1125820,5.0,5.0
1125830,28.0,28.0
1125860,61.0,62.0
1125870,64.0,72.0
1125880,41.0,41.0
1125910,321.0,393.0
1125930,22.0,22.0
1125980,7.0,8.0
1126070,7.0,7.0
1126090,44.0,50.0
1126110,21.0,21.0
1126120,9.0,10.0
1126260,38.0,42.0
1126270,83.0,92.0
1126290,6223.0,7676.0
1126310,3334.0,3539.0
1126320,10648.0,11026.0
1126340,8.0,9.0
1126420,200.0,221.0
1126440,31.0,40.0
1126470,82.0,98.0
1126510,46.0,52.0
1126580,62.0,75.0
1126600,137.0,150.0
1126680,2.0,2.0
1126710,42.0,43.0
1126750,240.0,291.0
1126820,3.0,3.0
1126850,28.0,29.0
1126890,137.0,174.0
1126950,4.0,4.0
1126970,3.0,3.0
1126990,138.0,177.0
1127030,15.0,18.0
1127070,93.0,105.0
1127100,8.0,9.0
1127110,648.0,737.0
1127120,3.0,3.0
1127130,26.0,26.0
1127140,30.0,31.0
1127180,8.0,10.0
1127210,7.0,7.0
1127230,4.0,4.0
1127270,8.0,9.0
1127330,29.0,34.0
1127350,8.0,10.0
1127360,74.0,93.0
1127400,19309.0,20162.0
1127470,175.0,191.0
1127480,1.0,1.0
1127500,19152.0,19938.0
1127520,1.0,1.0
1127530,12.0,15.0
1127540,87.0,98.0
1127560,2.0,2.0
1127580,3.0,3.0
1127610,1081.0,1220.0
1127660,12.0,12.0
1127680,41.0,43.0
1127700,3155.0,4160.0
1127730,22.0,24.0
1127840,1203.0,1414.0
1127850,205.0,213.0
1127900,113.0,148.0
1127920,59.0,69.0
1127970,194.0,222.0
1127980,1398.0,1711.0
1128030,1.0,1.0
1128100,109.0,131.0
1128180,79.0,87.0
1128190,80.0,96.0
1128260,167.0,177.0
1128280,7.0,8.0
1128370,26.0,26.0
1128480,269.0,322.0
1128520,7.0,7.0
1128570,59.0,73.0
1128610,8.0,8.0
1128650,1.0,1.0
1128680,2.0,2.0
1128690,123.0,135.0
1128770,3.0,3.0
1128810,29721.0,36952.0
1128920,9285.0,10616.0
1128960,42.0,50.0
1129000,2.0,2.0
1129010,444.0,501.0
1129030,121.0,137.0
1129090,34.0,40.0
1129110,8.0,10.0
1129120,2.0,2.0
1129180,16.0,18.0
1129190,11484.0,11616.0
1129220,1784.0,1984.0
1129240,2.0,2.0
1129250,208.0,221.0
1129310,2369.0,2595.0
1129330,21.0,21.0
1129350,7.0,9.0
1129410,4.0,4.0
1129540,6603.0,7353.0
1129550,11.0,12.0
1129580,37025.0,40801.0
1129610,4.0,5.0
1129650,31.0,36.0
1129660,41.0,52.0
1129690,21.0,23.0
1129700,1.0,1.0
1129720,4.0,4.0
1129920,530.0,536.0
1130390,41.0,50.0
1130400,10.0,11.0
1130410,3353.0,3527.0
1130430,9.0,11.0
1130510,23.0,25.0
1130570,10.0,10.0
1130620,864.0,975.0
1130880,23.0,29.0
1130990,31.0,33.0
1131070,2.0,2.0
1131110,3.0,3.0
1131140,87.0,98.0
1131190,1422.0,1495.0
1131210,4.0,5.0
1131230,1.0,1.0
1131410,52.0,53.0
1131430,4.0,5.0
1131460,5.0,5.0
1131490,4.0,5.0
1131520,4.0,4.0
1131530,35.0,39.0
1131540,69.0,74.0
1131550,223.0,249.0
1131620,1401.0,1640.0
1131670,128.0,132.0
1131680,9.0,10.0
1131740,240.0,261.0
1131750,89.0,94.0
1131780,9.0,9.0
1131790,9.0,10.0
1131800,61.0,64.0
1131810,134.0,152.0
1131830,13.0,17.0
1131860,9.0,9.0
1131870,55.0,61.0
1131880,11.0,12.0
1131900,275.0,312.0
1131920,318.0,351.0
1131930,113.0,142.0
1132050,10.0,11.0
1132070,199.0,231.0
1132090,20.0,24.0
1132100,40.0,50.0
1132110,14.0,16.0
1132120,112.0,145.0
1132180,20.0,24.0
1132190,969.0,1029.0
1132230,21.0,24.0
1132290,9.0,11.0
1132490,149.0,159.0
1132640,2.0,2.0
1132710,67.0,83.0
1132720,103.0,120.0
1132730,1131.0,1253.0
1132850,2.0,2.0
1132880,126.0,131.0
1132910,476.0,632.0
1132930,6.0,6.0
1133050,37.0,48.0
1133060,569.0,721.0
1133070,52.0,57.0
1133120,335.0,415.0
1133200,10.0,10.0
1133210,16.0,21.0
1133300,39.0,42.0
1133320,302.0,374.0
1133520,13.0,13.0
1133540,1.0,1.0
1133580,93.0,107.0
1133590,786.0,852.0
1133770,213.0,260.0
1133790,29.0,34.0
1133910,21.0,21.0
1133930,162.0,180.0
1133950,31.0,34.0
1133970,2.0,2.0
1133980,13.0,14.0
1133990,68.0,70.0
1134020,47.0,60.0
1134070,7.0,8.0
1134140,3.0,3.0
1134180,150.0,179.0
1134190,6.0,6.0
1134200,26.0,34.0
1134250,8.0,10.0
1134260,13.0,15.0
1134320,25.0,32.0
1134370,17.0,17.0
1134390,5.0,6.0
1134440,122.0,155.0
1134520,534.0,671.0
1134610,17.0,20.0
1134630,36.0,47.0
1134710,1646.0,1834.0
1134730,12.0,12.0
1135040,20.0,23.0
1135090,66.0,74.0
1135110,13.0,16.0
1135180,49.0,56.0
1135230,5018.0,5356.0
1135260,341.0,438.0
1135370,15.0,18.0
1135440,248.0,256.0
1135450,10.0,11.0
1135480,2.0,2.0
1135680,123.0,158.0
1135690,30113.0,32385.0
1135730,12.0,13.0
1135740,38.0,48.0
1135810,2423.0,2603.0
1135830,831.0,925.0
1135860,10.0,10.0
1136020,121.0,145.0
1136040,22.0,23.0
1136080,14.0,18.0
1136090,7.0,8.0
1136100,11.0,12.0
1136210,42.0,43.0
1136240,42.0,51.0
1136330,213.0,234.0
1136370,4104.0,4546.0
1136470,3.0,3.0
1136680,1.0,1.0
1136730,21.0,22.0
1136900,2.0,2.0
1136910,24.0,28.0
1137020,81.0,95.0
1137040,29.0,33.0
1137090,1.0,1.0
1137100,23.0,25.0
1137110,63.0,67.0
1137160,45.0,57.0
1137210,9.0,10.0
1137270,18.0,20.0
1137300,2602.0,3278.0
1137320,75.0,88.0
1137330,47.0,61.0
1137350,600.0,688.0
1137360,1.0,1.0
1137400,56.0,68.0
1137410,530.0,571.0
1137450,340.0,434.0
1137460,8533.0,10667.0
1137680,9.0,11.0
1137700,38.0,50.0
1137730,70.0,87.0
1137750,1719.0,1966.0
1137810,4.0,5.0
1137860,15.0,19.0
1137870,9.0,11.0
1137910,168.0,188.0
1137930,3.0,3.0
1138010,28.0,31.0
1138100,1262.0,1498.0
1138130,14.0,17.0
1138190,1840.0,2265.0
1138210,35.0,37.0
1138260,79.0,98.0
1138310,3.0,3.0
1138410,418.0,451.0
1138580,81.0,106.0
1138650,118.0,156.0
1138660,5226.0,5632.0
1138800,11.0,12.0
1138810,7.0,8.0
1138840,5.0,5.0
1138850,3369.0,3527.0
1138900,9.0,11.0
1138910,133.0,136.0
1138960,86.0,102.0
1138970,68.0,80.0
1138990,52.0,55.0
1139000,21.0,26.0
1139100,4.0,4.0
1139140,77.0,91.0
1139160,129.0,142.0
1139200,16.0,18.0
1139240,13.0,16.0
1139280,735.0,777.0
1139310,67.0,85.0
1139470,73.0,79.0
1139660,3.0,3.0
1139760,28.0,31.0
1139800,954.0,1100.0
1139840,4.0,5.0
1139880,17.0,17.0
1139890,5614.0,5954.0
1139900,56129.0,61394.0
1139940,3227.0,3755.0
1139950,57.0,64.0
1139980,9998.0,11244.0
1140070,49.0,55.0
1140140,54.0,59.0
1140150,1173.0,1269.0
1140170,465.0,538.0
1140180,20.0,24.0
1140260,3.0,3.0
1140270,5589.0,5772.0
1140290,1264.0,1506.0
1140510,12.0,15.0
1140520,5.0,5.0
1140540,4.0,4.0
1140570,271.0,290.0
1140610,575.0,654.0
1140700,2.0,2.0
1140720,1.0,1.0
1140730,10.0,10.0
1140740,405.0,517.0
1140790,4.0,5.0
1140880,29.0,34.0
1140900,7.0,9.0
1140950,2.0,2.0
1141020,673.0,775.0
1141030,148.0,168.0
1141070,8.0,9.0
1141100,532.0,600.0
1141120,206.0,237.0
1141130,44.0,45.0
1141160,5.0,5.0
1141220,937.0,1183.0
1141270,25.0,26.0
1141290,160.0,165.0
1141300,15.0,16.0
1141330,8.0,8.0
1141360,41.0,48.0
1141390,4.0,5.0
1141530,334.0,389.0
1141550,1762.0,1892.0
1141570,27.0,31.0
1141580,1021.0,1114.0
1141600,29.0,29.0
1141660,4.0,5.0
1141740,19.0,21.0
1141840,4.0,5.0
1141860,5.0,5.0
1141880,22.0,25.0
1142020,32.0,39.0
1142030,5.0,6.0
1142080,705.0,788.0
1142090,4.0,5.0
1142180,53.0,67.0
1142200,2.0,2.0
1142220,189.0,209.0
1142230,12.0,14.0
1142240,28.0,30.0
1142270,74.0,87.0
1142280,10.0,11.0
1142300,12.0,12.0
1142320,12.0,13.0
1142440,1.0,1.0
1142450,11.0,13.0
1142460,3.0,3.0
1142480,185.0,197.0
1142500,4206.0,4807.0
1142510,11.0,11.0
1142560,1.0,1.0
1142670,8.0,8.0
1142810,255.0,261.0
1142830,603.0,657.0
1143320,7.0,7.0
1143350,52.0,60.0
1143390,3.0,3.0
1143430,40.0,44.0
1143450,21.0,25.0
1143550,6.0,6.0
1143570,11.0,12.0
1143710,57.0,63.0
1143750,71.0,78.0
1143770,18.0,23.0
1143780,7.0,8.0
1143800,13.0,15.0
1143810,2838.0,3443.0
1143860,86.0,94.0
1144000,3.0,3.0
1144020,450.0,467.0
1144030,1256.0,1394.0
1144080,30.0,31.0
1144100,14.0,17.0
1144110,2292.0,2469.0
1144130,12.0,15.0
1144140,28.0,29.0
1144150,40.0,41.0
1144200,170735.0,194072.0
1144270,12.0,14.0
1144280,146.0,164.0
1144290,10.0,11.0
1144300,98.0,101.0
1144330,53.0,69.0
1144400,26486.0,26756.0
1144440,655.0,766.0
1144450,20.0,23.0
1144460,57.0,74.0
1144510,16.0,21.0
1144590,12.0,12.0
1144620,17.0,20.0
1144630,17.0,21.0
1144690,6.0,6.0
1144770,4163.0,4572.0
1144800,472.0,569.0
1144850,28.0,31.0
1144860,92.0,105.0
1144910,368.0,406.0
1145000,5.0,5.0
1145020,194.0,205.0
1145030,81.0,84.0
1145050,4.0,4.0
1145120,32.0,35.0
1145130,153.0,155.0
1145200,2.0,2.0
1145220,5.0,6.0
1145280,1.0,1.0
1145300,2.0,2.0
1145340,368.0,475.0
1145350,45255.0,47991.0
1145360,264182.0,268739.0
1145380,15.0,17.0
1145410,114.0,128.0
1145450,34.0,35.0
1145520,13.0,16.0
1145530,56.0,71.0
1145550,11.0,14.0
1145560,69.0,74.0
1145630,135.0,168.0
1145770,32.0,37.0
1145830,9.0,9.0
1145950,13.0,15.0
1145960,5301.0,5657.0
1145970,9.0,10.0
1146000,3.0,3.0
1146090,7.0,7.0
1146100,199.0,265.0
1146160,2.0,2.0
1146170,165.0,191.0
1146210,25.0,30.0
1146230,445.0,539.0
1146310,1205.0,1361.0
1146330,5.0,5.0
1146360,4.0,4.0
1146370,638.0,657.0
1146420,33.0,40.0
1146430,1.0,1.0
1146500,35.0,45.0
1146510,493.0,502.0
1146560,15.0,16.0
1146600,534.0,709.0
1146630,6170.0,6855.0
1146880,24.0,30.0
1146890,19.0,23.0
1146910,17.0,20.0
1146940,228.0,293.0
1146950,3823.0,4062.0
1146970,3580.0,3843.0
1147030,530.0,598.0
1147090,3.0,3.0
1147110,35.0,42.0
1147130,242.0,257.0
1147220,11.0,13.0
1147280,10.0,12.0
1147330,183.0,229.0
1147390,41.0,46.0
1147450,418.0,550.0
1147460,2.0,2.0
1147490,38.0,48.0
1147500,359.0,382.0
1147510,1581.0,1888.0
1147550,10317.0,10968.0
1147560,49013.0,52522.0
1147640,1.0,1.0
1147690,11038.0,11498.0
1147700,6.0,7.0
1147750,1315.0,1400.0
1147760,26.0,29.0
1147840,8.0,8.0
1147850,30.0,30.0
1147860,3129.0,3248.0
1147890,245.0,257.0
1147940,382.0,417.0
1147950,46.0,55.0
1147970,123.0,153.0
1147990,1.0,1.0
1148030,14.0,17.0
1148100,60.0,77.0
1148120,5.0,6.0
1148150,2446.0,2720.0
1148200,3.0,3.0
1148270,3.0,3.0
1148290,13.0,15.0
1148300,1.0,1.0
1148350,1019.0,1031.0
1148400,179.0,210.0
1148450,118.0,124.0
1148470,35.0,36.0
1148480,305.0,395.0
1148490,473.0,601.0
1148500,8.0,8.0
1148510,3264.0,3556.0
1148550,18.0,21.0
1148560,305.0,371.0
1148590,6722.0,7180.0
1148620,9.0,9.0
1148650,4635.0,5704.0
1148670,7.0,7.0
1148700,42.0,53.0
1148710,5.0,6.0
1148740,1.0,1.0
1148750,5.0,5.0
1148760,3175.0,3279.0
1148810,225.0,276.0
1148920,48.0,61.0
1148930,22.0,22.0
1149000,26.0,26.0
1149180,1.0,1.0
1149280,1.0,1.0
1149340,1.0,1.0
1149440,763.0,984.0
1149510,178.0,186.0
1149550,1158.0,1250.0
1149580,8.0,8.0
1149590,50.0,50.0
1149620,20547.0,23366.0
1149630,11.0,13.0
1149660,2072.0,2545.0
1149690,19.0,22.0
1149710,179.0,225.0
1149800,5.0,5.0
1149830,22.0,22.0
1149860,21.0,22.0
1149930,34.0,40.0
1149940,443.0,510.0
1150090,319.0,374.0
1150130,18.0,23.0
1150400,15.0,18.0
1150440,11814.0,13286.0
1150460,391.0,405.0
1150530,2394.0,2938.0
1150540,2.0,2.0
1150550,81.0,85.0
1150590,1200.0,1414.0
1150610,5.0,5.0
1150620,105.0,133.0
1150640,3372.0,4092.0
1150670,1.0,1.0
1150690,71914.0,73849.0
1150720,450.0,485.0
1150730,267.0,308.0
1150760,5347.0,5615.0
1150800,5.0,5.0
1150810,10.0,10.0
1150890,223.0,271.0
1150950,2206.0,2340.0
1151050,1067.0,1255.0
1151060,67.0,74.0
1151080,2183.0,2364.0
1151100,38.0,40.0
1151130,145.0,173.0
1151180,23.0,24.0
1151370,1.0,1.0
1151390,276.0,311.0
1151430,22.0,25.0
1151440,1287.0,1333.0
1151450,1108.0,1180.0
1151460,9.0,10.0
1151500,4.0,5.0
1151530,77.0,91.0
1151570,10.0,11.0
1151580,10.0,13.0
1151600,28.0,32.0
1151620,57.0,68.0
1151630,126.0,133.0
1151640,106736.0,121426.0
1151650,4.0,4.0
1151680,55.0,68.0
1151740,265.0,312.0
1151750,52.0,68.0
1151860,9.0,11.0
1151880,8.0,10.0
1151930,124.0,126.0
1152030,3.0,3.0
1152090,414.0,551.0
1152100,115.0,143.0
1152160,109.0,135.0
1152210,37.0,43.0
1152300,396.0,423.0
1152310,266.0,296.0
1152320,186.0,208.0
1152340,1585.0,1905.0
1152410,83.0,88.0
1152420,42.0,47.0
1152450,33.0,37.0
1152540,2.0,2.0
1152570,7.0,7.0
1152580,15.0,15.0
1152660,3.0,3.0
1152670,10.0,12.0
1152690,7.0,8.0
1152760,13.0,15.0
1152810,198.0,218.0
1152820,54.0,57.0
1152850,2.0,2.0
1152890,1.0,1.0
1152900,17.0,19.0
1152910,1.0,1.0
1152920,21.0,22.0
1152940,27.0,34.0
1152990,1.0,1.0
1153040,13.0,15.0
1153060,7.0,8.0
1153070,151.0,178.0
1153100,2.0,2.0
1153130,623.0,667.0
1153150,119.0,121.0
1153170,54.0,62.0
1153200,52.0,54.0
1153210,155.0,183.0
1153260,15.0,17.0
1153300,1.0,1.0
1153320,1.0,1.0
1153330,4.0,4.0
1153370,4.0,4.0
1153430,1425.0,1778.0
1153460,55.0,62.0
1153470,9.0,11.0
1153520,18.0,19.0
1153540,130.0,159.0
1153580,2.0,2.0
1153640,3051.0,3656.0
1153670,80.0,103.0
1153710,2.0,2.0
1153720,15.0,18.0
1153840,36.0,37.0
1153850,13.0,13.0
1153950,41.0,51.0
1153980,36.0,39.0
1154040,1243.0,1420.0
1154080,58.0,75.0
1154090,143.0,162.0
1154160,3.0,3.0
1154290,10.0,11.0
1154300,25.0,28.0
1154340,4.0,4.0
1154350,20.0,24.0
1154420,12.0,12.0
1154430,46.0,56.0
1154470,37.0,41.0
1154490,5.0,5.0
1154640,14.0,17.0
1154650,155.0,203.0
1154720,105.0,138.0
1154810,3239.0,3553.0
1154840,1166.0,1337.0
1154850,422.0,482.0
1154940,17.0,19.0
1155090,6.0,6.0
1155130,4.0,5.0
1155300,47.0,49.0
1155330,1261.0,1338.0
1155340,22.0,27.0
1155470,88.0,91.0
1155580,90.0,110.0
1155590,505.0,608.0
1155620,13.0,17.0
1155650,363.0,382.0
1155660,94.0,116.0
1155720,80.0,91.0
1155730,4.0,4.0
1155790,39.0,41.0
1155810,12.0,15.0
1155870,271.0,352.0
1155900,14.0,18.0
1155930,7.0,8.0
1155940,24.0,30.0
1155960,50.0,55.0
1155970,3503.0,3684.0
1156000,287.0,319.0
1156060,251.0,311.0
1156120,50.0,60.0
1156250,131.0,171.0
1156290,4.0,5.0
1156330,2.0,2.0
1156360,166.0,197.0
1156380,347.0,378.0
1156480,1.0,1.0
1156590,191.0,220.0
1156630,40.0,41.0
1156640,13.0,16.0
1156650,3.0,3.0
1156670,67.0,75.0
1156730,215.0,270.0
1156760,17.0,17.0
1156770,1.0,1.0
1156780,4.0,4.0
1156900,87.0,102.0
1156980,12.0,14.0
1156990,3062.0,3242.0
1157040,16.0,18.0
1157050,35.0,37.0
1157070,1.0,1.0
1157090,19.0,23.0
1157200,8.0,8.0
1157220,1309.0,1649.0
1157260,45.0,53.0
1157300,41.0,42.0
1157340,2567.0,3223.0
1157390,5289.0,6309.0
1157640,173.0,194.0
1157650,7.0,7.0
1157670,28.0,32.0
1157700,407.0,420.0
1157740,486.0,500.0
1157750,331.0,439.0
1157810,13.0,15.0
1157820,15.0,19.0
1157830,1.0,1.0
1157840,1.0,1.0
1157850,2.0,2.0
1157860,5.0,6.0
1157870,1.0,1.0
1157880,1.0,1.0
1157910,11.0,12.0
1157920,34.0,37.0
1158010,82.0,105.0
1158150,20.0,23.0
1158160,16402.0,18653.0
1158220,731.0,810.0
1158260,55.0,59.0
1158280,80.0,97.0
1158290,150.0,159.0
1158310,103803.0,113682.0
1158320,82.0,102.0
1158370,2858.0,3799.0
1158410,36.0,36.0
1158460,1.0,1.0
1158470,514.0,523.0
1158660,178.0,206.0
1158720,199.0,213.0
1158750,2.0,2.0
1158770,70.0,92.0
1158830,15.0,19.0
1158850,6896.0,7317.0
1158890,440.0,553.0
1158940,7849.0,9000.0
1158980,3140.0,3813.0
1159000,33.0,38.0
1159070,3.0,3.0
1159090,321.0,408.0
1159240,1.0,1.0
1159260,5.0,6.0
1159290,2239.0,2710.0
1159430,10.0,11.0
1159450,50.0,53.0
1159500,136.0,166.0
1159550,5.0,6.0
1159560,1183.0,1290.0
1159610,3.0,3.0
1159640,1131.0,1386.0
1159660,4254.0,4859.0
1159680,112.0,131.0
1159830,518.0,674.0
1159860,129.0,164.0
1159870,2.0,2.0
1159960,18.0,18.0
1160020,180.0,188.0
1160040,9.0,9.0
1160100,16.0,19.0
1160220,3485.0,3754.0
1160330,439.0,465.0
1160410,88.0,114.0
1160420,6.0,7.0
1160440,22.0,24.0
1160490,2713.0,2780.0
1160560,1.0,1.0
1160610,11.0,13.0
1160670,7.0,7.0
1160700,51.0,54.0
1160750,2017.0,2563.0
1160770,8.0,10.0
1160780,26.0,32.0
1160790,26.0,31.0
1160820,32.0,39.0
1160870,131.0,153.0
1160880,21.0,24.0
1160980,1.0,1.0
1161110,12.0,12.0
1161120,1.0,1.0
1161140,1.0,1.0
1161160,301.0,322.0
1161170,6299.0,6531.0
1161180,41.0,42.0
1161190,441.0,485.0
1161200,1.0,1.0
1161210,1.0,1.0
1161270,322.0,405.0
1161300,7.0,9.0
1161360,80.0,81.0
1161490,2621.0,2942.0
1161510,4.0,5.0
1161570,25.0,30.0
1161580,17356.0,19416.0
1161590,2864.0,3432.0
1161640,171.0,184.0
1161650,133.0,160.0
1161660,4.0,4.0
1161680,9.0,9.0
1161770,8771.0,9716.0
1161800,12.0,13.0
1161870,2111.0,2140.0
1161880,222.0,260.0
1161910,19.0,22.0
1161930,74.0,84.0
1162010,94.0,123.0
1162070,1186.0,1242.0
1162140,12.0,14.0
1162180,51.0,64.0
1162280,288.0,342.0
1162320,35.0,45.0
1162370,6.0,6.0
1162430,30.0,30.0
1162470,109.0,125.0
1162560,407.0,436.0
1162640,5.0,5.0
1162650,937.0,995.0
1162680,957.0,1170.0
1162700,342.0,397.0
1162750,4977.0,5153.0
1162760,15.0,15.0
1162820,11.0,11.0
1162920,10.0,11.0
1162930,949.0,1225.0
1162960,596.0,631.0
1162990,48.0,51.0
1163040,149.0,186.0
1163060,90.0,92.0
1163070,265.0,314.0
1163090,57.0,59.0
1163130,1594.0,1881.0
1163170,7.0,8.0
1163290,18.0,21.0
1163340,225.0,256.0
1163410,3.0,3.0
1163470,5.0,5.0
1163570,20.0,24.0
1163590,621.0,758.0
1163690,352.0,407.0
1163730,17.0,18.0
1163740,470.0,494.0
1163870,1192.0,1300.0
1163910,485.0,526.0
1163960,7.0,9.0
1163990,4.0,5.0
1164000,560.0,630.0
1164010,147.0,191.0
1164050,3628.0,3798.0
1164060,103.0,108.0
1164100,462.0,482.0
1164250,916.0,1221.0
1164290,42.0,53.0
1164310,8.0,10.0
1164330,8.0,9.0
1164350,2.0,2.0
1164390,903.0,1178.0
1164470,8.0,10.0
1164480,13.0,16.0
1164570,90.0,99.0
1164690,536.0,655.0
1164740,71.0,77.0
1164830,41.0,53.0
1164850,3589.0,4208.0
1164860,5.0,5.0
1164910,17.0,18.0
1164920,4.0,4.0
1164940,9721.0,10374.0
1164970,11.0,11.0
1165020,4.0,4.0
1165090,6.0,7.0
1165170,81.0,103.0
1165180,29.0,33.0
1165230,28.0,31.0
1165270,28.0,33.0
1165420,9.0,11.0
1165450,71.0,84.0
1165470,64.0,82.0
1165480,1.0,1.0
1165500,12.0,12.0
1165520,1.0,1.0
1165540,4.0,4.0
1165560,2.0,2.0
1165570,22.0,27.0
1165740,4.0,4.0
1165750,46.0,55.0
1165830,1.0,1.0
1165840,39.0,46.0
1165850,170.0,175.0
1165860,317.0,351.0
1165870,421.0,509.0
1165960,21.0,22.0
1166000,10.0,12.0
1166130,7.0,8.0
1166140,69.0,74.0
1166230,44.0,58.0
1166290,5268.0,6015.0
1166300,18.0,20.0
1166320,35.0,45.0
1166540,21.0,22.0
1166580,84.0,110.0
1166600,61.0,68.0
1166680,2.0,2.0
1166710,6.0,6.0
1166730,29.0,37.0
1166780,38.0,47.0
1166790,10.0,12.0
1166840,78.0,85.0
1166860,3538.0,3822.0
1166910,1.0,1.0
1166990,856.0,874.0
1167140,1244.0,1577.0
1167150,50.0,52.0
1167170,244.0,258.0
1167190,1.0,1.0
1167320,197.0,258.0
1167430,7.0,7.0
1167450,5381.0,6160.0
1167460,20.0,20.0
1167490,11.0,14.0
1167530,9.0,11.0
1167550,31.0,33.0
1167570,85.0,101.0
1167590,1.0,1.0
1167630,93697.0,98077.0
1167640,22.0,28.0
1167680,520.0,603.0
1167700,174.0,193.0
1167730,5.0,5.0
1167770,31.0,35.0
1167800,2.0,2.0
1167850,30.0,31.0
1167900,39.0,42.0
1167950,694.0,876.0
1168070,9.0,11.0
1168190,14.0,17.0
1168250,23.0,30.0
1168280,1738.0,2096.0
1168360,7.0,9.0
1168430,78.0,86.0
1168460,475.0,491.0
1168470,1962.0,2067.0
1168490,94.0,103.0
1168550,3.0,3.0
1168600,6.0,7.0
1168630,57.0,60.0
1168660,1553.0,1814.0
1168790,1.0,1.0
1168800,20.0,25.0
1168820,9.0,9.0
1168840,186.0,199.0
1168850,10.0,12.0
1168880,556.0,622.0
1168960,3.0,3.0
1169000,5.0,5.0
1169020,162.0,176.0
1169040,12904.0,13746.0
1169050,1.0,1.0
1169100,218.0,234.0
1169110,13.0,13.0
1169160,7.0,7.0
1169200,441.0,446.0
1169230,28.0,29.0
1169310,14.0,15.0
1169420,34.0,35.0
1169430,19.0,22.0
1169520,41.0,52.0
1169550,5.0,5.0
1169870,13.0,13.0
1169880,35.0,40.0
1169920,13.0,15.0
1170050,25.0,26.0
1170060,1053.0,1103.0
1170080,787.0,909.0
1170110,6.0,7.0
1170120,47.0,49.0
1170130,11.0,13.0
1170160,4.0,5.0
1170170,5.0,5.0
1170200,96.0,125.0
1170210,10.0,13.0
1170230,335.0,396.0
1170250,2.0,2.0
1170300,12.0,14.0
1170320,80.0,90.0
1170330,17.0,19.0
1170340,55.0,58.0
1170350,1.0,1.0
1170370,188.0,199.0
1170610,231.0,303.0
1170640,634.0,670.0
1170720,114.0,133.0
1170750,10.0,11.0
1170760,2024.0,2261.0
1170820,1327.0,1510.0
1170840,7.0,8.0
1170870,2.0,2.0
1170880,13272.0,13455.0
1170940,88.0,110.0
1170960,15.0,15.0
1170970,1681.0,1948.0
1171080,13.0,15.0
1171110,13.0,15.0
1171130,26.0,27.0
1171160,10.0,11.0
1171220,15.0,15.0
1171270,882.0,967.0
1171310,1342.0,1646.0
1171320,1622.0,1640.0
1171370,3778.0,3830.0
1171440,171.0,196.0
1171520,8.0,10.0
1171560,5.0,5.0
1171570,6.0,6.0
1171770,1.0,1.0
1171800,2.0,2.0
1171820,108.0,118.0
1171840,40.0,44.0
1171870,9.0,11.0
1171880,3.0,3.0
1172090,107.0,136.0
1172100,24.0,26.0
1172150,14.0,14.0
1172170,52.0,58.0
1172180,26.0,32.0
1172220,1.0,1.0
1172280,50.0,55.0
1172290,12.0,13.0
1172310,94.0,97.0
1172380,131941.0,148754.0
1172410,11.0,11.0
1172450,7634.0,7896.0
1172480,3.0,3.0
1172500,45.0,56.0
1172510,288.0,305.0
1172520,134.0,147.0
1172530,94.0,109.0
1172620,305378.0,341463.0
1172640,1.0,1.0
1172680,7.0,8.0
1172720,4.0,5.0
1172740,1.0,1.0
1172800,229.0,232.0
1172850,1.0,1.0
1172900,268.0,292.0
1172920,17.0,17.0
1172940,665.0,856.0
1172980,418.0,431.0
1173010,1498.0,1574.0
1173120,19.0,20.0
1173150,53.0,66.0
1173200,2245.0,2690.0
1173250,27.0,30.0
1173280,872.0,1052.0
1173310,25.0,26.0
1173330,131.0,158.0
1173370,9043.0,10908.0
1173380,521.0,630.0
1173400,2250.0,2573.0
1173510,1143.0,1318.0
1173590,197.0,235.0
1173610,19.0,19.0
1173650,64.0,77.0
1173740,71.0,76.0
1173770,5758.0,6088.0
1173780,1840.0,2294.0
1173790,1843.0,1974.0
1173800,1924.0,2119.0
1173810,1505.0,1707.0
1173820,3034.0,3345.0
1173830,185.0,189.0
1173850,24.0,27.0
1173870,48.0,52.0
1173940,181.0,185.0
1174030,20.0,21.0
1174090,97.0,102.0
1174120,3.0,3.0
1174170,54.0,60.0
1174180,575543.0,627439.0
1174200,2.0,2.0
1174300,21.0,22.0
1174320,15.0,15.0
1174380,117.0,149.0
1174390,564.0,613.0
1174400,350.0,363.0
1174420,22.0,29.0
1174440,7.0,8.0
1174450,12.0,14.0
1174490,3.0,3.0
1174500,155.0,177.0
1174640,333.0,351.0
1174670,53.0,63.0
1174690,1224.0,1547.0
1174820,11.0,13.0
1174860,192.0,206.0
1174920,24.0,30.0
1174940,1959.0,2183.0
1174970,1.0,1.0
1174980,5.0,5.0
1175030,1.0,1.0
1175040,1.0,1.0
1175050,11.0,13.0
1175070,1.0,1.0
1175080,69.0,71.0
1175100,19.0,23.0
1175120,68.0,79.0
1175140,2789.0,2922.0
1175150,12.0,14.0
1175160,65.0,69.0
1175170,19.0,21.0
1175190,144.0,167.0
1175250,13.0,13.0
1175320,19.0,25.0
1175360,672.0,750.0
1175400,25.0,26.0
1175420,14.0,18.0
1175430,88.0,92.0
1175460,1766.0,2131.0
1175470,26.0,30.0
1175480,22.0,29.0
1175500,14.0,17.0
1175540,9.0,10.0
1175570,8.0,9.0
1175590,7.0,8.0
1175650,4.0,4.0
1175660,18.0,19.0
1175690,7.0,8.0
1175720,12.0,14.0
1175830,861.0,1088.0
1175840,135.0,150.0
1176000,29.0,35.0
1176020,167.0,189.0
1176050,238.0,239.0
1176060,13.0,13.0
1176110,62.0,71.0
1176140,1.0,1.0
1176160,58.0,74.0
1176460,162.0,184.0
1176470,4738.0,5902.0
1176480,25.0,26.0
1176540,13.0,16.0
1176550,2.0,2.0
1176590,5.0,6.0
1176710,2008.0,2672.0
1176800,5.0,5.0
1176890,22.0,26.0
1176990,12.0,12.0
1177030,44.0,56.0
1177080,19.0,20.0
1177110,42.0,52.0
1177130,314.0,337.0
1177170,10.0,13.0
1177190,1.0,1.0
1177270,1.0,1.0
1177310,1.0,1.0
1177330,20.0,25.0
1177340,9.0,9.0
1177370,2.0,2.0
1177380,163.0,189.0
1177400,557.0,716.0
1177420,773.0,838.0
1177460,7.0,7.0
1177480,8.0,8.0
1177510,1.0,1.0
1177640,55.0,66.0
1177660,782.0,964.0
1177720,461.0,562.0
1177820,8.0,9.0
1177840,17.0,18.0
1177850,7.0,9.0
1177890,31.0,38.0
1177960,5.0,5.0
1177980,6901.0,7206.0
1177990,21.0,25.0
1178000,29.0,29.0
1178030,6775.0,6969.0
1178050,1407.0,1482.0
1178130,127.0,145.0
1178140,162.0,172.0
1178150,128.0,140.0
1178210,350.0,392.0
1178220,1620.0,1759.0
1178230,184.0,212.0
1178290,39.0,39.0
1178400,813.0,937.0
1178460,69.0,81.0
1178490,16141.0,17864.0
1178500,9.0,10.0
1178530,2.0,2.0
1178680,14.0,14.0
1178780,802.0,864.0
1178790,570.0,725.0
1178830,34924.0,37900.0
1178880,618.0,781.0
1179010,23.0,28.0
1179080,6051.0,6328.0
1179090,9.0,10.0
1179100,128.0,141.0
1179190,3.0,3.0
1179210,4342.0,4592.0
1179300,3.0,3.0
1179310,7.0,8.0
1179340,3.0,3.0
1179350,2.0,2.0
1179410,11.0,13.0
1179430,1.0,1.0
1179460,19.0,19.0
1179500,5.0,5.0
1179530,1.0,1.0
1179560,258.0,311.0
1179570,7.0,7.0
1179580,1566.0,1797.0
1179750,8.0,10.0
1179780,1.0,1.0
1179890,100.0,100.0
1179900,4.0,4.0
1180000,1.0,1.0
1180020,46.0,50.0
1180030,622.0,754.0
1180070,1.0,1.0
1180110,15.0,16.0
1180130,239.0,245.0
1180190,15.0,16.0
1180250,131.0,148.0
1180270,166.0,186.0
1180330,355.0,454.0
1180360,9.0,9.0
1180370,53.0,58.0
1180450,5.0,6.0
1180530,12.0,14.0
1180540,178.0,181.0
1180560,3.0,3.0
1180610,41.0,43.0
1180650,16.0,19.0
1180660,10718.0,12927.0
1180790,78.0,83.0
1180800,82.0,99.0
1180840,1.0,1.0
1180900,50.0,56.0
1180940,11.0,13.0
1180970,15.0,18.0
1181000,232.0,249.0
1181030,52.0,55.0
1181070,2.0,2.0
1181140,972.0,1073.0
1181150,3.0,3.0
1181160,11.0,11.0
1181270,38.0,45.0
1181300,16.0,17.0
1181330,52.0,67.0
1181390,13.0,15.0
1181400,866.0,892.0
1181440,44.0,53.0
1181470,13.0,17.0
1181520,74.0,96.0
1181570,54.0,56.0
1181600,72.0,89.0
1181610,92.0,98.0
1181640,144.0,173.0
1181650,4.0,4.0
1181790,916.0,996.0
1181830,2017.0,2272.0
1181840,904.0,1037.0
1181880,1.0,1.0
1181910,20.0,20.0
1181940,1.0,1.0
1181970,2.0,2.0
1182040,93.0,123.0
1182090,382.0,414.0
1182110,3594.0,3802.0
1182150,85.0,86.0
1182260,4.0,4.0
1182280,10.0,10.0
1182310,1889.0,2034.0
1182370,1471.0,1573.0
1182470,50.0,59.0
1182530,33.0,37.0
1182550,4.0,5.0
1182590,3.0,3.0
1182620,10661.0,11116.0
1182670,19.0,25.0
1182720,2.0,2.0
1182770,15.0,17.0
1182790,11.0,12.0
1182830,230.0,239.0
1182840,1.0,1.0
1182860,24.0,26.0
1182890,5.0,5.0
1182900,16030.0,17575.0
1183010,28.0,29.0
1183170,19.0,22.0
1183200,14.0,18.0
1183210,3.0,3.0
1183240,20.0,26.0
1183260,587.0,641.0
1183320,52.0,53.0
1183420,14.0,15.0
1183470,424.0,495.0
1183480,26.0,26.0
1183500,262.0,268.0
1183530,68.0,90.0
1183600,11.0,11.0
1183670,29.0,37.0
1183700,77.0,93.0
1183740,43.0,49.0
1183800,606.0,639.0
1183840,24.0,27.0
1183990,1.0,1.0
1184010,28.0,33.0
1184050,5307.0,7047.0
1184250,430.0,479.0
1184310,5.0,5.0
1184370,28989.0,34662.0
1184420,307.0,328.0
1184450,39.0,41.0
1184460,1.0,1.0
1184470,2.0,2.0
1184480,1033.0,1197.0
1184500,57.0,62.0
1184530,21.0,23.0
1184570,165.0,215.0
1184590,4.0,4.0
1184640,4.0,5.0
1184700,5.0,5.0
1184750,1.0,1.0
1184760,435.0,475.0
1184770,1662.0,1732.0
1184780,4.0,5.0
1184810,576.0,649.0
1184820,574.0,656.0
1184840,229.0,278.0
1184880,16.0,20.0
1184900,49.0,50.0
1184960,15.0,17.0
1184990,301.0,335.0
1185050,1.0,1.0
1185140,3.0,3.0
1185160,392.0,500.0
1185290,4.0,4.0
1185340,19.0,19.0
1185360,57.0,72.0
1185390,9.0,11.0
1185400,14.0,15.0
1185470,39.0,45.0
1185490,171.0,216.0
1185500,1.0,1.0
1185520,466.0,593.0
1185530,4.0,4.0
1185580,1.0,1.0
1185630,4.0,4.0
1185700,155.0,173.0
1185730,36.0,44.0
1185820,79.0,91.0
1185950,13.0,15.0
1185960,9.0,11.0
1186030,125.0,153.0
1186050,49.0,55.0
1186080,1.0,1.0
1186100,6.0,7.0
1186160,68.0,81.0
1186220,212.0,237.0
1186270,28.0,32.0
1186280,3.0,3.0
1186340,35.0,38.0
1186400,2852.0,3370.0
1186460,649.0,799.0
1186470,35.0,42.0
1186530,9.0,11.0
1186570,6.0,7.0
1186580,53.0,61.0
1186640,6425.0,7021.0
1186660,28.0,32.0
1186680,1.0,1.0
1186690,15.0,16.0
1186740,1230.0,1342.0
1186860,158.0,171.0
1186880,131.0,148.0
1186950,4.0,4.0
1186960,11.0,13.0
1187020,19.0,19.0
1187030,100.0,121.0
1187130,103.0,132.0
1187140,5.0,6.0
1187190,4.0,4.0
1187250,3.0,3.0
1187330,266.0,295.0
1187410,11.0,11.0
1187450,1.0,1.0
1187490,5.0,6.0
1187510,1458.0,1538.0
1187600,65.0,71.0
1187620,71.0,84.0
1187650,18.0,19.0
1187780,3.0,3.0
1187790,19.0,24.0
1187830,23.0,25.0
1187840,73.0,85.0
1187870,28.0,31.0
1187900,6.0,7.0
1187950,22.0,24.0
1188000,31.0,32.0
1188080,263.0,276.0
1188100,5.0,5.0
1188250,188.0,221.0
1188270,48.0,54.0
1188280,7.0,7.0
1188290,13.0,15.0
1188310,27.0,28.0
1188330,405.0,439.0
1188460,16.0,16.0
1188540,521.0,674.0
1188580,9.0,11.0
1188590,7.0,8.0
1188630,17.0,21.0
1188660,27.0,31.0
1188710,52.0,60.0
1188720,553.0,594.0
1188760,87.0,95.0
1188900,77.0,91.0
1188920,417.0,505.0
1188930,9501.0,10462.0
1189060,217.0,229.0
1189070,145.0,188.0
1189090,1.0,1.0
1189100,464.0,534.0
1189190,10.0,11.0
1189200,43.0,46.0
1189220,81.0,85.0
1189230,190.0,243.0
1189250,3.0,3.0
1189290,230.0,245.0
1189360,46.0,60.0
1189430,9.0,11.0
1189440,733.0,780.0
1189460,80.0,95.0
1189470,3.0,3.0
1189490,24769.0,26517.0
1189520,41.0,51.0
1189630,23650.0,30091.0
1189650,10.0,12.0
1189680,142.0,168.0
1189820,2.0,2.0
1189850,182.0,185.0
1190000,25139.0,26219.0
1190060,10.0,11.0
1190110,1115.0,1267.0
1190150,1289.0,1516.0
1190160,272.0,289.0
1190170,1472.0,1616.0
1190260,16.0,17.0
1190310,7.0,8.0
1190320,1.0,1.0
1190380,27.0,35.0
1190400,711.0,818.0
1190540,3.0,3.0
1190810,19.0,20.0
1190900,11.0,11.0
1190910,9.0,10.0
1190930,19.0,19.0
1190970,6835.0,8441.0
1190990,66.0,75.0
1191070,145.0,189.0
1191090,1.0,1.0
1191100,80.0,99.0
1191120,2689.0,3049.0
1191210,2379.0,2845.0
1191260,167.0,188.0
1191440,103.0,114.0
1191550,143.0,158.0
1191580,1380.0,1546.0
1191610,1.0,1.0
1191620,50.0,66.0
1191630,1507.0,1670.0
1191660,157.0,205.0
1191690,6.0,6.0
1191770,116.0,116.0
1191790,62.0,75.0
1191840,3516.0,3899.0
1191860,18.0,18.0
1191900,1726.0,1950.0
1191940,164.0,178.0
1192160,9.0,10.0
1192260,9.0,11.0
1192270,2.0,2.0
1192310,36.0,43.0
1192380,146.0,165.0
1192440,153.0,154.0
1192520,7.0,9.0
1192550,32.0,41.0
1192610,495.0,616.0
1192630,1.0,1.0
1192640,2522.0,2753.0
1192670,76.0,81.0
1192810,180.0,236.0
1192890,144.0,172.0
1192900,326.0,393.0
1192910,90.0,94.0
1192940,172.0,177.0
1193070,133.0,142.0
1193120,14.0,17.0
1193130,1.0,1.0
1193200,3.0,3.0
1193210,13.0,16.0
1193300,20.0,23.0
1193330,8.0,8.0
1193350,4.0,4.0
1193420,1.0,1.0
1193430,27.0,33.0
1193460,12.0,14.0
1193490,9.0,11.0
1193510,31.0,35.0
1193520,12.0,13.0
1193530,14.0,18.0
1193550,73.0,86.0
1193560,21.0,26.0
1193590,106.0,125.0
1193660,4.0,4.0
1193760,348.0,392.0
1193780,6.0,7.0
1193860,2.0,2.0
1193900,150.0,185.0
1193930,5.0,6.0
1193950,5.0,5.0
1193990,119.0,141.0
1194160,24.0,25.0
1194170,5.0,5.0
1194330,10.0,12.0
1194380,3.0,3.0
1194390,32.0,38.0
1194480,58.0,62.0
1194560,46.0,54.0
1194600,12.0,13.0
1194610,94.0,102.0
1194670,15.0,16.0
1194680,384.0,444.0
1194740,644.0,662.0
1194750,35.0,40.0
1194840,2335.0,2465.0
1194870,61.0,66.0
1194910,11.0,13.0
1194940,37.0,43.0
1195070,60.0,64.0
1195090,2.0,2.0
1195140,5.0,6.0
1195230,68.0,72.0
1195290,4712.0,5080.0
1195340,23.0,23.0
1195350,16.0,19.0
1195360,127.0,158.0
1195410,46.0,54.0
1195430,5.0,6.0
1195450,3.0,3.0
1195530,20.0,20.0
1195560,272.0,349.0
1195590,7.0,8.0
1195610,1.0,1.0
1195710,16.0,20.0
1195910,44.0,58.0
1195920,40.0,46.0
1196030,4.0,4.0
1196080,209.0,261.0
1196090,1757.0,2280.0
1196130,33.0,35.0
1196170,4.0,4.0
1196240,14.0,14.0
1196280,24.0,24.0
1196300,60.0,76.0
1196310,665.0,799.0
1196390,9.0,10.0
1196400,46.0,52.0
1196440,110.0,118.0
1196450,55.0,63.0
1196470,1095.0,1416.0
1196500,32.0,42.0
1196570,16.0,19.0
1196580,27.0,27.0
1196590,106887.0,111800.0
1196630,2622.0,2848.0
1196690,14.0,16.0
1196800,36.0,40.0
1196890,12.0,14.0
1196940,12.0,12.0
1196970,7.0,8.0
1197010,16.0,17.0
1197020,4.0,4.0
1197030,65.0,75.0
1197150,42.0,50.0
1197230,29.0,34.0
1197260,2964.0,3352.0
1197350,27.0,33.0
1197360,13.0,13.0
1197370,619.0,687.0
1197390,30.0,30.0
1197490,2.0,2.0
1197520,46.0,46.0
1197580,146.0,157.0
1197590,97.0,125.0
1197620,54.0,59.0
1197670,16.0,21.0
1197700,20.0,22.0
1197710,32.0,32.0
1197770,192.0,237.0
1197990,55.0,63.0
1198040,259.0,271.0
1198060,23.0,27.0
1198070,19.0,21.0
1198090,1938.0,2096.0
1198210,99.0,102.0
1198240,8.0,10.0
1198270,47.0,47.0
1198290,37.0,43.0
1198320,1056.0,1068.0
1198340,1.0,1.0
1198400,355.0,436.0
1198450,121.0,146.0
1198510,198.0,206.0
1198520,3.0,3.0
1198590,103.0,116.0
1198600,24.0,25.0
1198730,2311.0,2812.0
1198740,226.0,246.0
1198760,114.0,134.0
1198810,17.0,21.0
1198850,279.0,347.0
1198860,120.0,140.0
1198900,5.0,5.0
1199010,16.0,17.0
1199030,6608.0,7289.0
1199050,9.0,11.0
1199140,33.0,33.0
1199170,15.0,18.0
1199200,5.0,5.0
1199240,1.0,1.0
1199360,32.0,38.0
1199420,7.0,8.0
1199440,1.0,1.0
1199560,20.0,21.0
1199570,3.0,3.0
1199620,1.0,1.0
1199650,1.0,1.0
1199660,135.0,149.0
1199740,4.0,4.0
1199760,51.0,54.0
1199770,8.0,10.0
1199780,8.0,8.0
1199800,2.0,2.0
1199830,23.0,24.0
1199900,23.0,28.0
1200060,1.0,1.0
1200090,6.0,7.0
1200110,254.0,276.0
1200150,11.0,11.0
1200160,4.0,4.0
1200200,25.0,30.0
1200250,5.0,6.0
1200290,12.0,14.0
1200330,400.0,473.0
1200350,42.0,49.0
1200420,35.0,40.0
1200520,6.0,7.0
1200570,98.0,110.0
1200600,2.0,2.0
1200610,6.0,7.0
1200650,60.0,66.0
1200660,3.0,3.0
1200720,625.0,641.0
1200730,210.0,236.0
1200780,18.0,18.0
1200860,2441.0,2543.0
1200900,67.0,76.0
1200930,32.0,33.0
1201140,1.0,1.0
1201230,2814.0,3512.0
1201240,9747.0,11008.0
1201250,5.0,6.0
1201270,4990.0,5114.0
1201280,1272.0,1294.0
1201330,446.0,571.0
1201370,65.0,84.0
1201380,8.0,9.0
1201400,704.0,761.0
1201440,1.0,1.0
1201450,46.0,57.0
1201540,2739.0,3243.0
1201650,7.0,7.0
1201730,14.0,18.0
1201750,6.0,6.0
1201760,97.0,125.0
1201790,5.0,5.0
1201800,38.0,45.0
1201840,323.0,388.0
1201870,315.0,400.0
1201880,31.0,36.0
1201930,26.0,30.0
1201960,12.0,12.0
1202070,268.0,293.0
1202100,48.0,59.0
1202130,8791.0,10013.0
1202160,28.0,35.0
1202170,46.0,49.0
1202200,1559.0,1762.0
1202220,8.0,9.0
1202240,38.0,46.0
1202280,84.0,105.0
1202300,24.0,26.0
1202310,552.0,669.0
1202360,6.0,6.0
1202400,12.0,12.0
1202410,9.0,11.0
1202420,37.0,42.0
1202480,142.0,155.0
1202510,4.0,5.0
1202540,6521.0,6683.0
1202570,28.0,31.0
1202580,55.0,55.0
1202610,19.0,19.0
1202630,10.0,11.0
1202640,44.0,58.0
1202660,47.0,54.0
1202690,3890.0,5092.0
1202710,13.0,13.0
1202770,67.0,77.0
1202820,8.0,8.0
1202870,107.0,123.0
1202900,6442.0,7085.0
1202910,12.0,12.0
1202930,14.0,18.0
1202970,188.0,214.0
1203050,15.0,19.0
1203140,73.0,82.0
1203220,194787.0,259049.0
1203240,11.0,11.0
1203280,1.0,1.0
1203310,1.0,1.0
1203360,281.0,354.0
1203390,2.0,2.0
1203420,2402.0,2621.0
1203460,23.0,24.0
1203500,9.0,11.0
1203560,111.0,144.0
1203580,18.0,22.0
1203600,11.0,13.0
1203620,47841.0,55719.0
1203630,5940.0,6382.0
1203680,138.0,161.0
1203710,2450.0,2619.0
1203740,2.0,2.0
1203780,10.0,10.0
1203850,12.0,13.0
1203950,3.0,3.0
1203970,138.0,142.0
1203990,34.0,36.0
1204050,3800.0,3964.0
1204080,23.0,24.0
1204220,109.0,123.0
1204250,1.0,1.0
1204270,58.0,77.0
1204280,5.0,5.0
1204330,12.0,14.0
1204340,26.0,26.0
1204360,14.0,15.0
1204380,13.0,16.0
1204410,99.0,110.0
1204440,71.0,75.0
1204470,86.0,95.0
1204480,2.0,2.0
1204530,8.0,9.0
1204540,3.0,3.0
1204560,176.0,200.0
1204580,10.0,10.0
1204630,12.0,12.0
1204670,1.0,1.0
1204710,37.0,38.0
1204720,122.0,138.0
1204740,107.0,116.0
1204760,35.0,40.0
1204930,86.0,87.0
1204940,33.0,33.0
1205040,1143.0,1198.0
1205130,9.0,10.0
1205150,64.0,81.0
1205170,286.0,334.0
1205240,1089.0,1227.0
1205260,326.0,396.0
1205280,1.0,1.0
1205450,11351.0,11984.0
1205480,259.0,327.0
1205520,6342.0,6660.0
1205540,20.0,20.0
1205560,94.0,118.0
1205730,1.0,1.0
1205870,1.0,1.0
1205900,445.0,501.0
1205950,679.0,825.0
1205960,1085.0,1259.0
1206010,2.0,2.0
1206040,5.0,6.0
1206050,18.0,21.0
1206060,2338.0,2591.0
1206090,40.0,40.0
1206110,25.0,29.0
1206240,952.0,1078.0
1206260,10.0,10.0
1206280,34.0,42.0
1206290,221.0,238.0
1206310,1.0,1.0
1206350,12.0,12.0
1206380,9.0,10.0
1206410,127.0,143.0
1206430,1339.0,1590.0
1206470,2.0,2.0
1206510,1.0,1.0
1206560,34936.0,36882.0
1206610,5167.0,6076.0
1206620,59.0,77.0
1206700,2082.0,2412.0
1206710,1.0,1.0
1206720,42.0,50.0
1206770,11.0,11.0
1206790,17.0,20.0
1206900,10.0,12.0
1206910,15.0,15.0
1206930,85.0,111.0
1207010,19.0,24.0
1207020,23.0,26.0
1207090,17.0,17.0
1207130,5.0,5.0
1207230,40.0,41.0
1207260,2.0,2.0
1207270,4.0,5.0
1207310,38.0,42.0
1207380,27.0,30.0
1207390,124.0,138.0
1207480,34.0,39.0
1207500,6.0,6.0
1207520,2.0,2.0
1207540,12.0,12.0
1207650,7383.0,7898.0
1207670,4.0,4.0
1207780,2897.0,3220.0
1207800,17.0,20.0
1207840,26.0,27.0
1207860,5.0,5.0
1207880,87.0,112.0
1208030,41.0,48.0
1208050,14.0,16.0
1208080,54.0,58.0
1208100,7.0,7.0
1208220,21.0,24.0
1208240,4.0,4.0
1208260,4177.0,4720.0
1208390,2.0,2.0
1208400,1.0,1.0
1208410,5.0,5.0
1208420,15.0,17.0
1208430,1.0,1.0
1208550,25.0,28.0
1208590,150.0,161.0
1208600,683.0,749.0
1208760,35.0,37.0
1208810,37.0,39.0
1208830,25.0,33.0
1208860,2.0,2.0
1208870,7.0,8.0
1208900,12.0,14.0
1209000,323.0,425.0
1209140,196.0,216.0
1209160,4.0,4.0
1209330,77.0,94.0
1209430,67.0,73.0
1209440,42.0,47.0
1209450,105.0,126.0
1209490,2556.0,3357.0
1209510,77.0,80.0
1209520,13.0,13.0
1209570,12.0,14.0
1209750,99.0,121.0
1209770,288.0,293.0
1209860,152.0,180.0
1209950,76.0,96.0
1209990,114.0,150.0
1210010,33.0,38.0
1210030,1422.0,1514.0
1210110,512.0,670.0
1210230,184.0,196.0
1210250,3208.0,3361.0
1210320,29151.0,31904.0
1210330,13.0,14.0
1210340,13.0,13.0
1210470,26.0,26.0
1210550,77.0,90.0
1210570,11.0,12.0
1210590,15.0,16.0
1210600,131.0,134.0
1210610,247.0,269.0
1210620,28.0,33.0
1210660,34.0,42.0
1210740,67.0,87.0
1210780,19.0,23.0
1210790,2.0,2.0
1210800,277.0,295.0
1210810,7.0,8.0
1210830,7.0,9.0
1210880,7.0,8.0
1210910,16.0,18.0
1210940,8.0,8.0
1210960,7.0,7.0
1210970,8.0,9.0
1211020,22393.0,23104.0
1211050,6.0,6.0
1211070,1.0,1.0
1211100,6.0,7.0
1211110,269.0,274.0
1211240,112.0,127.0
1211290,4.0,4.0
1211350,19.0,21.0
1211360,509.0,664.0
1211370,52.0,53.0
1211540,54.0,61.0
1211600,2541.0,3072.0
1211630,4322.0,4468.0
1211650,75.0,87.0
1211700,1.0,1.0
1211740,26.0,34.0
1211930,149.0,177.0
1211950,7.0,9.0
1211960,114.0,144.0
1211990,38.0,40.0
1212020,621.0,758.0
1212040,10.0,13.0
1212100,321.0,372.0
1212110,18.0,19.0
1212150,14.0,15.0
1212190,45.0,56.0
1212290,7.0,8.0
1212300,20.0,22.0
1212320,2.0,2.0
1212360,19.0,21.0
1212370,10.0,11.0
1212400,538.0,570.0
1212410,317.0,348.0
1212480,4.0,4.0
1212550,3.0,3.0
1212610,19.0,24.0
1212620,2847.0,3056.0
1212640,2.0,2.0
1212730,22.0,24.0
1212740,4.0,4.0
1212780,8.0,10.0
1212830,1478.0,1964.0
1212840,5.0,6.0
1212850,101.0,109.0
1212940,302.0,375.0
1213000,64.0,76.0
1213050,2.0,2.0
1213140,4.0,4.0
1213210,28566.0,31515.0
1213220,117.0,121.0
1213230,732.0,759.0
1213370,151.0,176.0
1213410,1.0,1.0
1213450,7.0,9.0
1213460,45.0,45.0
1213520,2.0,2.0
1213570,92.0,99.0
1213650,5.0,6.0
1213670,324.0,365.0
1213680,47.0,59.0
1213700,3654.0,4230.0
1213710,63.0,83.0
1213740,15834.0,18037.0
1213750,824.0,885.0
1213760,1.0,1.0
1213770,43.0,45.0
1213860,11.0,12.0
1213870,34.0,37.0
1213910,17.0,19.0
1213980,1.0,1.0
1214060,36.0,39.0
1214130,2.0,2.0
1214200,20.0,23.0
1214280,8197.0,9332.0
1214330,98.0,107.0
1214360,1197.0,1299.0
1214380,3.0,3.0
1214410,216.0,231.0
1214450,132.0,164.0
1214460,8.0,10.0
1214470,1681.0,2125.0
1214520,108.0,119.0
1214530,6.0,6.0
1214540,78.0,93.0
1214570,47.0,49.0
1214640,15.0,17.0
1214670,329.0,381.0
1214680,2.0,2.0
1214760,6.0,6.0
1214770,7.0,7.0
1214850,43.0,48.0
1214920,30.0,34.0
1214980,34.0,36.0
1214990,4.0,5.0
1215000,24.0,24.0
1215090,1163.0,1268.0
1215120,9.0,9.0
1215200,77.0,89.0
1215270,406.0,430.0
1215280,139.0,162.0
1215320,153.0,164.0
1215350,4.0,4.0
1215390,5382.0,5611.0
1215430,226.0,243.0
1215500,18.0,18.0
1215540,8.0,10.0
1215600,6.0,7.0
1215650,10.0,13.0
1215700,6.0,7.0
1215720,7.0,8.0
1215740,48.0,57.0
1215750,25.0,33.0
1215770,40.0,48.0
1215950,92.0,109.0
1216030,37.0,39.0
1216050,23.0,25.0
1216080,1014.0,1033.0
1216150,10.0,10.0
1216200,3330.0,3432.0
1216220,93.0,120.0
1216230,300.0,334.0
1216300,44.0,50.0
1216310,6.0,6.0
1216320,5241.0,5969.0
1216350,25.0,32.0
1216470,383.0,462.0
1216480,1.0,1.0
1216490,347.0,368.0
1216540,67.0,77.0
1216550,40.0,49.0
1216560,1.0,1.0
1216590,54.0,67.0
1216610,40.0,51.0
1216660,48.0,59.0
1216710,13219.0,14120.0
1216740,1.0,1.0
1216880,295.0,377.0
1216940,11.0,11.0
1217050,349.0,403.0
1217060,90306.0,96577.0
1217070,11.0,11.0
1217100,364.0,393.0
1217160,7.0,8.0
1217190,85.0,111.0
1217260,36.0,45.0
1217280,4.0,4.0
1217310,12.0,14.0
1217350,22.0,22.0
1217390,2936.0,3056.0
1217440,5.0,5.0
1217490,117.0,150.0
1217510,9.0,10.0
1217520,2.0,2.0
1217580,42.0,50.0
1217720,46.0,49.0
1217830,236.0,243.0
1217870,9.0,9.0
1217880,6.0,7.0
1217900,21.0,24.0
1217930,40.0,50.0
1218020,6.0,6.0
1218140,18.0,21.0
1218210,4822.0,5619.0
1218250,3889.0,4554.0
1218260,389.0,429.0
1218280,1543.0,1779.0
1218470,18.0,18.0
1218480,9.0,9.0
1218500,763.0,896.0
1218520,276.0,302.0
1218560,11.0,13.0
1218570,36.0,45.0
1218580,32.0,35.0
1218640,20.0,23.0
1218670,15.0,17.0
1218750,10.0,10.0
1218760,7.0,8.0
1218850,13.0,16.0
1218900,4022.0,4141.0
1218930,1.0,1.0
1218940,79.0,104.0
1219020,29.0,35.0
1219030,2.0,2.0
1219070,15.0,19.0
1219110,16.0,20.0
1219120,1.0,1.0
1219170,5.0,5.0
1219240,330.0,369.0
1219310,1.0,1.0
1219320,27.0,30.0
1219420,9.0,10.0
1219500,10.0,12.0
1219540,84.0,91.0
1219580,38.0,44.0
1219620,82.0,95.0
1219650,88.0,115.0
1219680,1.0,1.0
1219700,10.0,11.0
1219730,12.0,12.0
1219740,25.0,27.0
1219790,5.0,5.0
1219800,1.0,1.0
1219820,2.0,2.0
1219860,29.0,36.0
1219950,361.0,478.0
1219980,6.0,6.0
1220010,5941.0,6802.0
1220040,6.0,6.0
1220080,15.0,19.0
1220100,78.0,82.0
1220120,17.0,22.0
1220140,2590.0,3374.0
1220150,2203.0,2693.0
1220200,22.0,24.0
1220260,4.0,5.0
1220330,13.0,15.0
1220370,217.0,261.0
1220520,7.0,7.0
1220600,22.0,23.0
1220690,12.0,13.0
1220710,37.0,42.0
1220850,5.0,6.0
1220860,3.0,3.0
1220880,5.0,6.0
1220900,114.0,137.0
1220920,17.0,20.0
1220930,391.0,457.0
1221010,109.0,110.0
1221030,46.0,53.0
1221070,7.0,9.0
1221080,325.0,431.0
1221240,121.0,160.0
1221250,2139.0,2298.0
1221280,43.0,48.0
1221300,23.0,28.0
1221320,69.0,81.0
1221330,6.0,6.0
1221390,3.0,3.0
1221400,38.0,39.0
1221430,2.0,2.0
1221440,51.0,62.0
1221540,412.0,525.0
1221630,10.0,12.0
1221640,100.0,105.0
1221650,19.0,23.0
1221730,1.0,1.0
1221800,87.0,97.0
1221830,18.0,20.0
1221860,19.0,20.0
1221880,7.0,7.0
1221980,1.0,1.0
1221990,33.0,40.0
1222020,21.0,21.0
1222040,469.0,496.0
1222060,8.0,9.0
1222090,44.0,58.0
1222140,126581.0,132921.0
1222160,96.0,102.0
1222170,33.0,41.0
1222200,33.0,39.0
1222210,126.0,158.0
1222230,1.0,1.0
1222250,11.0,11.0
1222270,30.0,31.0
1222300,1181.0,1377.0
1222340,75.0,79.0
1222360,22.0,25.0
1222380,12.0,12.0
1222390,7.0,8.0
1222540,30.0,30.0
1222570,143.0,163.0
1222600,47.0,55.0
1222670,132761.0,151909.0
1222680,100978.0,120640.0
1222700,58648.0,67177.0
1222750,112.0,116.0
1222800,782.0,1039.0
1222830,15.0,15.0
1222840,4.0,5.0
1222940,22.0,26.0
1222980,6.0,6.0
1223020,188.0,202.0
1223110,30.0,34.0
1223150,49.0,53.0
1223180,9.0,9.0
1223200,1.0,1.0
1223250,139.0,165.0
1223260,8.0,8.0
1223370,11.0,12.0
1223390,10.0,12.0
1223500,966.0,1053.0
1223550,4.0,4.0
1223670,2.0,2.0
1223730,113.0,117.0
1223750,3828.0,4409.0
1223810,490.0,505.0
1223870,764.0,828.0
1223880,2.0,2.0
1224010,1.0,1.0
1224020,2149.0,2497.0
1224030,123.0,143.0
1224120,223.0,259.0
1224160,759.0,826.0
1224230,14.0,17.0
1224290,946.0,987.0
1224320,2.0,2.0
1224420,6.0,7.0
1224450,64.0,67.0
1224470,8.0,8.0
1224490,7.0,7.0
1224600,729.0,878.0
1224650,1.0,1.0
1224710,24.0,25.0
1224840,97.0,100.0
1224900,62.0,66.0
1225040,2.0,2.0
1225060,27.0,30.0
1225070,182.0,232.0
1225120,23.0,27.0
1225130,35.0,36.0
1225240,1.0,1.0
1225250,1.0,1.0
1225380,10.0,13.0
1225560,4271.0,4716.0
1225570,5381.0,6691.0
1225580,633.0,810.0
1225590,1618.0,1934.0
1225600,22.0,29.0
1225610,42.0,44.0
1225680,9.0,11.0
1225710,4.0,5.0
1225780,2551.0,2715.0
1225790,28.0,30.0
1225810,276.0,345.0
1225820,30.0,37.0
1225840,49.0,50.0
1225900,2.0,2.0
1225940,7.0,8.0
1226000,77.0,102.0
1226010,22.0,24.0
1226160,178.0,200.0
1226170,2.0,2.0
1226230,1.0,1.0
1226270,1.0,1.0
1226280,8.0,8.0
1226310,7.0,9.0
1226490,14.0,16.0
1226530,547.0,571.0
1226610,13.0,17.0
1226640,330.0,391.0
1226840,15.0,17.0
1226880,11.0,12.0
1226890,12.0,12.0
1226920,5.0,5.0
1226970,123.0,156.0
1227010,12.0,15.0
1227040,1.0,1.0
1227050,1.0,1.0
1227130,13.0,13.0
1227260,109.0,141.0
1227280,2609.0,3074.0
1227320,26.0,27.0
1227400,202.0,223.0
1227490,13.0,17.0
1227530,6417.0,7783.0
1227570,48.0,56.0
1227590,23.0,28.0
1227600,20.0,24.0
1227650,4288.0,4437.0
1227680,10.0,13.0
1227690,5589.0,5848.0
1227750,215.0,248.0
1227780,1497.0,1871.0
1227860,36.0,38.0
1227890,18017.0,19378.0
1227900,2.0,2.0
1227930,1.0,1.0
1228320,62.0,79.0
1228360,102.0,109.0
1228410,47.0,55.0
1228430,65.0,66.0
1228450,1.0,1.0
1228470,11.0,11.0
1228490,5.0,6.0
1228500,162.0,197.0
1228520,2288.0,2721.0
1228560,229.0,270.0
1228600,71.0,76.0
1228760,12.0,15.0
1228790,19.0,21.0
1228820,4.0,4.0
1228860,8.0,9.0
1228870,61.0,73.0
1228880,7.0,8.0
1228950,13.0,17.0
1228960,14.0,14.0
1228970,19.0,19.0
1229000,21.0,21.0
1229020,240.0,289.0
1229030,334.0,373.0
1229060,150.0,155.0
1229190,3.0,3.0
1229240,5662.0,6255.0
1229260,118.0,133.0
1229270,53.0,62.0
1229280,26.0,30.0
1229380,11882.0,12458.0
1229390,154.0,158.0
1229450,1.0,1.0
1229490,128012.0,130813.0
1229500,193.0,211.0
1229580,826.0,880.0
1229590,22.0,25.0
1229650,34.0,41.0
1229740,25.0,31.0
1229890,33.0,34.0
1229900,896.0,1134.0
1229960,9.0,11.0
1230010,16.0,16.0
1230020,1.0,1.0
1230140,19055.0,19318.0
1230170,1346.0,1575.0
1230200,43.0,55.0
1230260,16.0,16.0
1230340,41.0,52.0
1230410,3422.0,3871.0
1230470,1.0,1.0
1230510,78.0,91.0
1230540,1.0,1.0
1230650,17.0,17.0
1230660,20.0,22.0
1230800,526.0,574.0
1230840,3.0,3.0
1230860,60.0,69.0
1230880,2.0,2.0
1230930,26.0,27.0
1230990,22.0,29.0
1231120,5.0,5.0
1231130,9.0,11.0
1231150,116.0,123.0
1231270,2.0,2.0
1231410,3.0,3.0
1231440,3.0,3.0
1231460,258.0,321.0
1231570,7.0,7.0
1231590,571.0,658.0
1231640,6.0,6.0
1231740,18.0,20.0
1231770,1.0,1.0
1231810,1.0,1.0
1231860,1.0,1.0
1231880,2330.0,2592.0
1231920,1.0,1.0
1231930,1.0,1.0
1231940,84.0,106.0
1231970,83.0,94.0
1231990,759.0,918.0
1232010,136.0,142.0
1232100,84.0,88.0
1232130,901.0,958.0
1232140,28.0,34.0
1232150,104.0,124.0
1232180,2149.0,2201.0
1232230,11.0,11.0
1232260,8.0,9.0
1232290,5.0,6.0
1232310,10.0,13.0
1232330,88.0,94.0
1232460,861.0,1145.0
1232510,47.0,56.0
1232550,5.0,6.0
1232570,567.0,598.0
1232580,1634.0,1909.0
1232610,36.0,44.0
1232640,84.0,89.0
1232810,121.0,134.0
1232830,11.0,13.0
1232870,162.0,166.0
1232880,1.0,1.0
1232920,21.0,22.0
1232940,86.0,96.0
1233030,2.0,2.0
1233040,4.0,5.0
1233070,605.0,654.0
1233210,145.0,176.0
1233240,1.0,1.0
1233250,35.0,38.0
1233270,3332.0,3856.0
1233390,7.0,7.0
1233410,969.0,1194.0
1233530,93.0,123.0
1233540,193.0,209.0
1233570,11632.0,14278.0
1233580,6.0,7.0
1233690,114.0,125.0
1233720,53.0,60.0
1233780,81.0,105.0
1233790,15.0,15.0
1233800,293.0,343.0
1233820,41.0,48.0
1233880,694.0,780.0
1233950,208.0,211.0
1234020,12.0,12.0
1234030,21.0,26.0
1234070,2.0,2.0
1234160,3.0,3.0
1234180,129.0,150.0
1234190,387.0,466.0
1234220,109.0,119.0
1234260,96.0,123.0
1234340,6.0,6.0
1234360,1.0,1.0
1234400,288.0,296.0
1234430,521.0,632.0
1234520,698.0,739.0
1234540,3.0,3.0
1234620,184.0,230.0
1234690,7.0,7.0
1234700,23.0,25.0
1234710,1.0,1.0
1234730,141.0,161.0
1234750,18.0,21.0
1234830,20.0,22.0
1234890,11.0,14.0
1234940,902.0,1005.0
1235100,125.0,139.0
1235110,499.0,527.0
1235120,56.0,67.0
1235130,5.0,6.0
1235140,28578.0,30197.0
1235160,10.0,11.0
1235360,319.0,380.0
1235400,9.0,10.0
1235430,7.0,8.0
1235450,29.0,37.0
1235570,4.0,5.0
1235580,2.0,2.0
1235770,4.0,4.0
1235790,95.0,108.0
1235800,47.0,48.0
1235810,8.0,10.0
1235830,162.0,171.0
1236040,30.0,36.0
1236050,9.0,11.0
1236070,225.0,237.0
1236100,2.0,2.0
1236160,18.0,20.0
1236180,2.0,2.0
1236190,15.0,18.0
1236400,335.0,402.0
1236450,20.0,23.0
1236490,69.0,74.0
1236560,142.0,149.0
1236620,10.0,10.0
1236700,382.0,424.0
1236720,984.0,1071.0
1236770,14.0,14.0
1236780,196.0,254.0
1236810,14.0,14.0
1236900,52.0,57.0
1236930,31.0,38.0
1236960,18.0,18.0
1236990,2914.0,3247.0
1237040,111.0,119.0
1237060,22.0,24.0
1237070,89.0,92.0
1237090,5.0,6.0
1237120,1.0,1.0
1237210,4.0,4.0
1237220,103.0,122.0
1237240,1.0,1.0
1237260,19.0,25.0
1237310,13.0,14.0
1237320,20072.0,22080.0
1237360,1.0,1.0
1237530,91.0,115.0
1237570,59.0,65.0
1237590,14.0,17.0
1237670,2.0,2.0
1237700,2.0,2.0
1237730,244.0,245.0
1237870,95.0,123.0
1237890,12.0,15.0
1237900,4.0,5.0
1237950,53615.0,61456.0
1237970,225178.0,236276.0
1237980,3784.0,4835.0
1238000,11367.0,15084.0
1238040,4543.0,5650.0
1238250,14.0,16.0
1238330,85.0,97.0
1238340,3.0,3.0
1238360,63.0,68.0
1238450,58.0,76.0
1238520,194.0,216.0
1238540,8.0,9.0
1238680,723.0,740.0
1238710,4.0,4.0
1238720,5.0,6.0
1238730,653.0,661.0
1238840,139525.0,161358.0
1238860,54708.0,63543.0
1238920,366.0,462.0
1238970,1.0,1.0
1239000,13.0,14.0
1239030,4.0,5.0
1239050,1003.0,1097.0
1239080,7729.0,8093.0
1239120,3.0,3.0
1239140,1.0,1.0
1239180,14.0,17.0
1239190,186.0,192.0
1239260,1596.0,1905.0
1239320,2704.0,3100.0
1239470,3.0,3.0
1239490,48.0,53.0
1239690,14377.0,15033.0
1239740,6.0,6.0
1239800,22.0,27.0
1239870,2.0,2.0
1239950,27.0,29.0
1239980,17.0,17.0
1239990,3.0,3.0
1240040,7.0,7.0
1240060,367.0,406.0
1240130,74.0,77.0
1240140,9.0,10.0
1240210,21780.0,22272.0
1240230,207.0,236.0
1240240,70.0,73.0
1240350,13.0,17.0
1240370,9.0,10.0
1240460,51.0,55.0
1240480,199.0,228.0
1240510,3.0,3.0
1240590,1057.0,1239.0
1240610,42.0,46.0
1240620,2.0,2.0
1240630,488.0,502.0
1240690,23.0,27.0
1240840,30.0,34.0
1240870,5.0,5.0
1241180,2.0,2.0
1241230,12.0,12.0
1241370,14.0,16.0
1241400,3.0,3.0
1241500,58.0,75.0
1241510,19053.0,19646.0
1241520,1023.0,1086.0
1241690,1.0,1.0
1241700,6544.0,6752.0
1241710,25.0,29.0
1241810,1.0,1.0
1241860,2.0,2.0
1241950,1284.0,1424.0
1242830,10.0,11.0
1242980,1357.0,1497.0
1243010,10.0,12.0
1243040,1.0,1.0
1243060,1.0,1.0
1243130,237.0,261.0
1243200,293.0,365.0
1243220,370.0,423.0
1243260,10.0,10.0
1243290,3.0,3.0
1243370,2.0,2.0
1243410,1.0,1.0
1243420,123.0,163.0
1243450,5.0,6.0
1243530,20.0,20.0
1243560,18.0,23.0
1243640,6.0,7.0
1243670,499.0,529.0
1243700,75.0,82.0
1243790,68.0,71.0
1243820,12.0,14.0
1243850,1565.0,1729.0
1243900,6.0,7.0
1243930,7.0,8.0
1243960,556.0,607.0
1244040,159.0,176.0
1244050,1.0,1.0
1244090,9696.0,10857.0
1244140,18.0,22.0
1244190,12.0,12.0
1244210,30.0,36.0
1244260,145.0,152.0
1244300,8.0,8.0
1244380,53.0,67.0
1244390,21.0,24.0
1244460,27903.0,31517.0
1244470,4.0,5.0
1244520,15.0,16.0
1244530,45.0,47.0
1244630,1729.0,2152.0
1244800,2584.0,2949.0
1244830,3.0,3.0
1244890,1.0,1.0
1244910,215.0,239.0
1244930,52.0,56.0
1245000,9.0,11.0
1245090,71.0,80.0
1245370,29.0,37.0
1245430,2191.0,2468.0
1245470,60.0,74.0
1245540,1727.0,1830.0
1245560,3105.0,3324.0
1245620,902340.0,974029.0
1245640,169.0,173.0
1245730,5.0,5.0
1245810,40.0,41.0
1245820,10.0,12.0
1245920,15.0,18.0
1245950,137.0,176.0
1246020,1309.0,1340.0
1246120,4.0,5.0
1246170,3.0,3.0
1246200,1.0,1.0
1246250,203.0,230.0
1246420,10.0,12.0
1246490,62.0,74.0
1246540,7.0,7.0
1246620,4.0,4.0
1246680,9.0,10.0
1246710,18.0,21.0
1246780,40.0,48.0
1246920,2.0,2.0
1246930,39.0,44.0
1246950,74.0,98.0
1247020,96.0,111.0
1247110,209.0,245.0
1247160,44.0,47.0
1247170,448.0,507.0
1247240,7.0,7.0
1247360,313.0,340.0
1247400,6.0,6.0
1247580,12.0,14.0
1247650,7.0,8.0
1247720,57.0,71.0
1247730,8.0,10.0
1247740,26.0,34.0
1247830,10.0,12.0
1247860,71.0,78.0
1247880,37.0,41.0
1247940,188.0,202.0
1248030,7.0,8.0
1248100,9.0,9.0
1248130,72235.0,78400.0
1248140,23.0,29.0
1248270,206.0,221.0
1248350,22.0,24.0
1248360,39.0,42.0
1248370,2.0,2.0
1248390,25.0,26.0
1248420,27.0,27.0
1248450,45.0,50.0
1248460,41.0,43.0
1248490,6.0,6.0
1248510,3.0,3.0
1248520,1.0,1.0
1248570,1.0,1.0
1248670,1.0,1.0
1248680,9.0,9.0
1248730,7.0,7.0
1248740,2.0,2.0
1248810,8.0,8.0
1248820,408.0,466.0
1248840,227.0,248.0
1248860,12.0,13.0
1248910,9.0,10.0
1248960,3.0,3.0
1249010,195.0,210.0
1249040,2451.0,2596.0
1249070,50.0,62.0
1249080,78.0,90.0
1249130,969.0,1046.0
1249150,33.0,34.0
1249170,35.0,38.0
1249190,8.0,9.0
1249200,3191.0,3409.0
1249260,72.0,87.0
1249300,125.0,149.0
1249390,3.0,3.0
1249420,68.0,75.0
1249430,19.0,22.0
1249480,713.0,751.0
1249500,25.0,32.0
1249510,44.0,44.0
1249680,14.0,14.0
1249880,2042.0,2134.0
1249890,18.0,19.0
1249980,29.0,34.0
1250170,4.0,4.0
1250180,45.0,49.0
1250280,61.0,67.0
1250300,54.0,56.0
1250410,48850.0,61929.0
1250440,313.0,347.0
1250490,27.0,29.0
1250510,4.0,4.0
1250520,194.0,206.0
1250560,170.0,176.0
1250630,48.0,51.0
1250650,1660.0,2182.0
1250660,1.0,1.0
1250760,6447.0,6593.0
1250770,102.0,107.0
1250810,1.0,1.0
1250900,73.0,78.0
1250990,1.0,1.0
1251090,6.0,7.0
1251200,16.0,16.0
1251250,9.0,10.0
1251330,12.0,12.0
1251380,5.0,6.0
1251460,484.0,520.0
1251470,2.0,2.0
1251520,7.0,8.0
1251690,183.0,197.0
1251750,91.0,106.0
1251820,4.0,5.0
1251850,65.0,86.0
1251910,97.0,110.0
1251930,508.0,666.0
1251950,2.0,2.0
1251970,88.0,112.0
1252020,19.0,24.0
1252030,27.0,33.0
1252100,19.0,20.0
1252110,4.0,4.0
1252120,2.0,2.0
1252160,41.0,53.0
1252170,22.0,26.0
1252190,14.0,16.0
1252210,26.0,26.0
1252240,84.0,108.0
1252250,117.0,149.0
1252300,228.0,266.0
1252320,447.0,459.0
1252330,21692.0,28392.0
1252390,46.0,61.0
1252410,115.0,118.0
1252450,4.0,4.0
1252510,2.0,2.0
1252560,658.0,754.0
1252580,92.0,110.0
1252630,2.0,2.0
1252650,16.0,18.0
1252680,445.0,528.0
1252780,5320.0,5815.0
1252830,1415.0,1536.0
1252850,40.0,41.0
1253010,8.0,8.0
1253050,7.0,7.0
1253110,40.0,43.0
1253160,13.0,15.0
1253190,356.0,453.0
1253240,1.0,1.0
1253270,62.0,66.0
1253320,1.0,1.0
1253390,62.0,68.0
1253410,15.0,19.0
1253520,65.0,79.0
1253580,56.0,67.0
1253650,9.0,9.0
1253760,3.0,3.0
1253820,37.0,49.0
1253850,1.0,1.0
1253870,1724.0,1992.0
1253880,252.0,276.0
1253920,12820.0,14104.0
1253930,13.0,16.0
1253940,11.0,13.0
1254070,9.0,9.0
1254130,904.0,1043.0
1254180,12.0,12.0
1254280,33.0,42.0
1254370,1736.0,1978.0
1254500,158.0,195.0
1254620,94.0,109.0
1254630,32.0,41.0
1254670,273.0,279.0
1254770,8.0,8.0
1254820,10.0,11.0
1254870,88.0,103.0
1254900,797.0,1006.0
1254930,31.0,38.0
1254950,14.0,17.0
1254960,1.0,1.0
1255030,10.0,13.0
1255040,72.0,74.0
1255050,46.0,55.0
1255130,49.0,61.0
1255160,4.0,5.0
1255170,6.0,7.0
1255230,13.0,13.0
1255380,145.0,158.0
1255410,1.0,1.0
1255420,1.0,1.0
1255550,123.0,161.0
1255560,1353.0,1521.0
1255640,14.0,17.0
1255650,2281.0,2360.0
1255680,10.0,10.0
1255740,56.0,62.0
1255870,5.0,5.0
1255880,4.0,5.0
1255910,12.0,13.0
1255920,6.0,7.0
1256040,13.0,14.0
1256060,363.0,396.0
1256130,28.0,37.0
1256190,15.0,17.0
1256220,14.0,16.0
1256230,1002.0,1207.0
1256360,3.0,3.0
1256380,91.0,108.0
1256430,17.0,21.0
1256440,6.0,6.0
1256490,37.0,37.0
1256520,60.0,72.0
1256530,293.0,353.0
1256550,1.0,1.0
1256610,2197.0,2573.0
1256660,27.0,28.0
1256670,27337.0,29181.0
1256920,38.0,45.0
1257000,4.0,4.0
1257170,224.0,281.0
1257190,5.0,6.0
1257200,427.0,478.0
1257210,49.0,59.0
1257250,15.0,19.0
1257290,3055.0,3351.0
1257300,7.0,8.0
1257360,1216.0,1419.0
1257410,1186.0,1253.0
1257430,103.0,115.0
1257520,4.0,5.0
1257550,15.0,19.0
1257600,18.0,20.0
1257620,4.0,4.0
1257660,116.0,119.0
1257670,13.0,13.0
1257800,173.0,203.0
1257810,384.0,422.0
1257850,175.0,184.0
1257860,99.0,100.0
1257890,8.0,8.0
1257900,34.0,36.0
1257910,54.0,56.0
1257930,46.0,57.0
1258000,4.0,4.0
1258020,34.0,34.0
1258040,2446.0,3090.0
1258070,3.0,3.0
1258080,12271.0,15736.0
1258190,126.0,153.0
1258310,526.0,536.0
1258340,433.0,461.0
1258420,2.0,2.0
1258440,2.0,2.0
1258480,40.0,49.0
1258520,18.0,18.0
1258560,5.0,6.0
1258580,7.0,9.0
1258590,943.0,1204.0
1258650,4.0,4.0
1258710,421.0,457.0
1258780,737.0,909.0
1258790,57.0,59.0
1258800,14.0,18.0
1258840,6.0,7.0
1258860,2.0,2.0
1258920,1.0,1.0
1258930,2.0,2.0
1258960,6.0,7.0
1258980,31.0,41.0
1258990,1.0,1.0
1259000,194.0,252.0
1259130,25.0,31.0
1259140,138.0,146.0
1259180,155.0,177.0
1259220,5.0,5.0
1259240,380.0,408.0
1259300,8.0,10.0
1259310,7.0,7.0
1259330,11.0,12.0
1259370,15.0,15.0
1259380,256.0,296.0
1259390,7.0,8.0
1259420,84459.0,90943.0
1259430,589.0,621.0
1259470,2.0,2.0
1259480,1.0,1.0
1259510,334.0,357.0
1259530,48.0,58.0
1259560,695.0,772.0
1259570,2.0,2.0
1259580,16.0,18.0
1259600,30.0,32.0
1259640,624.0,706.0
1259660,3.0,3.0
1259740,585.0,732.0
1259760,29.0,32.0
1259790,1786.0,2194.0
1259800,659.0,814.0
1259830,8.0,8.0
1259840,1666.0,1807.0
1259890,30.0,31.0
1259960,20.0,22.0
1259980,9109.0,11089.0
1260020,50.0,54.0
1260030,7.0,7.0
1260160,7.0,9.0
1260220,66.0,81.0
1260300,8.0,9.0
1260310,13.0,17.0
1260320,41540.0,54445.0
1260370,11.0,11.0
1260390,1725.0,2158.0
1260470,19.0,24.0
1260490,9.0,9.0
1260520,3609.0,3636.0
1260580,22.0,23.0
1260590,1458.0,1620.0
1260620,87.0,96.0
1260670,121.0,136.0
1260700,7.0,8.0
1260710,49.0,64.0
1260760,2.0,2.0
1260790,4.0,4.0
1260810,2340.0,2502.0
1260820,1292.0,1396.0
1260830,76.0,86.0
1260960,95.0,99.0
1261020,24.0,25.0
1261040,5482.0,7060.0
1261090,50.0,63.0
1261130,85.0,103.0
1261220,203.0,210.0
1261280,3.0,3.0
1261290,2.0,2.0
1261300,85.0,87.0
1261330,1.0,1.0
1261390,8.0,10.0
1261430,102.0,106.0
1261490,1.0,1.0
1261520,473.0,623.0
1261630,6.0,6.0
1261640,30.0,32.0
1261660,39.0,44.0
1261700,87.0,94.0
1261750,18.0,19.0
1261760,95.0,103.0
1261820,5.0,5.0
1261900,5.0,6.0
1261960,147.0,160.0
1261970,85.0,89.0
1261980,40.0,43.0
1262040,621.0,639.0
1262060,2092.0,2398.0
1262120,15.0,18.0
1262180,1.0,1.0
1262190,281.0,294.0
1262350,20496.0,21177.0
1262450,4.0,5.0
1262460,1669.0,1887.0
1262500,6.0,7.0
1262560,15374.0,19897.0
1262580,23364.0,27250.0
1262640,104.0,138.0
1262790,4.0,4.0
1262880,1.0,1.0
1262890,37.0,40.0
1262930,65.0,74.0
1263060,14.0,16.0
1263090,1.0,1.0
1263110,29.0,38.0
1263160,557.0,605.0
1263200,35.0,41.0
1263230,1011.0,1080.0
1263350,67.0,82.0
1263370,3939.0,4660.0
1263380,1.0,1.0
1263450,23.0,30.0
1263470,5.0,5.0
1263520,4.0,5.0
1263540,6.0,7.0
1263590,2.0,2.0
1263610,53.0,64.0
1263720,6.0,7.0
1263750,31.0,39.0
1263820,72.0,90.0
1263850,22341.0,23898.0
1263860,628.0,700.0
1264010,9.0,9.0
1264050,13.0,16.0
1264090,6.0,6.0
1264140,5.0,6.0
1264160,143.0,179.0
1264180,47.0,59.0
1264250,1876.0,2426.0
1264280,1903.0,2051.0
1264290,1.0,1.0
1264310,25.0,29.0
1264350,79.0,79.0
1264410,6.0,6.0
1264420,24.0,25.0
1264520,625.0,642.0
1264650,11.0,11.0
1264710,957.0,1032.0
1264730,27.0,27.0
1264740,903.0,985.0
1264770,40.0,44.0
1264790,28.0,34.0
1264800,26.0,30.0
1264820,7.0,8.0
1264850,20.0,24.0
1264880,134.0,152.0
1264900,10.0,10.0
1264920,120.0,124.0
1264930,8.0,10.0
1264970,432.0,460.0
1265040,4.0,5.0
1265080,17.0,20.0
1265120,66.0,72.0
1265130,1.0,1.0
1265140,11.0,13.0
1265220,146.0,161.0
1265260,1.0,1.0
1265270,10.0,10.0
1265300,100.0,132.0
1265380,1.0,1.0
1265460,11.0,11.0
1265570,44.0,53.0
1265580,8.0,9.0
1265770,9.0,11.0
1265800,530.0,698.0
1265820,2622.0,2828.0
1265850,133.0,152.0
1265860,2752.0,3426.0
1265870,54.0,68.0
1265920,3740.0,4333.0
1265930,1577.0,2021.0
1265960,24.0,30.0
1266030,1503.0,1696.0
1266050,1.0,1.0
1266070,2.0,2.0
1266100,264.0,275.0
1266370,37.0,41.0
1266380,5.0,5.0
1266390,1.0,1.0
1266400,22.0,25.0
1266410,7.0,9.0
1266430,448.0,510.0
1266630,609.0,807.0
1266640,62.0,74.0
1266680,64.0,80.0
1266690,2241.0,2746.0
1266700,1965.0,2545.0
1266800,469.0,615.0
1266840,4647.0,5737.0
1266900,11.0,13.0
1266980,463.0,504.0
1267130,31.0,33.0
1267170,17.0,18.0
1267210,35.0,38.0
1267260,82.0,93.0
1267270,33.0,35.0
1267370,29.0,38.0
1267400,47.0,55.0
1267410,2.0,2.0
1267470,1973.0,2511.0
1267540,1056.0,1367.0
1267560,2.0,2.0
1267570,1.0,1.0
1267580,53.0,62.0
1267770,39.0,45.0
1267810,129.0,138.0
1267870,26.0,26.0
1267910,11749.0,12973.0
1267920,2.0,2.0
1267930,37.0,43.0
1267950,189.0,196.0
1268110,3293.0,3761.0
1268140,143.0,152.0
1268200,20.0,20.0
1268220,3.0,3.0
1268250,44.0,56.0
1268290,45.0,56.0
1268330,8.0,10.0
1268370,48.0,56.0
1268380,19.0,23.0
1268420,58.0,77.0
1268440,1.0,1.0
1268540,7.0,8.0
1268700,6.0,7.0
1268720,1.0,1.0
1268750,24258.0,29339.0
1268830,3.0,3.0
1268860,163.0,167.0
1268880,2.0,2.0
1268890,1.0,1.0
1268960,2162.0,2225.0
1268990,1.0,1.0
1269000,3.0,3.0
1269020,595.0,677.0
1269050,79.0,97.0
1269080,2.0,2.0
1269150,502.0,558.0
1269190,4.0,4.0
1269210,2.0,2.0
1269240,20.0,26.0
1269250,41.0,52.0
1269310,81.0,93.0
1269330,2.0,2.0
1269350,154.0,192.0
1269370,2666.0,3494.0
1269460,2.0,2.0
1269500,78.0,93.0
1269520,62.0,67.0
1269550,256.0,299.0
1269560,7.0,9.0
1269590,39.0,39.0
1269620,95.0,107.0
1269640,2887.0,2952.0
1269670,1.0,1.0
1269690,798.0,859.0
1269710,574.0,720.0
1269820,186.0,215.0
1269890,51.0,60.0
1269900,1.0,1.0
1269950,3508.0,3735.0
1269990,21.0,24.0
1270070,7.0,7.0
1270080,40.0,40.0
1270100,116.0,142.0
1270210,400.0,442.0
1270230,13.0,14.0
1270280,5.0,5.0
1270330,7.0,8.0
1270390,40.0,43.0
1270400,1.0,1.0
1270410,10.0,10.0
1270440,3.0,3.0
1270460,50.0,51.0
1270570,31.0,36.0
1270580,1780.0,1985.0
1270600,1.0,1.0
1270620,127.0,169.0
1270650,5.0,6.0
1270680,34.0,34.0
1270720,29.0,37.0
1270850,101.0,122.0
1270890,6.0,6.0
1270930,353.0,407.0
1270970,5.0,6.0
1271030,24.0,30.0
1271050,776.0,844.0
1271090,162.0,168.0
1271100,265.0,348.0
1271170,50.0,50.0
1271250,9.0,11.0
1271260,83.0,93.0
1271280,919.0,987.0
1271300,500.0,548.0
1271340,13.0,13.0
1271360,1.0,1.0
1271380,51.0,53.0
1271400,1073.0,1149.0
1271420,23.0,28.0
1271530,10.0,13.0
1271540,160.0,186.0
1271690,64.0,73.0
1271700,5490.0,6996.0
1271710,6808.0,7229.0
1271740,100.0,128.0
1271750,134.0,150.0
1271760,5.0,5.0
1271820,3.0,3.0
1271840,5.0,6.0
1271910,52.0,62.0
1272000,5.0,5.0
1272010,665.0,879.0
1272070,217.0,231.0
1272100,15.0,15.0
1272110,58.0,68.0
1272120,61.0,65.0
1272130,65.0,81.0
1272150,3.0,3.0
1272160,6937.0,7632.0
1272200,7.0,9.0
1272240,15.0,15.0
1272320,5675.0,6735.0
1272330,9.0,9.0
1272340,28.0,37.0
1272450,26.0,32.0
1272520,2.0,2.0
1272530,4.0,4.0
1272580,245.0,267.0
1272820,4.0,5.0
1272840,647.0,679.0
1272860,74.0,82.0
1272910,1.0,1.0
1272920,11.0,11.0
1272970,46.0,53.0
1273010,15.0,17.0
1273060,1.0,1.0
1273070,3.0,3.0
1273080,119.0,124.0
1273110,109.0,124.0
1273120,30.0,33.0
1273250,216.0,223.0
1273260,953.0,1029.0
1273290,7.0,8.0
1273320,9.0,10.0
1273400,7952.0,9735.0
1273430,16.0,17.0
1273440,880.0,1090.0
1273450,36.0,45.0
1273520,36.0,44.0
1273530,2.0,2.0
1273540,181.0,194.0
1273560,243.0,292.0
1273570,50.0,57.0
1273590,41.0,42.0
1273600,17.0,18.0
1273710,7031.0,8887.0
1273740,5.0,5.0
1273750,134.0,140.0
1273780,31.0,40.0
1273800,15.0,17.0
1273890,5.0,5.0
1273920,13.0,14.0
1273930,9.0,11.0
1274020,17.0,21.0
1274090,52.0,69.0
1274110,1.0,1.0
1274130,2.0,2.0
1274140,763.0,795.0
1274190,2.0,2.0
1274200,155.0,178.0
1274210,45.0,56.0
1274230,23.0,28.0
1274280,8.0,8.0
1274290,5463.0,6340.0
1274340,3.0,3.0
1274360,331.0,424.0
1274380,2.0,2.0
1274390,5.0,5.0
1274440,11.0,13.0
1274470,2.0,2.0
1274490,1069.0,1313.0
1274500,1.0,1.0
1274570,71984.0,78992.0
1274600,2687.0,3251.0
1274630,27.0,29.0
1274640,17.0,22.0
1274690,5.0,5.0
1274710,92.0,107.0
1274800,153.0,178.0
1274820,39.0,51.0
1274840,56.0,67.0
1274910,15.0,16.0
1274940,136.0,166.0
1274970,14.0,14.0
1274980,43.0,46.0
1274990,1.0,1.0
1275150,31.0,33.0
1275190,16.0,16.0
1275230,6.0,7.0
1275320,1.0,1.0
1275330,27.0,27.0
1275350,4930.0,5258.0
1275370,118.0,150.0
1275410,13.0,14.0
1275490,11.0,12.0
1275590,127.0,168.0
1275600,26.0,26.0
1275630,2367.0,2654.0
1275640,1402.0,1470.0
1275670,13179.0,13520.0
1275770,36.0,45.0
1275790,71.0,72.0
1275810,58.0,65.0
1275860,14.0,17.0
1275890,5737.0,5885.0
1275980,20.0,23.0
1276040,60.0,76.0
1276070,62.0,65.0
1276100,108.0,124.0
1276170,3.0,3.0
1276320,13.0,15.0
1276330,8.0,8.0
1276390,25836.0,30836.0
1276400,1.0,1.0
1276530,30.0,35.0
1276540,91.0,112.0
1276550,371.0,425.0
1276600,18.0,18.0
1276740,102.0,122.0
1276750,96.0,102.0
1276790,9359.0,10499.0
1276800,686.0,762.0
1276820,1.0,1.0
1276890,4.0,4.0
1277100,12.0,13.0
1277130,150.0,184.0
1277140,7.0,9.0
1277190,8.0,8.0
1277230,36.0,47.0
1277340,2.0,2.0
1277400,12835.0,15592.0
1277480,5.0,6.0
1277500,190.0,234.0
1277510,566.0,653.0
1277520,1.0,1.0
1277650,4.0,4.0
1277710,12.0,14.0
1277840,31.0,34.0
1277870,21.0,23.0
1277930,5458.0,5542.0
1277940,1628.0,1683.0
1277950,90.0,112.0
1278000,8.0,9.0
1278040,2.0,2.0
1278060,1388.0,1709.0
1278110,6.0,7.0
1278140,4.0,5.0
1278190,35.0,45.0
1278210,121.0,128.0
1278290,20.0,20.0
1278360,417.0,429.0
1278370,63.0,76.0
1278390,753.0,900.0
1278480,1325.0,1686.0
1278520,13.0,16.0
1278540,2449.0,2639.0
1278710,8.0,8.0
1278760,28.0,31.0
1278880,26.0,33.0
1278960,35.0,35.0
1279000,47.0,51.0
1279020,8.0,10.0
1279260,246.0,278.0
1279310,22.0,25.0
1279320,26.0,31.0
1279370,102.0,114.0
1279380,97.0,102.0
1279400,58.0,72.0
1279410,58.0,59.0
1279420,64.0,66.0
1279450,19.0,24.0
1279480,22.0,27.0
1279510,2297.0,2617.0
1279620,14.0,16.0
1279630,1056.0,1388.0
1279700,213.0,237.0
1279810,8.0,8.0
1279920,441.0,538.0
1279970,3.0,3.0
1280060,79.0,80.0
1280070,45.0,59.0
1280080,140.0,151.0
1280140,1.0,1.0
1280180,25.0,29.0
1280210,10.0,13.0
1280260,160.0,192.0
1280300,286.0,354.0
1280380,84.0,91.0
1280420,78.0,86.0
1280640,41.0,50.0
1280670,1.0,1.0
1280700,27.0,32.0
1280730,14.0,15.0
1280770,14912.0,15976.0
1280780,2121.0,2751.0
1280930,4921.0,5218.0
1280940,10.0,11.0
1280950,61.0,64.0
1280970,15.0,16.0
1280980,1.0,1.0
1280990,1.0,1.0
1281080,743.0,861.0
1281160,870.0,942.0
1281170,96.0,110.0
1281180,3.0,3.0
1281190,61.0,72.0
1281200,283.0,320.0
1281270,685.0,709.0
1281350,9.0,9.0
1281360,18.0,20.0
1281400,107.0,112.0
1281420,150.0,196.0
1281490,131.0,156.0
1281510,37.0,39.0
1281530,50.0,58.0
1281580,11.0,11.0
1281590,6986.0,7912.0
1281630,2229.0,2743.0
1281690,9.0,9.0
1281790,357.0,367.0
1281800,8414.0,8643.0
1281810,7.0,7.0
1281860,203.0,210.0
1281890,32.0,42.0
1281990,11.0,12.0
1282060,1.0,1.0
1282090,107.0,115.0
1282100,46166.0,55311.0
1282110,18.0,20.0
1282140,27.0,28.0
1282150,2802.0,3030.0
1282200,5667.0,5796.0
1282210,2773.0,3189.0
1282320,63.0,65.0
1282360,3.0,3.0
1282370,12.0,13.0
1282410,2122.0,2601.0
1282510,15.0,15.0
1282580,1.0,1.0
1282590,6592.0,8089.0
1282610,27.0,29.0
1282650,32.0,33.0
1282670,3.0,3.0
1282690,4664.0,5480.0
1282700,4.0,5.0
1282710,7.0,8.0
1282730,31342.0,33667.0
1282760,180.0,214.0
1282880,8.0,9.0
1282890,15.0,15.0
1283000,32.0,35.0
1283070,10.0,10.0
1283130,1605.0,1661.0
1283140,213.0,257.0
1283190,3738.0,3963.0
1283210,53.0,65.0
1283220,5114.0,5728.0
1283250,11.0,13.0
1283260,10.0,12.0
1283270,3.0,3.0
1283280,58.0,72.0
1283330,10.0,11.0
1283350,5.0,6.0
1283370,29.0,34.0
1283380,1.0,1.0
1283410,9425.0,10597.0
1283430,60.0,61.0
1283440,8.0,10.0
1283450,5.0,5.0
1283500,92.0,116.0
1283550,12.0,13.0
1283580,21.0,22.0
1283590,67.0,72.0
1283630,196.0,228.0
1283660,11.0,11.0
1283690,10.0,10.0
1283720,4.0,5.0
1283800,4.0,4.0
1283810,15.0,16.0
1283820,13.0,13.0
1283830,27.0,28.0
1283850,10.0,10.0
1283890,5.0,5.0
1283920,1.0,1.0
1283960,638.0,742.0
1283970,1812.0,1958.0
1284080,80.0,95.0
1284110,44.0,46.0
1284130,314.0,365.0
1284180,80.0,89.0
1284190,41540.0,43290.0
1284200,1.0,1.0
1284210,16326.0,18397.0
1284260,15.0,19.0
1284290,4.0,4.0
1284350,1.0,1.0
1284360,1.0,1.0
1284410,22265.0,25796.0
1284480,10.0,11.0
1284540,30.0,31.0
1284630,4.0,4.0
1284660,3.0,3.0
1284790,86.0,102.0
1284800,55.0,68.0
1284820,1397.0,1619.0
1284870,65.0,69.0
1284950,154.0,175.0
1285000,124.0,162.0
1285010,29.0,30.0
1285020,106.0,113.0
1285040,52.0,62.0
1285060,328.0,356.0
1285070,6.0,6.0
1285080,408.0,470.0
1285100,14.0,14.0
1285130,4.0,4.0
1285160,228.0,238.0
1285180,16.0,18.0
1285230,316.0,340.0
1285350,13.0,15.0
1285360,413.0,433.0
1285410,1.0,1.0
1285440,2.0,2.0
1285510,52.0,60.0
1285520,1.0,1.0
1285580,16.0,19.0
1285600,12.0,12.0
1285630,62.0,75.0
1285660,7.0,7.0
1285670,10036.0,10313.0
1285740,1.0,1.0
1285750,8.0,10.0
1285860,8.0,9.0
1285920,211.0,241.0
1285940,18.0,19.0
1285960,4.0,4.0
1285970,1.0,1.0
1286010,101.0,105.0
1286140,162.0,177.0
1286160,11.0,12.0
1286210,16.0,20.0
1286280,918.0,988.0
1286330,184.0,186.0
1286340,595.0,742.0
1286350,9827.0,10814.0
1286370,43.0,51.0
1286380,19.0,22.0
1286580,3673.0,4539.0
1286650,7.0,7.0
1286670,42.0,46.0
1286710,2503.0,2568.0
1286730,265.0,300.0
1286810,21.0,24.0
1286830,56758.0,63289.0
1286930,1.0,1.0
1286980,21.0,21.0
1286990,1008.0,1070.0
1287040,1332.0,1385.0
1287100,15.0,17.0
1287180,1.0,1.0
1287260,455.0,496.0
1287310,134.0,143.0
1287500,70.0,79.0
1287510,56.0,67.0
1287540,84.0,93.0
1287590,180.0,227.0
1287640,19.0,22.0
1287790,1.0,1.0
1287800,183.0,191.0
1287810,18.0,19.0
1287860,17.0,17.0
1287970,1.0,1.0
1288030,9.0,11.0
1288070,18.0,19.0
1288090,3.0,3.0
1288130,10.0,10.0
1288170,773.0,804.0
1288300,3.0,3.0
1288310,38816.0,39637.0
1288320,6096.0,7761.0
1288330,4.0,4.0
1288410,62.0,69.0
1288420,155.0,166.0
1288550,1.0,1.0
1288560,30.0,33.0
1288640,9.0,9.0
1288650,9.0,10.0
1288760,105.0,123.0
1288830,6.0,7.0
1288900,335.0,348.0
1288920,118.0,150.0
1288930,236.0,254.0
1288940,6.0,6.0
1289060,6.0,6.0
1289120,8.0,10.0
1289170,7.0,7.0
1289240,1.0,1.0
1289260,2.0,2.0
1289310,118101.0,120806.0
1289330,27.0,34.0
1289340,1049.0,1238.0
1289480,7.0,7.0
1289520,71.0,78.0
1289550,2.0,2.0
1289610,4.0,5.0
1289630,1.0,1.0
1289640,955.0,997.0
1289690,36.0,36.0
1289750,16.0,17.0
1289770,1.0,1.0
1289810,1683.0,1777.0
1289830,21.0,22.0
1289850,3.0,3.0
1289960,31.0,31.0
1289990,160.0,195.0
1290000,46453.0,47952.0
1290010,13.0,13.0
1290040,7.0,7.0
1290070,393.0,498.0
1290090,26.0,33.0
1290170,636.0,786.0
1290200,34.0,34.0
1290220,245.0,246.0
1290260,928.0,1151.0
1290270,552.0,609.0
1290330,2119.0,2361.0
1290390,7.0,8.0
1290480,5.0,5.0
1290490,7850.0,8096.0
1290550,1.0,1.0
1290670,4.0,4.0
1290680,7.0,7.0
1290710,332.0,400.0
1290750,75.0,83.0
1290770,12.0,12.0
1290780,23.0,29.0
1290790,39.0,47.0
1290810,2.0,2.0
1290820,7.0,8.0
1290830,8.0,10.0
1290880,145.0,153.0
1290920,5.0,5.0
1290960,9.0,11.0
1290980,41.0,42.0
1291010,3719.0,4230.0
1291020,6.0,6.0
1291050,31.0,37.0
1291060,16.0,17.0
1291090,9.0,9.0
1291100,14.0,18.0
1291140,3.0,3.0
1291150,1.0,1.0
1291170,115.0,145.0
1291230,19.0,23.0
1291240,230.0,259.0
1291250,21.0,26.0
1291280,2.0,2.0
1291330,82.0,102.0
1291340,19662.0,20543.0
1291370,95.0,96.0
1291390,1.0,1.0
1291500,1499.0,1638.0
1291530,211.0,228.0
1291540,87.0,95.0
1291610,3.0,3.0
1291640,21.0,25.0
1291670,8.0,9.0
1291720,1.0,1.0
1291790,509.0,524.0
1291860,73.0,94.0
1292020,446.0,454.0
1292040,1760.0,2180.0
1292050,11.0,11.0
1292070,4.0,5.0
1292100,8.0,8.0
1292140,10.0,13.0
1292170,156.0,195.0
1292240,43.0,52.0
1292250,19.0,23.0
1292410,10.0,11.0
1292500,183.0,223.0
1292520,71.0,81.0
1292540,81.0,102.0
1292690,1472.0,1595.0
1292720,4.0,4.0
1292770,99.0,111.0
1292810,234.0,239.0
1292860,28.0,30.0
1292920,25.0,31.0
1292940,6103.0,6210.0
1292950,6.0,6.0
1293000,20.0,21.0
1293040,222.0,244.0
1293130,8.0,8.0
1293160,7372.0,8309.0
1293170,683.0,694.0
1293180,4059.0,4166.0
1293190,4.0,4.0
1293230,9449.0,10385.0
1293300,89.0,114.0
1293420,18.0,20.0
1293460,311.0,357.0
1293510,1.0,1.0
1293520,34.0,38.0
1293610,2.0,2.0
1293650,231.0,257.0
1293660,42.0,55.0
1293770,3.0,3.0
1293820,4062.0,4224.0
1293830,229789.0,255070.0
1293860,3915.0,4096.0
1293880,10.0,11.0
1293900,35.0,35.0
1293940,4.0,4.0
1293950,5.0,5.0
1293990,39.0,42.0
1294020,13.0,14.0
1294060,173.0,179.0
1294110,41.0,51.0
1294120,12.0,12.0
1294220,101.0,121.0
1294230,68.0,78.0
1294280,33.0,35.0
1294310,40.0,51.0
1294380,37.0,38.0
1294400,3.0,3.0
1294420,1788.0,1953.0
1294450,24.0,26.0
1294630,7.0,8.0
1294720,22.0,24.0
1294750,15.0,19.0
1294760,4004.0,4579.0
1294780,43.0,50.0
1294970,15.0,16.0
1295000,86.0,96.0
1295220,57.0,59.0
1295250,12.0,15.0
1295260,55.0,56.0
1295270,512.0,555.0
1295320,370.0,373.0
1295390,79.0,94.0
1295420,4.0,4.0
1295490,20.0,21.0
1295500,4406.0,4966.0
1295510,8392.0,8972.0
1295550,5.0,5.0
1295570,24.0,28.0
1295630,172.0,203.0
1295670,29.0,36.0
1295700,7.0,8.0
1295740,19.0,22.0
1295750,8.0,9.0
1295760,15.0,16.0
1295790,386.0,495.0
1295810,46.0,59.0
1295910,2.0,2.0
1295920,6236.0,6765.0
1295940,1.0,1.0
1295990,6.0,6.0
1296260,70.0,90.0
1296300,13.0,13.0
1296340,51.0,52.0
1296360,1910.0,2140.0
1296410,1.0,1.0
1296450,260.0,338.0
1296490,11.0,11.0
1296510,440.0,543.0
1296540,825.0,850.0
1296550,4.0,4.0
1296560,395.0,462.0
1296610,10126.0,12451.0
1296650,9.0,11.0
1296700,50.0,59.0
1296770,3375.0,3576.0
1296810,1.0,1.0
1296830,32965.0,35448.0
1296880,100.0,115.0
1296970,74.0,85.0
1296980,76.0,90.0
1297010,26.0,32.0
1297030,4.0,4.0
1297090,23.0,25.0
1297100,6.0,6.0
1297140,2.0,2.0
1297160,2072.0,2145.0
1297180,1.0,1.0
1297200,14.0,14.0
1297210,167.0,174.0
1297230,36.0,41.0
1297270,16.0,19.0
1297330,708.0,774.0
1297340,7.0,7.0
1297420,1.0,1.0
1297480,7.0,8.0
1297490,107.0,134.0
1297540,6.0,7.0
1297550,1.0,1.0
1297560,1.0,1.0
1297680,9.0,9.0
1297790,261.0,285.0
1297800,31.0,37.0
1298020,35.0,35.0
1298050,17.0,19.0
1298080,182.0,200.0
1298130,5.0,5.0
1298140,1437.0,1672.0
1298270,13.0,14.0
1298280,22.0,23.0
1298310,17.0,19.0
1298320,3.0,3.0
1298340,8.0,9.0
1298360,7.0,7.0
1298410,18.0,19.0
1298500,4.0,4.0
1298530,403.0,471.0
1298580,1.0,1.0
1298600,1.0,1.0
1298640,2.0,2.0
1298740,37.0,41.0
1298750,5.0,5.0
1298830,60.0,70.0
1298850,13.0,15.0
1298880,2.0,2.0
1298890,9.0,9.0
1299010,3.0,3.0
1299030,62.0,69.0
1299120,2657.0,2788.0
1299170,355.0,374.0
1299220,9.0,10.0
1299260,1.0,1.0
1299320,963.0,1025.0
1299360,731.0,848.0
1299370,1469.0,1532.0
1299400,615.0,677.0
1299420,106.0,120.0
1299430,18.0,19.0
1299540,13.0,17.0
1299620,372.0,459.0
1299660,2.0,2.0
1299680,1.0,1.0
1299690,770.0,788.0
1299710,20.0,21.0
1299720,3.0,3.0
1299730,1.0,1.0
1299750,34.0,42.0
1299790,84.0,96.0
1299800,4.0,4.0
1299810,132.0,148.0
1299820,14.0,14.0
1299840,24.0,31.0
1299860,26.0,28.0
1299880,3.0,3.0
1299890,11.0,13.0
1299990,154.0,179.0
1300060,19.0,21.0
1300100,129.0,145.0
1300190,22.0,29.0
1300200,10.0,10.0
1300310,60.0,70.0
1300330,35.0,36.0
1300360,340.0,377.0
1300390,19.0,21.0
1300490,16.0,18.0
1300550,1.0,1.0
1300560,60.0,64.0
1300600,288.0,298.0
1300650,3.0,3.0
1300670,13.0,13.0
1300690,2.0,2.0
1300910,4.0,4.0
1300950,10.0,10.0
1300960,8.0,8.0
1301000,3.0,3.0
1301010,216.0,245.0
1301100,11.0,11.0
1301220,245.0,255.0
1301230,42.0,52.0
1301260,1.0,1.0
1301290,25.0,29.0
1301370,7.0,7.0
1301380,4.0,5.0
1301390,1022.0,1275.0
1301410,5.0,5.0
1301520,24.0,27.0
1301620,860.0,893.0
1301650,1.0,1.0
1301720,9491.0,11468.0
1301730,4.0,4.0
1301770,39.0,41.0
1301830,21.0,21.0
1301840,9.0,9.0
1301850,70.0,89.0
1301860,12.0,15.0
1301930,67.0,84.0
1301950,352.0,412.0
1302050,359.0,453.0
1302110,416.0,491.0
1302160,7.0,9.0
1302220,22.0,24.0
1302230,38.0,43.0
1302240,13281.0,15545.0
1302270,9.0,10.0
1302360,1.0,1.0
1302400,1.0,1.0
1302440,37.0,47.0
1302470,1.0,1.0
1302550,10.0,11.0
1302570,65.0,74.0
1302730,35.0,37.0
1302780,174.0,204.0
1302800,748.0,793.0
1302840,7.0,7.0
1302850,38.0,39.0
1302860,179.0,195.0
1302990,245.0,248.0
1303010,56.0,66.0
1303050,12.0,15.0
1303140,19.0,24.0
1303160,7.0,9.0
1303210,1.0,1.0
1303280,20.0,23.0
1303350,30.0,35.0
1303370,9.0,10.0
1303420,3.0,3.0
1303480,23.0,28.0
1303580,4.0,4.0
1303630,1.0,1.0
1303660,326.0,404.0
1303670,73.0,77.0
1303740,287.0,369.0
1303790,2.0,2.0
1303870,10.0,13.0
1303950,683.0,725.0
1303990,265.0,307.0
1304120,3.0,3.0
1304130,96.0,122.0
1304160,14.0,15.0
1304170,20.0,22.0
1304200,1.0,1.0
1304220,5.0,6.0
1304290,15.0,15.0
1304310,3.0,3.0
1304350,259.0,275.0
1304360,2.0,2.0
1304390,127.0,144.0
1304400,126.0,138.0
1304420,112.0,115.0
1304470,83.0,109.0
1304510,2537.0,3368.0
1304520,4.0,5.0
1304550,2455.0,2558.0
1304580,268.0,328.0
1304640,145.0,172.0
1304680,3711.0,3827.0
1304770,104.0,112.0
1304810,20.0,22.0
1304910,53.0,61.0
1304930,50068.0,53697.0
1305020,1.0,1.0
1305050,141.0,169.0
1305060,18.0,21.0
1305080,372.0,409.0
1305250,3.0,3.0
1305300,738.0,762.0
1305310,231.0,256.0
1305320,4.0,5.0
1305350,57.0,63.0
1305390,24.0,26.0
1305420,2391.0,2723.0
1305440,37.0,49.0
1305450,17.0,19.0
1305490,20.0,20.0
1305500,14.0,17.0
1305540,30.0,38.0
1305590,28.0,28.0
1305610,8.0,8.0
1305660,7.0,9.0
1305690,18.0,20.0
1305720,524.0,592.0
1305730,145.0,153.0
1305760,53.0,62.0
1305820,114.0,129.0
1305880,1.0,1.0
1305890,12.0,14.0
1305940,15.0,17.0
1306170,6.0,6.0
1306180,164.0,173.0
1306240,3.0,3.0
1306250,1.0,1.0
1306260,83.0,93.0
1306570,191.0,235.0
1306580,4293.0,5345.0
1306620,432.0,507.0
1306630,4457.0,5178.0
1306720,533.0,586.0
1306750,502.0,522.0
1306760,11.0,14.0
1306790,145.0,180.0
1306900,12.0,13.0
1306910,1.0,1.0
1306990,25.0,25.0
1307070,45.0,46.0
1307090,828.0,976.0
1307180,17.0,18.0
1307200,14.0,18.0
1307270,39.0,46.0
1307310,3.0,3.0
1307350,8.0,8.0
1307380,67.0,74.0
1307450,15.0,16.0
1307490,11.0,13.0
1307530,23.0,28.0
1307550,14961.0,19231.0
1307570,6.0,6.0
1307580,6911.0,6964.0
1307640,9.0,10.0
1307670,155.0,194.0
1307730,7.0,9.0
1307850,22.0,23.0
1307870,186.0,199.0
1307880,53.0,55.0
1307890,7872.0,8646.0
1307900,11.0,14.0
1307970,3.0,3.0
1308150,3.0,3.0
1308170,13.0,17.0
1308240,16.0,18.0
1308250,30.0,30.0
1308280,12.0,14.0
1308290,1.0,1.0
1308410,7.0,8.0
1308470,14.0,17.0
1308570,5.0,5.0
1308650,17.0,21.0
1308700,370.0,434.0
1308790,7.0,8.0
1308840,68.0,76.0
1308980,7.0,8.0
1309000,1481.0,1579.0
1309040,2.0,2.0
1309090,27.0,28.0
1309130,90.0,94.0
1309140,25.0,32.0
1309170,1.0,1.0
1309200,180.0,193.0
1309280,13.0,14.0
1309430,9.0,11.0
1309510,136.0,162.0
1309550,10.0,11.0
1309610,679.0,841.0
1309620,309.0,324.0
1309760,20.0,22.0
1309820,232.0,290.0
1309850,7.0,9.0
1309860,108.0,132.0
1309870,107.0,140.0
1309910,5.0,5.0
1309940,36.0,43.0
1309950,1100.0,1175.0
1309980,16.0,18.0
1310050,13.0,16.0
1310120,35.0,36.0
1310210,43.0,54.0
1310230,12.0,13.0
1310270,18.0,23.0
1310330,1326.0,1482.0
1310410,1878.0,2399.0
1310510,658.0,733.0
1310520,1211.0,1548.0
1310620,1.0,1.0
1310650,13.0,16.0
1310690,20.0,25.0
1310740,10.0,10.0
1310750,1.0,1.0
1310790,22.0,26.0
1310840,1.0,1.0
1310850,3.0,3.0
1310910,1192.0,1570.0
1310970,167.0,210.0
1310990,2712.0,2825.0
1311070,992.0,1269.0
1311140,9.0,10.0
1311160,53.0,62.0
1311250,752.0,829.0
1311320,22.0,27.0
1311400,1.0,1.0
1311440,11.0,13.0
1311510,89.0,95.0
1311540,195.0,237.0
1311570,137.0,138.0
1311610,3.0,3.0
1311640,257.0,274.0
1311660,959.0,1013.0
1311670,4.0,4.0
1311710,13.0,14.0
1311740,36.0,44.0
1311960,12.0,12.0
1311980,38.0,43.0
1312000,4.0,4.0
1312050,20.0,26.0
1312060,60.0,62.0
1312070,11.0,14.0
1312160,3.0,3.0
1312190,8.0,10.0
1312240,1.0,1.0
1312290,5.0,6.0
1312380,1.0,1.0
1312420,2.0,2.0
1312470,2.0,2.0
1312540,15.0,18.0
1312570,8.0,10.0
1312710,1.0,1.0
1312800,3.0,3.0
1312890,1.0,1.0
1312960,530.0,681.0
1312990,85.0,113.0
1313000,1.0,1.0
1313050,91.0,105.0
1313120,7.0,8.0
1313140,83836.0,87961.0
1313200,2.0,2.0
1313310,77.0,85.0
1313340,12.0,15.0
1313350,9.0,10.0
1313390,1.0,1.0
1313410,1.0,1.0
1313490,34.0,37.0
1313640,14.0,14.0
1313700,26.0,28.0
1313810,43.0,45.0
1313860,43197.0,56668.0
1313940,105.0,109.0
1313970,7.0,9.0
1314000,1275.0,1600.0
1314120,1.0,1.0
1314140,1472.0,1926.0
1314270,4.0,4.0
1314300,63.0,76.0
1314460,858.0,918.0
1314480,75.0,87.0
1314500,4.0,4.0
1314590,99.0,115.0
1314620,24.0,30.0
1314630,299.0,385.0
1314680,8.0,10.0
1314770,178.0,208.0
1314820,174.0,216.0
1314840,27.0,28.0
1314870,24.0,26.0
1314880,30.0,33.0
1314930,39.0,51.0
1314980,20.0,21.0
1315040,1.0,1.0
1315070,56.0,73.0
1315100,36.0,38.0
1315120,66.0,75.0
1315160,463.0,517.0
1315200,329.0,426.0
1315210,191.0,240.0
1315250,9.0,10.0
1315270,80.0,86.0
1315360,16.0,19.0
1315410,39.0,42.0
1315630,24.0,29.0
1315660,19.0,23.0
1315670,19.0,20.0
1315710,27.0,28.0
1315860,45.0,53.0
1315910,2.0,2.0
1315920,1.0,1.0
1315940,6.0,6.0
1315980,811.0,949.0
1316050,23.0,29.0
1316160,161.0,199.0
1316200,66.0,69.0
1316230,1715.0,2122.0
1316280,10.0,10.0
1316290,8.0,8.0
1316310,19.0,20.0
1316390,145.0,152.0
1316460,9.0,9.0
1316530,33.0,33.0
1316560,199.0,252.0
1316570,26.0,34.0
1316640,81.0,106.0
1316680,5254.0,5824.0
1316700,145.0,158.0
1316740,71.0,86.0
1316800,205.0,233.0
1316830,17.0,21.0
1316910,1169.0,1380.0
1317020,452.0,491.0
1317070,3.0,3.0
1317120,8.0,8.0
1317130,1.0,1.0
1317270,15.0,15.0
1317310,16.0,17.0
1317950,73.0,86.0
1318000,7.0,7.0
1318030,23.0,26.0
1318040,9.0,9.0
1318090,1271.0,1367.0
1318110,5.0,6.0
1318130,19.0,22.0
1318140,7.0,8.0
1318170,1.0,1.0
1318240,78.0,83.0
1318280,40.0,52.0
1318420,911.0,1046.0
1318520,10.0,13.0
1318530,6.0,7.0
1318550,19.0,23.0
1318560,99.0,125.0
1318690,11896.0,12339.0
1318700,8.0,9.0
1318740,461.0,491.0
1318750,47.0,54.0
1318790,284.0,290.0
1318800,84.0,86.0
1318820,9.0,9.0
1318870,7.0,9.0
1318940,567.0,669.0
1318970,135.0,148.0
1318980,81.0,86.0
1319060,5.0,5.0
1319270,5.0,5.0
1319290,21.0,27.0
1319400,26.0,28.0
1319420,384.0,440.0
1319460,1065.0,1213.0
1319550,172.0,212.0
1319690,8.0,10.0
1319720,8.0,8.0
1319790,61.0,62.0
1319880,2.0,2.0
1320000,1.0,1.0
1320030,79.0,88.0
1320100,492.0,631.0
1320140,1651.0,1730.0
1320230,29.0,32.0
1320240,11.0,12.0
1320260,1.0,1.0
1320400,8.0,8.0
1320490,175.0,183.0
1320500,5.0,6.0
1320550,940.0,1191.0
1320610,1.0,1.0
1320830,34.0,42.0
1320950,232.0,285.0
1321010,39.0,45.0
1321030,56.0,67.0
1321040,68.0,71.0
1321070,652.0,837.0
1321110,1.0,1.0
1321120,111.0,113.0
1321230,357.0,397.0
1321270,325.0,363.0
1321350,5.0,5.0
1321430,1.0,1.0
1321440,7238.0,7575.0
1321450,621.0,815.0
1321590,11.0,12.0
1321650,20.0,20.0
1321660,1.0,1.0
1321680,2398.0,3066.0
1321840,10.0,13.0
1321890,28.0,28.0
1322010,14.0,15.0
1322080,2.0,2.0
1322100,175.0,195.0
1322170,256.0,284.0
1322290,287.0,316.0
1322310,129.0,151.0
1322370,16.0,18.0
1322490,28.0,34.0
1322520,5.0,6.0
1322540,21.0,23.0
1322600,45.0,51.0
1322630,1.0,1.0
1322650,262.0,302.0
1322740,9.0,11.0
1323000,145.0,148.0
1323060,2.0,2.0
1323200,8.0,9.0
1323220,6.0,6.0
1323310,1.0,1.0
1323350,3.0,3.0
1323410,99.0,108.0
1323420,921.0,1048.0
1323470,811.0,1049.0
1323540,101.0,120.0
1323590,5.0,6.0
1323600,23.0,30.0
1323610,17.0,19.0
1323620,222.0,294.0
1323770,7.0,7.0
1323830,319.0,344.0
1323870,2.0,2.0
1323910,4.0,4.0
1323950,15.0,17.0
1324030,153.0,166.0
1324040,4.0,4.0
1324070,322.0,365.0
1324130,7549.0,8859.0
1324320,1.0,1.0
1324340,1259.0,1617.0
1324350,754.0,881.0
1324420,26.0,29.0
1324490,1.0,1.0
1324530,2086.0,2377.0
1324710,3.0,3.0
1324780,4659.0,5162.0
1324830,41.0,54.0
1324860,14.0,15.0
1324870,32.0,37.0
1324960,1.0,1.0
1325040,120.0,133.0
1325050,1.0,1.0
1325110,1.0,1.0
1325200,37642.0,42745.0
1325220,1.0,1.0
1325260,644.0,655.0
1325270,61.0,80.0
1325420,5.0,5.0
1325430,2.0,2.0
1325470,236.0,269.0
1325520,13.0,17.0
1325730,63.0,67.0
1325860,4544.0,4923.0
1325870,82.0,87.0
1325890,402.0,525.0
1325900,538.0,668.0
1325910,40.0,47.0
1325970,64.0,80.0
1326000,304.0,334.0
1326170,18.0,23.0
1326220,4.0,5.0
1326270,162.0,207.0
1326290,4.0,5.0
1326470,179235.0,207293.0
1326660,7.0,7.0
1326690,2.0,2.0
1326800,1.0,1.0
1326870,7.0,7.0
1327020,137.0,143.0
1327080,687.0,797.0
1327100,4.0,4.0
1327370,7.0,9.0
1327430,37.0,38.0
1327440,61.0,61.0
1327500,4.0,4.0
1327540,4.0,4.0
1327600,1.0,1.0
1327720,5.0,5.0
1327810,36.0,42.0
1327820,107.0,108.0
1328050,22.0,23.0
1328220,46.0,57.0
1328350,5564.0,5847.0
1328400,35.0,35.0
1328410,19.0,23.0
1328430,1.0,1.0
1328460,2.0,2.0
1328470,13.0,16.0
1328490,79.0,95.0
1328500,26.0,26.0
1328510,30.0,34.0
1328530,544.0,599.0
1328560,5.0,5.0
1328570,53.0,57.0
1328660,8075.0,10053.0
1328670,45266.0,49752.0
1328750,25.0,25.0
1328760,17.0,19.0
1328810,54.0,64.0
1328830,11.0,13.0
1328840,5891.0,5997.0
1328890,1051.0,1150.0
1328900,225.0,261.0
1328910,84.0,106.0
1328920,105.0,138.0
1328990,511.0,553.0
1329080,90.0,92.0
1329110,93.0,106.0
1329250,21.0,21.0
1329360,103.0,124.0
1329430,6.0,7.0
1329440,7.0,9.0
1329500,4688.0,5078.0
1329510,981.0,1244.0
1329540,348.0,439.0
1329600,502.0,585.0
1329630,4.0,4.0
1329800,21.0,22.0
1329830,10.0,11.0
1329990,32.0,39.0
1330000,2431.0,2828.0
1330080,14.0,15.0
1330100,11.0,11.0
1330120,60.0,63.0
1330160,11.0,12.0
1330170,21.0,25.0
1330190,219.0,261.0
1330300,1.0,1.0
1330330,31.0,34.0
1330460,3871.0,4655.0
1330470,5460.0,6201.0
1330500,3.0,3.0
1330550,54.0,60.0
1330570,65.0,83.0
1330630,16.0,17.0
1330690,8.0,8.0
1330790,10.0,10.0
1330820,27.0,28.0
1330890,280.0,284.0
1330920,5.0,5.0
1330930,57.0,57.0
1330940,8.0,8.0
1331030,5.0,5.0
1331090,41.0,44.0
1331180,3.0,3.0
1331210,655.0,728.0
1331240,7.0,7.0
1331260,1.0,1.0
1331310,2.0,2.0
1331330,38.0,46.0
1331340,51.0,58.0
1331390,13.0,13.0
1331420,31.0,39.0
1331510,538.0,692.0
1331550,8553.0,9180.0
1331590,98.0,120.0
1331610,6.0,7.0
1331620,17.0,18.0
1331650,8.0,9.0
1331670,96.0,100.0
1331860,1.0,1.0
1331870,1.0,1.0
1331910,350.0,437.0
1332010,141807.0,145776.0
1332190,2.0,2.0
1332210,22.0,25.0
1332220,18.0,20.0
1332250,3.0,3.0
1332260,8.0,10.0
1332370,36.0,41.0
1332380,10.0,12.0
1332450,50.0,63.0
1332470,1445.0,1545.0
1332490,30.0,37.0
1332540,14.0,16.0
1332620,56.0,73.0
1332690,1.0,1.0
1332720,3861.0,4255.0
1332760,273.0,310.0
1332800,13.0,15.0
1332840,17.0,22.0
1332860,48.0,52.0
1332890,39.0,45.0
1332940,14.0,18.0
1332950,117.0,121.0
1332970,81.0,83.0
1332990,148.0,153.0
1333020,24.0,26.0
1333030,9.0,10.0
1333090,63.0,73.0
1333190,35.0,35.0
1333200,2259.0,2371.0
1333280,8.0,10.0
1333350,7979.0,9403.0
1333360,466.0,556.0
1333380,6.0,6.0
1333410,226.0,266.0
1333460,83.0,94.0
1333470,565.0,701.0
1333490,139.0,171.0
1333500,1.0,1.0
1333530,65.0,83.0
1333560,105.0,131.0
1333590,1.0,1.0
1333700,101.0,109.0
1333800,171.0,212.0
1333820,1.0,1.0
1333840,8.0,10.0
1333870,2.0,2.0
1333890,37.0,43.0
1333910,1090.0,1114.0
1333920,327.0,380.0
1333940,27.0,29.0
1333980,11.0,14.0
1334000,688.0,845.0
1334020,75.0,81.0
1334040,2164.0,2575.0
1334050,1.0,1.0
1334200,7.0,8.0
1334300,24.0,24.0
1334330,9.0,10.0
1334420,8.0,10.0
1334500,68.0,79.0
1334510,3.0,3.0
1334530,16.0,19.0
1334590,6458.0,7719.0
1334610,9.0,9.0
1334650,37.0,41.0
1334700,806.0,851.0
1334730,1159.0,1382.0
1334830,7.0,8.0
1334840,232.0,275.0
1334910,70.0,71.0
1334970,13.0,14.0
1334980,2.0,2.0
1335020,2.0,2.0
1335030,282.0,308.0
1335200,15013.0,18018.0
1335210,7.0,7.0
1335230,746.0,776.0
1335290,66.0,82.0
1335340,6.0,6.0
1335350,5.0,5.0
1335360,23.0,27.0
1335500,11.0,12.0
1335530,1019.0,1114.0
1335560,1337.0,1391.0
1335600,2.0,2.0
1335630,2.0,2.0
1335790,6588.0,7512.0
1335810,39.0,42.0
1335820,25.0,25.0
1335830,3101.0,3617.0
1335880,8.0,8.0
1335910,6.0,6.0
1335940,193.0,201.0
1335970,5.0,6.0
1336060,420.0,485.0
1336070,32.0,38.0
1336100,15.0,19.0
1336120,204.0,270.0
1336160,106.0,122.0
1336210,58.0,66.0
1336230,5.0,5.0
1336340,87.0,90.0
1336380,59.0,70.0
1336430,56.0,66.0
1336450,29.0,36.0
1336460,20.0,20.0
1336490,25484.0,26815.0
1336600,399.0,415.0
1336690,5.0,5.0
1336700,1.0,1.0
1336790,67.0,79.0
1336800,1.0,1.0
1336830,16.0,18.0
1336950,20.0,26.0
1337000,20.0,22.0
1337010,5880.0,6007.0
1337020,5.0,6.0
1337030,13.0,16.0
1337060,13.0,13.0
1337070,1.0,1.0
1337080,27.0,33.0
1337170,2.0,2.0
1337200,6.0,6.0
1337270,86.0,106.0
1337280,78.0,87.0
1337520,24628.0,27281.0
1337530,260.0,280.0
1337650,51.0,63.0
1337660,4.0,4.0
1337710,26.0,31.0
1337760,3382.0,4231.0
1337820,83.0,97.0
1337840,6.0,6.0
1337880,21.0,25.0
1337890,1230.0,1370.0
1337920,299.0,386.0
1337970,634.0,685.0
1338020,89.0,91.0
1338090,9.0,10.0
1338100,26.0,28.0
1338140,4.0,4.0
1338180,1.0,1.0
1338220,22.0,28.0
1338250,299.0,309.0
1338330,1533.0,1780.0
1338360,9.0,9.0
1338390,18.0,18.0
1338410,3.0,3.0
1338420,397.0,477.0
1338460,196.0,210.0
1338520,34.0,34.0
1338570,9.0,9.0
1338580,1038.0,1081.0
1338620,17.0,18.0
1338640,214.0,222.0
1338770,9693.0,11494.0
1338780,9.0,10.0
1338790,22.0,24.0
1338830,31.0,35.0
1338840,1151.0,1377.0
1338880,5.0,6.0
1338940,53.0,55.0
1338980,61.0,67.0
1339000,859.0,985.0
1339110,63.0,71.0
1339170,10.0,12.0
1339180,28.0,28.0
1339260,186.0,216.0
1339310,18.0,18.0
1339330,49.0,58.0
1339340,22.0,28.0
1339460,545.0,676.0
1339550,23.0,28.0
1339580,205.0,215.0
1339620,18.0,20.0
1339640,131.0,153.0
1339670,7.0,9.0
1339750,11.0,13.0
1339800,18.0,20.0
1339850,20.0,21.0
1339870,16.0,21.0
1339900,104.0,113.0
1339920,26.0,31.0
1340080,7.0,7.0
1340120,131.0,141.0
1340130,1313.0,1329.0
1340180,397.0,504.0
1340260,19.0,20.0
1340300,68.0,76.0
1340310,11.0,11.0
1340320,4.0,4.0
1340330,3.0,3.0
1340400,7.0,8.0
1340470,397.0,450.0
1340480,3594.0,3811.0
1340530,2091.0,2514.0
1340570,33.0,36.0
1340640,351.0,439.0
1340730,8.0,10.0
1340810,653.0,783.0
1340820,1.0,1.0
1340860,5.0,6.0
1340870,6.0,6.0
1340920,47.0,50.0
1340950,4.0,4.0
1340980,8.0,8.0
1341100,20.0,21.0
1341120,3.0,3.0
1341160,248.0,296.0
1341170,166.0,202.0
1341190,85.0,104.0
1341220,83.0,97.0
1341240,2.0,2.0
1341250,1.0,1.0
1341270,7.0,7.0
1341280,59.0,78.0
1341290,13019.0,14210.0
1341300,91.0,110.0
1341310,9.0,10.0
1341330,671.0,797.0
1341400,46.0,51.0
1341450,195.0,202.0
1341490,325.0,378.0
1341500,4.0,5.0
1341720,23.0,24.0
1341820,2643.0,2907.0
1341830,2.0,2.0
1341890,29.0,31.0
1341900,136.0,142.0
1341960,94.0,104.0
1342040,147.0,165.0
1342070,40.0,52.0
1342080,41.0,49.0
1342100,110.0,135.0
1342110,37.0,43.0
1342120,71.0,90.0
1342180,1.0,1.0
1342220,18.0,19.0
1342260,1067.0,1348.0
1342270,11.0,11.0
1342290,34.0,37.0
1342330,6139.0,6537.0
1342360,15.0,17.0
1342410,43.0,53.0
1342540,1.0,1.0
1342600,17.0,21.0
1342620,804.0,968.0
1342640,3.0,3.0
1342660,23.0,23.0
1342730,11.0,13.0
1342740,91.0,93.0
1342850,24.0,29.0
1342890,1265.0,1368.0
1342900,6.0,6.0
1342910,5.0,5.0
1343040,71.0,85.0
1343090,83.0,90.0
1343100,1.0,1.0
1343150,43.0,49.0
1343220,24.0,29.0
1343230,10.0,10.0
1343240,6331.0,7483.0
1343260,51.0,53.0
1343310,3.0,3.0
1343340,103.0,116.0
1343370,14507.0,16428.0
1343390,8.0,10.0
1343400,20166.0,24095.0
1343450,2.0,2.0
1343510,1.0,1.0
1343550,36.0,44.0
1343640,118.0,126.0
1343660,7.0,8.0
1343670,3130.0,3676.0
1343700,10.0,11.0
1343730,1.0,1.0
1343750,67.0,85.0
1343810,347.0,354.0
1343850,16.0,18.0
1343920,53.0,64.0
1343990,13.0,16.0
1344070,54.0,69.0
1344120,21.0,23.0
1344140,10.0,12.0
1344170,3.0,3.0
1344210,13.0,14.0
1344340,2.0,2.0
1344350,4471.0,5441.0
1344430,17.0,18.0
1344440,32.0,42.0
1344450,18.0,18.0
1344520,5.0,6.0
1344530,140.0,166.0
1344570,3.0,3.0
1344630,4.0,5.0
1344690,2.0,2.0
1344740,461.0,479.0
1344780,2.0,2.0
1344790,72.0,80.0
1344800,44.0,54.0
1344810,33.0,40.0
1344820,22.0,29.0
1344840,89.0,110.0
1344860,7.0,8.0
1344900,1.0,1.0
1344930,8.0,8.0
1344950,19.0,20.0
1345030,5.0,6.0
1345040,23.0,24.0
1345050,2.0,2.0
1345120,25.0,30.0
1345140,7.0,8.0
1345190,13.0,13.0
1345240,1.0,1.0
1345280,14.0,14.0
1345340,47.0,50.0
1345350,25.0,26.0
1345370,144.0,166.0
1345390,2.0,2.0
1345400,18.0,21.0
1345440,58.0,62.0
1345470,123.0,124.0
1345740,2689.0,2822.0
1345750,44.0,53.0
1345820,2741.0,2891.0
1345860,521.0,580.0
1345870,201.0,259.0
1345890,1725.0,2289.0
1345940,14.0,17.0
1345950,12.0,14.0
1346110,12.0,12.0
1346170,6.0,7.0
1346210,35.0,38.0
1346240,56.0,63.0
1346250,61.0,62.0
1346300,6.0,6.0
1346320,3.0,3.0
1346330,9.0,11.0
1346390,71.0,78.0
1346400,97.0,106.0
1346420,22.0,24.0
1346460,52.0,61.0
1346480,2.0,2.0
1346600,25.0,31.0
1346630,8.0,8.0
1346700,10.0,11.0
1346720,210.0,214.0
1346740,54.0,70.0
1346770,179.0,195.0
1346800,12.0,12.0
1346850,20.0,23.0
1346860,10.0,13.0
1346890,65.0,82.0
1346970,189.0,239.0
1346980,143.0,158.0
1347030,2680.0,2838.0
1347130,23.0,28.0
1347140,63.0,71.0
1347170,2.0,2.0
1347310,34.0,40.0
1347350,14.0,17.0
1347360,21.0,23.0
1347390,1.0,1.0
1347420,365.0,391.0
1347430,4936.0,5443.0
1347450,274.0,300.0
1347550,1206.0,1371.0
1347560,64.0,82.0
1347580,8.0,8.0
1347590,13.0,14.0
1347600,192.0,202.0
1347690,2.0,2.0
1347700,3.0,3.0
1347780,1765.0,1865.0
1347880,13.0,15.0
1347910,1.0,1.0
1347960,5.0,5.0
1347970,2358.0,2511.0
1348160,162.0,169.0
1348180,307.0,311.0
1348240,4.0,4.0
1348250,13.0,13.0
1348260,5.0,5.0
1348270,36.0,39.0
1348300,2024.0,2328.0
1348390,387.0,468.0
1348430,9.0,9.0
1348480,34.0,38.0
1348680,47.0,55.0
1348690,265.0,332.0
1348700,555.0,573.0
1348750,17.0,19.0
1348800,69.0,78.0
1348810,1.0,1.0
1348920,247.0,312.0
1348930,7.0,7.0
1348960,3.0,3.0
1348970,322.0,389.0
1348990,4.0,5.0
1349000,34.0,36.0
1349040,3540.0,4156.0
1349060,1828.0,1862.0
1349120,787.0,968.0
1349170,3.0,3.0
1349230,7300.0,7537.0
1349290,4.0,5.0
1349390,10.0,12.0
1349420,6.0,6.0
1349640,11.0,12.0
1349670,11.0,12.0
1349830,222.0,270.0
1349850,199.0,238.0
1349890,6.0,6.0
1349920,99.0,111.0
1349940,12.0,15.0
1349960,456.0,572.0
1349970,107.0,115.0
1350030,2.0,2.0
1350100,19.0,25.0
1350200,1245.0,1487.0
1350250,116.0,138.0
1350280,11.0,12.0
1350300,2.0,2.0
1350340,219.0,266.0
1350350,262.0,275.0
1350440,10.0,10.0
1350470,1.0,1.0
1350480,11.0,12.0
1350540,10.0,13.0
1350590,1.0,1.0
1350630,12.0,15.0
1350650,16047.0,16769.0
1350710,186.0,235.0
1350780,11.0,12.0
1350820,14.0,17.0
1350840,968.0,1182.0
1350850,33.0,39.0
1350920,5.0,6.0
1351140,68.0,73.0
1351170,357.0,368.0
1351180,4.0,5.0
1351200,3.0,3.0
1351250,14.0,15.0
1351300,11.0,11.0
1351310,5.0,6.0
1351350,11.0,11.0
1351370,65.0,81.0
1351400,37.0,40.0
1351470,32.0,34.0
1351480,17.0,17.0
1351510,18.0,22.0
1351550,13.0,17.0
1351560,13.0,14.0
1351630,1506.0,1593.0
1351650,4.0,4.0
1351820,17.0,18.0
1351830,43.0,57.0
1351840,4.0,5.0
1351870,2.0,2.0
1351900,44.0,53.0
1351950,37.0,49.0
1351960,10.0,10.0
1352020,110.0,116.0
1352120,23.0,24.0
1352130,9.0,9.0
1352180,10.0,12.0
1352200,126.0,133.0
1352330,1027.0,1307.0
1352340,38.0,41.0
1352470,10.0,12.0
1352560,18.0,21.0
1352590,3.0,3.0
1352660,8.0,9.0
1352680,116.0,127.0
1352750,33.0,40.0
1352910,73.0,81.0
1352930,2386.0,2636.0
1353040,1.0,1.0
1353120,71.0,78.0
1353160,4.0,5.0
1353230,11243.0,11433.0
1353270,2255.0,2617.0
1353300,6452.0,7484.0
1353310,4.0,5.0
1353330,5.0,5.0
1353370,97.0,102.0
1353470,13.0,13.0
1353550,21.0,22.0
1353680,55.0,72.0
1353690,3.0,3.0
1353710,22.0,27.0
1353900,58.0,66.0
1353920,551.0,591.0
1353950,19.0,21.0
1354070,3.0,3.0
1354100,44.0,45.0
1354270,2.0,2.0
1354370,35.0,45.0
1354420,8.0,8.0
1354460,4.0,4.0
1354520,17.0,22.0
1354530,10.0,11.0
1354540,21.0,23.0
1354580,8.0,8.0
1354750,17.0,17.0
1354760,256.0,284.0
1354800,1.0,1.0
1354830,2120.0,2421.0
1354910,860.0,924.0
1354940,18.0,21.0
1354970,1.0,1.0
1354990,29.0,31.0
1355050,15.0,18.0
1355070,1.0,1.0
1355090,733.0,875.0
1355140,30.0,39.0
1355200,22.0,22.0
1355310,56.0,63.0
1355360,12.0,12.0
1355410,7.0,7.0
1355420,9.0,10.0
1355500,37.0,39.0
1355510,21.0,25.0
1355560,32.0,33.0
1355570,17.0,19.0
1355620,16.0,20.0
1355630,4.0,4.0
1355640,31.0,36.0
1355650,156.0,166.0
1355720,5.0,5.0
1355810,15.0,19.0
1355880,83.0,94.0
1355980,22.0,24.0
1356040,55.0,67.0
1356110,17.0,18.0
1356180,189.0,231.0
1356260,7.0,9.0
1356300,8.0,9.0
1356360,15.0,16.0
1356480,191.0,201.0
1356530,60.0,74.0
1356610,8.0,9.0
1356670,4788.0,5192.0
1356710,20.0,21.0
1356760,23.0,23.0
1356790,1.0,1.0
1356810,744.0,887.0
1356830,2.0,2.0
1356860,11.0,12.0
1356970,9.0,10.0
1357000,19.0,21.0
1357090,13.0,13.0
1357200,2.0,2.0
1357220,37.0,39.0
1357280,2.0,2.0
1357400,9.0,11.0
1357430,26.0,29.0
1357490,4.0,4.0
1357540,3.0,3.0
1357550,3.0,3.0
1357570,1.0,1.0
1357580,3.0,3.0
1357670,233.0,304.0
1357700,4.0,4.0
1357750,17.0,20.0
1357830,210.0,220.0
1357840,149.0,169.0
1357860,952.0,1024.0
1357870,1796.0,1907.0
1357890,24.0,26.0
1357930,6.0,6.0
1357990,15.0,18.0
1358030,27.0,29.0
1358090,415.0,429.0
1358140,1121.0,1363.0
1358180,11.0,11.0
1358250,1346.0,1489.0
1358260,28.0,36.0
1358320,5.0,5.0
1358370,17.0,17.0
1358430,1.0,1.0
1358440,75.0,77.0
1358490,30.0,37.0
1358530,162.0,204.0
1358540,35.0,43.0
1358590,1.0,1.0
1358610,60.0,77.0
1358700,2647.0,3140.0
1358760,11.0,12.0
1358790,35.0,35.0
1358800,327.0,342.0
1358830,26.0,29.0
1358990,4.0,5.0
1359000,6.0,6.0
1359020,17.0,22.0
1359090,23495.0,29456.0
1359110,111.0,147.0
1359120,715.0,805.0
1359160,47.0,62.0
1359300,104.0,132.0
1359310,13.0,14.0
1359340,1.0,1.0
1359450,9.0,11.0
1359490,2.0,2.0
1359560,1.0,1.0
1359630,90.0,96.0
1359650,1177.0,1458.0
1359760,48.0,54.0
1359800,6.0,6.0
1359840,14.0,18.0
1359850,12.0,14.0
1359900,90.0,116.0
1359920,129.0,147.0
1359980,7279.0,7592.0
1359990,1.0,1.0
1360000,5237.0,6125.0
1360080,4.0,5.0
1360190,18.0,19.0
1360260,1.0,1.0
1360270,57.0,69.0
1360280,2.0,2.0
1360390,1132.0,1224.0
1360430,125.0,139.0
1360480,1.0,1.0
1360490,5.0,5.0
1360580,12.0,13.0
1360600,27.0,33.0
1360670,83.0,95.0
1360700,23.0,23.0
1360790,14.0,17.0
1360810,898.0,1072.0
1360820,4.0,5.0
1360980,2033.0,2382.0
1361000,8905.0,11606.0
1361010,582.0,671.0
1361020,18.0,19.0
1361110,201.0,213.0
1361120,7.0,7.0
1361150,10.0,10.0
1361190,10.0,13.0
1361200,6.0,7.0
1361230,680.0,690.0
1361240,61.0,63.0
1361270,21.0,21.0
1361320,14906.0,15120.0
1361430,2.0,2.0
1361440,27.0,34.0
1361510,12461.0,13209.0
1361520,15.0,18.0
1361570,11.0,14.0
1361580,36.0,42.0
1361670,113.0,141.0
1361680,658.0,863.0
1361700,820.0,861.0
1361720,2.0,2.0
1361740,34.0,42.0
1361760,98.0,105.0
1361810,83.0,98.0
1361920,104.0,135.0
1361950,1.0,1.0
1362120,71.0,72.0
1362130,9.0,11.0
1362190,71.0,87.0
1362270,1.0,1.0
1362300,4.0,5.0
1362310,99.0,125.0
1362390,95.0,113.0
1362400,16.0,16.0
1362420,841.0,967.0
1362480,6.0,6.0
1362580,22.0,25.0
1362650,19.0,20.0
1362720,5.0,5.0
1362750,2.0,2.0
1362760,1.0,1.0
1362780,25.0,29.0
1362830,49.0,65.0
1362890,2.0,2.0
1362940,2.0,2.0
1363040,1.0,1.0
1363080,50018.0,57524.0
1363090,14.0,15.0
1363140,15.0,18.0
1363160,58.0,63.0
1363170,6.0,6.0
1363200,4.0,4.0
1363270,18.0,23.0
1363360,231.0,296.0
1363390,22.0,29.0
1363430,5090.0,5392.0
1363490,123.0,124.0
1363560,7.0,8.0
1363600,19.0,25.0
1363680,31.0,36.0
1363690,76.0,77.0
1363740,474.0,548.0
1363790,17.0,18.0
1363850,404.0,452.0
1363980,34.0,42.0
1364010,97.0,116.0
1364100,2080.0,2259.0
1364130,219.0,247.0
1364210,1663.0,1822.0
1364340,88.0,100.0
1364360,3.0,3.0
1364400,5.0,6.0
1364460,4.0,5.0
1364510,37.0,47.0
1364570,8.0,8.0
1364580,14.0,14.0
1364690,111.0,118.0
1364710,19.0,21.0
1364730,102.0,109.0
1364750,1.0,1.0
1364760,57.0,64.0
1364780,41631.0,48382.0
1364800,444.0,561.0
1364830,7.0,9.0
1364960,4951.0,5738.0
1364980,147.0,167.0
1365010,177.0,184.0
1365030,92.0,98.0
1365380,1.0,1.0
1365390,71.0,80.0
1365420,18.0,23.0
1365490,14.0,14.0
1365500,7.0,7.0
1365540,1.0,1.0
1365550,8.0,8.0
1365590,23.0,26.0
1365600,28.0,36.0
1365630,9.0,9.0
1365720,464.0,494.0
1365750,326.0,352.0
1365760,143.0,164.0
1365800,7.0,9.0
1365900,17.0,18.0
1365930,49.0,52.0
1365950,15.0,19.0
1366000,2.0,2.0
1366060,11.0,11.0
1366070,6.0,6.0
1366100,39.0,40.0
1366150,27.0,33.0
1366260,13.0,15.0
1366270,2.0,2.0
1366280,17.0,18.0
1366290,2000.0,2175.0
1366310,2.0,2.0
1366320,21.0,25.0
1366390,12.0,12.0
1366420,35.0,36.0
1366540,79604.0,81511.0
1366570,23.0,28.0
1366650,22.0,24.0
1366700,60.0,77.0
1366710,6.0,7.0
1366720,183.0,207.0
1366770,37.0,44.0
1366800,19729.0,21273.0
1366810,115.0,153.0
1366930,13.0,14.0
1367170,5.0,6.0
1367220,12.0,13.0
1367230,26.0,27.0
1367250,22.0,23.0
1367300,1642.0,2172.0
1367320,109.0,134.0
1367350,2.0,2.0
1367380,1.0,1.0
1367420,44.0,49.0
1367430,54.0,63.0
1367460,20.0,22.0
1367490,165.0,181.0
1367500,3.0,3.0
1367520,22.0,22.0
1367530,520.0,616.0
1367550,8550.0,9044.0
1367580,25.0,25.0
1367590,4910.0,5339.0
1367620,5.0,6.0
1367680,5.0,5.0
1367690,152.0,180.0
1367760,264.0,336.0
1367780,24.0,31.0
1367880,14.0,18.0
1367960,33.0,37.0
1367970,29.0,38.0
1367980,13.0,13.0
1368000,1.0,1.0
1368030,4359.0,5434.0
1368240,1.0,1.0
1368330,1.0,1.0
1368340,413.0,457.0
1368350,31.0,40.0
1368410,99.0,104.0
1368420,4.0,5.0
1368560,1.0,1.0
1368620,7.0,8.0
1368750,10.0,11.0
1368780,67.0,71.0
1368820,1891.0,2185.0
1368830,2.0,2.0
1368850,191.0,250.0
1368860,1332.0,1352.0
1368870,399.0,457.0
1368890,9.0,10.0
1368950,1564.0,1907.0
1368960,24.0,31.0
1369050,2.0,2.0
1369320,9523.0,9734.0
1369340,4026.0,4119.0
1369370,627.0,762.0
1369470,446.0,580.0
1369520,765.0,817.0
1369560,33.0,35.0
1369580,10.0,11.0
1369630,32977.0,35018.0
1369670,3428.0,3641.0
1369720,109.0,134.0
1369730,8.0,10.0
1369740,11.0,12.0
1369770,261.0,288.0
1369780,4.0,4.0
1369800,4.0,4.0
1369970,25.0,30.0
1369990,1.0,1.0
1370000,5.0,6.0
1370060,14.0,15.0
1370110,12.0,12.0
1370130,23.0,24.0
1370140,690.0,846.0
1370170,349.0,371.0
1370180,10.0,13.0
1370220,4.0,5.0
1370250,25.0,30.0
1370300,4.0,4.0
1370310,3.0,3.0
1370410,307.0,332.0
1370510,10.0,12.0
1370550,2.0,2.0
1370570,60.0,69.0
1370600,389.0,448.0
1370620,60.0,71.0
1370630,53.0,62.0
1370640,13.0,13.0
1370660,15.0,19.0
1370690,27.0,29.0
1370710,5.0,6.0
1370770,29.0,29.0
1370780,8.0,9.0
1370800,43.0,52.0
1370850,11.0,13.0
1371000,1.0,1.0
1371040,33.0,39.0
1371050,16.0,17.0
1371110,4.0,4.0
1371120,1.0,1.0
1371170,19.0,24.0
1371180,1.0,1.0
1371270,1.0,1.0
1371320,1.0,1.0
1371330,101.0,106.0
1371460,9.0,11.0
1371540,15.0,15.0
1371630,577.0,738.0
1371710,19.0,19.0
1371720,2380.0,2605.0
1371730,4.0,5.0
1371750,173.0,185.0
1371770,23.0,23.0
1371780,22.0,28.0
1371800,8.0,8.0
1371810,49.0,52.0
1371880,13.0,14.0
1371910,6.0,6.0
1371940,16.0,18.0
1371980,24105.0,31292.0
1372000,142.0,157.0
1372110,8204.0,9351.0
1372150,375.0,397.0
1372180,24.0,28.0
1372210,126.0,133.0
1372270,3.0,3.0
1372280,8142.0,9229.0
1372300,574.0,709.0
1372310,88.0,111.0
1372320,2066.0,2171.0
1372370,41.0,51.0
1372380,7.0,8.0
1372530,2281.0,2640.0
1372560,4.0,5.0
1372570,27.0,31.0
1372630,4.0,4.0
1372670,1.0,1.0
1372730,21.0,21.0
1372800,31.0,31.0
1372810,4698.0,5414.0
1372830,309.0,341.0
1372910,36.0,40.0
1372990,23.0,26.0
1373080,11.0,12.0
1373100,10.0,12.0
1373110,29.0,36.0
1373170,9.0,9.0
1373180,50.0,58.0
1373250,9.0,9.0
1373260,109.0,135.0
1373320,253.0,300.0
1373390,2.0,2.0
1373430,713.0,825.0
1373440,78.0,79.0
1373450,3.0,3.0
1373470,13.0,15.0
1373510,1216.0,1348.0
1373550,723.0,915.0
1373600,16.0,19.0
1373630,20.0,20.0
1373670,27.0,30.0
1373680,2.0,2.0
1373700,19.0,19.0
1373740,16.0,18.0
1373760,6.0,7.0
1373770,11.0,12.0
1373780,1206.0,1390.0
1373820,7.0,8.0
1373830,11.0,12.0
1373880,623.0,725.0
1373890,1.0,1.0
1373920,428.0,446.0
1373930,235.0,250.0
1373950,336.0,346.0
1373960,3914.0,4340.0
1373980,12.0,12.0
1373990,5.0,5.0
1374040,4.0,4.0
1374050,18.0,19.0
1374200,13.0,17.0
1374220,7.0,9.0
1374280,63.0,65.0
1374290,400.0,482.0
1374400,11.0,12.0
1374410,4.0,5.0
1374430,9.0,11.0
1374480,273.0,325.0
1374500,37.0,44.0
1374600,2.0,2.0
1374630,4.0,4.0
1374640,7.0,7.0
1374700,8.0,9.0
1374850,18.0,19.0
1374910,1.0,1.0
1374940,22.0,29.0
1374970,881.0,1061.0
1375070,45.0,59.0
1375110,10.0,10.0
1375120,1.0,1.0
1375160,5.0,5.0
1375270,10.0,10.0
1375280,9.0,10.0
1375290,10.0,10.0
1375400,802.0,1013.0
1375420,2.0,2.0
1375440,7.0,7.0
1375460,8.0,10.0
1375480,74.0,75.0
1375510,7.0,7.0
1375530,690.0,735.0
1375540,268.0,273.0
1375560,3.0,3.0
1375640,12.0,13.0
1375650,18.0,19.0
1375690,3.0,3.0
1375760,71.0,77.0
1375780,2.0,2.0
1375810,10.0,12.0
1375860,1.0,1.0
1375870,1079.0,1220.0
1375880,23.0,24.0
1375900,766.0,980.0
1375920,5.0,6.0
1375930,91.0,98.0
1375940,3.0,3.0
1376010,7.0,8.0
1376030,11.0,11.0
1376040,20.0,26.0
1376070,1199.0,1520.0
1376090,10.0,12.0
1376110,21.0,22.0
1376140,1.0,1.0
1376150,3.0,3.0
1376290,8.0,8.0
1376350,1.0,1.0
1376360,7.0,9.0
1376420,524.0,572.0
1376520,7.0,7.0
1376590,23.0,27.0
1376600,1.0,1.0
1376640,18.0,21.0
1376730,20.0,26.0
1376760,84.0,109.0
1376790,6.0,6.0
1376830,144.0,159.0
1376840,16.0,17.0
1376890,333.0,381.0
1376910,203.0,254.0
1376940,10.0,11.0
1376960,1.0,1.0
1377030,21.0,25.0
1377060,20.0,24.0
1377120,8.0,9.0
1377150,1708.0,1984.0
1377160,2.0,2.0
1377200,1.0,1.0
1377260,152.0,163.0
1377350,15.0,18.0
1377360,4903.0,5020.0
1377380,8521.0,10889.0
1377450,1202.0,1281.0
1377550,277.0,347.0
1377600,20.0,24.0
1377680,8.0,8.0
1377900,11.0,11.0
1377920,71.0,87.0
1377930,61.0,66.0
1377970,2.0,2.0
1378020,361.0,409.0
1378040,296.0,319.0
1378060,412.0,433.0
1378100,1.0,1.0
1378120,10.0,12.0
1378200,12.0,13.0
1378250,2.0,2.0
1378260,13.0,15.0
1378290,1246.0,1361.0
1378300,1.0,1.0
1378330,20.0,20.0
1378360,174.0,179.0
1378470,47.0,51.0
1378490,126.0,151.0
1378660,6.0,6.0
1378710,28.0,29.0
1378730,13.0,13.0
1378800,187.0,199.0
1378820,3.0,3.0
1378840,6.0,6.0
1378860,32.0,35.0
1378890,194.0,229.0
1378940,34.0,37.0
1378990,2364.0,2721.0
1379020,377.0,406.0
1379040,3.0,3.0
1379050,7.0,9.0
1379110,554.0,645.0
1379270,66.0,82.0
1379350,10.0,10.0
1379370,12.0,15.0
1379380,51.0,51.0
1379510,31.0,34.0
1379560,712.0,737.0
1379570,5.0,5.0
1379610,5.0,5.0
1379640,2.0,2.0
1379660,17.0,22.0
1379670,12.0,15.0
1379830,596.0,782.0
1379870,1369.0,1417.0
1379900,68.0,84.0
1379960,24.0,30.0
1379980,2.0,2.0
1380010,56.0,69.0
1380150,36.0,41.0
1380160,1.0,1.0
1380200,17.0,20.0
1380310,43.0,44.0
1380320,7.0,7.0
1380360,10.0,13.0
1380390,579.0,615.0
1380400,26.0,28.0
1380420,1852.0,2263.0
1380430,65.0,68.0
1380470,16.0,20.0
1380480,11.0,11.0
1380490,13.0,15.0
1380520,20.0,26.0
1380650,224.0,237.0
1380690,6.0,7.0
1380720,4.0,4.0
1380820,4.0,4.0
1380830,37.0,44.0
1380840,20.0,22.0
1380890,9.0,9.0
1380900,8.0,8.0
1380910,1085.0,1208.0
1381070,35.0,43.0
1381270,5.0,6.0
1381280,8.0,9.0
1381360,3.0,3.0
1381390,2.0,2.0
1381450,1.0,1.0
1381460,4.0,5.0
1381500,8.0,8.0
1381520,15.0,16.0
1381530,405.0,495.0
1381590,29.0,32.0
1381630,8.0,8.0
1381640,12.0,12.0
1381700,1.0,1.0
1381720,9.0,9.0
1381770,34.0,44.0
1381850,130.0,149.0
1381880,20.0,21.0
1381980,336.0,382.0
1382020,7.0,7.0
1382070,6427.0,6812.0
1382180,3.0,3.0
1382190,93.0,117.0
1382200,962.0,1006.0
1382290,10.0,11.0
1382310,3.0,3.0
1382320,651.0,670.0
1382330,13219.0,14848.0
1382380,17.0,21.0
1382630,3.0,3.0
1382710,8.0,10.0
1382730,116.0,119.0
1382790,40.0,45.0
1382800,18.0,18.0
1382870,1.0,1.0
1382890,7.0,7.0
1382910,688.0,840.0
1382980,18.0,22.0
1383010,8.0,8.0
1383020,5.0,6.0
1383050,56.0,68.0
1383060,2.0,2.0
1383120,3.0,3.0
1383150,185.0,226.0
1383170,46.0,57.0
1383200,7.0,9.0
1383250,199.0,245.0
1383270,47.0,53.0
1383280,23.0,25.0
1383290,8.0,9.0
1383410,10.0,10.0
1383450,57.0,71.0
1383490,23.0,29.0
1383510,44.0,47.0
1383570,86.0,89.0
1383630,192.0,218.0
1383640,65.0,73.0
1383650,14.0,18.0
1383680,134.0,157.0
1383700,72.0,80.0
1383720,171.0,179.0
1383740,348.0,391.0
1383770,295.0,308.0
1383850,24.0,26.0
1383880,47.0,56.0
1383960,546.0,691.0
1383970,32.0,36.0
1384060,42.0,44.0
1384090,14.0,16.0
1384110,18.0,18.0
1384160,48676.0,53404.0
1384170,14.0,18.0
1384290,200.0,246.0
1384320,307.0,337.0
1384350,9.0,11.0
1384380,89.0,106.0
1384410,1.0,1.0
1384420,1.0,1.0
1384450,1.0,1.0
1384480,5.0,5.0
1384490,40.0,47.0
1384500,5.0,6.0
1384530,12.0,14.0
1384550,35.0,37.0
1384620,221.0,264.0
1384630,1640.0,1974.0
1384660,42.0,51.0
1384670,10.0,10.0
1384680,4.0,5.0
1384700,496.0,571.0
1384740,5.0,5.0
1384760,4.0,5.0
1384770,995.0,1113.0
1384790,26.0,34.0
1384820,18.0,22.0
1384880,9.0,11.0
1384940,111.0,113.0
1384960,38.0,42.0
1384990,3.0,3.0
1385100,668.0,832.0
1385210,131.0,152.0
1385260,22.0,22.0
1385320,14.0,16.0
1385350,10.0,11.0
1385380,9013.0,11000.0
1385500,11.0,13.0
1385570,2.0,2.0
1385590,10.0,11.0
1385660,4.0,4.0
1385670,26.0,28.0
1385680,22.0,22.0
1385690,9.0,10.0
1385730,1902.0,2012.0
1385750,1.0,1.0
1385780,249.0,281.0
1385810,23.0,28.0
1385830,1.0,1.0
1385880,287.0,309.0
1385920,9.0,10.0
1385940,40.0,45.0
1385950,219.0,254.0
1385960,35.0,40.0
1385990,5.0,5.0
1386020,19.0,20.0
1386070,1.0,1.0
1386090,4.0,5.0
1386120,1.0,1.0
1386140,4.0,5.0
1386160,23.0,28.0
1386180,26.0,31.0
1386190,6.0,6.0
1386200,74.0,98.0
1386280,6.0,6.0
1386310,3.0,3.0
1386360,10.0,10.0
1386440,40.0,45.0
1386460,4.0,4.0
1386510,16.0,19.0
1386520,1.0,1.0
1386620,105.0,127.0
1386680,1.0,1.0
1386700,2.0,2.0
1386710,110.0,113.0
1386730,231.0,293.0
1386770,65.0,80.0
1386790,103.0,117.0
1386890,273.0,310.0
1386900,1929.0,2230.0
1386940,81.0,86.0
1387000,21.0,26.0
1387030,45.0,50.0
1387120,7.0,8.0
1387150,67.0,71.0
1387200,9.0,11.0
1387320,2.0,2.0
1387350,160.0,179.0
1387410,11.0,14.0
1387450,6.0,7.0
1387460,61.0,64.0
1387480,86.0,96.0
1387560,33.0,39.0
1387580,58.0,64.0
1387590,180.0,227.0
1387610,5.0,6.0
1387620,5.0,5.0
1387900,18.0,18.0
1387910,6.0,6.0
1387950,1.0,1.0
1387980,8.0,8.0
1388010,14.0,14.0
1388110,1.0,1.0
1388130,85.0,111.0
1388160,19.0,19.0
1388230,94.0,103.0
1388260,2.0,2.0
1388280,15.0,15.0
1388330,20.0,21.0
1388350,38.0,42.0
1388390,4.0,4.0
1388420,1.0,1.0
1388510,10.0,10.0
1388520,4.0,5.0
1388590,5980.0,6413.0
1388650,154.0,180.0
1388670,4.0,5.0
1388720,10.0,13.0
1388740,4.0,4.0
1388760,4.0,4.0
1388770,17968.0,18538.0
1388860,68.0,82.0
1388870,1284.0,1558.0
1388880,24026.0,24814.0
1389010,17.0,19.0
1389030,5.0,5.0
1389040,1.0,1.0
1389070,31.0,38.0
1389160,1098.0,1295.0
1389170,1.0,1.0
1389180,7.0,7.0
1389200,51.0,53.0
1389270,118.0,127.0
1389300,67.0,72.0
1389360,478.0,591.0
1389410,7.0,9.0
1389510,9.0,10.0
1389530,17.0,17.0
1389540,6.0,7.0
1389550,834.0,1080.0
1389560,659.0,774.0
1389610,62.0,72.0
1389630,1110.0,1164.0
1389650,24.0,24.0
1389700,82.0,99.0
1389710,14.0,14.0
1389750,20.0,23.0
1389780,4.0,4.0
1389850,24.0,25.0
1389890,71.0,73.0
1389990,962.0,1169.0
1390000,25.0,27.0
1390010,565.0,663.0
1390070,62.0,64.0
1390190,1415.0,1536.0
1390300,42.0,48.0
1390350,12816.0,13123.0
1390370,56.0,64.0
1390380,136.0,147.0
1390410,1861.0,2090.0
1390490,48.0,55.0
1390520,4.0,5.0
1390560,4.0,5.0
1390670,106.0,125.0
1390700,631.0,708.0
1390740,2383.0,3083.0
1390800,14.0,14.0
1390860,22.0,28.0
1390870,1.0,1.0
1390920,1.0,1.0
1390960,13.0,13.0
1390970,4.0,4.0
1391050,37.0,38.0
1391090,37.0,41.0
1391200,58.0,58.0
1391250,105.0,125.0
1391350,2.0,2.0
1391450,112.0,144.0
1391530,568.0,643.0
1391540,62.0,72.0
1391570,1.0,1.0
1391580,1.0,1.0
1391610,6.0,6.0
1391620,1.0,1.0
1391630,5.0,5.0
1391720,1.0,1.0
1391740,28.0,32.0
1391940,5.0,5.0
1391960,43.0,44.0
1392040,15.0,18.0
1392080,9.0,9.0
1392130,24.0,24.0
1392140,3.0,3.0
1392150,13.0,13.0
1392230,1.0,1.0
1392280,1.0,1.0
1392340,274.0,355.0
1392410,1.0,1.0
1392490,114.0,138.0
1392540,19.0,20.0
1392600,178.0,225.0
1392650,120.0,159.0
1392770,7.0,8.0
1392780,77.0,101.0
1392790,17.0,19.0
1392820,25732.0,26566.0
1392960,1053.0,1245.0
1393100,31.0,37.0
1393120,18.0,20.0
1393210,51.0,53.0
1393270,198.0,249.0
1393310,17.0,19.0
1393320,217.0,261.0
1393340,8.0,10.0
1393350,4519.0,5076.0
1393370,486.0,641.0
1393420,426.0,471.0
1393460,43.0,50.0
1393480,13.0,14.0
1393490,29.0,29.0
1393500,203.0,223.0
1393550,1.0,1.0
1393560,2.0,2.0
1393570,160.0,184.0
1393650,1.0,1.0
1393680,25.0,28.0
1393740,10.0,11.0
1393750,1058.0,1278.0
1393780,23.0,23.0
1393820,334.0,357.0
1393910,43.0,44.0
1393950,5.0,5.0
1393970,18.0,18.0
1394030,15.0,18.0
1394090,54.0,55.0
1394100,626.0,713.0
1394130,326.0,360.0
1394140,9.0,11.0
1394210,5.0,6.0
1394320,17.0,19.0
1394340,115.0,131.0
1394370,47.0,47.0
1394460,67.0,70.0
1394480,91.0,99.0
1394500,46.0,52.0
1394510,3.0,3.0
1394520,26.0,28.0
1394540,4.0,5.0
1394550,24.0,27.0
1394600,5.0,5.0
1394640,13.0,14.0
1394680,10.0,12.0
1394700,28.0,31.0
1394750,12.0,15.0
1394770,129.0,129.0
1394800,2584.0,3200.0
1394810,81.0,93.0
1394830,17.0,21.0
1394880,6.0,7.0
1394930,234.0,241.0
1395030,683.0,725.0
1395080,10.0,13.0
1395120,31.0,38.0
1395180,11.0,13.0
1395190,6.0,6.0
1395230,130.0,144.0
1395270,36.0,37.0
1395350,1.0,1.0
1395400,129.0,137.0
1395410,18.0,18.0
1395450,6.0,7.0
1395470,1.0,1.0
1395510,1.0,1.0
1395540,68.0,74.0
1395560,3524.0,3901.0
1395630,7.0,7.0
1395710,4.0,5.0
1395750,1.0,1.0
1395760,690.0,812.0
1395780,2.0,2.0
1395830,68.0,75.0
1395850,274.0,311.0
1395890,7.0,8.0
1395920,8.0,8.0
1396050,23.0,25.0
1396140,6.0,6.0
1396190,48.0,55.0
1396240,6093.0,6855.0
1396350,4.0,4.0
1396450,28.0,34.0
1396490,53.0,62.0
1396580,7.0,8.0
1396610,10.0,11.0
1396890,593.0,630.0
1396950,1.0,1.0
1396980,48.0,60.0
1397000,17.0,17.0
1397010,588.0,654.0
1397030,221.0,225.0
1397040,11.0,13.0
1397060,8.0,9.0
1397110,154.0,180.0
1397130,146.0,170.0
1397140,39.0,43.0
1397160,10.0,11.0
1397240,99.0,127.0
1397280,18.0,18.0
1397290,128.0,170.0
1397300,3.0,3.0
1397350,184.0,244.0
1397390,1967.0,2180.0
1397470,126.0,134.0
1397530,2.0,2.0
1397540,16.0,16.0
1397650,440.0,497.0
1397720,2.0,2.0
1397760,17.0,20.0
1397790,579.0,612.0
1397800,26.0,31.0
1397810,4.0,4.0
1397820,9.0,11.0
1397830,11.0,11.0
1397920,14725.0,15962.0
1397960,1.0,1.0
1397980,448.0,470.0
1398070,288.0,357.0
1398080,15.0,18.0
1398100,124.0,155.0
1398130,16.0,17.0
1398160,1.0,1.0
1398180,25.0,28.0
1398210,4232.0,4729.0
1398220,2.0,2.0
1398240,2.0,2.0
1398270,14.0,18.0
1398290,1.0,1.0
1398300,15.0,15.0
1398390,367.0,436.0
1398410,7.0,8.0
1398420,8.0,9.0
1398440,72.0,85.0
1398500,67.0,71.0
1398630,15.0,19.0
1398660,17.0,20.0
1398740,1729.0,1817.0
1398750,31.0,41.0
1398790,17.0,21.0
1398820,2.0,2.0
1398900,1.0,1.0
1398910,158.0,189.0
1399030,1.0,1.0
1399040,1.0,1.0
1399150,1.0,1.0
1399160,1.0,1.0
1399180,3.0,3.0
1399200,39.0,39.0
1399210,5.0,5.0
1399240,301.0,310.0
1399280,3.0,3.0
1399300,54.0,60.0
1399330,1.0,1.0
1399370,1181.0,1534.0
1399380,8.0,8.0
1399540,8.0,8.0
1399600,3.0,3.0
1399620,4.0,5.0
1399630,4.0,5.0
1399660,64.0,68.0
1399670,194.0,214.0
1399720,2878.0,3114.0
1399910,3.0,3.0
1399930,1025.0,1174.0
1399990,5.0,5.0
1400140,8.0,8.0
1400170,5.0,5.0
1400190,6.0,6.0
1400210,12.0,12.0
1400260,31.0,38.0
1400320,51.0,59.0
1400480,5.0,5.0
1400500,4.0,5.0
1400610,4.0,5.0
1400620,29.0,30.0
1400630,18.0,18.0
1400680,4.0,5.0
1400700,40.0,47.0
1400850,1.0,1.0
1400870,283.0,301.0
1400910,172.0,178.0
1400920,3.0,3.0
1400930,10.0,13.0
1400980,12.0,15.0
1401070,16.0,16.0
1401130,6.0,6.0
1401150,107.0,131.0
1401220,248.0,269.0
1401360,2.0,2.0
1401390,402.0,470.0
1401500,43.0,47.0
1401560,62.0,81.0
1401570,81.0,84.0
1401590,16046.0,17587.0
1401670,2.0,2.0
1401680,1160.0,1405.0
1401870,7.0,8.0
1401880,27.0,29.0
1401970,18.0,19.0
1401990,14.0,14.0
1402010,4.0,4.0
1402020,3076.0,3721.0
1402030,36.0,37.0
1402090,69.0,79.0
1402110,2179.0,2477.0
1402120,1692.0,2200.0
1402130,1.0,1.0
1402380,1.0,1.0
1402400,29.0,29.0
1402410,94.0,120.0
1402700,1.0,1.0
1402740,1.0,1.0
1402790,70.0,72.0
1402900,24.0,25.0
1403020,439.0,516.0
1403080,50.0,52.0
1403130,2.0,2.0
1403230,2.0,2.0
1403310,254.0,297.0
1403350,26.0,30.0
1403400,16.0,16.0
1403550,1.0,1.0
1403600,1.0,1.0
1403720,18.0,18.0
1403740,24.0,27.0
1403760,6.0,7.0
1403830,136.0,163.0
1403890,17.0,20.0
1404010,7.0,8.0
1404050,12.0,12.0
1404070,19.0,19.0
1404080,16.0,16.0
1404090,156.0,168.0
1404130,50.0,51.0
1404190,134.0,148.0
1404210,53681.0,64575.0
1404360,220.0,222.0
1404530,88.0,99.0
1404560,95.0,108.0
1404660,239.0,298.0
1404750,7.0,9.0
1404760,1.0,1.0
1404770,2.0,2.0
1404800,2.0,2.0
1404840,1.0,1.0
1404850,9345.0,9990.0
1404870,21.0,22.0
1404930,4.0,5.0
1404970,5.0,6.0
1404980,22.0,24.0
1405220,140.0,165.0
1405270,9.0,10.0
1405390,1.0,1.0
1405440,322.0,337.0
1405470,940.0,1242.0
1405480,13.0,13.0
1405490,12.0,14.0
1405500,1008.0,1020.0
1405530,201.0,205.0
1405660,128.0,154.0
1405950,67.0,70.0
1405960,1.0,1.0
1405970,1.0,1.0
1406000,31.0,31.0
1406020,211.0,240.0
1406040,668.0,686.0
1406090,7.0,8.0
1406110,14.0,17.0
1406140,46.0,47.0
1406150,13.0,13.0
1406200,55.0,66.0
1406240,5.0,6.0
1406250,37.0,42.0
1406270,82.0,101.0
1406280,30.0,38.0
1406340,5.0,6.0
1406350,5.0,6.0
1406490,6.0,6.0
1406570,7.0,9.0
1406630,2.0,2.0
1406690,164.0,171.0
1406700,29.0,35.0
1406740,8.0,9.0
1406750,6.0,6.0
1406780,461.0,521.0
1406810,255.0,304.0
1406850,3429.0,3616.0
1406930,21.0,22.0
1406990,8238.0,8457.0
1407000,5.0,6.0
1407050,13.0,14.0
1407060,23.0,29.0
1407090,58.0,68.0
1407100,91.0,113.0
1407200,67290.0,79614.0
1407210,248.0,280.0
1407270,5.0,5.0
1407300,14.0,16.0
1407420,2876.0,2917.0
1407510,1.0,1.0
1407790,29.0,30.0
1407850,3.0,3.0
1407870,8.0,9.0
1407890,58.0,75.0
1407920,17.0,17.0
1407930,1.0,1.0
1407950,5.0,6.0
1408050,8.0,9.0
1408060,44.0,50.0
1408070,18.0,18.0
1408080,34.0,41.0
1408100,199.0,257.0
1408110,619.0,699.0
1408220,36.0,47.0
1408230,2829.0,2891.0
1408260,111.0,128.0
1408350,9.0,10.0
1408410,7.0,8.0
1408430,18.0,18.0
1408450,7.0,7.0
1408480,16.0,20.0
1408490,2.0,2.0
1408570,31.0,34.0
1408700,73.0,88.0
1408710,63.0,74.0
1408720,20892.0,26452.0
1408760,17.0,20.0
1408810,4.0,4.0
1408860,109.0,141.0
1408930,5.0,5.0
1409160,625.0,697.0
1409180,37.0,37.0
1409190,14.0,17.0
1409260,7.0,8.0
1409300,36.0,41.0
1409320,1.0,1.0
1409340,18.0,20.0
1409360,13.0,14.0
1409470,1.0,1.0
1409520,8.0,10.0
1409530,576.0,612.0
1409570,3.0,3.0
1409610,123.0,155.0
1409640,69.0,81.0
1409670,56.0,60.0
1409700,25.0,26.0
1409710,328.0,365.0
1409760,1.0,1.0
1409770,1444.0,1613.0
1410070,23.0,23.0
1410090,35.0,39.0
1410100,23.0,28.0
1410140,13.0,15.0
1410200,20.0,20.0
1410210,24.0,29.0
1410260,33.0,34.0
1410300,1.0,1.0
1410340,4.0,4.0
1410360,25.0,33.0
1410370,75.0,81.0
1410380,2.0,2.0
1410440,90.0,90.0
1410580,27.0,30.0
1410600,57.0,61.0
1410620,21.0,21.0
1410640,3484.0,3850.0
1410660,5.0,6.0
1410700,26.0,26.0
1410710,4531.0,5452.0
1410770,6.0,7.0
1410830,303.0,326.0
1410840,170.0,182.0
1410850,10.0,11.0
1410860,86.0,99.0
1410870,283.0,330.0
1410980,86.0,109.0
1411020,303.0,329.0
1411030,36.0,36.0
1411040,9.0,9.0
1411180,50.0,53.0
1411330,48.0,51.0
1411360,8.0,9.0
1411370,5.0,5.0
1411410,2.0,2.0
1411420,13.0,17.0
1411460,9.0,10.0
1411660,11.0,13.0
1411670,473.0,501.0
1411740,1282.0,1401.0
1411770,10.0,11.0
1411800,81.0,103.0
1411910,4433.0,4522.0
1411920,24.0,28.0
1411970,19.0,21.0
1412170,568.0,607.0
1412180,16.0,16.0
1412240,83.0,90.0
1412250,11.0,14.0
1412260,7.0,7.0
1412310,370.0,406.0
1412500,27.0,27.0
1412570,1061.0,1267.0
1412580,133.0,151.0
1412610,14.0,14.0
1412630,21.0,22.0
1412650,19.0,21.0
1412660,36.0,36.0
1412840,26.0,30.0
1412850,328.0,409.0
1412890,59.0,67.0
1412950,17.0,17.0
1412960,118.0,121.0
1412980,15.0,15.0
1413020,529.0,591.0
1413070,28.0,36.0
1413090,26.0,26.0
1413170,3.0,3.0
1413210,71.0,79.0
1413250,109.0,139.0
1413290,4.0,5.0
1413300,17.0,20.0
1413340,1.0,1.0
1413370,387.0,470.0
1413440,1.0,1.0
1413470,16.0,17.0
1413480,3593.0,4098.0
1413500,9.0,11.0
1413560,14.0,15.0
1413590,40.0,43.0
1413660,486.0,633.0
1413670,10.0,10.0
1413780,2.0,2.0
1413790,25.0,27.0
1413870,1170.0,1240.0
1413960,321.0,377.0
1413970,168.0,194.0
1413980,86.0,114.0
1413990,230.0,266.0
1414000,72.0,93.0
1414020,239.0,243.0
1414070,4.0,4.0
1414090,17.0,21.0
1414180,876.0,1021.0
1414220,10.0,10.0
1414250,591.0,716.0
1414270,7.0,7.0
1414340,1.0,1.0
1414380,3.0,3.0
1414400,11.0,14.0
1414430,431.0,530.0
1414480,45.0,51.0
1414490,11.0,14.0
1414500,5.0,6.0
1414530,15.0,15.0
1414550,5.0,5.0
1414570,3.0,3.0
1414700,127.0,160.0
1414710,4.0,4.0
1414790,3.0,3.0
1414800,256.0,275.0
1414900,4.0,5.0
1414920,2.0,2.0
1414930,24.0,31.0
1414990,9.0,10.0
1415020,32.0,32.0
1415110,3.0,3.0
1415120,6.0,6.0
1415140,656.0,762.0
1415220,299.0,363.0
1415250,19.0,23.0
1415320,109.0,132.0
1415380,18.0,20.0
1415410,753.0,981.0
1415520,17.0,19.0
1415570,43.0,54.0
1415630,17.0,18.0
1415660,1621.0,2093.0
1415830,53.0,66.0
1415890,9.0,10.0
1415920,75.0,94.0
1415950,38.0,44.0
1416130,3259.0,3476.0
1416150,6.0,7.0
1416160,78.0,98.0
1416180,2.0,2.0
1416190,4.0,4.0
1416230,1349.0,1664.0
1416240,883.0,967.0
1416260,1090.0,1428.0
1416290,10.0,11.0
1416430,15.0,16.0
1416460,82.0,89.0
1416690,7.0,8.0
1416720,25.0,31.0
1416730,362.0,426.0
1416760,39.0,46.0
1416770,4.0,4.0
1416920,2648.0,3513.0
1416960,255.0,289.0
1416980,28.0,30.0
1417010,735.0,796.0
1417020,6.0,6.0
1417090,36.0,39.0
1417130,8.0,8.0
1417150,7.0,9.0
1417170,1.0,1.0
1417200,14.0,17.0
1417270,24.0,30.0
1417310,2.0,2.0
1417320,16.0,21.0
1417420,202.0,231.0
1417450,2.0,2.0
1417540,42.0,45.0
1417590,12.0,14.0
1417610,76.0,96.0
1417640,5.0,5.0
1417670,16.0,21.0
1417690,10.0,11.0
1417720,128.0,141.0
1417730,50.0,63.0
1417750,27.0,29.0
1417890,134.0,143.0
1417930,1216.0,1362.0
1418000,1.0,1.0
1418010,51.0,55.0
1418020,618.0,786.0
1418160,712.0,856.0
1418180,67.0,69.0
1418310,18.0,23.0
1418360,141.0,179.0
1418390,163.0,169.0
1418430,123.0,161.0
1418460,12.0,13.0
1418470,8.0,10.0
1418490,1.0,1.0
1418520,1.0,1.0
1418540,103.0,112.0
1418570,90.0,90.0
1418610,4.0,4.0
1418680,28.0,37.0
1418720,137.0,172.0
1418760,342.0,395.0
1418830,92.0,94.0
1418990,9.0,9.0
1419060,41.0,49.0
1419070,32.0,41.0
1419100,96.0,113.0
1419110,13.0,14.0
1419130,12.0,14.0
1419140,2.0,2.0
1419150,12.0,12.0
1419170,36112.0,38433.0
1419180,8.0,8.0
1419270,18.0,19.0
1419290,191.0,212.0
1419330,3.0,3.0
1419360,4.0,4.0
1419370,348.0,392.0
1419380,24.0,28.0
1419480,118.0,123.0
1419510,25.0,31.0
1419580,8.0,10.0
1419620,92.0,96.0
1419670,13.0,14.0
1419680,8.0,9.0
1419730,937.0,1189.0
1419740,78.0,95.0
1419750,244.0,297.0
1419770,1.0,1.0
1419850,667.0,747.0
1419860,3639.0,3733.0
1419870,11.0,12.0
1420050,296.0,367.0
1420060,94.0,101.0
1420080,115.0,141.0
1420290,1320.0,1675.0
1420350,980.0,1258.0
1420540,359.0,370.0
1420640,79.0,88.0
1420650,77.0,79.0
1420720,25.0,27.0
1420770,1123.0,1373.0
1420810,240.0,243.0
1420830,383.0,429.0
1420860,2.0,2.0
1420950,25.0,32.0
1420960,79.0,104.0
1420970,4.0,4.0
1421020,62.0,67.0
1421100,35.0,37.0
1421120,72.0,80.0
1421250,18044.0,18662.0
1421290,440.0,530.0
1421320,13.0,17.0
1421390,14.0,14.0
1421410,21.0,25.0
1421490,547.0,582.0
1421690,29.0,33.0
1421710,20.0,22.0
1421760,827.0,912.0
1421790,2003.0,2089.0
1421930,1.0,1.0
1422050,186.0,186.0
1422130,3267.0,3688.0
1422190,53.0,58.0
1422200,43.0,50.0
1422210,22.0,24.0
1422220,15.0,16.0
1422270,3.0,3.0
1422290,20.0,21.0
1422380,551.0,605.0
1422420,503.0,533.0
1422430,270.0,315.0
1422440,2320.0,2498.0
1422540,479.0,512.0
1422570,22.0,25.0
1422610,418.0,530.0
1422630,162.0,169.0
1422750,44.0,58.0
1422780,14.0,15.0
1422880,18.0,20.0
1422910,21.0,24.0
1422940,119.0,132.0
1422950,21.0,21.0
1423000,43.0,53.0
1423010,2.0,2.0
1423060,27.0,30.0
1423140,15.0,17.0
1423280,12.0,13.0
1423330,1302.0,1523.0
1423370,621.0,624.0
1423490,1.0,1.0
1423530,1.0,1.0
1423590,2.0,2.0
1423600,790.0,971.0
1423670,15.0,17.0
1423780,118.0,151.0
1423830,3.0,3.0
1424050,161.0,184.0
1424070,13.0,14.0
1424080,30.0,34.0
1424120,1.0,1.0
1424190,3.0,3.0
1424270,3.0,3.0
1424290,40.0,47.0
1424300,77.0,82.0
1424330,10539.0,10735.0
1424350,112.0,119.0
1424360,15.0,18.0
1424380,2.0,2.0
1424420,31.0,41.0
1424500,8.0,8.0
1424520,82.0,95.0
1424570,17.0,17.0
1424600,178.0,208.0
1424610,4.0,4.0
1424630,112.0,113.0
1424650,1.0,1.0
1424660,960.0,977.0
1424690,37.0,41.0
1424710,365.0,387.0
1424720,1244.0,1384.0
1424790,30.0,38.0
1424860,137.0,167.0
1424870,215.0,227.0
1424900,90.0,100.0
1424960,1.0,1.0
1424980,661.0,737.0
1425010,11.0,11.0
1425050,9.0,11.0
1425120,17.0,18.0
1425130,118.0,125.0
1425140,8.0,10.0
1425170,1.0,1.0
1425190,19.0,21.0
1425240,10.0,11.0
1425250,399.0,510.0
1425260,4.0,5.0
1425270,77.0,86.0
1425280,16.0,18.0
1425330,12.0,14.0
1425350,577.0,604.0
1425370,30.0,33.0
1425380,76.0,77.0
1425390,15.0,19.0
1425510,62.0,71.0
1425580,42.0,48.0
1425590,10.0,10.0
1425630,22.0,29.0
1425670,6.0,6.0
1425690,1.0,1.0
1425730,211.0,256.0
1425760,531.0,551.0
1425770,45.0,52.0
1426010,1880.0,1991.0
1426090,180.0,238.0
1426100,1.0,1.0
1426120,312.0,408.0
1426130,1.0,1.0
1426160,4.0,4.0
1426190,6.0,7.0
1426210,170012.0,178999.0
1426230,32.0,36.0
1426280,213.0,257.0
1426310,37.0,49.0
1426330,2.0,2.0
1426450,5276.0,6580.0
1426470,70.0,76.0
1426480,195.0,210.0
1426500,86.0,112.0
1426530,103.0,129.0
1426540,11.0,12.0
1426740,6.0,7.0
1426890,17.0,20.0
1426900,23.0,30.0
1426980,74.0,87.0
1427030,25.0,29.0
1427100,4.0,5.0
1427120,5.0,6.0
1427210,214.0,252.0
1427300,7.0,7.0
1427340,732.0,927.0
1427400,25.0,29.0
1427480,32.0,42.0
1427540,1.0,1.0
1427570,1.0,1.0
1427620,22.0,27.0
1427710,20.0,22.0
1427760,198.0,247.0
1427800,443.0,567.0
1427860,500.0,539.0
1427890,512.0,557.0
1427900,10.0,13.0
1427920,7.0,8.0
1427930,7.0,8.0
1427950,5.0,6.0
1427970,8.0,10.0
1428040,8.0,8.0
1428060,3.0,3.0
1428080,1.0,1.0
1428100,1130.0,1221.0
1428140,37.0,43.0
1428150,3.0,3.0
1428270,9.0,9.0
1428290,2.0,2.0
1428300,21.0,21.0
1428310,5177.0,5280.0
1428360,5.0,5.0
1428370,49.0,49.0
1428420,454.0,560.0
1428440,9.0,11.0
1428460,39.0,47.0
1428470,428.0,567.0
1428560,82.0,92.0
1428630,2.0,2.0
1428700,25.0,29.0
1428820,269.0,350.0
1428840,16.0,17.0
1428850,1.0,1.0
1428880,3.0,3.0
1428900,761.0,843.0
1428970,15.0,16.0
1428980,9.0,9.0
1429130,11.0,11.0
1429350,78.0,83.0
1429400,11.0,14.0
1429480,29.0,31.0
1429500,1198.0,1399.0
1429610,25.0,30.0
1429680,1.0,1.0
1429730,1.0,1.0
1429740,530.0,598.0
1429780,36.0,44.0
1429820,15.0,15.0
1429850,426.0,446.0
1429870,7.0,7.0
1429950,44.0,45.0
1430030,150.0,169.0
1430100,2.0,2.0
1430200,27.0,34.0
1430220,397.0,427.0
1430240,100.0,125.0
1430310,17.0,22.0
1430340,2.0,2.0
1430420,1189.0,1225.0
1430510,1.0,1.0
1430650,4.0,4.0
1430680,862.0,930.0
1430690,15.0,15.0
1430740,10.0,13.0
1430760,703.0,830.0
1430820,4.0,4.0
1430970,199.0,243.0
1431020,8.0,8.0
1431040,178.0,219.0
1431100,42.0,51.0
1431150,10.0,12.0
1431190,19.0,19.0
1431200,2.0,2.0
1431220,22.0,22.0
1431230,541.0,608.0
1431240,235.0,296.0
1431350,179.0,190.0
1431420,32.0,35.0
1431430,32.0,40.0
1431450,15.0,18.0
1431470,1.0,1.0
1431500,1.0,1.0
1431550,6.0,7.0
1431570,1311.0,1503.0
1431610,2590.0,2895.0
1431690,4.0,4.0
1431780,277.0,286.0
1431840,13.0,17.0
1431850,171.0,180.0
1432000,1.0,1.0
1432020,4.0,4.0
1432050,5228.0,5747.0
1432100,1433.0,1529.0
1432200,96.0,99.0
1432290,2.0,2.0
1432310,5.0,6.0
1432320,438.0,486.0
1432330,26.0,32.0
1432380,37.0,46.0
1432390,101.0,113.0
1432480,14.0,14.0
1432500,196.0,227.0
1432620,93.0,114.0
1432650,54.0,57.0
1432670,23.0,30.0
1432680,84.0,94.0
1432750,159.0,183.0
1432760,24.0,27.0
1432810,1.0,1.0
1432850,275.0,280.0
1432860,16882.0,19709.0
1432870,1.0,1.0
1432910,547.0,724.0
1432970,18.0,19.0
1432980,13.0,15.0
1433000,9.0,10.0
1433010,173.0,226.0
1433030,16.0,19.0
1433090,16.0,19.0
1433110,3.0,3.0
1433190,38.0,44.0
1433210,12.0,12.0
1433320,62.0,64.0
1433340,1445.0,1559.0
1433390,4.0,4.0
1433420,908.0,1156.0
1433430,15.0,15.0
1433480,44.0,46.0
1433490,5.0,5.0
1433500,20.0,24.0
1433550,112.0,129.0
1433570,698.0,906.0
1433700,1.0,1.0
1433830,11.0,11.0
1433870,13.0,13.0
1433890,74.0,95.0
1433910,1.0,1.0
1433940,31.0,41.0
1433950,175.0,200.0
1433990,1223.0,1551.0
1434000,16.0,16.0
1434040,4.0,4.0
1434200,16.0,16.0
1434230,4.0,5.0
1434260,22.0,22.0
1434300,4.0,4.0
1434340,9.0,10.0
1434350,33.0,38.0
1434440,4.0,4.0
1434480,4152.0,4218.0
1434550,1.0,1.0
1434620,9.0,11.0
1434650,70.0,77.0
1434750,1.0,1.0
1434760,15.0,17.0
1434850,8.0,8.0
1434880,58.0,58.0
1434890,28.0,29.0
1434910,23.0,25.0
1434940,17.0,21.0
1434950,5493.0,6182.0
1434970,9.0,9.0
1435010,450.0,572.0
1435090,73.0,79.0
1435160,24.0,24.0
1435310,1003.0,1036.0
1435420,4.0,5.0
1435470,70.0,74.0
1435480,12.0,15.0
1435540,2.0,2.0
1435590,3.0,3.0
1435660,9.0,11.0
1435670,870.0,1056.0
1435680,2.0,2.0
1435700,32.0,35.0
1435750,56.0,58.0
1435780,101.0,119.0
1435790,14558.0,15465.0
1435960,18.0,21.0
1435970,83.0,106.0
1435980,12.0,13.0
1436190,6.0,6.0
1436210,12.0,15.0
1436410,20.0,22.0
1436450,1.0,1.0
1436490,12.0,13.0
1436590,1919.0,2292.0
1436600,121.0,157.0
1436680,228.0,239.0
1436700,2021.0,2182.0
1436810,142.0,160.0
1436870,11.0,12.0
1436910,2.0,2.0
1436920,193.0,211.0
1436990,4046.0,4471.0
1437100,2.0,2.0
1437120,15.0,15.0
1437160,2.0,2.0
1437230,1.0,1.0
1437270,10.0,11.0
1437340,382.0,392.0
1437370,6.0,6.0
1437410,12.0,12.0
1437420,24.0,29.0
1437430,10.0,11.0
1437480,3.0,3.0
1437500,325.0,354.0
1437520,7.0,7.0
1437550,59.0,73.0
1437600,1.0,1.0
1437650,41.0,49.0
1437700,62.0,71.0
1437720,40.0,48.0
1437750,79.0,87.0
1437820,1114.0,1205.0
1437830,1509.0,1612.0
1437840,571.0,664.0
1437850,138.0,181.0
1437860,173.0,203.0
1437870,133.0,160.0
1437880,2205.0,2719.0
1437890,7.0,8.0
1437940,37.0,45.0
1437980,21.0,26.0
1438060,39.0,45.0
1438090,76.0,82.0
1438190,87.0,97.0
1438260,23.0,30.0
1438440,865.0,925.0
1438460,1.0,1.0
1438480,182.0,197.0
1438680,4.0,4.0
1438700,13.0,15.0
1438710,6.0,7.0
1438760,28.0,30.0
1438830,2.0,2.0
1438850,53.0,57.0
1438950,3.0,3.0
1439010,3.0,3.0
1439040,23.0,23.0
1439100,3.0,3.0
1439310,10.0,10.0
1439320,9.0,9.0
1439340,12.0,14.0
1439400,8.0,8.0
1439420,4.0,4.0
1439440,6.0,7.0
1439460,18.0,18.0
1439550,4.0,5.0
1439700,11.0,12.0
1439750,601.0,709.0
1439790,1.0,1.0
1439800,32.0,36.0
1439970,9.0,10.0
1440020,10.0,13.0
1440150,18.0,23.0
1440280,35.0,40.0
1440330,4.0,4.0
1440350,19.0,20.0
1440360,174.0,197.0
1440370,2.0,2.0
1440440,1479.0,1588.0
1440450,34.0,45.0
1440500,599.0,723.0
1440510,77.0,80.0
1440530,14.0,16.0
1440670,1341.0,1384.0
1440750,10.0,13.0
1440780,10.0,13.0
1440790,2.0,2.0
1440840,10.0,11.0
1440850,22.0,27.0
1440890,38.0,50.0
1440940,62.0,67.0
1441040,4.0,4.0
1441080,1.0,1.0
1441180,119.0,151.0
1441230,191.0,206.0
1441240,214.0,235.0
1441300,24.0,29.0
1441400,28.0,32.0
1441430,20.0,22.0
1441500,7.0,8.0
1441530,1.0,1.0
1441550,931.0,1020.0
1441570,108.0,122.0
1441630,5.0,5.0
1441670,49.0,49.0
1441680,88.0,102.0
1441770,43.0,48.0
1441790,211.0,231.0
1441830,4.0,4.0
1441840,852.0,896.0
1442040,43.0,48.0
1442070,41.0,46.0
1442080,3.0,3.0
1442160,192.0,223.0
1442240,57.0,73.0
1442300,133.0,140.0
1442310,1.0,1.0
1442360,352.0,439.0
1442390,23.0,25.0
1442410,17.0,17.0
1442430,489.0,640.0
1442460,60.0,75.0
1442670,1593.0,1863.0
1442690,1.0,1.0
1442750,12.0,15.0
1442770,4.0,4.0
1442840,147.0,155.0
1443030,1.0,1.0
1443100,29.0,31.0
1443160,6.0,6.0
1443200,5247.0,5481.0
1443250,2.0,2.0
1443310,5.0,5.0
1443330,21.0,22.0
1443400,2.0,2.0
1443430,395.0,415.0
1443440,26.0,26.0
1443500,2.0,2.0
1443600,12.0,13.0
1443630,58.0,60.0
1443640,8.0,9.0
1443650,1.0,1.0
1443680,17.0,17.0
1443760,1.0,1.0
1443850,8.0,10.0
1443900,31.0,39.0
1444090,147.0,152.0
1444110,1533.0,1679.0
1444150,73.0,95.0
1444170,16.0,21.0
1444190,22.0,24.0
1444300,776.0,807.0
1444320,36.0,39.0
1444350,1738.0,1803.0
1444370,3.0,3.0
1444420,14.0,17.0
1444430,20.0,24.0
1444480,3173.0,3298.0
1444510,4.0,5.0
1444520,1.0,1.0
1444550,50.0,58.0
1444620,20.0,20.0
1444650,1311.0,1455.0
1444670,91.0,118.0
1444730,112.0,137.0
1444750,59.0,71.0
1444770,39.0,43.0
1444890,15.0,17.0
1445040,147.0,158.0
1445240,133.0,168.0
1445260,18.0,18.0
1445310,83.0,86.0
1445370,16.0,21.0
1445400,17.0,17.0
1445430,7.0,9.0
1445500,4.0,4.0
1445540,7.0,7.0
1445580,10.0,10.0
1445650,7.0,9.0
1445670,1.0,1.0
1445700,50.0,57.0
1445720,31.0,33.0
1445740,44.0,48.0
1445790,718.0,782.0
1445890,2.0,2.0
1445980,32.0,32.0
1446000,66.0,70.0
1446020,7.0,7.0
1446090,15.0,15.0
1446100,16.0,19.0
1446180,6.0,7.0
1446230,31.0,33.0
1446280,75.0,88.0
1446320,105.0,133.0
1446330,472.0,503.0
1446350,396.0,422.0
1446370,19.0,19.0
1446410,2.0,2.0
1446420,12.0,14.0
1446470,25.0,33.0
1446480,59.0,71.0
1446540,7.0,7.0
1446560,4.0,4.0
1446650,1374.0,1669.0
1446670,13.0,14.0
1446720,210.0,229.0
1446780,84494.0,104222.0
1446850,636.0,756.0
1446930,105.0,134.0
1446980,15.0,19.0
1447000,1493.0,1829.0
1447050,13.0,16.0
1447060,31.0,36.0
1447070,19.0,25.0
1447080,12.0,15.0
1447140,2.0,2.0
1447160,4.0,5.0
1447350,122.0,127.0
1447410,51.0,57.0
1447430,6568.0,8263.0
1447470,44.0,58.0
1447490,118.0,147.0
1447540,21.0,26.0
1447570,14.0,15.0
1447580,14.0,16.0
1447600,15.0,15.0
1447640,21.0,22.0
1447700,6.0,6.0
1447710,1.0,1.0
1447830,11.0,14.0
1447920,99.0,114.0
1447970,1.0,1.0
1448000,202.0,245.0
1448030,2720.0,2981.0
1448070,2.0,2.0
1448140,1.0,1.0
1448290,16.0,18.0
1448310,112.0,125.0
1448320,4.0,5.0
1448350,35.0,36.0
1448520,35.0,38.0
1448600,349.0,383.0
1448630,3.0,3.0
1448640,4.0,4.0
1448650,15.0,18.0
1448740,2.0,2.0
1448750,645.0,714.0
1448780,41.0,43.0
1448800,57.0,61.0
1448820,99.0,107.0
1448840,61.0,61.0
1448940,45.0,48.0
1448970,15.0,17.0
1448990,46.0,54.0
1449000,177.0,232.0
1449070,1316.0,1626.0
1449100,123.0,153.0
1449200,2492.0,2842.0
1449230,106.0,133.0
1449250,39.0,41.0
1449280,1657.0,1835.0
1449320,555.0,684.0
1449370,18.0,20.0
1449400,4.0,5.0
1449430,265.0,335.0
1449510,238.0,245.0
1449570,10.0,12.0
1449580,8.0,9.0
1449620,4.0,4.0
1449630,187.0,200.0
1449640,8.0,8.0
1449670,16.0,20.0
1449690,22313.0,23121.0
1449760,6.0,6.0
1449780,141.0,146.0
1449850,58466.0,77769.0
1449940,1.0,1.0
1449960,1.0,1.0
1450000,6.0,7.0
1450020,4.0,5.0
1450050,26.0,28.0
1450080,387.0,457.0
1450090,287.0,330.0
1450100,235.0,278.0
1450110,1.0,1.0
1450120,488.0,574.0
1450150,1668.0,1775.0
1450200,2.0,2.0
1450210,8.0,9.0
1450250,144.0,177.0
1450270,12.0,14.0
1450310,42.0,45.0
1450330,125.0,148.0
1450620,4.0,4.0
1450640,6.0,6.0
1450650,122.0,141.0
1450800,48.0,59.0
1450830,2420.0,2589.0
1450880,5.0,5.0
1450900,1075.0,1287.0
1451030,20.0,23.0
1451110,106.0,136.0
1451120,285.0,376.0
1451410,34.0,42.0
1451430,4.0,5.0
1451440,1.0,1.0
1451480,2200.0,2448.0
1451490,16.0,20.0
1451540,30.0,30.0
1451560,30.0,31.0
1451570,11.0,12.0
1451580,4.0,5.0
1451650,112.0,122.0
1451680,155.0,188.0
1451720,157.0,166.0
1451740,1009.0,1046.0
1451760,14.0,15.0
1451800,12.0,12.0
1451870,180.0,207.0
1451880,27.0,27.0
1451890,28.0,29.0
1451920,4.0,5.0
1451940,38924.0,40959.0
1451970,34.0,44.0
1451980,2.0,2.0
1452020,78.0,84.0
1452040,1.0,1.0
1452130,22.0,23.0
1452200,77.0,88.0
1452210,144.0,153.0
1452220,28.0,33.0
1452260,26.0,27.0
1452280,13.0,17.0
1452350,8.0,9.0
1452360,9.0,11.0
1452500,216.0,277.0
1452540,120.0,125.0
1452630,182.0,214.0
1452700,23.0,24.0
1452770,34.0,38.0
1452790,38.0,38.0
1452830,465.0,549.0
1452850,353.0,380.0
1452900,15.0,15.0
1452910,13.0,16.0
1452990,69.0,76.0
1453000,4.0,4.0
1453010,15.0,15.0
1453030,10.0,10.0
1453080,8.0,10.0
1453130,7.0,7.0
1453160,6.0,6.0
1453230,10.0,13.0
1453250,31.0,35.0
1453280,9.0,9.0
1453350,2.0,2.0
1453430,23.0,23.0
1453450,22.0,23.0
1453460,16.0,17.0
1453480,1.0,1.0
1453490,3576.0,3983.0
1453600,262.0,284.0
1453660,5.0,5.0
1453670,15.0,16.0
1453710,42.0,43.0
1453740,8.0,9.0
1453850,488.0,617.0
1453950,3.0,3.0
1453990,17.0,21.0
1454000,86.0,104.0
1454010,380.0,427.0
1454030,6.0,6.0
1454050,80.0,105.0
1454080,35.0,38.0
1454090,77.0,83.0
1454140,54.0,61.0
1454150,1.0,1.0
1454320,4.0,5.0
1454360,4.0,4.0
1454390,30.0,39.0
1454400,68400.0,70684.0
1454430,334.0,382.0
1454480,1.0,1.0
1454500,244.0,302.0
1454540,209.0,224.0
1454550,58.0,61.0
1454600,12.0,15.0
1454650,18.0,18.0
1454660,3.0,3.0
1454690,17.0,17.0
1454700,43.0,55.0
1454930,5.0,5.0
1454950,7.0,7.0
1454960,35.0,41.0
1455020,2.0,2.0
1455060,24.0,25.0
1455070,586.0,685.0
1455080,8.0,8.0
1455090,13.0,15.0
1455140,8.0,9.0
1455220,347.0,456.0
1455230,76.0,78.0
1455290,2.0,2.0
1455300,29.0,38.0
1455420,3.0,3.0
1455430,16.0,18.0
1455450,95.0,104.0
1455490,5.0,5.0
1455590,263.0,303.0
1455630,2735.0,3449.0
1455650,20.0,25.0
1455730,1.0,1.0
1455760,23.0,26.0
1455840,25620.0,26533.0
1455850,15.0,17.0
1455900,497.0,594.0
1455910,264.0,303.0
1455920,195.0,223.0
1455930,1.0,1.0
1456020,59.0,67.0
1456200,2686.0,3424.0
1456220,11.0,12.0
1456250,5.0,5.0
1456260,3.0,3.0
1456280,42.0,55.0
1456290,45.0,54.0
1456340,9.0,10.0
1456410,2.0,2.0
1456470,46.0,52.0
1456490,4.0,4.0
1456630,25.0,30.0
1456640,2.0,2.0
1456710,5.0,6.0
1456760,1133.0,1182.0
1456770,7.0,7.0
1456810,13.0,13.0
1456820,2461.0,2623.0
1456880,859.0,883.0
1457030,89.0,93.0
1457070,16.0,17.0
1457080,1926.0,2293.0
1457130,4.0,5.0
1457180,5.0,5.0
1457220,721.0,747.0
1457320,1629.0,2009.0
1457330,15.0,15.0
1457340,5.0,5.0
1457370,38.0,41.0
1457480,36.0,39.0
1457490,51.0,63.0
1457500,5.0,5.0
1457510,307.0,361.0
1457520,369.0,413.0
1457550,134.0,160.0
1457630,198.0,244.0
1457660,64.0,81.0
1457710,22.0,25.0
1457740,133.0,145.0
1457820,5.0,5.0
1457840,11.0,11.0
1457930,33.0,40.0
1457980,47.0,52.0
1457990,23.0,25.0
1458000,52.0,61.0
1458040,1.0,1.0
1458090,31.0,33.0
1458100,6882.0,7632.0
1458140,11660.0,14053.0
1458250,5.0,5.0
1458300,95.0,96.0
1458340,12.0,15.0
1458350,25.0,29.0
1458370,6.0,7.0
1458390,243.0,260.0
1458530,46.0,52.0
1458560,216.0,275.0
1458590,57.0,67.0
1458620,31.0,39.0
1458690,99.0,109.0
1458810,31.0,39.0
1458900,181.0,229.0
1458920,220.0,233.0
1458930,156.0,164.0
1458960,8.0,10.0
1459010,142.0,157.0
1459020,5.0,6.0
1459160,16.0,21.0
1459210,8.0,8.0
1459250,4.0,4.0
1459500,163.0,217.0
1459530,2.0,2.0
1459540,44.0,47.0
1459570,13.0,13.0
1459710,73.0,73.0
1459740,1.0,1.0
1459760,4.0,5.0
1459870,74.0,86.0
1459910,288.0,303.0
1460040,223.0,292.0
1460050,50.0,51.0
1460070,10.0,11.0
1460090,1959.0,2031.0
1460220,841.0,885.0
1460230,11.0,13.0
1460250,86.0,112.0
1460290,99.0,127.0
1460310,15.0,16.0
1460440,22.0,23.0
1460480,7.0,7.0
1460490,154.0,161.0
1460530,1.0,1.0
1460540,258.0,277.0
1460550,353.0,444.0
1460610,58.0,67.0
1460670,9.0,10.0
1460750,210.0,257.0
1460830,571.0,637.0
1460870,21.0,26.0
1460910,1.0,1.0
1460930,4.0,4.0
1460970,4.0,5.0
1461020,8.0,9.0
1461040,15.0,18.0
1461060,15.0,16.0
1461090,9.0,9.0
1461100,188.0,218.0
1461130,126.0,135.0
1461140,14.0,16.0
1461200,198.0,215.0
1461220,13.0,15.0
1461360,27.0,29.0
1461370,12.0,15.0
1461410,3.0,3.0
1461420,24.0,25.0
1461490,60.0,77.0
1461570,3.0,3.0
1461600,1063.0,1184.0
1461630,27.0,29.0
1461680,371.0,410.0
1461710,16.0,17.0
1461740,230.0,266.0
1461770,180.0,203.0
1461800,42.0,50.0
1461920,262.0,279.0
1461930,26.0,26.0
1461960,29.0,33.0
1462040,26113.0,29367.0
1462170,4.0,5.0
1462210,17.0,17.0
1462220,20.0,22.0
1462340,4.0,4.0
1462420,57.0,57.0
1462430,44.0,45.0
1462470,1359.0,1457.0
1462490,74.0,79.0
1462520,130.0,146.0
1462540,4.0,5.0
1462570,3662.0,4111.0
1462620,56.0,66.0
1462650,522.0,562.0
1462700,34.0,38.0
1462720,12.0,12.0
1462730,88.0,109.0
1462760,13.0,15.0
1462780,9.0,10.0
1462790,48.0,52.0
1462910,9.0,10.0
1462960,4.0,4.0
1462970,17.0,20.0
1463040,7.0,9.0
1463120,8392.0,9178.0
1463130,10.0,10.0
1463350,5.0,6.0
1463380,1.0,1.0
1463450,44.0,45.0
1463470,201.0,219.0
1463510,13.0,15.0
1463530,96.0,108.0
1463570,6.0,6.0
1463730,1561.0,1801.0
1463740,7.0,9.0
1463760,17.0,19.0
1463780,450.0,577.0
1463840,11.0,12.0
1463870,32.0,41.0
1463890,376.0,393.0
1463920,2158.0,2402.0
1463960,8.0,9.0
1464000,96.0,103.0
1464010,52.0,54.0
1464050,5.0,6.0
1464100,17.0,21.0
1464170,30.0,34.0
1464190,14.0,14.0
1464220,85.0,88.0
1464290,18.0,20.0
1464390,7.0,9.0
1464400,10.0,13.0
1464410,11.0,14.0
1464420,1.0,1.0
1464480,17.0,21.0
1464500,42.0,50.0
1464520,4.0,4.0
1464550,111.0,112.0
1464620,34.0,39.0
1464630,4.0,4.0
1464840,3.0,3.0
1464850,11.0,11.0
1464910,32.0,39.0
1465050,69.0,81.0
1465060,2.0,2.0
1465070,2106.0,2711.0
1465110,2.0,2.0
1465120,5.0,6.0
1465260,94.0,120.0
1465310,4.0,4.0
1465330,12.0,12.0
1465360,32832.0,36679.0
1465370,11.0,13.0
1465380,120.0,144.0
1465400,2.0,2.0
1465410,8.0,10.0
1465440,22.0,23.0
1465510,350.0,363.0
1465580,1.0,1.0
1465640,47.0,49.0
1465710,108.0,125.0
1465830,2.0,2.0
1465860,4461.0,4910.0
1466030,1.0,1.0
1466060,2441.0,2907.0
1466100,15.0,16.0
1466110,4.0,4.0
1466140,2.0,2.0
1466180,598.0,698.0
1466230,109.0,111.0
1466240,2.0,2.0
1466260,12.0,12.0
1466350,19.0,22.0
1466400,15.0,18.0
1466430,10.0,12.0
1466450,11.0,11.0
1466530,6.0,6.0
1466580,29.0,32.0
1466610,14.0,17.0
1466640,17515.0,19103.0
1466680,63.0,77.0
1466690,192.0,209.0
1466840,4.0,5.0
1466860,62397.0,71727.0
1466950,8.0,9.0
1467060,13.0,15.0
1467070,24.0,31.0
1467190,1.0,1.0
1467330,1.0,1.0
1467340,13.0,17.0
1467390,18.0,20.0
1467560,5.0,5.0
1467580,4.0,5.0
1467830,34.0,36.0
1467920,1133.0,1201.0
1468000,28.0,35.0
1468040,52.0,69.0
1468090,6.0,6.0
1468160,299.0,334.0
1468180,44.0,55.0
1468190,2.0,2.0
1468220,45.0,51.0
1468240,31.0,39.0
1468250,33.0,38.0
1468260,22406.0,23703.0
1468280,59.0,72.0
1468380,71.0,79.0
1468510,37.0,39.0
1468720,4737.0,5638.0
1468750,8.0,9.0
1468950,1.0,1.0
1469030,1.0,1.0
1469050,10.0,10.0
1469090,1.0,1.0
1469110,13.0,14.0
1469120,11.0,13.0
1469140,4.0,4.0
1469230,1.0,1.0
1469240,1.0,1.0
1469260,34.0,35.0
1469280,6723.0,6863.0
1469300,55.0,72.0
1469370,225.0,289.0
1469430,18.0,20.0
1469450,3.0,3.0
1469540,35.0,38.0
1469610,3360.0,3847.0
1469620,297.0,305.0
1469660,2.0,2.0
1469690,181.0,229.0
1469700,4.0,4.0
1469750,4.0,4.0
1469800,13.0,13.0
1469840,2.0,2.0
1469850,107.0,109.0
1469860,6.0,6.0
1469890,1.0,1.0
1469910,203.0,236.0
1469960,29.0,30.0
1469990,1.0,1.0
1470010,13.0,15.0
1470020,44.0,45.0
1470030,11.0,12.0
1470040,2.0,2.0
1470110,1007.0,1081.0
1470120,440.0,467.0
1470130,6.0,7.0
1470150,9.0,10.0
1470220,12.0,13.0
1470240,1.0,1.0
1470310,147.0,161.0
1470320,33.0,41.0
1470380,16.0,21.0
1470390,92.0,112.0
1470420,51.0,62.0
1470430,44.0,50.0
1470480,9.0,10.0
1470590,13.0,13.0
1470660,2.0,2.0
1470680,1.0,1.0
1470720,10.0,11.0
1470870,8.0,8.0
1470910,2.0,2.0
1470920,60.0,68.0
1470930,10.0,10.0
1470940,54.0,55.0
1470970,20.0,21.0
1471080,45.0,57.0
1471190,79.0,85.0
1471210,14.0,15.0
1471220,1.0,1.0
1471270,447.0,546.0
1471330,1.0,1.0
1471410,1874.0,2207.0
1471460,7.0,7.0
1471470,18.0,19.0
1471490,38.0,40.0
1471500,3.0,3.0
1471570,18.0,23.0
1471580,2.0,2.0
1471600,8.0,9.0
1471630,11.0,13.0
1471680,11.0,12.0
1471700,49.0,65.0
1471730,6.0,6.0
1471850,1.0,1.0
1471900,3.0,3.0
1471910,101.0,115.0
1471920,6.0,7.0
1471960,159.0,164.0
1471980,8.0,10.0
1472040,12.0,12.0
1472060,25.0,27.0
1472070,370.0,388.0
1472110,10.0,12.0
1472130,239.0,243.0
1472150,3.0,3.0
1472220,132.0,148.0
1472320,11.0,11.0
1472390,3.0,3.0
1472420,2.0,2.0
1472540,34.0,42.0
1472580,1.0,1.0
1472600,36.0,39.0
1472620,54.0,66.0
1472660,2947.0,3681.0
1472810,1.0,1.0
1472820,4.0,4.0
1472930,149.0,158.0
1473000,19.0,21.0
1473030,14.0,18.0
1473050,661.0,703.0
1473100,2.0,2.0
1473130,2.0,2.0
1473170,11.0,12.0
1473220,23.0,24.0
1473290,16.0,17.0
1473350,5651.0,5861.0
1473390,9.0,9.0
1473540,8.0,8.0
1473550,47.0,51.0
1473640,4.0,4.0
1473660,51.0,55.0
1473760,19.0,25.0
1473820,27.0,31.0
1473840,33.0,34.0
1473870,20.0,25.0
1473880,35.0,41.0
1473920,19.0,23.0
1473930,8.0,10.0
1474090,470.0,505.0
1474110,7.0,8.0
1474120,82.0,85.0
1474130,10.0,13.0
1474160,10.0,10.0
1474200,208.0,245.0
1474280,7.0,8.0
1474300,13.0,14.0
1474550,25.0,27.0
1474770,58.0,67.0
1474840,1.0,1.0
1474850,15.0,19.0
1474860,20.0,22.0
1474880,23.0,29.0
1474940,6.0,7.0
1475000,3.0,3.0
1475080,24.0,24.0
1475100,6.0,6.0
1475200,61.0,76.0
1475250,2.0,2.0
1475260,14.0,16.0
1475280,3.0,3.0
1475330,10.0,13.0
1475350,10.0,10.0
1475380,7998.0,8599.0
1475400,709.0,911.0
1475420,20.0,20.0
1475440,47.0,50.0
1475460,181.0,209.0
1475470,1.0,1.0
1475520,8.0,8.0
1475550,2.0,2.0
1475650,16.0,18.0
1475700,6.0,6.0
1475770,2.0,2.0
1475780,20.0,20.0
1475800,8.0,8.0
1475810,14461.0,17610.0
1475840,610.0,647.0
1475850,316.0,415.0
1475890,37.0,42.0
1475960,41.0,42.0
1475970,19.0,23.0
1476100,33.0,39.0
1476220,6.0,6.0
1476230,73.0,96.0
1476340,1474.0,1538.0
1476350,214.0,232.0
1476410,6.0,6.0
1476430,127.0,134.0
1476450,53.0,67.0
1476680,71.0,82.0
1476750,2.0,2.0
1476760,43.0,46.0
1476800,38.0,39.0
1476870,3.0,3.0
1476950,7.0,9.0
1476970,14128.0,18046.0
1477000,7.0,7.0
1477010,13.0,17.0
1477050,63.0,81.0
1477060,422.0,526.0
1477070,4664.0,4994.0
1477130,91.0,97.0
1477170,93.0,101.0
1477250,4.0,4.0
1477330,519.0,566.0
1477390,4.0,4.0
1477440,5.0,6.0
1477560,3.0,3.0
1477590,5021.0,5584.0
1477610,242.0,268.0
1477660,1.0,1.0
1477770,244.0,315.0
1477790,1841.0,1947.0
1477810,1262.0,1377.0
1477830,3596.0,4096.0
1477850,2.0,2.0
1477870,15.0,19.0
1477880,16.0,20.0
1477890,31.0,39.0
1477900,9.0,11.0
1477950,130.0,164.0
1477980,62.0,74.0
1478030,68.0,74.0
1478070,754.0,802.0
1478160,1376.0,1520.0
1478180,27.0,29.0
1478210,11.0,12.0
1478220,3605.0,4180.0
1478240,12.0,12.0
1478310,15.0,18.0
1478320,22.0,23.0
1478340,142.0,154.0
1478350,145.0,168.0
1478410,318.0,327.0
1478480,4.0,4.0
1478610,5.0,5.0
1478620,13.0,14.0
1478650,505.0,567.0
1478740,3.0,3.0
1478770,4.0,4.0
1478780,7.0,9.0
1478850,113.0,146.0
1478860,456.0,470.0
1478880,12.0,13.0
1478930,414.0,447.0
1478970,56.0,63.0
1479000,4.0,4.0
1479020,11.0,14.0
1479030,105.0,123.0
1479140,723.0,930.0
1479210,5.0,6.0
1479280,22.0,23.0
1479310,33.0,34.0
1479360,1.0,1.0
1479370,12.0,12.0
1479390,140.0,147.0
1479400,19.0,20.0
1479460,25.0,32.0
1479500,416.0,437.0
1479530,11.0,12.0
1479540,16.0,17.0
1479610,13.0,16.0
1479750,5.0,6.0
1479760,2.0,2.0
1479830,8.0,9.0
1479840,13.0,13.0
1479850,9.0,10.0
1479880,63.0,82.0
1479890,53.0,56.0
1479910,1.0,1.0
1479940,24.0,30.0
1479960,66.0,71.0
1479980,11.0,11.0
1479990,24.0,27.0
1480010,18.0,18.0
1480040,17.0,18.0
1480050,21.0,23.0
1480120,537.0,579.0
1480140,107.0,117.0
1480190,1.0,1.0
1480210,1.0,1.0
1480240,4.0,5.0
1480270,1.0,1.0
1480280,6.0,6.0
1480400,8.0,10.0
1480410,15.0,19.0
1480440,35.0,46.0
1480470,8.0,8.0
1480540,40.0,46.0
1480630,13.0,13.0
1480690,5.0,6.0
1480740,11.0,14.0
1480830,357.0,404.0
1480860,2.0,2.0
1480910,17.0,17.0
1480930,78.0,101.0
1480960,110.0,136.0
1480970,4.0,4.0
1481000,23.0,24.0
1481020,15.0,15.0
1481080,2880.0,2996.0
1481120,19.0,19.0
1481140,25.0,26.0
1481160,5.0,5.0
1481210,45.0,49.0
1481310,6.0,7.0
1481400,10578.0,11102.0
1481440,221.0,269.0
1481600,8.0,9.0
1481630,14.0,14.0
1481660,4.0,4.0
1481710,5.0,6.0
1481720,23.0,24.0
1481730,2.0,2.0
1481780,393.0,421.0
1481810,40.0,47.0
1481840,10.0,11.0
1481870,4.0,4.0
1481880,1.0,1.0
1481910,58.0,60.0
1481930,11.0,11.0
1481960,6.0,7.0
1482050,16.0,19.0
1482130,37.0,37.0
1482150,28.0,30.0
1482260,1.0,1.0
1482330,13.0,14.0
1482340,114.0,116.0
1482380,1103.0,1198.0
1482430,42.0,46.0
1482490,109.0,116.0
1482520,3285.0,3596.0
1482530,10.0,10.0
1482550,4.0,5.0
1482610,16.0,18.0
1482620,4081.0,4889.0
1482640,81.0,94.0
1482700,105.0,123.0
1482740,4.0,4.0
1482750,351.0,384.0
1482770,301.0,326.0
1482800,12.0,12.0
1482820,59.0,74.0
1482830,116.0,125.0
1482860,1328.0,1557.0
1482870,33.0,37.0
1482880,25.0,29.0
1482940,12.0,12.0
1482970,20.0,21.0
1482980,2.0,2.0
1483030,6.0,7.0
1483040,21.0,21.0
1483060,15.0,16.0
1483100,121.0,144.0
1483130,16.0,19.0
1483140,4.0,4.0
1483300,58.0,75.0
1483310,60.0,69.0
1483320,28.0,32.0
1483350,130.0,140.0
1483360,5.0,6.0
1483370,365.0,398.0
1483390,2.0,2.0
1483420,1.0,1.0
1483430,14.0,18.0
1483470,37.0,37.0
1483570,41.0,51.0
1483580,10.0,11.0
1483600,9.0,10.0
1483780,388.0,446.0
1483800,40.0,42.0
1483870,27555.0,32852.0
1483890,30.0,34.0
1483940,31.0,32.0
1483970,12.0,15.0
1483980,88.0,104.0
1484010,1.0,1.0
1484100,4.0,4.0
1484130,25.0,25.0
1484180,83.0,94.0
1484280,1527.0,1679.0
1484490,96.0,99.0
1484600,24.0,25.0
1484620,135.0,151.0
1484660,2.0,2.0
1484720,4379.0,4632.0
1484730,111.0,118.0
1484790,2.0,2.0
1484800,1366.0,1488.0
1484900,2150.0,2405.0
1484940,40.0,40.0
1484960,368.0,429.0
1484970,2.0,2.0
1484980,2.0,2.0
1485010,13.0,14.0
1485030,8.0,8.0
1485050,28.0,32.0
1485070,96.0,125.0
1485080,4787.0,5418.0
1485100,299.0,372.0
1485120,133.0,155.0
1485190,33.0,42.0
1485250,812.0,858.0
1485260,37.0,42.0
1485280,28.0,36.0
1485350,104.0,135.0
1485380,2.0,2.0
1485450,43.0,51.0
1485580,39.0,43.0
1485630,14.0,16.0
1485650,43.0,53.0
1485900,54.0,57.0
1485980,3.0,3.0
1486030,18.0,23.0
1486080,68.0,71.0
1486270,17.0,19.0
1486300,8.0,9.0
1486350,3724.0,3934.0
1486370,8.0,9.0
1486430,5.0,6.0
1486440,138.0,141.0
1486630,3641.0,4032.0
1486690,72.0,83.0
1486700,3.0,3.0
1486790,24.0,24.0
1486840,95.0,97.0
1486950,115.0,135.0
1487030,18.0,18.0
1487100,11.0,13.0
1487120,43.0,52.0
1487140,4.0,5.0
1487210,568.0,749.0
1487230,1.0,1.0
1487240,5.0,5.0
1487270,1855.0,1924.0
1487280,2.0,2.0
1487320,28.0,35.0
1487360,21.0,21.0
1487410,736.0,815.0
1487450,28.0,31.0
1487460,33.0,38.0
1487480,2.0,2.0
1487520,5.0,6.0
1487560,44.0,56.0
1487590,333.0,367.0
1487610,8.0,9.0
1487650,5.0,6.0
1487680,269.0,295.0
1487730,5.0,5.0
1487780,20.0,22.0
1487800,26.0,29.0
1487840,18.0,20.0
1487860,1.0,1.0
1487870,42.0,51.0
1487900,27.0,32.0
1488000,1.0,1.0
1488050,8.0,8.0
1488070,8.0,8.0
1488100,107.0,114.0
1488110,5.0,5.0
1488150,4.0,4.0
1488160,1.0,1.0
1488200,11251.0,11867.0
1488220,1.0,1.0
1488230,17.0,17.0
1488250,1.0,1.0
1488430,87.0,112.0
1488500,4.0,4.0
1488510,22.0,23.0
1488560,357.0,470.0
1488620,16.0,17.0
1488640,40.0,43.0
1488650,46.0,51.0
1488700,1.0,1.0
1488740,11.0,13.0
1488750,23.0,27.0
1488810,174.0,226.0
1488860,37.0,47.0
1489000,20.0,21.0
1489020,4.0,4.0
1489110,142.0,170.0
1489120,95.0,99.0
1489130,51.0,58.0
1489170,39.0,44.0
1489220,1.0,1.0
1489280,37.0,39.0
1489290,30.0,35.0
1489300,67.0,71.0
1489330,12.0,14.0
1489400,58.0,72.0
1489410,233.0,274.0
1489500,85.0,97.0
1489520,2.0,2.0
1489590,108.0,135.0
1489600,77.0,85.0
1489610,9.0,11.0
1489630,2466.0,3063.0
1489680,229.0,251.0
1489810,30.0,32.0
1489830,83.0,102.0
1489840,52.0,65.0
1489970,939.0,1175.0
1490030,4.0,4.0
1490060,436.0,463.0
1490180,28.0,32.0
1490190,100.0,111.0
1490330,7.0,8.0
1490340,230.0,247.0
1490410,153.0,198.0
1490490,38.0,38.0
1490590,77.0,81.0
1490610,1020.0,1194.0
1490620,11.0,13.0
1490860,496.0,590.0
1490870,18.0,18.0
1490890,16122.0,18429.0
1490900,13.0,13.0
1490910,17.0,19.0
1490980,116.0,121.0
1491040,33.0,37.0
1491090,21.0,23.0
1491120,8.0,10.0
1491180,4.0,4.0
1491190,9.0,9.0
1491200,205.0,225.0
1491340,898.0,1006.0
1491400,10.0,11.0
1491460,57.0,72.0
1491480,1.0,1.0
1491490,250.0,262.0
1491510,98.0,109.0
1491530,16.0,19.0
1491540,1.0,1.0
1491570,1.0,1.0
1491640,254.0,309.0
1491670,1529.0,1624.0
1491720,57.0,74.0
1491780,21.0,22.0
1491790,25.0,27.0
1491920,1.0,1.0
1491950,9.0,11.0
1491960,16.0,16.0
1492000,21.0,24.0
1492070,4097.0,4826.0
1492120,9.0,11.0
1492150,37.0,45.0
1492160,223.0,236.0
1492190,5.0,6.0
1492200,323.0,370.0
1492210,24.0,25.0
1492250,41.0,46.0
1492260,7.0,8.0
1492290,16.0,18.0
1492330,1667.0,1742.0
1492350,65.0,67.0
1492420,30.0,30.0
1492430,17.0,21.0
1492440,5.0,6.0
1492450,71.0,81.0
1492480,36.0,44.0
1492540,1.0,1.0
1492570,26.0,33.0
1492610,19.0,20.0
1492620,102.0,108.0
1492640,25.0,27.0
1492650,16.0,18.0
1492680,1323.0,1452.0
1492720,102.0,105.0
1492730,283.0,312.0
1492750,51.0,51.0
1492780,2.0,2.0
1492900,39.0,42.0
1492980,65.0,69.0
1493020,152.0,170.0
1493050,7.0,7.0
1493160,24.0,28.0
1493240,19.0,22.0
1493300,386.0,459.0
1493310,15.0,17.0
1493380,4.0,4.0
1493400,22.0,29.0
1493410,26.0,29.0
1493450,67.0,79.0
1493460,10.0,10.0
1493490,4.0,4.0
1493520,425.0,505.0
1493560,10.0,11.0
1493590,4.0,5.0
1493640,3589.0,4170.0
1493660,1.0,1.0
1493720,55.0,72.0
1493730,332.0,379.0
1493780,3.0,3.0
1493840,51.0,57.0
1493910,38.0,43.0
1493930,6.0,6.0
1493960,41.0,44.0
1493970,148.0,163.0
1494110,219.0,249.0
1494140,247.0,284.0
1494180,15.0,16.0
1494190,621.0,664.0
1494280,15.0,19.0
1494310,9.0,10.0
1494370,9.0,10.0
1494400,49.0,60.0
1494420,3150.0,4104.0
1494450,41.0,46.0
1494460,522.0,599.0
1494470,615.0,685.0
1494500,90.0,93.0
1494530,4.0,4.0
1494560,295.0,315.0
1494570,8.0,8.0
1494580,2.0,2.0
1494650,13.0,14.0
1494670,21.0,23.0
1494680,14.0,15.0
1494720,21.0,24.0
1494780,3.0,3.0
1494790,1.0,1.0
1494810,2352.0,2428.0
1494840,921.0,1026.0
1494910,135.0,147.0
1494920,85.0,88.0
1495000,32.0,33.0
1495040,2.0,2.0
1495080,17.0,18.0
1495090,3.0,3.0
1495110,5.0,6.0
1495120,5.0,6.0
1495280,5.0,5.0
1495320,3341.0,3991.0
1495380,38.0,43.0
1495400,9.0,9.0
1495420,124.0,139.0
1495460,17.0,19.0
1495510,17.0,17.0
1495640,165.0,180.0
1495760,7.0,9.0
1495780,10.0,12.0
1495820,2.0,2.0
1495830,56.0,71.0
1495860,304.0,325.0
1495870,37.0,41.0
1495900,6.0,6.0
1495910,9.0,10.0
1495920,18.0,19.0
1495940,129.0,138.0
1495990,41.0,46.0
1496180,189.0,195.0
1496210,4.0,4.0
1496250,129.0,162.0
1496310,66.0,68.0
1496320,74.0,92.0
1496590,245.0,278.0
1496620,18.0,20.0
1496640,49.0,52.0
1496680,14.0,17.0
1496990,10.0,10.0
1497000,50.0,58.0
1497080,51.0,56.0
1497110,74.0,91.0
1497130,266.0,270.0
1497230,103.0,117.0
1497250,49.0,56.0
1497290,6.0,7.0
1497360,158.0,208.0
1497440,5947.0,6250.0
1497450,327.0,383.0
1497510,9.0,10.0
1497530,3.0,3.0
1497590,42.0,52.0
1497600,14.0,16.0
1497630,16.0,21.0
1497650,20.0,20.0
1497710,37.0,39.0
1497770,3.0,3.0
1497780,33.0,35.0
1497790,11.0,11.0
1497800,2.0,2.0
1497820,38.0,38.0
1497950,607.0,740.0
1498050,21.0,23.0
1498250,74.0,89.0
1498280,11.0,13.0
1498290,14.0,14.0
1498310,207.0,272.0
1498400,1.0,1.0
1498450,31.0,36.0
1498460,7.0,8.0
1498490,18.0,19.0
1498570,6550.0,7870.0
1498590,95.0,107.0
1498600,21.0,26.0
1498630,9.0,10.0
1498720,1.0,1.0
1498740,792.0,886.0
1498770,6.0,6.0
1498790,4.0,4.0
1498840,7.0,8.0
1498940,17.0,20.0
1498990,5.0,5.0
1499030,6.0,7.0
1499060,2.0,2.0
1499120,1142.0,1188.0
1499140,17.0,17.0
1499160,1.0,1.0
1499180,37.0,40.0
1499190,32.0,33.0
1499210,15.0,16.0
1499220,31.0,32.0
1499230,1.0,1.0
1499300,193.0,196.0
1499660,38.0,41.0
1499690,21.0,24.0
1499700,89.0,118.0
1499710,2.0,2.0
1499770,14.0,16.0
1499960,2.0,2.0
1499980,3.0,3.0
1499990,39.0,43.0
1500030,3.0,3.0
1500060,5.0,6.0
1500180,82.0,86.0
1500230,3.0,3.0
1500250,7.0,8.0
1500280,4.0,4.0
1500290,23.0,28.0
1500300,21.0,22.0
1500350,9.0,10.0
1500380,182.0,218.0
1500390,18.0,18.0
1500400,2.0,2.0
1500470,23.0,23.0
1500480,4.0,4.0
1500490,21.0,22.0
1500540,33.0,36.0
1500580,1.0,1.0
1500600,76.0,79.0
1500740,759.0,766.0
1500780,1.0,1.0
1500800,33.0,37.0
1500820,430.0,453.0
1500870,6.0,7.0
1500970,90.0,106.0
1501100,29.0,38.0
1501120,38.0,45.0
1501150,9.0,10.0
1501390,11.0,14.0
1501410,311.0,329.0
1501420,46.0,47.0
1501470,1.0,1.0
1501490,94.0,104.0
1501500,6.0,6.0
1501540,3.0,3.0
1501610,2105.0,2297.0
1501640,1.0,1.0
1501650,78.0,83.0
1501690,379.0,453.0
1501740,1.0,1.0
1501760,2.0,2.0
1501780,44.0,44.0
1501790,5.0,5.0
1501800,13.0,13.0
1501830,1.0,1.0
1501920,13.0,14.0
1501950,7.0,9.0
1501960,1.0,1.0
1501970,35.0,44.0
1502060,9.0,11.0
1502080,360.0,377.0
1502110,51.0,62.0
1502180,17.0,19.0
1502260,127.0,142.0
1502380,415.0,491.0
1502490,2.0,2.0
1502520,52.0,53.0
1502540,10.0,10.0
1502560,369.0,430.0
1502570,1.0,1.0
1502610,4.0,4.0
1502620,73.0,86.0
1502630,24.0,26.0
1502660,828.0,979.0
1502680,22.0,23.0
1502710,73.0,87.0
1502740,7.0,7.0
1502760,30.0,39.0
1502770,10.0,11.0
1502790,229.0,250.0
1502800,60.0,64.0
1502890,1.0,1.0
1502920,39.0,48.0
1502970,684.0,760.0
1502980,251.0,327.0
1502990,274.0,299.0
1503000,3.0,3.0
1503250,23.0,25.0
1503270,3.0,3.0
1503280,247.0,295.0
1503390,34.0,40.0
1503430,14.0,14.0
1503480,8.0,8.0
1503530,231.0,241.0
1503630,29.0,38.0
1503670,321.0,392.0
1503750,9.0,9.0
1503820,47.0,59.0
1503850,278.0,358.0
1503920,60.0,73.0
1503990,36.0,46.0
1504020,4574.0,4807.0
1504090,16.0,16.0
1504150,521.0,585.0
1504220,66.0,67.0
1504250,375.0,429.0
1504260,18.0,19.0
1504270,51.0,64.0
1504320,5.0,5.0
1504340,108.0,112.0
1504350,4.0,5.0
1504460,25.0,31.0
1504500,8064.0,8345.0
1504580,3.0,3.0
1504740,945.0,1097.0
1504760,180.0,193.0
1504840,10.0,12.0
1504930,2.0,2.0
1504950,1.0,1.0
1505010,22.0,23.0
1505220,3.0,3.0
1505230,1.0,1.0
1505270,8.0,9.0
1505380,31.0,31.0
1505390,16.0,21.0
1505450,12.0,14.0
1505460,41.0,45.0
1505470,28.0,32.0
1505500,7.0,8.0
1505560,197.0,238.0
1505570,4.0,4.0
1505600,9.0,10.0
1505670,4.0,4.0
1505690,2.0,2.0
1505700,93.0,96.0
1505750,4.0,4.0
1505770,73.0,78.0
1505840,4.0,4.0
1505960,2.0,2.0
1506020,6.0,6.0
1506080,60.0,60.0
1506230,131.0,170.0
1506260,47.0,48.0
1506280,2016.0,2480.0
1506400,1.0,1.0
1506430,23.0,28.0
1506510,1343.0,1450.0
1506520,23.0,25.0
1506610,19.0,21.0
1506640,12.0,14.0
1506710,15.0,16.0
1506760,99.0,118.0
1506820,85.0,87.0
1506830,97458.0,121095.0
1506850,697.0,780.0
1506970,14.0,17.0
1506980,5743.0,5927.0
1507080,3.0,3.0
1507110,23.0,28.0
1507180,24.0,28.0
1507190,4620.0,4988.0
1507260,8.0,9.0
1507270,3.0,3.0
1507280,1.0,1.0
1507400,14.0,18.0
1507410,109.0,123.0
1507420,174.0,209.0
1507530,29.0,30.0
1507620,29.0,29.0
1507630,14.0,17.0
1507640,12.0,15.0
1507720,268.0,330.0
1507740,14.0,18.0
1507780,631.0,687.0
1507790,25.0,32.0
1507850,16.0,18.0
1507860,14.0,14.0
1507930,4.0,4.0
1507950,14.0,14.0
1507970,4472.0,4526.0
1507980,1.0,1.0
1507990,18.0,20.0
1508000,19.0,20.0
1508030,790.0,923.0
1508170,114.0,126.0
1508220,5.0,5.0
1508250,1.0,1.0
1508260,28.0,34.0
1508270,604.0,677.0
1508280,37.0,44.0
1508370,8.0,9.0
1508400,186.0,236.0
1508410,5.0,6.0
1508430,105.0,118.0
1508440,2.0,2.0
1508460,454.0,459.0
1508490,83.0,96.0
1508530,220.0,242.0
1508640,21.0,22.0
1508650,32.0,35.0
1508660,41.0,45.0
1508680,1135.0,1310.0
1508740,208.0,240.0
1508750,256.0,269.0
1508920,191.0,202.0
1508950,256.0,337.0
1508980,25.0,25.0
1509040,70.0,90.0
1509080,43.0,48.0
1509130,5.0,6.0
1509150,4.0,5.0
1509360,29.0,38.0
1509450,92.0,106.0
1509510,6050.0,6934.0
1509520,13.0,16.0
1509590,339.0,386.0
1509670,5.0,6.0
1509710,2.0,2.0
1509720,14.0,15.0
1509750,18.0,19.0
1509790,13.0,13.0
1509810,9.0,10.0
1509820,3718.0,4042.0
1509830,69.0,75.0
1509840,12.0,14.0
1509960,24306.0,26774.0
1510030,1919.0,1972.0
1510090,10.0,13.0
1510280,14.0,15.0
1510390,4.0,4.0
1510410,23.0,25.0
1510460,3019.0,3308.0
1510570,131.0,157.0
1510620,114.0,120.0
1510630,162.0,170.0
1510670,70.0,75.0
1510680,1.0,1.0
1510860,103.0,134.0
1510890,17.0,19.0
1510900,1.0,1.0
1510930,101.0,115.0
1510950,398.0,411.0
1511040,58.0,61.0
1511090,95.0,101.0
1511140,52.0,57.0
1511240,29.0,29.0
1511270,2276.0,2412.0
1511310,14.0,14.0
1511330,43.0,51.0
1511400,7.0,7.0
1511450,16.0,17.0
1511460,1219.0,1490.0
1511540,2.0,2.0
1511610,4.0,5.0
1511630,604.0,742.0
1511670,880.0,998.0
1511690,38.0,46.0
1511780,1194.0,1287.0
1511830,36.0,47.0
1511860,2145.0,2192.0
1511870,64.0,78.0
1511950,31.0,31.0
1511970,33.0,38.0
1512240,98.0,124.0
1512290,3.0,3.0
1512320,10.0,11.0
1512350,4.0,4.0
1512370,1.0,1.0
1512390,123.0,134.0
1512480,393.0,451.0
1512540,2.0,2.0
1512570,11.0,11.0
1512590,657.0,864.0
1512660,5.0,5.0
1512710,169.0,172.0
1512720,92.0,98.0
1512730,1.0,1.0
1512830,108.0,112.0
1512840,14.0,15.0
1512860,25.0,28.0
1512960,11.0,12.0
1513090,7.0,9.0
1513110,28.0,30.0
1513120,131.0,136.0
1513180,9.0,11.0
1513190,6.0,6.0
1513240,4.0,4.0
1513280,1.0,1.0
1513310,43.0,46.0
1513370,7.0,9.0
1513380,1.0,1.0
1513390,1.0,1.0
1513420,129.0,150.0
1513450,41.0,43.0
1513460,28.0,30.0
1513480,21.0,21.0
1513510,23.0,26.0
1513530,39.0,39.0
1513640,7.0,7.0
1513650,1.0,1.0
1513670,16.0,16.0
1513680,17.0,17.0
1513690,6.0,7.0
1513700,2.0,2.0
1513740,14.0,17.0
1513790,8.0,8.0
1513800,2.0,2.0
1513820,2.0,2.0
1513910,42.0,45.0
1513950,17.0,19.0
1514000,26.0,28.0
1514010,1.0,1.0
1514030,32.0,41.0
1514170,2.0,2.0
1514290,1.0,1.0
1514360,284.0,360.0
1514370,130.0,145.0
1514430,4.0,4.0
1514610,35.0,42.0
1514620,17.0,21.0
1514640,16.0,16.0
1514650,16.0,17.0
1514660,406.0,473.0
1514730,5.0,5.0
1514780,34.0,36.0
1514840,584.0,695.0
1514880,23.0,23.0
1514900,11.0,12.0
1514920,1.0,1.0
1514930,1228.0,1566.0
1514950,446.0,491.0
1515020,53.0,62.0
1515200,301.0,310.0
1515210,13376.0,14129.0
1515230,1052.0,1374.0
1515400,34.0,41.0
1515420,31.0,39.0
1515470,43.0,47.0
1515490,139.0,142.0
1515570,46.0,56.0
1515580,11.0,12.0
1515600,1.0,1.0
1515710,13.0,17.0
1515730,2.0,2.0
1515740,41.0,49.0
1515800,38.0,38.0
1515820,58.0,71.0
1515890,280.0,305.0
1515900,673.0,742.0
1515920,1.0,1.0
1515970,3.0,3.0
1516050,116.0,129.0
1516080,325.0,361.0
1516190,18.0,22.0
1516240,3033.0,3136.0
1516320,34.0,36.0
1516330,41.0,50.0
1516340,10.0,12.0
1516350,32.0,34.0
1516360,8.0,8.0
1516400,243.0,317.0
1516450,3.0,3.0
1516550,22.0,22.0
1516600,1.0,1.0
1516610,4.0,4.0
1516680,25.0,32.0
1516760,48.0,51.0
1516900,25.0,33.0
1516940,28.0,31.0
1516950,13.0,15.0
1516960,8.0,10.0
1517050,1.0,1.0
1517110,6.0,6.0
1517120,6.0,7.0
1517150,687.0,765.0
1517160,31.0,33.0
1517230,20.0,25.0
1517240,32.0,32.0
1517340,2626.0,2926.0
1517350,62.0,69.0
1517440,9.0,9.0
1517490,20.0,20.0
1517510,7.0,7.0
1517530,22.0,23.0
1517560,5.0,5.0
1517770,4.0,4.0
1517810,26.0,30.0
1517830,161.0,183.0
1517850,1598.0,1658.0
1517870,8.0,8.0
1517890,49.0,58.0
1517930,14.0,15.0
1517970,1230.0,1594.0
1518020,9.0,10.0
1518030,6.0,6.0
1518190,118.0,157.0
1518220,195.0,234.0
1518320,5.0,5.0
1518350,37.0,40.0
1518360,25.0,26.0
1518370,1.0,1.0
1518380,1.0,1.0
1518430,314.0,371.0
1518440,260.0,319.0
1518610,1.0,1.0
1518650,4.0,4.0
1518680,4.0,4.0
1518690,51.0,58.0
1518770,764.0,810.0
1518810,824.0,864.0
1518820,90.0,107.0
1518940,47.0,55.0
1518950,369.0,371.0
1518970,17.0,18.0
1518990,1.0,1.0
1519000,3.0,3.0
1519010,77.0,84.0
1519020,27.0,31.0
1519050,22.0,23.0
1519060,155.0,189.0
1519070,28.0,36.0
1519140,22.0,24.0
1519240,12.0,12.0
1519380,10.0,10.0
1519420,1.0,1.0
1519470,74.0,88.0
1519490,395.0,408.0
1519550,15.0,19.0
1519560,22.0,23.0
1519570,1.0,1.0
1519590,67.0,71.0
1519610,1.0,1.0
1519630,7.0,7.0
1519640,50.0,58.0
1519650,5.0,5.0
1519680,3.0,3.0
1519690,55.0,57.0
1519710,165.0,214.0
1519730,7.0,7.0
1519770,21.0,22.0
1519820,11.0,12.0
1519850,7.0,9.0
1519880,3.0,3.0
1519910,7.0,8.0
1520060,499.0,547.0
1520170,61.0,79.0
1520250,94.0,97.0
1520270,329.0,410.0
1520290,6.0,7.0
1520310,14.0,15.0
1520330,80.0,87.0
1520370,12745.0,13093.0
1520380,423.0,554.0
1520470,20948.0,25439.0
1520500,2150.0,2415.0
1520510,16.0,20.0
1520570,4.0,4.0
1520580,1.0,1.0
1520610,19.0,24.0
1520680,48.0,56.0
1520690,4.0,4.0
1520800,3.0,3.0
1520830,4.0,4.0
1520850,75.0,88.0
1520880,6.0,6.0
1520900,102.0,131.0
1521100,46.0,52.0
1521110,102.0,110.0
1521410,6.0,7.0
1521490,13.0,16.0
1521520,51.0,57.0
1521580,3265.0,3526.0
1521600,24.0,28.0
1521810,161.0,168.0
1521820,4.0,4.0
1521870,78.0,91.0
1521890,48.0,51.0
1521900,3.0,3.0
1521930,120.0,132.0
1521960,6.0,6.0
1522020,2.0,2.0
1522040,5.0,5.0
1522070,9.0,9.0
1522080,220.0,256.0
1522120,2.0,2.0
1522140,96.0,126.0
1522160,519.0,543.0
1522230,13.0,16.0
1522260,475.0,596.0
1522280,298.0,384.0
1522300,6.0,6.0
1522320,62.0,67.0
1522470,24.0,26.0
1522540,17.0,21.0
1522560,360.0,380.0
1522570,2.0,2.0
1522640,7.0,7.0
1522670,1.0,1.0
1522710,22.0,25.0
1522770,38.0,41.0
1522820,11144.0,13040.0
1522850,38.0,39.0
1522860,7.0,9.0
1522870,2952.0,3058.0
1522930,219.0,238.0
1522950,210.0,221.0
1522960,833.0,1027.0
1522970,6.0,6.0
1523010,34.0,35.0
1523040,5.0,5.0
1523150,63.0,66.0
1523170,18.0,21.0
1523260,79.0,99.0
1523350,12.0,12.0
1523370,150.0,185.0
1523390,191.0,210.0
1523400,545.0,687.0
1523440,104.0,123.0
1523510,91.0,109.0
1523640,1.0,1.0
1523670,38.0,42.0
1523680,11.0,12.0
1523720,230.0,257.0
1523790,13.0,15.0
1524020,26.0,32.0
1524110,80.0,106.0
1524150,6.0,6.0
1524250,213.0,224.0
1524290,6.0,6.0
1524340,43.0,54.0
1524350,62.0,72.0
1524380,43.0,47.0
1524400,67.0,88.0
1524530,70.0,88.0
1524550,214.0,251.0
1524580,3.0,3.0
1524650,65.0,78.0
1524690,56.0,59.0
1524710,28.0,31.0
1524790,122.0,137.0
1524810,11.0,13.0
1524920,5.0,6.0
1524930,28.0,29.0
1525050,134.0,161.0
1525060,11.0,11.0
1525150,1.0,1.0
1525210,4.0,5.0
1525320,91.0,94.0
1525380,3.0,3.0
1525390,1.0,1.0
1525410,358.0,476.0
1525420,137.0,177.0
1525490,56.0,72.0
1525540,6.0,6.0
1525560,6.0,6.0
1525650,15.0,18.0
1525660,345.0,380.0
1525700,8816.0,9544.0
1525810,9.0,10.0
1525890,160.0,175.0
1525970,10.0,10.0
1526000,2.0,2.0
1526080,29.0,33.0
1526090,12.0,14.0
1526160,8.0,9.0
1526180,97.0,127.0
1526190,2.0,2.0
1526220,2.0,2.0
1526330,14.0,16.0
1526340,16.0,16.0
1526350,22.0,26.0
1526370,61.0,62.0
1526490,9393.0,10847.0
1526680,16.0,17.0
1526750,48.0,55.0
1526820,22.0,24.0
1526870,65.0,84.0
1526920,26.0,26.0
1526930,50.0,55.0
1527060,99.0,104.0
1527140,24.0,24.0
1527270,21.0,25.0
1527380,13.0,15.0
1527460,13.0,17.0
1527500,77.0,88.0
1527510,117.0,120.0
1527520,101.0,110.0
1527620,25.0,26.0
1527640,6.0,6.0
1527780,22.0,26.0
1527830,22.0,29.0
1527880,66.0,73.0
1527910,3510.0,3852.0
1527930,22.0,25.0
1527950,23654.0,26131.0
1527960,2.0,2.0
1528010,22.0,27.0
1528020,121.0,152.0
1528050,141.0,162.0
1528080,3604.0,4127.0
1528110,25.0,25.0
1528120,54.0,61.0
1528130,841.0,1015.0
1528200,18.0,19.0
1528220,66.0,87.0
1528240,195.0,245.0
1528300,10.0,13.0
1528330,6.0,6.0
1528430,1.0,1.0
1528470,7.0,9.0
1528520,6.0,7.0
1528560,652.0,800.0
1528570,108.0,129.0
1528580,44.0,48.0
1528590,14.0,16.0
1528800,2.0,2.0
1528810,241.0,270.0
1528880,12.0,14.0
1528900,2.0,2.0
1528970,20.0,20.0
1528980,4.0,4.0
1529160,63.0,67.0
1529210,1.0,1.0
1529220,102.0,111.0
1529230,66.0,71.0
1529250,16.0,18.0
1529410,21.0,23.0
1529430,21.0,21.0
1529470,211.0,242.0
1529560,62.0,68.0
1529710,897.0,1143.0
1529770,28.0,29.0
1529800,5.0,5.0
1529810,751.0,851.0
1529990,84.0,103.0
1530020,6.0,7.0
1530070,6.0,7.0
1530130,8.0,9.0
1530140,2417.0,2435.0
1530160,1257.0,1513.0
1530230,14.0,17.0
1530240,6.0,7.0
1530260,3.0,3.0
1530360,1.0,1.0
1530370,19.0,25.0
1530630,45.0,45.0
1530650,204.0,265.0
1530700,2.0,2.0
1530720,383.0,453.0
1530760,295.0,314.0
1530790,5.0,6.0
1530800,37.0,38.0
1531000,13.0,16.0
1531010,21.0,24.0
1531030,7.0,7.0
1531040,54.0,55.0
1531070,15.0,17.0
1531190,9.0,10.0
1531200,2.0,2.0
1531230,1.0,1.0
1531250,169.0,219.0
1531270,2.0,2.0
1531290,2.0,2.0
1531340,9.0,10.0
1531490,429.0,459.0
1531550,62.0,82.0
1531620,50.0,54.0
1531790,19.0,22.0
1531930,5.0,6.0
1532080,10.0,13.0
1532110,15.0,16.0
1532180,459.0,478.0
1532190,24.0,25.0
1532200,963.0,992.0
1532240,4.0,4.0
1532250,150.0,160.0
1532260,35.0,39.0
1532360,120.0,146.0
1532400,9.0,11.0
1532510,667.0,675.0
1532520,30.0,34.0
1532640,1.0,1.0
1532650,73.0,77.0
1532690,1476.0,1778.0
1532710,314.0,318.0
1532750,7.0,7.0
1532760,18.0,19.0
1532770,960.0,1059.0
1532780,18.0,21.0
1532830,17.0,18.0
1532920,14.0,14.0
1533050,460.0,511.0
1533080,21.0,27.0
1533120,8.0,10.0
1533280,117.0,140.0
1533390,54304.0,59573.0
1533410,4.0,5.0
1533420,15738.0,16019.0
1533430,12.0,14.0
1533470,148.0,155.0
1533500,34.0,37.0
1533560,11.0,13.0
1533570,7.0,9.0
1533580,1.0,1.0
1533590,152.0,173.0
1533600,74.0,81.0
1533650,7.0,8.0
1533680,267.0,290.0
1533720,73.0,84.0
1533770,1.0,1.0
1533780,5.0,5.0
1533870,10.0,11.0
1533980,3.0,3.0
1534000,1.0,1.0
1534180,286.0,322.0
1534200,125.0,137.0
1534250,5.0,6.0
1534260,101.0,117.0
1534270,107.0,109.0
1534290,15.0,19.0
1534340,354.0,375.0
1534350,8.0,9.0
1534370,1.0,1.0
1534430,5.0,6.0
1534480,8.0,9.0
1534520,99.0,116.0
1534630,14.0,15.0
1534660,6.0,6.0
1534700,57.0,61.0
1534850,76.0,85.0
1534930,10.0,10.0
1534950,6.0,7.0
1534980,3132.0,3309.0
1535030,2.0,2.0
1535190,39.0,47.0
1535200,45.0,53.0
1535210,157.0,191.0
1535240,6.0,6.0
1535290,18.0,18.0
1535320,1.0,1.0
1535360,18.0,19.0
1535420,9.0,11.0
1535490,94.0,97.0
1535560,5705.0,5959.0
1535610,126.0,161.0
1535660,5.0,6.0
1535880,5.0,5.0
1535910,3.0,3.0
1535960,6.0,7.0
1536070,1433.0,1702.0
1536080,379.0,460.0
1536090,1746.0,1974.0
1536190,4.0,4.0
1536210,118.0,156.0
1536420,132.0,167.0
1536470,328.0,379.0
1536520,48.0,56.0
1536570,74.0,91.0
1536590,2.0,2.0
1536600,19.0,21.0
1536610,12464.0,12966.0
1536620,201.0,218.0
1536690,7.0,7.0
1536720,39.0,44.0
1536730,38.0,41.0
1536740,7.0,7.0
1536870,12.0,15.0
1536890,12.0,12.0
1536980,765.0,830.0
1537010,2.0,2.0
1537080,139.0,157.0
1537090,12.0,12.0
1537150,1.0,1.0
1537340,5.0,6.0
1537410,5.0,5.0
1537430,12.0,12.0
1537540,9.0,10.0
1537600,11.0,14.0
1537670,6.0,7.0
1537700,1.0,1.0
1537740,101.0,110.0
1537800,24.0,29.0
1537850,5.0,5.0
1537910,223.0,267.0
1537930,3.0,3.0
1537970,11.0,12.0
1537980,10.0,10.0
1538040,1.0,1.0
1538090,3.0,3.0
1538340,11.0,11.0
1538350,23.0,23.0
1538370,2.0,2.0
1538400,8.0,8.0
1538460,1000.0,1129.0
1538480,11.0,12.0
1538600,20.0,23.0
1538610,13.0,15.0
1538650,19.0,22.0
1538680,49.0,54.0
1538730,88.0,98.0
1538750,39.0,42.0
1538770,7.0,7.0
1538850,223.0,244.0
1538890,8.0,8.0
1538900,102.0,125.0
1539140,1076.0,1115.0
1539160,535.0,576.0
1539250,5.0,6.0
1539360,5.0,5.0
1539580,685.0,824.0
1539620,146.0,193.0
1539630,2.0,2.0
1539710,1.0,1.0
1539750,49.0,50.0
1539770,33.0,35.0
1539780,123.0,138.0
1539810,20.0,22.0
1539870,4.0,4.0
1539950,2.0,2.0
1540060,173.0,190.0
1540130,14.0,16.0
1540140,1.0,1.0
1540150,2361.0,2676.0
1540190,1.0,1.0
1540210,1131.0,1401.0
1540220,217.0,227.0
1540330,18.0,22.0
1540350,410.0,452.0
1540570,96.0,97.0
1540600,5.0,5.0
1540650,8.0,8.0
1540740,5.0,6.0
1540790,1.0,1.0
1540910,18.0,22.0
1540920,5.0,6.0
1541020,338.0,394.0
1541100,7.0,7.0
1541220,262.0,335.0
1541240,23.0,30.0
1541250,867.0,927.0
1541280,7.0,7.0
1541410,27.0,28.0
1541530,15.0,18.0
1541590,5.0,5.0
1541730,2.0,2.0
1541750,3.0,3.0
1541830,241.0,251.0
1542000,5.0,6.0
1542010,5.0,5.0
1542060,16.0,17.0
1542080,1.0,1.0
1542100,162.0,200.0
1542120,15.0,18.0
1542160,5.0,5.0
1542170,15.0,18.0
1542280,274.0,331.0
1542290,41.0,49.0
1542330,1.0,1.0
1542390,166.0,205.0
1542450,5.0,6.0
1542490,11.0,13.0
1542550,17.0,19.0
1542630,22.0,23.0
1542670,45.0,51.0
1542710,15.0,19.0
1542760,20.0,21.0
1542790,159.0,179.0
1542810,357.0,361.0
1542820,6.0,6.0
1542840,52.0,53.0
1542850,28.0,29.0
1542860,39.0,40.0
1542870,1.0,1.0
1542880,1.0,1.0
1542930,6.0,6.0
1542950,1569.0,1623.0
1542980,1.0,1.0
1543020,3.0,3.0
1543090,87.0,107.0
1543150,698.0,913.0
1543210,31.0,37.0
1543240,163.0,175.0
1543280,812.0,933.0
1543290,30.0,30.0
1543330,33.0,36.0
1543380,94.0,98.0
1543430,116.0,147.0
1543460,156.0,177.0
1543520,61.0,61.0
1543620,2.0,2.0
1543630,1.0,1.0
1543650,2.0,2.0
1543690,12.0,12.0
1543710,130.0,145.0
1543730,24.0,28.0
1543750,26.0,32.0
1543760,45.0,52.0
1543790,19.0,19.0
1543940,4.0,4.0
1543970,40.0,47.0
1543980,97.0,104.0
1544000,40.0,41.0
1544110,3.0,3.0
1544120,7.0,7.0
1544140,9.0,10.0
1544150,10.0,12.0
1544250,10.0,11.0
1544260,76.0,80.0
1544300,1.0,1.0
1544360,3102.0,3741.0
1544380,1.0,1.0
1544460,90.0,109.0
1544470,6.0,7.0
1544480,9.0,9.0
1544510,63.0,76.0
1544530,3.0,3.0
1544540,146.0,169.0
1544570,115.0,125.0
1544580,29.0,36.0
1544600,4.0,4.0
1544720,3.0,3.0
1544730,1.0,1.0
1544820,2.0,2.0
1544850,1.0,1.0
1545000,1.0,1.0
1545040,9.0,10.0
1545250,80.0,80.0
1545280,9.0,10.0
1545290,107.0,123.0
1545350,10.0,12.0
1545380,1.0,1.0
1545430,170.0,206.0
1545450,3809.0,3928.0
1545560,3789.0,4041.0
1545570,20.0,21.0
1545580,1.0,1.0
1545590,16.0,19.0
1545600,58.0,77.0
1545610,26.0,29.0
1545620,37.0,40.0
1545690,1.0,1.0
1545700,34.0,37.0
1545710,77.0,88.0
1545780,16.0,20.0
1545810,1.0,1.0
1545820,709.0,848.0
1545830,100.0,131.0
1545850,36.0,43.0
1545880,5.0,5.0
1545970,8.0,9.0
1545990,498.0,502.0
1546060,100.0,111.0
1546090,197.0,250.0
1546100,200.0,235.0
1546120,3.0,3.0
1546310,1047.0,1144.0
1546320,1330.0,1663.0
1546360,6.0,7.0
1546400,1304.0,1391.0
1546440,249.0,274.0
1546500,374.0,417.0
1546550,11.0,12.0
1546570,3445.0,3536.0
1546630,1.0,1.0
1546710,366.0,466.0
1546770,26.0,34.0
1546790,755.0,789.0
1546860,3025.0,3243.0
1546870,423.0,473.0
1546910,4.0,4.0
1546920,468.0,516.0
1546930,259.0,306.0
1546940,100.0,117.0
1546990,2676.0,3466.0
1547030,24.0,27.0
1547160,271.0,344.0
1547220,1.0,1.0
1547290,84.0,87.0
1547300,42.0,48.0
1547320,9.0,11.0
1547340,81.0,85.0
1547350,36.0,41.0
1547370,3.0,3.0
1547380,263.0,332.0
1547410,39.0,43.0
1547480,4.0,4.0
1547580,8.0,9.0
1547620,12.0,12.0
1547630,10.0,13.0
1547670,369.0,473.0
1547780,10.0,11.0
1547790,8.0,8.0
1547890,3133.0,3495.0
1547910,12.0,14.0
1548010,6.0,6.0
1548030,1.0,1.0
1548050,79.0,103.0
1548110,4.0,5.0
1548190,28.0,28.0
1548270,13.0,14.0
1548320,403.0,431.0
1548350,19.0,20.0
1548400,64.0,67.0
1548620,10.0,13.0
1548660,5.0,5.0
1548750,251.0,290.0
1548800,26.0,27.0
1548820,294.0,340.0
1548830,32.0,34.0
1548850,9886.0,11749.0
1548870,24.0,29.0
1548930,22.0,26.0
1548940,149.0,157.0
1549020,6.0,6.0
1549030,514.0,545.0
1549060,130.0,150.0
1549130,5.0,5.0
1549140,14.0,14.0
1549160,23.0,30.0
1549220,16.0,19.0
1549240,83.0,98.0
1549340,20.0,24.0
1549420,35.0,36.0
1549550,841.0,885.0
1549620,23.0,25.0
1549630,1.0,1.0
1549640,5.0,5.0
1549660,109.0,119.0
1549690,1508.0,1713.0
1549730,25.0,30.0
1549750,818.0,895.0
1549850,96.0,125.0
1549970,18353.0,23018.0
1549980,19.0,20.0
1550020,29.0,32.0
1550050,3.0,3.0
1550080,29.0,35.0
1550100,9.0,9.0
1550110,18.0,18.0
1550180,338.0,386.0
1550230,35.0,40.0
1550270,60.0,68.0
1550280,23.0,30.0
1550380,8.0,9.0
1550400,3.0,3.0
1550430,4.0,4.0
1550450,35.0,39.0
1550460,12.0,13.0
1550510,1068.0,1228.0
1550600,131.0,170.0
1550630,7.0,8.0
1550650,42.0,50.0
1550660,22.0,22.0
1550680,11.0,14.0
1550730,307.0,389.0
1550760,219.0,240.0
1550800,1.0,1.0
1550840,247.0,280.0
1550870,168.0,170.0
1550990,42.0,54.0
1551010,22.0,24.0
1551030,185.0,232.0
1551080,18.0,20.0
1551110,6.0,7.0
1551120,1.0,1.0
1551150,45.0,56.0
1551180,55.0,63.0
1551230,34.0,36.0
1551290,10.0,11.0
1551340,6.0,7.0
1551360,173077.0,196135.0
1551480,2.0,2.0
1551510,110.0,146.0
1551520,117.0,152.0
1551530,391.0,436.0
1551540,94.0,112.0
1551550,34.0,43.0
1551560,155.0,170.0
1551570,110.0,142.0
1551590,94.0,125.0
1551620,39.0,51.0
1551630,49.0,65.0
1551670,324.0,410.0
1551680,1.0,1.0
1551730,11.0,13.0
1551770,5.0,5.0
1551830,6.0,6.0
1552080,379.0,466.0
1552090,7.0,8.0
1552130,81.0,90.0
1552140,83.0,104.0
1552210,15.0,19.0
1552250,316.0,334.0
1552260,1.0,1.0
1552310,198.0,220.0
1552350,1163.0,1291.0
1552430,33.0,34.0
1552460,45.0,51.0
1552530,10.0,13.0
1552550,1614.0,1761.0
1552600,21.0,22.0
1552680,60.0,62.0
1552740,15.0,15.0
1552760,34.0,36.0
1552810,812.0,1049.0
1552830,2.0,2.0
1552940,6.0,7.0
1552960,37.0,46.0
1553080,16.0,17.0
1553120,598.0,673.0
1553180,4.0,4.0
1553200,9.0,9.0
1553230,182.0,240.0
1553320,196.0,229.0
1553400,8.0,8.0
1553480,1.0,1.0
1553530,8.0,8.0
1553650,17.0,21.0
1553710,85.0,105.0
1553740,14.0,16.0
1553800,22.0,23.0
1553810,18.0,22.0
1553840,12.0,13.0
1553850,3.0,3.0
1553890,599.0,722.0
1553910,482.0,539.0
1553950,1.0,1.0
1553990,1.0,1.0
1554050,19.0,21.0
1554070,27.0,28.0
1554080,29.0,33.0
1554130,37.0,45.0
1554160,22.0,23.0
1554170,26.0,30.0
1554220,251.0,301.0
1554260,672.0,729.0
1554320,4.0,5.0
1554380,22.0,29.0
1554400,212.0,236.0
1554460,17.0,21.0
1554500,7.0,8.0
1554510,1.0,1.0
1554520,3.0,3.0
1554550,123.0,128.0
1554590,32.0,41.0
1554600,230.0,279.0
1554640,122.0,141.0
1554650,83.0,85.0
1554660,46.0,49.0
1554680,51.0,61.0
1554700,355.0,384.0
1554780,18.0,22.0
1554790,1658.0,1777.0
1554840,1375.0,1436.0
1554860,374.0,446.0
1554920,2.0,2.0
1554970,133.0,162.0
1555070,8.0,8.0
1555080,22.0,25.0
1555110,3032.0,3275.0
1555140,289.0,353.0
1555150,517.0,564.0
1555290,1.0,1.0
1555310,46.0,56.0
1555400,699.0,788.0
1555420,7.0,8.0
1555500,2.0,2.0
1555540,3.0,3.0
1555570,8.0,10.0
1555580,22.0,22.0
1555590,36.0,39.0
1555650,45.0,50.0
1555710,2174.0,2287.0
1555770,16.0,18.0
1555780,3.0,3.0
1555800,11.0,12.0
1555900,2.0,2.0
1555920,8.0,8.0
1555950,12.0,13.0
1556010,43.0,45.0
1556040,2.0,2.0
1556100,2516.0,3315.0
1556150,13.0,13.0
1556160,18.0,19.0
1556200,3210.0,4161.0
1556250,17.0,19.0
1556270,2.0,2.0
1556420,18.0,21.0
1556430,3.0,3.0
1556540,10.0,12.0
1556550,2.0,2.0
1556650,38.0,41.0
1556660,17.0,17.0
1556680,1.0,1.0
1556770,104.0,114.0
1556790,10533.0,12682.0
1556860,161.0,213.0
1556870,1042.0,1283.0
1556920,10.0,13.0
1556930,10.0,11.0
1556960,8.0,9.0
1556980,1139.0,1348.0
1557040,599.0,668.0
1557050,10.0,12.0
1557060,68.0,80.0
1557200,14.0,15.0
1557230,50.0,59.0
1557300,4.0,4.0
1557360,2.0,2.0
1557410,107.0,133.0
1557420,245.0,315.0
1557430,18.0,21.0
1557670,10.0,10.0
1557710,14.0,18.0
1557720,63.0,63.0
1557740,30245.0,31790.0
1557760,23.0,24.0
1557840,65.0,74.0
1557990,4117.0,5360.0
1558000,139.0,151.0
1558070,1.0,1.0
1558130,15.0,18.0
1558180,33.0,37.0
1558210,31.0,32.0
1558440,18.0,21.0
1558490,90.0,118.0
1558510,766.0,798.0
1558630,13.0,15.0
1558670,26.0,32.0
1558710,2.0,2.0
1558730,25.0,31.0
1558750,9.0,10.0
1558840,31.0,39.0
1558900,216.0,230.0
1558970,96.0,98.0
1558990,212.0,247.0
1559060,5.0,5.0
1559070,4.0,5.0
1559100,34.0,41.0
1559180,3.0,3.0
1559270,5.0,5.0
1559300,87.0,103.0
1559330,20.0,22.0
1559370,2.0,2.0
1559390,12013.0,13396.0
1559430,284.0,286.0
1559570,155.0,172.0
1559600,903.0,964.0
1559680,497.0,625.0
1559700,26.0,28.0
1559760,76.0,77.0
1559810,20.0,26.0
1559840,13.0,13.0
1559850,11.0,14.0
1559900,1.0,1.0
1559920,16.0,18.0
1559930,8.0,8.0
1559960,15.0,16.0
1559970,13.0,15.0
1559990,5.0,6.0
1560050,4.0,4.0
1560060,422.0,438.0
1560100,15.0,17.0
1560130,20.0,22.0
1560200,26.0,34.0
1560250,2260.0,2520.0
1560300,1.0,1.0
1560400,4.0,4.0
1560420,10.0,10.0
1560450,24.0,26.0
1560490,2.0,2.0
1560590,29.0,34.0
1560730,3.0,3.0
1560770,181.0,227.0
1560850,11.0,12.0
1560860,10.0,12.0
1560890,19.0,22.0
1560970,12.0,12.0
1561060,54.0,61.0
1561090,87.0,89.0
1561100,5.0,6.0
1561340,239.0,260.0
1561380,57.0,62.0
1561390,9.0,10.0
1561430,14.0,14.0
1561500,5.0,5.0
1561530,4.0,5.0
1561560,36.0,39.0
1561670,14.0,18.0
1561750,208.0,231.0
1561780,4.0,4.0
1561800,19.0,24.0
1561860,9.0,11.0
1561870,29.0,33.0
1561880,14.0,16.0
1561890,197.0,243.0
1561910,420.0,471.0
1561920,8.0,8.0
1562060,6.0,6.0
1562230,55.0,62.0
1562270,5.0,5.0
1562400,26.0,29.0
1562420,5404.0,5950.0
1562430,34045.0,35524.0
1562440,5.0,5.0
1562450,572.0,739.0
1562510,9.0,10.0
1562550,2.0,2.0
1562580,1.0,1.0
1562700,29333.0,30102.0
1562740,2.0,2.0
1562760,5.0,5.0
1562780,12.0,14.0
1562800,29.0,37.0
1562860,122.0,155.0
1562870,33.0,39.0
1562880,6.0,7.0
1562910,143.0,175.0
1562920,133.0,133.0
1562930,47.0,55.0
1562940,770.0,917.0
1562970,4.0,5.0
1563010,26.0,26.0
1563030,14.0,18.0
1563150,44.0,51.0
1563210,4.0,4.0
1563320,26.0,29.0
1563340,194.0,213.0
1563380,3.0,3.0
1563460,11.0,12.0
1563490,299.0,319.0
1563530,28.0,30.0
1563550,12.0,13.0
1563700,333.0,410.0
1563720,10.0,12.0
1563770,11.0,12.0
1563780,27.0,29.0
1563840,24.0,26.0
1563860,19.0,23.0
1563870,13.0,14.0
1563950,46.0,56.0
1564010,6.0,6.0
1564040,4.0,4.0
1564090,793.0,814.0
1564100,20.0,24.0
1564130,5.0,5.0
1564140,7.0,7.0
1564150,29.0,30.0
1564220,111.0,119.0
1564240,5.0,5.0
1564280,12.0,13.0
1564350,8.0,9.0
1564400,2.0,2.0
1564550,51.0,56.0
1564560,402.0,431.0
1564580,5.0,5.0
1564600,354.0,385.0
1564660,14.0,16.0
1564690,4.0,5.0
1564760,33.0,42.0
1564790,1106.0,1118.0
1564920,20.0,24.0
1564930,24.0,30.0
1564940,22.0,28.0
1564950,24.0,29.0
1564970,3.0,3.0
1564980,19.0,20.0
1565030,4.0,5.0
1565060,16.0,19.0
1565080,123.0,150.0
1565090,20.0,22.0
1565110,2.0,2.0
1565150,4.0,4.0
1565200,3.0,3.0
1565210,34.0,38.0
1565240,8.0,8.0
1565250,7.0,8.0
1565450,9.0,9.0
1565500,6.0,6.0
1565530,19.0,19.0
1565580,10.0,12.0
1565610,16.0,18.0
1565630,3.0,3.0
1565670,189.0,227.0
1565680,30.0,37.0
1565720,4.0,4.0
1565780,5.0,6.0
1565800,1.0,1.0
1565840,10.0,10.0
1565850,6.0,7.0
1565870,2.0,2.0
1565880,30.0,30.0
1565970,10.0,13.0
1565990,1.0,1.0
1566050,20.0,20.0
1566060,2330.0,2734.0
1566070,59.0,70.0
1566090,53.0,64.0
1566120,12.0,14.0
1566140,6.0,6.0
1566160,303.0,368.0
1566200,2283.0,2476.0
1566230,78.0,84.0
1566250,39.0,39.0
1566340,20.0,24.0
1566350,5.0,5.0
1566390,2371.0,2852.0
1566410,1703.0,1739.0
1566450,175.0,220.0
1566460,10.0,10.0
1566500,3.0,3.0
1566510,1.0,1.0
1566540,113.0,136.0
1566550,21.0,21.0
1566570,35.0,41.0
1566580,10.0,11.0
1566620,48.0,59.0
1566670,28.0,28.0
1566820,12.0,14.0
1566840,36.0,41.0
1567000,212.0,228.0
1567030,302.0,326.0
1567060,25.0,28.0
1567080,544.0,644.0
1567190,9.0,9.0
1567260,186.0,221.0
1567380,17.0,17.0
1567400,34.0,39.0
1567420,741.0,784.0
1567440,1208.0,1241.0
1567490,46.0,49.0
1567670,5.0,5.0
1567680,1.0,1.0
1567720,6.0,7.0
1567740,168.0,194.0
1567800,4311.0,4350.0
1567860,331.0,394.0
1567870,5.0,5.0
1567930,13.0,13.0
1567950,13.0,15.0
1568030,17.0,17.0
1568040,3.0,3.0
1568050,22.0,24.0
1568130,17.0,17.0
1568190,21.0,21.0
1568210,18.0,18.0
1568240,7.0,7.0
1568260,5.0,5.0
1568310,32.0,38.0
1568320,1.0,1.0
1568400,11613.0,11751.0
1568430,1.0,1.0
1568440,1.0,1.0
1568450,1.0,1.0
1568480,16.0,19.0
1568540,1906.0,2065.0
1568580,20.0,20.0
1568590,58591.0,67334.0
1568620,290.0,361.0
1568650,53.0,58.0
1568720,40.0,43.0
1568790,8.0,8.0
1568880,144.0,148.0
1568920,22.0,23.0
1568940,2211.0,2641.0
1568970,526.0,562.0
1569040,19792.0,21385.0
1569090,1466.0,1619.0
1569120,4.0,5.0
1569150,139.0,145.0
1569170,25.0,25.0
1569180,122.0,131.0
1569200,742.0,936.0
1569340,3.0,3.0
1569350,31.0,38.0
1569470,124.0,129.0
1569520,968.0,989.0
1569540,2.0,2.0
1569550,371.0,406.0
1569560,8.0,10.0
1569620,392.0,422.0
1569650,120.0,135.0
1569720,18.0,22.0
1569810,134.0,148.0
1569970,17.0,18.0
1569990,4.0,5.0
1570010,3804.0,4101.0
1570050,7.0,8.0
1570080,557.0,599.0
1570130,52.0,62.0
1570160,34.0,35.0
1570200,11.0,14.0
1570320,13.0,13.0
1570330,1644.0,1935.0
1570420,11.0,13.0
1570500,22.0,23.0
1570510,138.0,165.0
1570610,3.0,3.0
1570620,4.0,4.0
1570650,18.0,20.0
1570680,5.0,5.0
1570720,63.0,83.0
1570730,295.0,378.0
1570750,65.0,73.0
1570760,401.0,442.0
1570790,52.0,55.0
1570870,1.0,1.0
1570960,675.0,704.0
1570980,127.0,134.0
1570990,7.0,8.0
1571010,81.0,91.0
1571030,10.0,12.0
1571070,42.0,51.0
1571100,1020.0,1076.0
1571120,28.0,29.0
1571130,21.0,22.0
1571140,72.0,91.0
1571180,62.0,79.0
1571190,214.0,281.0
1571210,2.0,2.0
1571220,132.0,137.0
1571270,5.0,5.0
1571280,112.0,125.0
1571330,12.0,14.0
1571360,1.0,1.0
1571380,27.0,29.0
1571440,10679.0,12434.0
1571450,8.0,8.0
1571460,72.0,83.0
1571480,4.0,5.0
1571540,13.0,13.0
1571600,25.0,27.0
1571640,11.0,11.0
1571660,15.0,17.0
1571690,50.0,65.0
1571750,5.0,5.0
1571820,237.0,267.0
1571840,11.0,12.0
1571880,33.0,34.0
1571890,31.0,38.0
1571940,617.0,655.0
1571990,193.0,210.0
1572020,1.0,1.0
1572040,182.0,187.0
1572080,711.0,787.0
1572120,46.0,48.0
1572140,6.0,6.0
1572170,5.0,5.0
1572180,22.0,28.0
1572190,23.0,30.0
1572220,7.0,7.0
1572270,195.0,209.0
1572320,8.0,9.0
1572340,210.0,253.0
1572420,212.0,264.0
1572450,358.0,469.0
1572460,1.0,1.0
1572800,13.0,14.0
1572810,446.0,520.0
1572830,21.0,23.0
1572850,3.0,3.0
1572910,10.0,11.0
1572920,928.0,983.0
1572970,3.0,3.0
1572990,123.0,142.0
1573010,21.0,25.0
1573060,84.0,103.0
1573080,45.0,51.0
1573090,478.0,518.0
1573100,428.0,551.0
1573160,15.0,17.0
1573170,49.0,56.0
1573220,6.0,6.0
1573240,2.0,2.0
1573250,13.0,15.0
1573280,1010.0,1155.0
1573300,425.0,550.0
1573390,107.0,123.0
1573420,67.0,80.0
1573430,34.0,38.0
1573500,4.0,5.0
1573540,17.0,21.0
1573580,124.0,129.0
1573620,13.0,14.0
1573630,710.0,746.0
1573710,2.0,2.0
1573720,782.0,1014.0
1573730,125.0,149.0
1573750,367.0,398.0
1573800,5.0,5.0
1573860,26.0,27.0
1574000,1017.0,1299.0
1574010,35.0,37.0
1574020,1.0,1.0
1574050,26.0,26.0
1574060,4.0,4.0
1574110,8.0,10.0
1574200,15.0,15.0
1574240,2522.0,2815.0
1574250,579.0,717.0
1574260,2388.0,2484.0
1574270,2547.0,2586.0
1574310,1413.0,1569.0
1574330,57.0,58.0
1574370,6.0,7.0
1574380,3.0,3.0
1574390,24.0,25.0
1574420,5.0,6.0
1574470,49.0,49.0
1574510,9.0,9.0
1574530,12.0,13.0
1574580,10689.0,11234.0
1574610,3.0,3.0
1574620,19.0,21.0
1574670,1.0,1.0
1574700,1931.0,2237.0
1574750,66.0,86.0
1574760,12.0,14.0
1574780,57.0,61.0
1574800,140.0,174.0
1574820,3837.0,3894.0
1574850,14.0,16.0
1574900,1044.0,1207.0
1574910,106.0,108.0
1575030,7.0,7.0
1575040,9.0,10.0
1575070,43.0,43.0
1575100,7.0,8.0
1575160,8.0,8.0
1575290,12.0,14.0
1575300,123.0,134.0
1575310,7.0,8.0
1575320,3.0,3.0
1575380,4.0,4.0
1575450,633.0,708.0
1575470,400.0,490.0
1575510,53.0,53.0
1575540,13.0,17.0
1575580,17.0,18.0
1575590,16.0,17.0
1575640,74.0,95.0
1575670,140.0,148.0
1575680,703.0,872.0
1575690,12.0,13.0
1575730,42.0,46.0
1575750,5.0,5.0
1575860,14.0,15.0
1575870,3024.0,3599.0
1575900,3.0,3.0
1575940,4357.0,5052.0
1575950,19.0,19.0
1575960,14.0,15.0
1575970,20.0,21.0
1575980,302.0,317.0
1576000,61.0,74.0
1576020,3.0,3.0
1576050,7.0,7.0
1576080,19.0,19.0
1576130,115.0,131.0
1576150,10.0,13.0
1576230,24.0,29.0
1576240,1153.0,1272.0
1576370,91.0,102.0
1576490,36.0,38.0
1576540,2.0,2.0
1576560,15.0,16.0
1576570,9.0,9.0
1576600,26.0,33.0
1576620,4.0,5.0
1576720,33.0,38.0
1576770,3.0,3.0
1576840,10.0,11.0
1576850,22.0,29.0
1576860,5.0,6.0
1576880,33.0,43.0
1576900,2.0,2.0
1576990,12.0,12.0
1577050,16.0,16.0
1577080,10.0,12.0
1577120,12735.0,15795.0
1577140,7.0,8.0
1577250,672.0,843.0
1577260,67.0,72.0
1577320,549.0,694.0
1577350,4.0,4.0
1577360,2.0,2.0
1577410,9.0,10.0
1577420,981.0,1037.0
1577460,32.0,33.0
1577470,68.0,77.0
1577570,3.0,3.0
1577620,464.0,529.0
1577660,93.0,98.0
1577670,1.0,1.0
1577680,4.0,4.0
1577690,41.0,42.0
1577750,23.0,26.0
1577860,2.0,2.0
1577880,91.0,93.0
1577900,7.0,8.0
1577910,6.0,7.0
1577990,2.0,2.0
1578020,1.0,1.0
1578050,45.0,51.0
1578060,38.0,38.0
1578070,1.0,1.0
1578100,72.0,78.0
1578110,16.0,17.0
1578160,126.0,157.0
1578170,11.0,13.0
1578190,5.0,5.0
1578220,1013.0,1101.0
1578290,79.0,79.0
1578300,2.0,2.0
1578330,25.0,26.0
1578340,25.0,26.0
1578380,1.0,1.0
1578390,2315.0,2542.0
1578440,28.0,31.0
1578500,44.0,47.0
1578540,13.0,16.0
1578570,19.0,22.0
1578650,5898.0,6334.0
1578710,3.0,3.0
1578730,1.0,1.0
1578860,3347.0,3508.0
1578880,22.0,28.0
1578890,14.0,15.0
1578920,5.0,6.0
1578950,137.0,144.0
1578960,123.0,139.0
1578990,107.0,118.0
1579000,10.0,10.0
1579120,51.0,52.0
1579160,111.0,114.0
1579190,25.0,29.0
1579250,1.0,1.0
1579270,5.0,5.0
1579280,45.0,58.0
1579300,18.0,20.0
1579310,25.0,30.0
1579320,54.0,71.0
1579380,3885.0,4158.0
1579390,40.0,40.0
1579490,10.0,13.0
1579530,13.0,13.0
1579660,124.0,129.0
1579680,19.0,19.0
1579730,15.0,17.0
1579780,27.0,33.0
1579850,39.0,40.0
1579880,880.0,981.0
1579890,26.0,34.0
1579920,64.0,77.0
1580010,31.0,39.0
1580040,1.0,1.0
1580100,13.0,13.0
1580140,5.0,5.0
1580150,244.0,297.0
1580180,634.0,731.0
1580210,74.0,82.0
1580240,1446.0,1644.0
1580250,1.0,1.0
1580280,3.0,3.0
1580340,18.0,18.0
1580380,12.0,13.0
1580420,8.0,8.0
1580460,11.0,14.0
1580500,1.0,1.0
1580560,23.0,23.0
1580570,55.0,58.0
1580600,16.0,16.0
1580750,7.0,7.0
1580770,12.0,12.0
1580780,1636.0,2001.0
1580790,1069.0,1389.0
1580800,319.0,357.0
1580970,4062.0,4215.0
1580980,3.0,3.0
1581040,304.0,347.0
1581050,12.0,13.0
1581070,12.0,12.0
1581090,6.0,7.0
1581170,60.0,78.0
1581180,240.0,253.0
1581220,205.0,256.0
1581240,10.0,10.0
1581280,12.0,12.0
1581310,4.0,4.0
1581380,4.0,5.0
1581440,3.0,3.0
1581480,364.0,385.0
1581490,16.0,17.0
1581500,65.0,66.0
1581580,51.0,52.0
1581660,13.0,15.0
1581670,4.0,5.0
1581680,12.0,13.0
1581720,16.0,16.0
1581740,22.0,22.0
1581770,1625.0,2025.0
1581790,9.0,9.0
1581800,518.0,578.0
1581830,31.0,32.0
1581860,14.0,15.0
1581880,41.0,42.0
1581890,6.0,6.0
1581950,442.0,554.0
1582070,6.0,6.0
1582090,21.0,27.0
1582160,8.0,8.0
1582180,49.0,63.0
1582260,3.0,3.0
1582290,173.0,179.0
1582380,16.0,21.0
1582410,69.0,73.0
1582510,407.0,534.0
1582570,508.0,545.0
1582600,106.0,107.0
1582650,1039.0,1127.0
1582730,6.0,7.0
1582740,13.0,17.0
1582850,132.0,146.0
1582890,885.0,944.0
1582900,20.0,25.0
1582950,32.0,34.0
1582960,27.0,31.0
1582990,17.0,18.0
1583070,1.0,1.0
1583080,6.0,7.0
1583140,40.0,46.0
1583170,10.0,11.0
1583180,6.0,6.0
1583230,15215.0,17148.0
1583240,56.0,59.0
1583280,999.0,1054.0
1583290,8.0,8.0
1583320,19109.0,21183.0
1583390,83.0,88.0
1583450,4.0,4.0
1583500,229.0,270.0
1583570,853.0,1095.0
1583610,5.0,6.0
1583650,59.0,68.0
1583660,3.0,3.0
1583690,11.0,11.0
1583830,7.0,7.0
1583840,2.0,2.0
1583850,322.0,336.0
1583900,26.0,31.0
1583910,21.0,23.0
1583950,7.0,8.0
1583960,2.0,2.0
1584040,65.0,81.0
1584090,23081.0,23399.0
1584170,4.0,5.0
1584190,33.0,38.0
1584210,7.0,9.0
1584280,138.0,143.0
1584330,51.0,63.0
1584420,42.0,43.0
1584450,88.0,104.0
1584460,10.0,11.0
1584500,2.0,2.0
1584530,3.0,3.0
1584540,27.0,28.0
1584640,8157.0,8658.0
1584670,17.0,18.0
1584680,63.0,73.0
1584690,154.0,205.0
1584720,26.0,33.0
1584750,98.0,114.0
1584810,247.0,277.0
1584830,211.0,223.0
1584860,10.0,12.0
1584950,3.0,3.0
1585020,431.0,570.0
1585050,6.0,7.0
1585180,929.0,959.0
1585220,5918.0,6209.0
1585250,40.0,48.0
1585330,8.0,10.0
1585340,6.0,6.0
1585400,20.0,23.0
1585440,641.0,789.0
1585450,1.0,1.0
1585460,1.0,1.0
1585500,35.0,37.0
1585540,264.0,292.0
1585570,1413.0,1661.0
1585590,5.0,6.0
1585640,9.0,9.0
1585650,20.0,20.0
1585700,307.0,321.0
1585730,3.0,3.0
1585750,4.0,4.0
1585830,46.0,49.0
1585910,360.0,391.0
1586010,2.0,2.0
1586110,10.0,12.0
1586220,192.0,231.0
1586230,44.0,47.0
1586270,14.0,15.0
1586290,241.0,269.0
1586300,58.0,77.0
1586350,30.0,34.0
1586370,74.0,76.0
1586510,3.0,3.0
1586530,35.0,45.0
1586540,2.0,2.0
1586570,5.0,5.0
1586620,21.0,21.0
1586650,1.0,1.0
1586700,339.0,362.0
1586750,145.0,160.0
1586800,4261.0,4303.0
1586820,72.0,91.0
1586830,298.0,365.0
1586840,74.0,84.0
1586880,132.0,166.0
1586890,7.0,9.0
1586960,90.0,105.0
1586970,28.0,31.0
1586980,12.0,13.0
1586990,74.0,91.0
1587090,279.0,285.0
1587130,3348.0,3711.0
1587180,177.0,209.0
1587190,41.0,50.0
1587200,25.0,27.0
1587210,3.0,3.0
1587240,30.0,37.0
1587260,67.0,69.0
1587290,52.0,59.0
1587350,16.0,19.0
1587500,5.0,6.0
1587530,2.0,2.0
1587560,2042.0,2157.0
1587680,2.0,2.0
1587710,279.0,283.0
1587800,8.0,8.0
1587810,28.0,30.0
1587860,73.0,78.0
1587880,11.0,11.0
1587950,3.0,3.0
1588120,10.0,13.0
1588130,4.0,5.0
1588160,85.0,96.0
1588190,46.0,57.0
1588250,22.0,25.0
1588340,74.0,86.0
1588380,354.0,398.0
1588400,206.0,246.0
1588410,132.0,155.0
1588510,14.0,18.0
1588530,2801.0,2940.0
1588570,145.0,160.0
1588590,4.0,4.0
1588600,4.0,5.0
1588610,33.0,33.0
1588620,13.0,15.0
1588700,38.0,44.0
1588760,133.0,153.0
1588780,1.0,1.0
1588910,58.0,71.0
1588940,55.0,61.0
1588950,12.0,15.0
1589010,28.0,33.0
1589070,18.0,21.0
1589120,1195.0,1571.0
1589260,6.0,6.0
1589270,16.0,19.0
1589380,99.0,120.0
1589410,12.0,14.0
1589440,4.0,4.0
1589450,2.0,2.0
1589460,5.0,6.0
1589490,85.0,106.0
1589500,42.0,47.0
1589520,4.0,5.0
1589540,15.0,19.0
1589560,8.0,8.0
1589570,86.0,89.0
1589670,4.0,4.0
1589680,35.0,39.0
1589710,4.0,4.0
1589830,2.0,2.0
1589860,1.0,1.0
1589880,5.0,6.0
1589920,14.0,15.0
1590010,4.0,4.0
1590020,13.0,17.0
1590080,28.0,29.0
1590190,87.0,92.0
1590230,1014.0,1040.0
1590270,30.0,35.0
1590320,15546.0,19906.0
1590360,1113.0,1408.0
1590420,2.0,2.0
1590500,4.0,4.0
1590570,192.0,211.0
1590600,489.0,528.0
1590640,186.0,243.0
1590660,540.0,576.0
1590680,23.0,27.0
1590700,103.0,114.0
1590730,561.0,679.0
1590850,118.0,120.0
1590910,3396.0,4031.0
1590920,17.0,19.0
1590970,2.0,2.0
1591050,13.0,15.0
1591150,50.0,58.0
1591200,10.0,10.0
1591220,72.0,91.0
1591290,1185.0,1218.0
1591300,36.0,42.0
1591380,17.0,17.0
1591420,1256.0,1415.0
1591450,419.0,550.0
1591490,154.0,157.0
1591520,3933.0,4648.0
1591530,1163.0,1410.0
1591540,16.0,17.0
1591570,637.0,663.0
1591670,52.0,59.0
1591690,58.0,73.0
1591730,40.0,41.0
1591760,64.0,76.0
1591830,13.0,14.0
1591840,5.0,6.0
1591850,8.0,8.0
1591870,250.0,273.0
1591910,15.0,19.0
1591950,13.0,14.0
1592020,7.0,8.0
1592100,95.0,108.0
1592120,8.0,10.0
1592190,11671.0,14965.0
1592230,66.0,87.0
1592260,360.0,448.0
1592280,2855.0,3048.0
1592290,525.0,597.0
1592340,74.0,80.0
1592360,240.0,242.0
1592370,14.0,14.0
1592420,6.0,6.0
1592480,47.0,55.0
1592490,88.0,99.0
1592520,1012.0,1077.0
1592530,38.0,41.0
1592540,309.0,328.0
1592610,156.0,169.0
1592670,2736.0,2929.0
1592680,457.0,597.0
1592720,29.0,30.0
1592740,74.0,91.0
1592750,301.0,325.0
1592780,83.0,102.0
1592860,2.0,2.0
1592880,35.0,41.0
1592890,52.0,54.0
1592980,20.0,23.0
1592990,10.0,10.0
1593030,5114.0,5879.0
1593040,26.0,29.0
1593080,10.0,11.0
1593160,4.0,4.0
1593170,71.0,73.0
1593210,17.0,20.0
1593220,15.0,18.0
1593280,54.0,64.0
1593310,4634.0,5194.0
1593350,903.0,1035.0
1593410,26.0,28.0
1593490,235.0,272.0
1593500,138331.0,143863.0
1593590,9.0,10.0
1593620,4.0,4.0
1593660,12.0,13.0
1593700,46.0,47.0
1593730,84.0,91.0
1593760,7.0,8.0
1593780,255.0,297.0
1593790,34.0,45.0
1593930,49.0,61.0
1593950,94.0,98.0
1594060,233.0,242.0
1594090,264.0,289.0
1594120,37.0,42.0
1594130,107.0,111.0
1594170,14.0,18.0
1594290,7.0,7.0
1594310,9.0,11.0
1594320,5624.0,5962.0
1594370,12.0,15.0
1594400,285.0,334.0
1594410,295.0,319.0
1594420,31.0,34.0
1594460,84.0,94.0
1594560,2.0,2.0
1594610,3.0,3.0
1594710,2.0,2.0
1594810,15.0,18.0
1594830,1.0,1.0
1594860,137.0,143.0
1594880,553.0,723.0
1594890,29.0,35.0
1594940,6806.0,7607.0
1594950,15.0,19.0
1594970,2.0,2.0
1595020,31.0,32.0
1595030,408.0,473.0
1595180,23.0,25.0
1595290,551.0,720.0
1595300,3.0,3.0
1595340,3.0,3.0
1595350,32.0,39.0
1595380,393.0,435.0
1595460,5.0,5.0
1595490,167.0,168.0
1595510,106.0,108.0
1595540,5.0,5.0
1595620,4.0,4.0
1595640,157.0,161.0
1595760,1.0,1.0
1595770,7.0,9.0
1595790,1.0,1.0
1595900,2.0,2.0
1595950,7.0,9.0
1596010,8.0,10.0
1596030,13.0,13.0
1596130,7.0,7.0
1596170,24.0,29.0
1596240,9.0,10.0
1596270,26.0,27.0
1596290,1.0,1.0
1596330,7.0,8.0
1596370,60.0,75.0
1596380,120.0,159.0
1596440,151.0,179.0
1596540,394.0,418.0
1596580,24.0,28.0
1596610,24.0,28.0
1596640,36.0,45.0
1596730,391.0,413.0
1596750,102.0,127.0
1596810,2.0,2.0
1596850,1066.0,1247.0
1596950,560.0,599.0
1597060,45.0,50.0
1597110,80.0,92.0
1597170,21.0,25.0
1597200,31.0,39.0
1597240,4.0,5.0
1597270,37.0,41.0
1597290,164.0,214.0
1597330,11.0,12.0
1597400,185.0,218.0
1597440,28.0,35.0
1597470,13.0,13.0
1597520,49.0,53.0
1597610,18.0,18.0
1597650,4.0,5.0
1597670,2.0,2.0
1597720,295.0,300.0
1597730,1145.0,1163.0
1597750,1.0,1.0
1597780,10.0,13.0
1597790,34.0,35.0
1597820,8.0,8.0
1597870,1.0,1.0
1597970,6.0,6.0
1598010,328.0,363.0
1598030,6.0,6.0
1598160,1061.0,1157.0
1598180,14.0,14.0
1598190,9.0,11.0
1598210,55.0,59.0
1598220,21.0,23.0
1598370,239.0,255.0
1598540,6.0,6.0
1598580,52.0,63.0
1598600,14.0,16.0
1598730,448.0,585.0
1598750,18.0,19.0
1598760,115.0,115.0
1598810,24.0,26.0
1598910,74.0,83.0
1598970,20.0,25.0
1599000,79.0,81.0
1599020,2546.0,2591.0
1599080,614.0,689.0
1599110,3.0,3.0
1599130,19.0,23.0
1599250,346.0,402.0
1599300,7.0,9.0
1599330,1327.0,1530.0
1599390,11.0,12.0
1599470,334.0,337.0
1599540,1.0,1.0
1599560,828.0,973.0
1599600,19884.0,20849.0
1599630,48.0,60.0
1599660,2461.0,2885.0
1599690,32.0,33.0
1599700,17.0,17.0
1599880,1122.0,1168.0
1599920,1.0,1.0
1599930,6.0,6.0
1600020,14.0,15.0
1600070,3.0,3.0
1600080,23.0,29.0
1600090,21.0,25.0
1600100,29.0,34.0
1600130,33.0,38.0
1600190,2.0,2.0
1600260,25.0,31.0
1600320,66.0,80.0
1600370,278.0,328.0
1600460,4.0,5.0
1600470,12.0,14.0
1600500,256.0,279.0
1600520,319.0,354.0
1600530,2162.0,2522.0
1600550,16.0,16.0
1600620,5.0,5.0
1600690,3.0,3.0
1600700,4.0,4.0
1600720,35.0,38.0
1600760,11.0,13.0
1600780,560.0,686.0
1600810,18.0,22.0
1600820,31.0,37.0
1600840,37.0,40.0
1600870,23.0,25.0
1600890,43.0,49.0
1600900,316.0,324.0
1600910,64.0,74.0
1600930,30.0,31.0
1600960,4.0,5.0
1600970,22.0,25.0
1600980,4.0,4.0
1601040,13.0,17.0
1601280,456.0,475.0
1601340,137.0,143.0
1601410,19.0,25.0
1601630,21.0,25.0
1601670,12.0,12.0
1601680,550.0,565.0
1601740,853.0,1110.0
1601750,1.0,1.0
1601790,5.0,6.0
1601810,98.0,102.0
1601840,326.0,386.0
1601850,74.0,92.0
1601860,42.0,44.0
1601890,5.0,5.0
1601900,2.0,2.0
1601920,2.0,2.0
1601970,1014.0,1143.0
1601990,2.0,2.0
1602010,3087.0,3588.0
1602080,1397.0,1854.0
1602170,3.0,3.0
1602190,4.0,4.0
1602280,146.0,153.0
1602330,42.0,45.0
1602350,25.0,27.0
1602370,13.0,15.0
1602380,23.0,24.0
1602390,59.0,69.0
1602440,9.0,9.0
1602460,1.0,1.0
1602490,160.0,204.0
1602540,187.0,218.0
1602560,554.0,634.0
1602570,1.0,1.0
1602700,31.0,33.0
1602880,38.0,50.0
1602900,185.0,204.0
1602930,110.0,119.0
1602970,1.0,1.0
1602980,80.0,95.0
1602990,30.0,39.0
1603170,47.0,56.0
1603180,1530.0,1687.0
1603200,113.0,139.0
1603260,33.0,42.0
1603300,1.0,1.0
1603410,321.0,343.0
1603420,200.0,221.0
1603440,11.0,11.0
1603460,2.0,2.0
1603480,3.0,3.0
1603500,77.0,77.0
1603600,5.0,6.0
1603640,933.0,1033.0
1603650,9.0,11.0
1603700,1.0,1.0
1603720,114.0,137.0
1603860,53.0,59.0
1603920,14.0,18.0
1603970,9.0,9.0
1603980,2093.0,2172.0
1604000,15485.0,15928.0
1604030,91184.0,103028.0
1604100,8.0,8.0
1604110,5.0,5.0
1604180,15.0,18.0
1604210,24.0,28.0
1604240,222.0,227.0
1604280,68.0,81.0
1604300,102.0,104.0
1604320,4.0,4.0
1604350,73.0,91.0
1604380,1257.0,1303.0
1604400,13.0,16.0
1604420,1.0,1.0
1604440,19.0,22.0
1604450,13.0,13.0
1604540,22.0,29.0
1604600,8.0,8.0
1604640,83.0,91.0
1604690,32.0,36.0
1604700,6.0,6.0
1604710,7.0,9.0
1604730,2.0,2.0
1604780,39.0,42.0
1604800,69.0,76.0
1604840,12.0,13.0
1605010,1454.0,1616.0
1605120,2.0,2.0
1605130,17.0,19.0
1605190,11.0,12.0
1605200,140.0,151.0
1605220,9261.0,11622.0
1605230,15.0,17.0
1605240,6.0,6.0
1605270,1.0,1.0
1605290,93.0,105.0
1605320,380.0,417.0
1605480,35.0,39.0
1605520,21.0,22.0
1605580,42.0,52.0
1605690,253.0,263.0
1605720,13.0,13.0
1605960,128.0,152.0
1606030,21.0,21.0
1606210,49.0,53.0
1606280,451.0,500.0
1606300,38.0,42.0
1606340,815.0,908.0
1606350,27.0,34.0
1606430,43.0,45.0
1606450,2.0,2.0
1606520,7.0,7.0
1606580,121.0,141.0
1606640,54.0,54.0
1606680,1.0,1.0
1606770,11.0,14.0
1606800,14.0,15.0
1606890,6.0,6.0
1606940,94.0,96.0
1607040,53.0,67.0
1607100,12.0,14.0
1607130,3128.0,3502.0
1607140,1.0,1.0
1607200,501.0,567.0
1607240,1001.0,1177.0
1607340,11.0,11.0
1607370,9.0,11.0
1607400,26.0,34.0
1607430,15.0,19.0
1607450,4.0,4.0
1607460,3.0,3.0
1607490,1.0,1.0
1607500,7.0,7.0
1607530,91.0,101.0
1607620,26.0,33.0
1607640,8.0,9.0
1607670,139.0,141.0
1607680,3166.0,3792.0
1607720,10.0,11.0
1607740,2.0,2.0
1607770,4.0,4.0
1607780,3.0,3.0
1607820,2.0,2.0
1607870,1.0,1.0
1607970,7.0,8.0
1607980,143.0,183.0
1608070,5877.0,6503.0
1608090,30.0,36.0
1608110,49.0,65.0
1608180,5.0,6.0
1608220,8.0,8.0
1608230,3980.0,4240.0
1608270,29.0,30.0
1608290,2561.0,2715.0
1608310,14.0,15.0
1608400,587.0,611.0
1608450,524.0,643.0
1608470,270.0,290.0
1608560,178.0,204.0
1608590,111.0,124.0
1608630,3.0,3.0
1608640,2779.0,2981.0
1608660,77.0,84.0
1608670,6.0,6.0
1608700,787.0,1040.0
1608710,20.0,21.0
1608730,70.0,73.0
1608820,4.0,4.0
1608860,4.0,5.0
1608940,4.0,4.0
1608980,15.0,18.0
1609010,74.0,93.0
1609030,4.0,4.0
1609050,39.0,41.0
1609070,3.0,3.0
1609080,3810.0,4232.0
1609090,87.0,96.0
1609170,5.0,5.0
1609230,2309.0,2338.0
1609300,22.0,25.0
1609390,49.0,53.0
1609580,10.0,12.0
1609600,3.0,3.0
1609640,2.0,2.0
1609660,2.0,2.0
1609690,3.0,3.0
1609730,291.0,344.0
1609780,27.0,30.0
1609800,2.0,2.0
1609830,75.0,84.0
1609860,1.0,1.0
1610060,44.0,53.0
1610070,6.0,7.0
1610110,5.0,5.0
1610230,43.0,49.0
1610290,227.0,233.0
1610310,1.0,1.0
1610320,42.0,47.0
1610330,35.0,41.0
1610350,42.0,55.0
1610410,74.0,90.0
1610440,1664.0,1711.0
1610470,700.0,840.0
1610530,3.0,3.0
1610650,40.0,48.0
1610700,10.0,10.0
1610790,17.0,17.0
1610820,49.0,56.0
1610840,43.0,48.0
1610860,21.0,22.0
1610870,4660.0,5217.0
1610890,14.0,15.0
1610900,1366.0,1582.0
1611060,23.0,24.0
1611070,203.0,223.0
1611150,20.0,25.0
1611280,2.0,2.0
1611290,45.0,48.0
1611300,491.0,625.0
1611320,1.0,1.0
1611350,46.0,50.0
1611410,1286.0,1375.0
1611420,137.0,170.0
1611430,2477.0,2739.0
1611490,903.0,1125.0
1611580,251.0,261.0
1611600,8558.0,10408.0
1611640,13.0,15.0
1611650,10.0,11.0
1611710,58.0,68.0
1611740,17388.0,18256.0
1611760,17.0,19.0
1611800,10.0,10.0
1611810,1.0,1.0
1611850,18.0,19.0
1611860,4.0,4.0
1611890,7.0,9.0
1611910,9430.0,12135.0
1611930,7.0,7.0
1611980,149.0,155.0
1612030,20.0,24.0
1612100,41.0,44.0
1612130,6.0,6.0
1612160,19.0,19.0
1612180,5.0,6.0
1612200,29.0,30.0
1612230,398.0,402.0
1612420,393.0,416.0
1612550,9.0,10.0
1612730,25.0,32.0
1612780,734.0,916.0
1612820,17.0,18.0
1612900,11.0,13.0
1612910,44.0,52.0
1612920,85.0,103.0
1612950,10.0,12.0
1612960,50.0,51.0
1613050,50.0,54.0
1613150,31.0,31.0
1613190,82.0,89.0
1613220,13.0,13.0
1613230,3.0,3.0
1613320,110.0,124.0
1613350,25.0,27.0
1613450,67.0,75.0
1613500,2.0,2.0
1613540,9.0,10.0
1613580,115.0,144.0
1613620,104.0,104.0
1613640,2.0,2.0
1613670,214.0,251.0
1613680,65.0,66.0
1613770,57.0,60.0
1613800,1.0,1.0
1613950,18.0,20.0
1613960,16.0,19.0
1614000,2.0,2.0
1614020,1.0,1.0
1614030,2.0,2.0
1614040,416.0,486.0
1614060,1.0,1.0
1614270,604.0,667.0
1614310,193.0,210.0
1614340,83.0,85.0
1614360,64.0,66.0
1614380,139.0,172.0
1614410,2.0,2.0
1614420,2.0,2.0
1614440,683.0,833.0
1614480,6.0,6.0
1614500,15.0,18.0
1614550,1726.0,2090.0
1614610,2.0,2.0
1614620,2.0,2.0
1614690,2.0,2.0
1614730,1112.0,1193.0
1614850,44.0,50.0
1614930,7.0,8.0
1614940,38.0,42.0
1614960,17.0,18.0
1614990,12.0,13.0
1615020,1.0,1.0
1615060,178.0,227.0
1615100,1775.0,1981.0
1615290,7213.0,7763.0
1615380,8.0,10.0
1615410,16.0,16.0
1615470,5.0,5.0
1615560,7.0,7.0
1615740,40.0,53.0
1615750,1.0,1.0
1615870,3.0,3.0
1615890,12.0,13.0
1615930,34.0,36.0
1615960,18.0,19.0
1616030,27.0,28.0
1616050,11.0,11.0
1616140,4.0,4.0
1616280,113.0,116.0
1616290,25.0,28.0
1616330,8.0,8.0
1616400,238.0,241.0
1616500,5.0,5.0
1616520,50.0,53.0
1616580,48.0,53.0
1617010,12.0,14.0
1617030,300.0,339.0
1617160,8.0,9.0
1617190,169.0,187.0
1617220,183.0,186.0
1617270,80.0,93.0
1617280,21.0,23.0
1617370,10.0,11.0
1617430,472.0,497.0
1617450,47.0,50.0
1617480,115.0,146.0
1617490,5.0,5.0
1617510,1.0,1.0
1617560,1.0,1.0
1617570,1.0,1.0
1617580,54.0,56.0
1617590,1.0,1.0
1617790,27.0,33.0
1617880,2.0,2.0
1617900,103.0,128.0
1618000,2.0,2.0
1618020,66.0,82.0
1618050,44.0,57.0
1618090,2.0,2.0
1618140,3.0,3.0
1618170,3.0,3.0
1618180,6.0,7.0
1618210,1.0,1.0
1618220,22.0,22.0
1618230,2133.0,2491.0
1618250,4.0,4.0
1618290,256.0,262.0
1618330,24.0,26.0
1618340,7.0,9.0
1618380,430.0,464.0
1618450,32.0,38.0
1618510,6.0,6.0
1618540,4098.0,5409.0
1618580,8.0,8.0
1618710,3.0,3.0
1618740,30.0,34.0
1619060,12.0,13.0
1619080,32.0,35.0
1619120,1.0,1.0
1619150,2.0,2.0
1619230,277.0,284.0
1619270,404.0,466.0
1619340,6.0,6.0
1619350,77.0,86.0
1619390,2.0,2.0
1619540,138.0,166.0
1619570,525.0,639.0
1619750,3417.0,3573.0
1619780,5.0,6.0
1619890,14.0,14.0
1619940,5.0,6.0
1620020,15.0,16.0
1620060,7.0,7.0
1620070,4.0,4.0
1620100,62.0,68.0
1620110,56.0,58.0
1620260,42.0,45.0
1620340,2183.0,2298.0
1620390,32.0,32.0
1620410,89.0,113.0
1620520,460.0,487.0
1620540,688.0,791.0
1620580,28.0,32.0
1620640,27.0,30.0
1620720,269.0,285.0
1620800,15.0,18.0
1620850,25.0,29.0
1620860,16.0,21.0
1620890,290.0,357.0
1620920,53.0,55.0
1621070,3963.0,5081.0
1621140,390.0,417.0
1621200,17.0,22.0
1621310,1973.0,2085.0
1621320,46.0,48.0
1621380,12.0,15.0
1621400,2.0,2.0
1621490,91.0,114.0
1621560,728.0,908.0
1621680,171.0,224.0
1621690,38009.0,41296.0
1621860,35.0,37.0
1621920,7.0,7.0
1621950,7.0,7.0
1622010,6.0,6.0
1622030,10.0,10.0
1622040,31.0,34.0
1622180,12.0,12.0
1622350,917.0,1105.0
1622360,8.0,8.0
1622470,35.0,38.0
1622510,19.0,22.0
1622560,10.0,13.0
1622680,45.0,54.0
1622690,20.0,22.0
1622710,113.0,146.0
1622770,1067.0,1168.0
1622780,720.0,850.0
1622800,418.0,473.0
1622830,11.0,13.0
1622840,15.0,15.0
1622860,5.0,6.0
1622910,3903.0,4369.0
1622920,37.0,45.0
1623000,62.0,67.0
1623060,1.0,1.0
1623080,51.0,65.0
1623120,17.0,21.0
1623220,3.0,3.0
1623240,19.0,25.0
1623310,25.0,27.0
1623340,9.0,11.0
1623380,36.0,45.0
1623420,168.0,208.0
1623440,24.0,29.0
1623560,5.0,5.0
1623640,4.0,4.0
1623650,14.0,14.0
1623690,17.0,21.0
1623730,302172.0,322331.0
1623850,9.0,11.0
1623880,859.0,1045.0
1623930,65.0,79.0
1623940,4423.0,4635.0
1623960,18.0,18.0
1624050,1.0,1.0
1624160,6.0,6.0
1624180,15.0,16.0
1624200,2.0,2.0
1624210,18.0,20.0
1624220,10.0,12.0
1624310,1.0,1.0
1624320,62.0,62.0
1624350,25.0,25.0
1624380,166.0,202.0
1624460,26.0,32.0
1624470,9.0,11.0
1624540,5776.0,6613.0
1624550,20.0,22.0
1624560,12.0,13.0
1624570,11.0,12.0
1624600,7.0,9.0
1624780,5.0,5.0
1624830,105.0,113.0
1624850,36.0,46.0
1624890,6.0,7.0
1624980,9.0,10.0
1624990,40.0,43.0
1625040,2.0,2.0
1625080,4063.0,4360.0
1625100,11.0,11.0
1625130,10.0,12.0
1625190,1.0,1.0
1625230,173.0,176.0
1625270,13.0,13.0
1625280,3.0,3.0
1625310,79.0,79.0
1625330,3.0,3.0
1625370,23.0,27.0
1625380,3.0,3.0
1625440,19.0,19.0
1625450,158937.0,169479.0
1625510,16.0,20.0
1625520,67.0,71.0
1625610,20.0,22.0
1625640,50.0,53.0
1625670,3.0,3.0
1625700,1.0,1.0
1625710,7.0,7.0
1625720,171.0,180.0
1625760,18.0,21.0
1625790,13.0,17.0
1625830,27.0,28.0
1625870,1.0,1.0
1625930,43.0,48.0
1626060,4.0,4.0
1626130,7.0,8.0
1626180,1.0,1.0
1626350,108.0,120.0
1626370,25.0,25.0
1626460,340.0,365.0
1626480,2.0,2.0
1626530,66.0,80.0
1626570,2.0,2.0
1626890,1512.0,1573.0
1626950,6.0,6.0
1627030,1.0,1.0
1627040,54.0,67.0
1627130,1.0,1.0
1627290,1.0,1.0
1627310,108.0,112.0
1627330,33.0,35.0
1627360,18.0,19.0
1627370,1.0,1.0
1627380,2.0,2.0
1627410,14.0,16.0
1627420,13.0,14.0
1627480,5.0,5.0
1627520,51.0,66.0
1627570,1351.0,1596.0
1627610,50.0,53.0
1627660,10.0,10.0
1627680,409.0,492.0
1627710,9.0,10.0
1627720,38261.0,41414.0
1627750,4.0,5.0
1627820,86.0,92.0
1627840,160.0,184.0
1627870,186.0,193.0
1627890,157.0,171.0
1627920,4.0,4.0
1628260,17.0,18.0
1628270,63.0,72.0
1628440,55.0,55.0
1628470,5.0,5.0
1628550,14.0,17.0
1628610,875.0,894.0
1628760,737.0,913.0
1628790,3.0,3.0
1628850,18.0,19.0
1628890,27.0,30.0
1628930,2.0,2.0
1629060,17.0,20.0
1629100,120.0,137.0
1629130,6.0,6.0
1629150,5.0,5.0
1629160,2.0,2.0
1629190,11.0,13.0
1629210,16.0,18.0
1629220,4.0,4.0
1629250,4.0,4.0
1629300,14.0,17.0
1629320,41.0,47.0
1629350,60.0,71.0
1629480,2.0,2.0
1629520,10192.0,11060.0
1629530,1650.0,1700.0
1629600,50.0,59.0
1629620,2.0,2.0
1629680,1.0,1.0
1629710,75.0,84.0
1629770,6.0,6.0
1629830,160.0,168.0
1629910,123.0,149.0
1629940,80.0,81.0
1630080,3304.0,3945.0
1630290,665.0,724.0
1630330,7.0,8.0
1630360,43.0,55.0
1630370,3.0,3.0
1630420,49.0,57.0
1630440,7.0,7.0
1630490,43.0,49.0
1630500,17.0,19.0
1630530,1.0,1.0
1630570,222.0,232.0
1630590,257.0,289.0
1630630,88.0,105.0
1630640,1.0,1.0
1630650,135.0,163.0
1630690,14.0,14.0
1630740,5.0,6.0
1630760,5.0,5.0
1630780,17.0,19.0
1630800,11.0,11.0
1630850,10.0,10.0
1630910,104.0,131.0
1630920,1085.0,1164.0
1630940,6.0,7.0
1630960,92.0,111.0
1631080,1007.0,1223.0
1631090,123.0,144.0
1631100,1.0,1.0
1631140,18.0,22.0
1631160,24.0,27.0
1631240,109.0,136.0
1631280,25.0,25.0
1631350,63.0,68.0
1631400,4.0,5.0
1631430,5.0,6.0
1631470,841.0,870.0
1631500,30.0,31.0
1631540,26.0,28.0
1631560,14.0,14.0
1631630,20.0,21.0
1631640,373.0,474.0
1631670,130.0,137.0
1631680,4.0,4.0
1631780,22.0,22.0
1631830,17.0,18.0
1631850,106.0,139.0
1631860,77.0,98.0
1631900,17.0,19.0
1631930,5.0,6.0
1631960,2.0,2.0
1632000,3.0,3.0
1632030,9.0,10.0
1632100,7.0,7.0
1632140,44.0,50.0
1632160,31.0,41.0
1632170,22.0,24.0
1632210,62.0,71.0
1632260,1.0,1.0
1632300,15.0,17.0
1632340,1.0,1.0
1632480,1.0,1.0
1632490,465.0,489.0
1632500,61.0,73.0
1632530,19.0,19.0
1632610,42.0,42.0
1632650,16.0,17.0
1632750,40.0,52.0
1632770,153.0,162.0
1632820,1.0,1.0
1632880,13.0,13.0
1632910,12.0,15.0
1632920,4.0,4.0
1632960,5.0,6.0
1632990,3.0,3.0
1633020,5.0,6.0
1633050,8.0,8.0
1633080,14.0,16.0
1633090,6.0,6.0
1633100,1.0,1.0
1633140,13.0,14.0
1633160,4.0,5.0
1633200,6.0,7.0
1633210,11.0,14.0
1633300,6.0,6.0
1633370,212.0,234.0
1633430,42.0,48.0
1633490,3.0,3.0
1633580,14.0,15.0
1633640,10.0,11.0
1633750,6.0,7.0
1633860,81.0,81.0
1633930,1.0,1.0
1634080,221.0,241.0
1634100,108.0,118.0
1634130,12.0,12.0
1634150,6035.0,6381.0
1634190,133.0,141.0
1634210,8.0,10.0
1634220,59.0,72.0
1634280,48.0,60.0
1634290,3.0,3.0
1634410,10.0,10.0
1634450,14.0,17.0
1634540,4.0,4.0
1634600,20.0,22.0
1634860,3532.0,3604.0
1634870,131.0,137.0
1634950,59.0,69.0
1634990,47.0,50.0
1635020,32.0,35.0
1635030,36.0,41.0
1635140,20.0,20.0
1635150,4.0,4.0
1635210,16.0,20.0
1635250,27.0,29.0
1635420,2.0,2.0
1635520,8.0,8.0
1635590,861.0,985.0
1635620,40.0,47.0
1635630,2.0,2.0
1635650,5.0,5.0
1635780,4.0,5.0
1635790,58.0,63.0
1635980,153.0,159.0
1636000,26.0,26.0
1636050,3.0,3.0
1636070,17.0,17.0
1636090,4.0,4.0
1636130,2.0,2.0
1636190,2.0,2.0
1636250,14.0,14.0
1636270,14.0,16.0
1636350,64.0,77.0
1636380,3.0,3.0
1636390,35.0,36.0
1636420,388.0,410.0
1636550,11.0,12.0
1636690,16.0,16.0
1636700,77.0,80.0
1636710,500.0,642.0
1636850,119.0,130.0
1636900,1.0,1.0
1636910,20.0,21.0
1636970,1.0,1.0
1636990,3.0,3.0
1637030,18.0,19.0
1637070,348.0,414.0
1637100,6.0,7.0
1637120,12.0,15.0
1637140,169.0,173.0
1637320,12442.0,13532.0
1637370,827.0,843.0
1637520,13.0,13.0
1637540,18.0,18.0
1637570,7.0,7.0
1637610,1.0,1.0
1637630,20.0,22.0
1637670,300.0,309.0
1637730,1869.0,2015.0
1637740,101.0,132.0
1637820,13.0,15.0
1637950,28.0,29.0
1637970,17.0,22.0
1638130,28.0,37.0
1638220,1967.0,2097.0
1638230,727.0,885.0
1638300,436.0,547.0
1638330,115.0,122.0
1638340,112.0,117.0
1638390,557.0,725.0
1638430,51.0,54.0
1638440,68.0,74.0
1638450,6.0,6.0
1638570,3.0,3.0
1638660,2001.0,2095.0
1638670,36.0,38.0
1638710,4.0,4.0
1638860,53.0,59.0
1638930,15.0,16.0
1638940,2.0,2.0
1638950,190.0,225.0
1639040,50.0,52.0
1639080,184.0,244.0
1639140,13.0,13.0
1639180,10.0,11.0
1639190,25.0,32.0
1639210,71.0,86.0
1639230,114.0,127.0
1639250,24.0,25.0
1639300,58.0,60.0
1639330,8.0,8.0
1639390,8.0,8.0
1639400,11.0,12.0
1639430,995.0,1204.0
1639480,5.0,6.0
1639580,86.0,110.0
1639610,765.0,788.0
1639650,176.0,208.0
1639690,50.0,53.0
1639760,19.0,19.0
1639780,17.0,19.0
1639790,2685.0,2764.0
1639860,12.0,14.0
1639890,79.0,90.0
1639920,31.0,33.0
1639930,169.0,177.0
1639990,1051.0,1314.0
1640080,3.0,3.0
1640100,45.0,48.0
1640120,7.0,8.0
1640160,127.0,134.0
1640260,4.0,4.0
1640300,486.0,612.0
1640320,184.0,208.0
1640370,16.0,16.0
1640450,1.0,1.0
1640540,85.0,108.0
1640630,346.0,443.0
1640640,38.0,38.0
1640720,326.0,349.0
1640760,22.0,23.0
1640830,1.0,1.0
1640880,11.0,13.0
1640890,137.0,145.0
1640920,5.0,6.0
1640930,24.0,29.0
1641020,64.0,67.0
1641080,19.0,22.0
1641090,12.0,12.0
1641210,21.0,23.0
1641230,11.0,12.0
1641240,148.0,176.0
1641250,10.0,11.0
1641270,4745.0,4895.0
1641330,2.0,2.0
1641350,4.0,4.0
1641370,1.0,1.0
1641400,28.0,29.0
1641410,16.0,16.0
1641460,2.0,2.0
1641500,83.0,86.0
1641520,23.0,28.0
1641580,22.0,28.0
1641600,3.0,3.0
1641700,245.0,303.0
1641820,1.0,1.0
1641840,2.0,2.0
1641860,117.0,136.0
1641930,5.0,5.0
1641960,3755.0,4273.0
1642010,48.0,50.0
1642040,39.0,43.0
1642110,8.0,8.0
1642130,455.0,495.0
1642170,111.0,123.0
1642220,517.0,550.0
1642260,135.0,140.0
1642390,1.0,1.0
1642480,1.0,1.0
1642540,13.0,16.0
1642580,146.0,174.0
1642600,2.0,2.0
1642610,112.0,119.0
1642620,105.0,131.0
1642640,14.0,14.0
1642690,4.0,4.0
1642890,315.0,367.0
1642940,39.0,49.0
1642970,11.0,11.0
1643000,6.0,7.0
1643040,10.0,11.0
1643100,115.0,134.0
1643170,4.0,5.0
1643180,137.0,160.0
1643280,36.0,42.0
1643310,2059.0,2308.0
1643440,165.0,172.0
1643460,1.0,1.0
1643660,152.0,193.0
1643820,22.0,28.0
1643850,102.0,127.0
1643970,7.0,8.0
1644020,16.0,17.0
1644030,3.0,3.0
1644080,31.0,34.0
1644150,462.0,561.0
1644190,14.0,15.0
1644200,43.0,54.0
1644220,4.0,4.0
1644280,109.0,112.0
1644310,137.0,163.0
1644500,469.0,613.0
1644580,14.0,17.0
1644600,14.0,17.0
1644720,370.0,418.0
1644840,181.0,192.0
1644920,50.0,58.0
1644940,3043.0,3113.0
1645070,7.0,9.0
1645140,31.0,36.0
1645570,17.0,19.0
1645640,97.0,103.0
1645780,16.0,20.0
1645820,5434.0,6093.0
1645920,4.0,4.0
1645940,9.0,10.0
1645950,10.0,11.0
1645990,1.0,1.0
1646000,1.0,1.0
1646030,136.0,138.0
1646050,12.0,14.0
1646070,29.0,37.0
1646090,14.0,14.0
1646120,93.0,108.0
1646160,1.0,1.0
1646180,23.0,29.0
1646230,1.0,1.0
1646300,2.0,2.0
1646350,176.0,187.0
1646380,11.0,11.0
1646390,28.0,30.0
1646410,32.0,36.0
1646460,4.0,4.0
1646470,3.0,3.0
1646580,207.0,268.0
1646660,4.0,4.0
1646710,12.0,12.0
1646770,1.0,1.0
1646790,79.0,97.0
1646810,7.0,9.0
1646820,6.0,7.0
1646850,3008.0,3752.0
1646880,6.0,6.0
1646910,14.0,16.0
1646930,31.0,32.0
1646990,2.0,2.0
1647000,37.0,48.0
1647010,4.0,4.0
1647020,3.0,3.0
1647050,11.0,14.0
1647100,47.0,47.0
1647160,8729.0,10051.0
1647190,355.0,373.0
1647240,6.0,6.0
1647250,65.0,77.0
1647260,1.0,1.0
1647310,89.0,103.0
1647360,8.0,8.0
1647390,83.0,88.0
1647420,172.0,209.0
1647430,1.0,1.0
1647550,748.0,810.0
1647730,146.0,155.0
1647740,120.0,124.0
1647770,84.0,107.0
1647780,75.0,84.0
1647860,1.0,1.0
1647920,272.0,292.0
1647940,139.0,152.0
1647990,9.0,10.0
1648040,11.0,11.0
1648050,12.0,12.0
1648100,87.0,91.0
1648160,5.0,5.0
1648190,216.0,271.0
1648230,16.0,18.0
1648250,2.0,2.0
1648350,38.0,45.0
1648390,2559.0,2686.0
1648440,242.0,270.0
1648560,129.0,143.0
1648590,772.0,932.0
1648610,434.0,570.0
1648620,5.0,6.0
1648760,51.0,54.0
1648840,7.0,8.0
1648860,110.0,112.0
1648900,59.0,78.0
1648990,3.0,3.0
1649010,1584.0,1993.0
1649030,19.0,22.0
1649080,4995.0,5741.0
1649240,6077.0,7420.0
1649280,15.0,15.0
1649290,54.0,67.0
1649440,2.0,2.0
1649480,10.0,10.0
1649500,5.0,5.0
1649540,34.0,35.0
1649570,51.0,57.0
1649630,177.0,187.0
1649730,1569.0,1981.0
1649740,351.0,448.0
1649860,15.0,18.0
1649950,1576.0,1632.0
1650010,1150.0,1472.0
1650020,52.0,64.0
1650180,4.0,4.0
1650200,30.0,32.0
1650250,60.0,69.0
1650320,11.0,11.0
1650390,10.0,12.0
1650400,17.0,18.0
1650590,254.0,257.0
1650600,2.0,2.0
1650670,12.0,12.0
1650740,7.0,9.0
1650770,22.0,24.0
1650790,6.0,7.0
1650810,422.0,553.0
1650830,86.0,98.0
1650860,111.0,122.0
1651020,8.0,8.0
1651030,21.0,23.0
1651260,3.0,3.0
1651360,16.0,18.0
1651490,248.0,275.0
1651500,28.0,29.0
1651540,82.0,84.0
1651560,4299.0,4937.0
1651610,57.0,62.0
1651680,49.0,51.0
1651730,13.0,16.0
1651750,3.0,3.0
1651780,59.0,61.0
1651860,56.0,61.0
1651880,7.0,9.0
1651930,15.0,15.0
1651960,1836.0,2283.0
1652010,1.0,1.0
1652030,38.0,46.0
1652080,2.0,2.0
1652100,3.0,3.0
1652120,9.0,10.0
1652200,4.0,4.0
1652250,1153.0,1427.0
1652260,5.0,6.0
1652300,12.0,12.0
1652480,5.0,6.0
1652520,4.0,4.0
1652600,3.0,3.0
1652650,14.0,15.0
1652670,29.0,30.0
1652680,357.0,428.0
1652710,35.0,38.0
1652720,20.0,23.0
1652780,15.0,17.0
1652800,21.0,24.0
1652960,27.0,29.0
1652990,1.0,1.0
1653010,2.0,2.0
1653040,6.0,7.0
1653050,94.0,102.0
1653060,11.0,12.0
1653100,71.0,79.0
1653170,10.0,12.0
1653180,23.0,28.0
1653190,5.0,5.0
1653250,4.0,4.0
1653260,9.0,10.0
1653300,39.0,40.0
1653320,10.0,12.0
1653330,29.0,34.0
1653510,4.0,4.0
1653650,17.0,22.0
1653770,29.0,33.0
1653850,24.0,28.0
1653860,2.0,2.0
1653870,33.0,35.0
1653880,11.0,12.0
1653970,738.0,785.0
1654070,1.0,1.0
1654130,48.0,62.0
1654170,27.0,32.0
1654200,24.0,25.0
1654320,1.0,1.0
1654360,4.0,5.0
1654520,12.0,12.0
1654620,3.0,3.0
1654630,2.0,2.0
1654660,2796.0,3024.0
1654680,30.0,34.0
1654710,7.0,7.0
1654730,14.0,16.0
1654800,35.0,37.0
1654810,26.0,26.0
1654830,39.0,44.0
1654860,21.0,24.0
1654890,87.0,90.0
1654900,239.0,242.0
1654920,4.0,4.0
1655020,9.0,9.0
1655060,2.0,2.0
1655140,5430.0,5571.0
1655190,21.0,21.0
1655250,119.0,139.0
1655310,98.0,107.0
1655400,1.0,1.0
1655410,58.0,65.0
1655420,31.0,31.0
1655430,17.0,21.0
1655440,2.0,2.0
1655480,16.0,16.0
1655520,8.0,9.0
1655670,64.0,67.0
1655700,57.0,58.0
1655740,22.0,22.0
1655800,8.0,8.0
1655890,71.0,71.0
1655920,20.0,21.0
1655940,82.0,91.0
1655960,74.0,79.0
1656020,20.0,25.0
1656050,15.0,15.0
1656210,3.0,3.0
1656310,30.0,33.0
1656600,83.0,89.0
1656640,212.0,247.0
1656730,1.0,1.0
1656780,4005.0,4993.0
1656840,39.0,49.0
1656850,5.0,5.0
1657020,4.0,4.0
1657150,6.0,6.0
1657170,498.0,524.0
1657200,3.0,3.0
1657280,1.0,1.0
1657320,44.0,53.0
1657480,2.0,2.0
1657550,1.0,1.0
1657600,16.0,19.0
1657630,27700.0,29394.0
1657760,88.0,100.0
1657780,128.0,147.0
1657810,545.0,606.0
1658040,2272.0,2561.0
1658050,8.0,10.0
1658080,43.0,54.0
1658150,2703.0,3151.0
1658210,1.0,1.0
1658280,2488.0,3184.0
1658290,1803.0,2082.0
1658310,634.0,786.0
1658370,8.0,10.0
1658390,4.0,4.0
1658530,21.0,25.0
1658540,8.0,8.0
1658650,12.0,13.0
1658770,6.0,6.0
1658880,69.0,77.0
1658930,285.0,317.0
1658960,45.0,49.0
1658970,27.0,29.0
1659040,28380.0,32880.0
1659050,147.0,153.0
1659150,119.0,123.0
1659210,207.0,268.0
1659270,1.0,1.0
1659300,4.0,4.0
1659320,3.0,3.0
1659340,9.0,9.0
1659410,23.0,24.0
1659420,21634.0,24060.0
1659490,10.0,12.0
1659560,6.0,6.0
1659590,126.0,129.0
1659600,687.0,786.0
1659650,47.0,60.0
1659710,7.0,7.0
1659800,353.0,451.0
1659810,14.0,14.0
1659920,25.0,29.0
1659950,17.0,21.0
1659970,2.0,2.0
1660040,38.0,38.0
1660200,1.0,1.0
1660280,1099.0,1293.0
1660290,148.0,153.0
1660300,9.0,11.0
1660310,4.0,5.0
1660360,1.0,1.0
1660370,16.0,19.0
1660430,21.0,26.0
1660480,49.0,50.0
1660500,8.0,9.0
1660520,665.0,856.0
1660580,3.0,3.0
1660750,12.0,13.0
1660840,246.0,302.0
1660850,6.0,6.0
1660860,173.0,229.0
1660880,1.0,1.0
1660910,628.0,666.0
1661210,1.0,1.0
1661240,28.0,35.0
1661260,1723.0,1884.0
1661270,933.0,1182.0
1661320,627.0,678.0
1661360,40.0,48.0
1661390,8.0,8.0
1661450,14.0,14.0
1661500,2.0,2.0
1661600,19.0,22.0
1661630,968.0,1063.0
1661640,44.0,48.0
1661690,310.0,321.0
1661700,29.0,33.0
1661760,6.0,6.0
1661880,107.0,112.0
1661920,45.0,54.0
1661930,46.0,56.0
1661950,1.0,1.0
1662000,5.0,6.0
1662010,43.0,44.0
1662090,17.0,19.0
1662190,9.0,9.0
1662210,425.0,564.0
1662220,52.0,61.0
1662230,198.0,260.0
1662340,38.0,39.0
1662350,10.0,12.0
1662450,5.0,6.0
1662480,663.0,690.0
1662690,127.0,141.0
1662750,13.0,16.0
1662790,14.0,15.0
1662800,3.0,3.0
1662840,2044.0,2144.0
1662850,270.0,279.0
1662860,49.0,51.0
1662910,16.0,21.0
1662920,35.0,41.0
1663040,673.0,856.0
1663190,89.0,93.0
1663200,65.0,69.0
1663220,1970.0,2020.0
1663250,62.0,74.0
1663270,92.0,92.0
1663320,4.0,5.0
1663380,22.0,22.0
1663390,22.0,24.0
1663400,36.0,39.0
1663410,43.0,48.0
1663440,28.0,37.0
1663560,3.0,3.0
1663580,11.0,14.0
1663650,42.0,43.0
1663730,13.0,16.0
1663870,7.0,7.0
1663910,9.0,11.0
1663930,63.0,68.0
1663970,9.0,11.0
1664010,13.0,16.0
1664050,19.0,22.0
1664100,12.0,12.0
1664130,11.0,13.0
1664200,812.0,844.0
1664220,2210.0,2751.0
1664240,35.0,36.0
1664350,780.0,905.0
1664360,224.0,286.0
1664370,47.0,50.0
1664410,219.0,262.0
1664670,384.0,445.0
1664860,1.0,1.0
1664900,1.0,1.0
1664910,23.0,27.0
1664920,8.0,10.0
1665000,6.0,7.0
1665130,399.0,455.0
1665140,1.0,1.0
1665190,2840.0,2881.0
1665200,22.0,22.0
1665210,39.0,44.0
1665260,164.0,191.0
1665280,127.0,158.0
1665400,7.0,7.0
1665500,522.0,539.0
1665510,9.0,10.0
1665610,7.0,7.0
1665650,11.0,11.0
1665780,2.0,2.0
1665830,4.0,4.0
1666070,18.0,19.0
1666090,4.0,4.0
1666170,28.0,33.0
1666240,5.0,5.0
1666290,7.0,9.0
1666310,35.0,41.0
1666320,27.0,30.0
1666520,107.0,113.0
1666720,61.0,73.0
1666770,3.0,3.0
1666830,5.0,5.0
1666890,47.0,53.0
1666970,24.0,28.0
1667090,2.0,2.0
1667120,12.0,14.0
1667130,420.0,504.0
1667160,81.0,94.0
1667190,1.0,1.0
1667240,17.0,21.0
1667270,53.0,57.0
1667320,160.0,160.0
1667400,503.0,534.0
1667440,11.0,12.0
1667490,66.0,69.0
1667530,15.0,15.0
1667540,7.0,8.0
1667590,8.0,8.0
1667700,293.0,331.0
1667770,151.0,170.0
1667840,6.0,7.0
1667920,109.0,111.0
1668010,1.0,1.0
1668020,11.0,14.0
1668190,164.0,164.0
1668210,5.0,6.0
1668290,440.0,533.0
1668310,290.0,293.0
1668460,241.0,259.0
1668510,1031.0,1053.0
1668520,650.0,661.0
1668530,132.0,139.0
1668540,770.0,808.0
1668610,210.0,262.0
1668620,20.0,20.0
1668630,6.0,6.0
1668640,27.0,30.0
1668670,24.0,31.0
1668690,3259.0,3562.0
1668720,49.0,59.0
1668820,25.0,28.0
1668830,45.0,57.0
1668840,33.0,36.0
1668850,27.0,28.0
1668870,28.0,30.0
1668880,32.0,37.0
1668890,24.0,25.0
1668950,4.0,5.0
1668960,6.0,6.0
1668990,15.0,16.0
1669000,12361.0,15209.0
1669030,5.0,6.0
1669070,14.0,15.0
1669130,3.0,3.0
1669160,63.0,83.0
1669170,957.0,1223.0
1669330,41.0,47.0
1669340,85.0,94.0
1669350,29.0,32.0
1669360,242.0,252.0
1669390,3.0,3.0
1669420,1232.0,1283.0
1669490,472.0,490.0
1669500,43.0,45.0
1669560,10.0,10.0
1669660,15.0,16.0
1669870,239.0,295.0
1669880,1.0,1.0
1669930,16.0,18.0
1669980,35605.0,36396.0
1670010,26.0,34.0
1670070,13.0,13.0
1670120,80.0,90.0
1670210,3.0,3.0
1670240,33.0,43.0
1670260,6.0,7.0
1670460,1468.0,1687.0
1670700,15.0,18.0
1670870,2380.0,2714.0
1671060,2.0,2.0
1671090,5.0,6.0
1671140,1.0,1.0
1671180,13.0,13.0
1671250,91.0,111.0
1671280,421.0,445.0
1671310,30.0,35.0
1671340,6545.0,7253.0
1671350,804.0,883.0
1671360,190.0,216.0
1671380,14.0,14.0
1671420,36.0,43.0
1671450,1.0,1.0
1671480,397.0,461.0
1671490,100.0,115.0
1671510,184.0,237.0
1671590,95.0,109.0
1671600,480.0,554.0
1671610,6.0,6.0
1671620,1.0,1.0
1671630,3.0,3.0
1671710,10.0,10.0
1671720,280.0,305.0
1671770,37.0,39.0
1672110,1.0,1.0
1672140,600.0,666.0
1672160,1.0,1.0
1672200,6.0,7.0
1672230,6.0,6.0
1672240,3.0,3.0
1672310,656.0,730.0
1672460,20.0,20.0
1672470,9.0,11.0
1672490,77.0,98.0
1672500,2340.0,3059.0
1672610,4.0,4.0
1672650,5.0,5.0
1672670,1633.0,2145.0
1672690,26.0,27.0
1672700,7.0,7.0
1672800,8.0,8.0
1672920,315.0,358.0
1672970,11298.0,12369.0
1673000,110.0,137.0
1673020,39.0,41.0
1673040,43.0,53.0
1673090,67.0,82.0
1673130,2.0,2.0
1673190,463.0,472.0
1673230,16.0,16.0
1673300,1.0,1.0
1673360,7.0,8.0
1673370,4.0,5.0
1673460,1.0,1.0
1673470,7.0,8.0
1673540,9.0,11.0
1673560,50.0,51.0
1673580,6.0,6.0
1673600,89.0,110.0
1673620,26.0,29.0
1673630,379.0,487.0
1673650,11.0,11.0
1673670,39.0,51.0
1673720,4.0,4.0
1673740,156.0,205.0
1673800,1.0,1.0
1673830,89.0,91.0
1673840,18.0,22.0
1673940,31.0,39.0
1674060,135.0,157.0
1674070,1.0,1.0
1674150,140.0,167.0
1674170,8974.0,9608.0
1674240,62.0,67.0
1674270,134.0,134.0
1674440,21.0,26.0
1674490,5.0,5.0
1674620,74.0,94.0
1674660,20.0,25.0
1674770,123.0,157.0
1674780,781.0,916.0
1674810,38.0,48.0
1674820,232.0,255.0
1674880,23.0,26.0
1674890,1094.0,1250.0
1674900,45.0,57.0
1674920,190.0,223.0
1674930,6.0,7.0
1674980,18.0,18.0
1675000,86.0,93.0
1675030,6.0,6.0
1675040,21.0,22.0
1675100,28.0,31.0
1675110,5.0,5.0
1675140,1195.0,1419.0
1675150,2.0,2.0
1675180,96.0,99.0
1675270,18.0,18.0
1675300,1.0,1.0
1675410,1.0,1.0
1675430,14.0,15.0
1675440,10.0,10.0
1675480,23.0,27.0
1675500,5.0,6.0
1675600,33.0,41.0
1675620,152.0,184.0
1675670,737.0,762.0
1675690,5.0,6.0
1675760,6.0,7.0
1675830,1367.0,1408.0
1675850,1.0,1.0
1675920,25.0,31.0
1676050,37.0,47.0
1676060,2.0,2.0
1676090,4.0,5.0
1676130,2896.0,3213.0
1676150,35.0,37.0
1676380,256.0,327.0
1676440,1.0,1.0
1676450,9.0,9.0
1676550,59.0,68.0
1676560,4.0,4.0
1676570,9.0,9.0
1676610,7.0,7.0
1676620,39.0,47.0
1676720,1.0,1.0
1676860,66.0,80.0
1676870,114.0,123.0
1676880,202.0,229.0
1676910,197.0,212.0
1676970,1.0,1.0
1677020,28.0,28.0
1677080,11.0,13.0
1677090,55.0,61.0
1677110,1548.0,1777.0
1677140,92.0,96.0
1677260,43.0,46.0
1677300,6.0,6.0
1677310,3727.0,3811.0
1677360,105.0,107.0
1677380,33.0,34.0
1677400,18.0,20.0
1677410,53.0,54.0
1677430,18.0,18.0
1677470,1252.0,1420.0
1677490,56.0,64.0
1677510,4.0,5.0
1677520,10.0,12.0
1677570,176.0,191.0
1677580,23.0,27.0
1677620,17.0,18.0
1677630,2.0,2.0
1677650,6.0,7.0
1677660,1.0,1.0
1677740,102753.0,120702.0
1677770,7036.0,7143.0
1677800,9.0,10.0
1677840,4.0,5.0
1677890,16.0,17.0
1677900,41.0,42.0
1677910,1.0,1.0
1677970,34.0,41.0
1678050,16.0,18.0
1678150,368.0,468.0
1678160,1.0,1.0
1678280,9.0,9.0
1678320,60.0,62.0
1678340,3.0,3.0
1678410,7.0,7.0
1678430,645.0,714.0
1678440,1.0,1.0
1678450,14.0,18.0
1678510,5.0,5.0
1678520,11.0,13.0
1678550,4.0,5.0
1678590,1.0,1.0
1678700,13.0,13.0
1678710,96.0,125.0
1678740,7.0,9.0
1678760,9.0,11.0
1678860,50.0,55.0
1678930,3.0,3.0
1678960,21.0,27.0
1678980,2.0,2.0
1679060,5.0,5.0
1679070,6.0,6.0
1679200,21.0,22.0
1679210,628.0,643.0
1679220,993.0,1128.0
1679290,2074.0,2674.0
1679320,822.0,885.0
1679330,6.0,6.0
1679340,28.0,37.0
1679360,25.0,25.0
1679470,16.0,18.0
1679490,4.0,4.0
1679510,280.0,289.0
1679530,12.0,15.0
1679590,13.0,13.0
1679690,17.0,19.0
1679700,126.0,140.0
1679800,2.0,2.0
1679840,15.0,15.0
1679870,90.0,98.0
1679880,7.0,8.0
1679910,16.0,16.0
1679930,14.0,14.0
1680000,407.0,434.0
1680020,17.0,20.0
1680250,25.0,33.0
1680260,4.0,4.0
1680310,30.0,30.0
1680360,1.0,1.0
1680400,18.0,18.0
1680500,41.0,43.0
1680530,9.0,9.0
1680550,1673.0,1852.0
1680560,17.0,19.0
1680650,53.0,62.0
1680670,21.0,23.0
1680690,8.0,8.0
1680700,71.0,78.0
1680890,8.0,8.0
1681000,8.0,8.0
1681010,33.0,33.0
1681020,22.0,23.0
1681030,5.0,5.0
1681040,25.0,26.0
1681080,5.0,6.0
1681110,9.0,11.0
1681160,886.0,1048.0
1681310,10.0,13.0
1681430,13415.0,14836.0
1681480,98.0,103.0
1681510,96.0,127.0
1681520,13.0,13.0
1681540,9.0,9.0
1681590,5.0,5.0
1681600,430.0,478.0
1681640,20.0,20.0
1681840,429.0,463.0
1681900,6.0,6.0
1681990,9.0,9.0
1682030,12.0,12.0
1682050,532.0,657.0
1682060,937.0,1071.0
1682070,7.0,7.0
1682210,8.0,9.0
1682290,80.0,88.0
1682310,50.0,54.0
1682320,9.0,11.0
1682330,35.0,44.0
1682410,279.0,351.0
1682450,13.0,14.0
1682490,458.0,465.0
1682520,37.0,43.0
1682550,30.0,30.0
1682580,22.0,28.0
1682630,7.0,7.0
1682790,15.0,19.0
1682840,14.0,14.0
1682930,3.0,3.0
1682970,2775.0,2960.0
1682980,5.0,6.0
1683020,11.0,14.0
1683050,5.0,5.0
1683100,231.0,282.0
1683140,6.0,6.0
1683150,2003.0,2050.0
1683340,739.0,883.0
1683360,4.0,4.0
1683370,65.0,73.0
1683380,101.0,126.0
1683420,42.0,52.0
1683430,651.0,745.0
1683560,535.0,564.0
1683610,2.0,2.0
1683620,32.0,35.0
1683630,1.0,1.0
1683690,28.0,34.0
1683710,20.0,20.0
1683720,23.0,29.0
1683800,123.0,140.0
1683840,3.0,3.0
1683860,1594.0,1742.0
1683870,4.0,5.0
1683890,19.0,22.0
1683910,11.0,12.0
1683950,705.0,867.0
1683960,3.0,3.0
1684010,73.0,89.0
1684080,141.0,166.0
1684100,494.0,534.0
1684110,6.0,7.0
1684170,1573.0,1776.0
1684220,16.0,19.0
1684230,10.0,11.0
1684270,54.0,61.0
1684330,30.0,36.0
1684350,2236.0,2711.0
1684400,135.0,172.0
1684410,672.0,675.0
1684440,30.0,36.0
1684510,134.0,152.0
1684610,86.0,101.0
1684620,32.0,33.0
1684660,809.0,851.0
1684670,176.0,224.0
1684720,548.0,594.0
1684750,19.0,20.0
1684830,23.0,24.0
1684840,124.0,145.0
1684930,6170.0,6268.0
1685000,2.0,2.0
1685010,3.0,3.0
1685260,4.0,5.0
1685460,127.0,169.0
1685500,2.0,2.0
1685550,1.0,1.0
1685590,1.0,1.0
1685730,101.0,130.0
1685750,713.0,795.0
1685790,1.0,1.0
1685840,16.0,17.0
1685880,79.0,100.0
1685940,12.0,13.0
1685950,2.0,2.0
1685980,1.0,1.0
1686050,24.0,30.0
1686060,16.0,17.0
1686130,63.0,80.0
1686140,1.0,1.0
1686290,460.0,550.0
1686320,2.0,2.0
1686350,3.0,3.0
1686380,15.0,17.0
1686520,8.0,9.0
1686530,33.0,36.0
1686540,90.0,107.0
1686550,2.0,2.0
1686620,47.0,53.0
1686640,8.0,9.0
1686670,5.0,6.0
1686790,4.0,5.0
1686810,12.0,12.0
1686850,22.0,24.0
1686860,5.0,5.0
1686940,12671.0,13070.0
1687000,670.0,827.0
1687050,3.0,3.0
1687060,26.0,33.0
1687070,1.0,1.0
1687080,11.0,11.0
1687150,38.0,39.0
1687190,17.0,17.0
1687210,140.0,150.0
1687300,3.0,3.0
1687460,1.0,1.0
1687470,15.0,15.0
1687550,540.0,563.0
1687560,2.0,2.0
1687570,3.0,3.0
1687700,78.0,91.0
1687710,28.0,33.0
1687780,6.0,7.0
1687940,189.0,207.0
1687950,80895.0,83611.0
1687960,179.0,202.0
1687970,16.0,18.0
1687980,57.0,70.0
1688080,22.0,24.0
1688100,688.0,746.0
1688250,3.0,3.0
1688270,7.0,9.0
1688290,12.0,13.0
1688310,10.0,11.0
1688320,483.0,554.0
1688340,15.0,16.0
1688350,23.0,25.0
1688530,4.0,4.0
1688580,670.0,679.0
1688670,5.0,5.0
1688690,8.0,10.0
1688750,122.0,140.0
1688850,124.0,127.0
1688970,1.0,1.0
1688980,4.0,4.0
1689000,38.0,40.0
1689010,116.0,139.0
1689060,3.0,3.0
1689180,2.0,2.0
1689190,134.0,144.0
1689220,7.0,7.0
1689250,31.0,34.0
1689270,49.0,53.0
1689280,107.0,119.0
1689350,288.0,326.0
1689410,5.0,6.0
1689420,13.0,15.0
1689480,71.0,90.0
1689500,2314.0,2426.0
1689550,90.0,100.0
1689610,1.0,1.0
1689680,152.0,189.0
1689730,93.0,110.0
1689750,37.0,40.0
1689870,277.0,284.0
1689880,2.0,2.0
1689910,1558.0,1665.0
1689930,9.0,10.0
1689980,19.0,24.0
1690000,13.0,13.0
1690060,27.0,32.0
1690200,5.0,5.0
1690210,21.0,22.0
1690290,2.0,2.0
1690360,25.0,30.0
1690390,5.0,5.0
1690430,188.0,194.0
1690440,40.0,45.0
1690500,5.0,5.0
1690560,16.0,16.0
1690820,38.0,50.0
1690860,13.0,14.0
1690880,31.0,33.0
1690940,1.0,1.0
1690990,22.0,23.0
1691190,438.0,529.0
1691370,5.0,6.0
1691380,5.0,5.0
1691400,334.0,408.0
1691420,337.0,348.0
1691580,8.0,9.0
1691590,5.0,5.0
1691620,19.0,24.0
1691750,19.0,23.0
1691860,8.0,8.0
1691890,18.0,22.0
1692060,87.0,88.0
1692080,401.0,532.0
1692150,7.0,9.0
1692170,1.0,1.0
1692200,454.0,554.0
1692210,55.0,68.0
1692220,1.0,1.0
1692240,438.0,469.0
1692280,27.0,32.0
1692340,23.0,23.0
1692390,11.0,11.0
1692400,5.0,6.0
1692430,182.0,193.0
1692440,5.0,5.0
1692510,38.0,40.0
1692520,9.0,10.0
1692550,9.0,9.0
1692570,3.0,3.0
1692580,35.0,38.0
1692620,67.0,80.0
1692680,1.0,1.0
1692700,162.0,194.0
1692940,1.0,1.0
1693010,1.0,1.0
1693090,13.0,14.0
1693160,2.0,2.0
1693200,52.0,54.0
1693210,6.0,7.0
1693230,10.0,11.0
1693260,248.0,251.0
1693280,354.0,403.0
1693300,4.0,4.0
1693310,43.0,43.0
1693340,2.0,2.0
1693380,11.0,13.0
1693390,4.0,4.0
1693420,6.0,6.0
1693480,18.0,23.0
1693540,9.0,10.0
1693610,24.0,29.0
1693620,2.0,2.0
1693650,57.0,59.0
1693660,19.0,22.0
1693680,11.0,12.0
1693710,24.0,26.0
1693760,48.0,51.0
1693850,9.0,9.0
1693930,21.0,22.0
1693950,52.0,57.0
1693960,1.0,1.0
1693980,39510.0,43575.0
1694100,33.0,40.0
1694150,2.0,2.0
1694160,8.0,10.0
1694230,63.0,69.0
1694260,81.0,84.0
1694270,31.0,34.0
1694300,2.0,2.0
1694310,39.0,41.0
1694360,11.0,13.0
1694380,6.0,6.0
1694420,2269.0,2379.0
1694450,31.0,37.0
1694500,18.0,20.0
1694510,343.0,417.0
1694530,9.0,11.0
1694550,14.0,16.0
1694560,258.0,319.0
1694670,43.0,48.0
1694720,31.0,41.0
1694830,5.0,6.0
1694870,11.0,11.0
1694880,42.0,46.0
1694960,1211.0,1495.0
1695000,10.0,11.0
1695080,186.0,200.0
1695090,192.0,194.0
1695150,13.0,16.0
1695270,22.0,29.0
1695400,24.0,24.0
1695480,90.0,102.0
1695600,4.0,5.0
1695620,68.0,71.0
1695650,8.0,8.0
1695680,553.0,633.0
1695790,1.0,1.0
1695791,146.0,154.0
1695792,3.0,3.0
1695793,62.0,68.0
1695794,14.0,15.0
1695830,715.0,854.0
1695870,70.0,76.0
1696020,9.0,11.0
1696030,5.0,6.0
1696090,15.0,15.0
1696200,20.0,24.0
1696220,290.0,331.0
1696230,65.0,84.0
1696290,6.0,6.0
1696440,5043.0,5832.0
1696610,8.0,9.0
1696620,1.0,1.0
1696720,150.0,168.0
1696810,4099.0,5157.0
1696860,63.0,77.0
1696900,15.0,15.0
1696960,406.0,416.0
1697040,1.0,1.0
1697080,18.0,19.0
1697160,13.0,13.0
1697190,21.0,26.0
1697310,16.0,17.0
1697460,60.0,69.0
1697470,1.0,1.0
1697540,4.0,5.0
1697590,21.0,22.0
1697600,97.0,107.0
1697620,13.0,16.0
1697700,2051.0,2156.0
1697720,297.0,306.0
1697730,6.0,6.0
1697810,14.0,14.0
1697880,733.0,951.0
1697920,3.0,3.0
1698000,36.0,47.0
1698020,22.0,22.0
1698030,143.0,158.0
1698040,2.0,2.0
1698220,245.0,311.0
1698280,10.0,12.0
1698290,14.0,14.0
1698350,102.0,114.0
1698440,14.0,16.0
1698520,328.0,371.0
1698570,42.0,44.0
1698600,2.0,2.0
1698620,4.0,4.0
1698630,46.0,53.0
1698640,18.0,18.0
1698670,66.0,83.0
1698690,25.0,33.0
1698740,1.0,1.0
1698750,11.0,12.0
1698810,7.0,8.0
1698830,6.0,7.0
1698850,17.0,17.0
1698870,79.0,87.0
1698930,18.0,18.0
1698940,4.0,4.0
1698960,4925.0,4960.0
1699020,1.0,1.0
1699120,2.0,2.0
1699170,7.0,7.0
1699260,30.0,31.0
1699280,37.0,48.0
1699290,51.0,52.0
1699320,3.0,3.0
1699380,28.0,31.0
1699390,36.0,38.0
1699460,20.0,21.0
1699490,1.0,1.0
1699500,14.0,14.0
1699690,13.0,13.0
1699740,16.0,18.0
1699810,1.0,1.0
1699830,21.0,24.0
1699860,174.0,197.0
1699870,12.0,13.0
1699880,5.0,5.0
1699900,5.0,5.0
1699960,37.0,38.0
1699970,6.0,6.0
1699980,7.0,8.0
1700130,26.0,29.0
1700140,15.0,15.0
1700220,67.0,76.0
1700240,10.0,12.0
1700250,51.0,60.0
1700270,500.0,546.0
1700460,14.0,17.0
1700600,8.0,10.0
1700650,1.0,1.0
1700680,11.0,11.0
1700690,18.0,22.0
1700780,35.0,42.0
1700790,1.0,1.0
1700800,28.0,31.0
1700860,5.0,6.0
1700870,2429.0,2678.0
1700890,53.0,69.0
1700940,102.0,132.0
1701130,85.0,94.0
1701190,248.0,250.0
1701330,55.0,61.0
1701340,2.0,2.0
1701370,43.0,45.0
1701380,1345.0,1664.0
1701400,2.0,2.0
1701460,119.0,127.0
1701470,4.0,4.0
1701520,5511.0,7096.0
1701560,159.0,191.0
1701650,8.0,9.0
1701670,27.0,29.0
1701760,8.0,9.0
1701780,34.0,37.0
1701800,1482.0,1537.0
1701830,16.0,16.0
1701870,8.0,9.0
1701890,38.0,38.0
1701930,12.0,13.0
1701950,168.0,180.0
1702100,8.0,8.0
1702180,286.0,341.0
1702190,11.0,11.0
1702210,13.0,13.0
1702220,14.0,15.0
1702330,1281.0,1647.0
1702350,2.0,2.0
1702360,13.0,13.0
1702390,207.0,232.0
1702430,114.0,121.0
1702450,38.0,39.0
1702460,1.0,1.0
1702540,8.0,9.0
1702550,37.0,47.0
1702740,30.0,35.0
1702750,1.0,1.0
1702760,52.0,65.0
1702780,12.0,12.0
1702830,674.0,764.0
1702880,11.0,11.0
1702910,13.0,16.0
1702970,165.0,194.0
1702980,95.0,102.0
1702990,281.0,299.0
1703010,1.0,1.0
1703020,81.0,84.0
1703090,6.0,7.0
1703100,7.0,8.0
1703120,7.0,7.0
1703140,83.0,105.0
1703210,16.0,16.0
1703230,79.0,91.0
1703240,1.0,1.0
1703340,26423.0,28048.0
1703490,1.0,1.0
1703500,4.0,4.0
1703600,20.0,23.0
1703650,11.0,11.0
1703740,18.0,23.0
1703930,68.0,71.0
1704060,389.0,449.0
1704070,22.0,24.0
1704080,210.0,238.0
1704140,2.0,2.0
1704150,2.0,2.0
1704250,10.0,10.0
1704260,6.0,6.0
1704310,13.0,14.0
1704490,7.0,7.0
1704540,4.0,4.0
1704620,2.0,2.0
1704630,4.0,4.0
1704640,8.0,8.0
1704730,70.0,71.0
1704820,9.0,10.0
1704830,35.0,39.0
1704980,11.0,11.0
1705020,12.0,14.0
1705030,79.0,82.0
1705130,7.0,9.0
1705140,447.0,469.0
1705150,34.0,36.0
1705180,4619.0,5041.0
1705220,54.0,64.0
1705350,8.0,8.0
1705400,89.0,100.0
1705410,34.0,45.0
1705470,7.0,9.0
1705520,169.0,215.0
1705560,24.0,31.0
1705580,55.0,58.0
1705590,117.0,129.0
1705610,7.0,8.0
1705620,2.0,2.0
1705660,69.0,70.0
1705760,16.0,17.0
1705880,10.0,13.0
1705930,225.0,253.0
1705970,5.0,5.0
1706090,140.0,142.0
1706130,1.0,1.0
1706150,7.0,7.0
1706170,27.0,27.0
1706190,72.0,79.0
1706210,250.0,270.0
1706240,8.0,8.0
1706260,13.0,14.0
1706310,60.0,65.0
1706340,123.0,132.0
1706390,8.0,8.0
1706470,13.0,14.0
1706480,5.0,5.0
1706540,58.0,69.0
1706640,55.0,70.0
1706670,24.0,30.0
1706710,37.0,39.0
1706820,283.0,331.0
1706850,447.0,524.0
1706890,1.0,1.0
1706920,19.0,22.0
1706930,1566.0,1603.0
1706940,31.0,34.0
1707030,9.0,11.0
1707040,24.0,26.0
1707050,28.0,31.0
1707090,1.0,1.0
1707100,4.0,4.0
1707120,12.0,12.0
1707280,2.0,2.0
1707310,8.0,10.0
1707400,261.0,263.0
1707410,9.0,9.0
1707450,4.0,5.0
1707470,1.0,1.0
1707500,1.0,1.0
1707550,749.0,818.0
1707560,82.0,95.0
1707620,40.0,43.0
1707630,1.0,1.0
1707650,858.0,993.0
1707670,9.0,9.0
1707690,1.0,1.0
1707700,7.0,9.0
1707770,24.0,28.0
1707780,103.0,118.0
1707790,21.0,22.0
1707800,11.0,11.0
1707840,40.0,47.0
1707850,31.0,32.0
1707870,191.0,204.0
1708010,1084.0,1363.0
1708110,253.0,256.0
1708150,6061.0,6142.0
1708180,7.0,9.0
1708190,303.0,306.0
1708200,32.0,33.0
1708270,5.0,6.0
1708290,4.0,4.0
1708300,3.0,3.0
1708320,32.0,37.0
1708550,19.0,20.0
1708570,27.0,32.0
1708710,19.0,20.0
1708730,6.0,6.0
1708750,1.0,1.0
1708790,4.0,4.0
1708820,13.0,17.0
1708870,6382.0,6516.0
1708970,12.0,12.0
1708990,109.0,120.0
1709050,378.0,426.0
1709070,52.0,52.0
1709150,1.0,1.0
1709170,396.0,416.0
1709180,75.0,76.0
1709210,13.0,14.0
1709240,13.0,15.0
1709290,4.0,5.0
1709320,24.0,24.0
1709350,196.0,204.0
1709450,15.0,18.0
1709460,172.0,213.0
1709500,481.0,560.0
1709550,2.0,2.0
1709570,1.0,1.0
1709580,39.0,48.0
1709590,63.0,69.0
1709700,97.0,104.0
1709730,215.0,221.0
1709820,13.0,17.0
1709870,65.0,68.0
1709900,983.0,1098.0
1709950,8.0,10.0
1710040,1.0,1.0
1710100,1922.0,1984.0
1710120,4.0,5.0
1710140,34.0,36.0
1710170,1943.0,2126.0
1710200,5.0,6.0
1710250,28.0,33.0
1710290,36.0,44.0
1710340,2.0,2.0
1710390,13.0,16.0
1710460,1.0,1.0
1710500,8.0,9.0
1710520,9.0,11.0
1710540,411.0,528.0
1710570,10.0,10.0
1710580,1117.0,1395.0
1710590,4.0,4.0
1710670,96.0,120.0
1710690,3.0,3.0
1710750,59.0,71.0
1710790,1.0,1.0
1710810,22.0,23.0
1710830,28.0,28.0
1710840,26.0,32.0
1710870,21.0,27.0
1710920,571.0,625.0
1710930,5377.0,5768.0
1710970,1.0,1.0
1711080,40.0,47.0
1711190,27.0,28.0
1711290,1.0,1.0
1711320,11.0,14.0
1711400,97.0,100.0
1711480,28.0,33.0
1711490,71.0,82.0
1711520,19.0,19.0
1711540,5.0,6.0
1711600,37.0,41.0
1711610,1301.0,1555.0
1711620,90.0,112.0
1711670,2.0,2.0
1711680,11.0,12.0
1711690,26.0,29.0
1711740,15.0,15.0
1711840,86.0,110.0
1711940,4.0,5.0
1712020,13.0,13.0
1712030,1.0,1.0
1712050,58.0,74.0
1712110,11.0,13.0
1712150,37.0,38.0
1712310,15.0,15.0
1712350,1743.0,1861.0
1712360,11.0,11.0
1712370,20.0,20.0
1712390,3402.0,3688.0
1712420,18.0,19.0
1712430,1.0,1.0
1712490,3.0,3.0
1712530,4.0,4.0
1712590,3.0,3.0
1712680,3.0,3.0
1712690,17.0,22.0
1712730,17.0,22.0
1712750,33.0,40.0
1712810,26.0,27.0
1712820,23.0,25.0
1712830,9477.0,10201.0
1712890,26.0,31.0
1712950,86.0,89.0
1713060,1.0,1.0
1713080,31.0,33.0
1713140,21.0,23.0
1713190,147.0,180.0
1713200,26.0,26.0
1713210,1.0,1.0
1713260,13.0,14.0
1713310,4.0,4.0
1713340,3.0,3.0
1713410,1.0,1.0
1713440,4.0,4.0
1713470,12.0,12.0
1713610,4192.0,4234.0
1713620,7.0,9.0
1713640,74.0,88.0
1713720,61.0,77.0
1713770,4.0,4.0
1713790,1.0,1.0
1713810,871.0,1105.0
1713830,2.0,2.0
1713880,3.0,3.0
1713910,14.0,18.0
1714010,10.0,12.0
1714020,9.0,10.0
1714040,29616.0,32696.0
1714050,37.0,38.0
1714070,63.0,67.0
1714080,73.0,74.0
1714090,3.0,3.0
1714180,30.0,38.0
1714190,71.0,83.0
1714200,2.0,2.0
1714240,56.0,72.0
1714250,267.0,306.0
1714270,50.0,64.0
1714300,16.0,20.0
1714320,11529.0,11915.0
1714420,584.0,604.0
1714430,2.0,2.0
1714440,72.0,89.0
1714460,112.0,134.0
1714550,65.0,69.0
1714580,215.0,233.0
1714590,603.0,644.0
1714660,30.0,32.0
1714680,12.0,13.0
1714760,6.0,6.0
1714840,3.0,3.0
1714910,29.0,34.0
1714960,5.0,5.0
1715000,17.0,22.0
1715110,2.0,2.0
1715160,46.0,48.0
1715270,3.0,3.0
1715290,4.0,5.0
1715330,7.0,7.0
1715370,17.0,19.0
1715390,7.0,7.0
1715460,3141.0,3219.0
1715470,14.0,15.0
1715490,5.0,5.0
1715500,1.0,1.0
1715590,292.0,313.0
1715660,5.0,5.0
1715670,1.0,1.0
1715690,96.0,108.0
1715720,4.0,4.0
1715730,2132.0,2420.0
1715840,41.0,54.0
1715850,82.0,85.0
1715880,252.0,274.0
1715950,5.0,5.0
1715980,175.0,215.0
1716050,5.0,5.0
1716120,843.0,941.0
1716160,6.0,6.0
1716270,6.0,7.0
1716280,1.0,1.0
1716310,77.0,93.0
1716360,75.0,82.0
1716390,56.0,62.0
1716470,1.0,1.0
1716480,54.0,56.0
1716500,10.0,10.0
1716530,2.0,2.0
1716550,1.0,1.0
1716660,5.0,5.0
1716720,6.0,7.0
1716770,13.0,16.0
1716790,3.0,3.0
1716810,6.0,6.0
1716830,5.0,5.0
1716860,3.0,3.0
1716950,16.0,16.0
1717050,13.0,15.0
1717080,9.0,9.0
1717090,384.0,425.0
1717120,10.0,13.0
1717160,2.0,2.0
1717290,71.0,93.0
1717370,12.0,13.0
1717410,68.0,80.0
1717570,92.0,106.0
1717640,402.0,513.0
1717740,1.0,1.0
1717770,2100.0,2117.0
1717810,124.0,145.0
1718020,8.0,10.0
1718040,19.0,19.0
1718130,4058.0,4582.0
1718160,263.0,270.0
1718240,50.0,62.0
1718340,13.0,13.0
1718540,6.0,7.0
1718570,23530.0,24563.0
1718650,27.0,28.0
1718660,18.0,22.0
1718700,37.0,43.0
1718860,13.0,16.0
1718870,5208.0,5417.0
1718910,234.0,235.0
1719100,256.0,294.0
1719130,178.0,183.0
1719180,133.0,135.0
1719200,2.0,2.0
1719230,1.0,1.0
1719240,53.0,61.0
1719310,239.0,241.0
1719390,313.0,391.0
1719450,1.0,1.0
1719470,8.0,8.0
1719550,29.0,29.0
1719660,190.0,240.0
1719690,41.0,41.0
1719770,22.0,28.0
1719830,2.0,2.0
1719880,14.0,16.0
1719890,16.0,20.0
1719940,1.0,1.0
1719960,2.0,2.0
1719980,2.0,2.0
1719990,4.0,4.0
1720040,28.0,37.0
1720050,834.0,928.0
1720090,267.0,314.0
1720140,144.0,172.0
1720160,116.0,132.0
1720180,3.0,3.0
1720210,18.0,20.0
1720220,11.0,12.0
1720370,30.0,32.0
1720470,15.0,15.0
1720550,1.0,1.0
1720560,286.0,332.0
1720600,22.0,22.0
1720770,15.0,19.0
1720780,9.0,9.0
1720790,12.0,14.0
1720800,15.0,15.0
1720850,714.0,743.0
1720960,20.0,20.0
1720980,1.0,1.0
1721020,32.0,35.0
1721070,15.0,19.0
1721170,537.0,579.0
1721180,3.0,3.0
1721240,5.0,5.0
1721270,64.0,69.0
1721360,2.0,2.0
1721440,28.0,37.0
1721460,31.0,41.0
1721470,65420.0,78552.0
1721480,3.0,3.0
1721510,4.0,4.0
1721530,268.0,289.0
1721550,5.0,5.0
1721650,15.0,16.0
1721680,26.0,28.0
1721690,11.0,11.0
1721870,331.0,393.0
1721960,276.0,301.0
1721980,291.0,307.0
1721990,1.0,1.0
1722020,331.0,370.0
1722030,7.0,8.0
1722040,29.0,31.0
1722100,25.0,26.0
1722110,13.0,14.0
1722140,31.0,32.0
1722300,5.0,6.0
1722310,3.0,3.0
1722380,1.0,1.0
1722520,367.0,377.0
1722570,1256.0,1282.0
1722580,1.0,1.0
1722590,4.0,4.0
1722620,892.0,911.0
1722660,44.0,45.0
1722700,76.0,78.0
1722750,62.0,70.0
1722760,194.0,225.0
1722830,8.0,9.0
1722840,428.0,478.0
1722860,893.0,1180.0
1722870,202.0,216.0
1723190,16.0,16.0
1723260,2446.0,2657.0
1723390,5.0,6.0
1723400,2.0,2.0
1723570,14.0,14.0
1723680,9.0,10.0
1723700,1.0,1.0
1723730,3.0,3.0
1723740,7.0,8.0
1723750,1.0,1.0
1723760,9.0,9.0
1723870,1.0,1.0
1723930,26.0,32.0
1724000,111.0,129.0
1724010,20.0,22.0
1724040,7.0,8.0
1724050,869.0,919.0
1724060,5.0,5.0
1724100,11.0,13.0
1724120,40.0,42.0
1724130,14.0,15.0
1724140,359.0,425.0
1724160,22.0,23.0
1724180,1.0,1.0
1724190,3652.0,3959.0
1724310,2.0,2.0
1724320,338.0,397.0
1724360,1.0,1.0
1724410,4.0,4.0
1724420,7.0,9.0
1724440,367.0,412.0
1724510,2.0,2.0
1724540,25.0,33.0
1724570,4.0,5.0
1724580,1.0,1.0
1724600,10.0,13.0
1724660,7582.0,8367.0
1724670,2.0,2.0
1724770,412.0,454.0
1724810,14.0,15.0
1724980,38.0,41.0
1725250,110.0,113.0
1725340,193.0,243.0
1725400,1.0,1.0
1725430,21.0,21.0
1725440,127.0,140.0
1725470,12.0,15.0
1725620,59.0,63.0
1725640,1213.0,1226.0
1725680,42.0,52.0
1725830,7.0,7.0
1725850,60.0,77.0
1725860,22.0,25.0
1725880,16.0,18.0
1725910,31.0,32.0
1725990,21.0,21.0
1726030,1.0,1.0
1726050,20.0,21.0
1726120,393.0,511.0
1726130,746.0,950.0
1726180,2.0,2.0
1726190,1336.0,1478.0
1726310,11.0,11.0
1726360,71.0,91.0
1726390,33.0,36.0
1726400,2657.0,2895.0
1726450,1.0,1.0
1726590,10.0,11.0
1726690,1.0,1.0
1726720,32.0,33.0
1726730,313.0,408.0
1726750,148.0,150.0
1726760,217.0,224.0
1726790,2.0,2.0
1726850,26.0,27.0
1726870,55.0,69.0
1726970,2.0,2.0
1727000,227.0,248.0
1727090,6.0,7.0
1727100,38.0,45.0
1727140,11.0,12.0
1727180,146.0,152.0
1727210,435.0,459.0
1727220,80.0,82.0
1727310,4.0,4.0
1727320,11.0,13.0
1727340,2.0,2.0
1727400,7.0,7.0
1727420,128.0,133.0
1727430,3.0,3.0
1727440,4.0,4.0
1727490,18.0,19.0
1727520,204.0,210.0
1727550,250.0,291.0
1727600,4.0,5.0
1727650,19940.0,20835.0
1727660,49.0,50.0
1727780,1.0,1.0
1727810,31.0,39.0
1727840,6.0,7.0
1727860,7.0,7.0
1727880,4.0,4.0
1727910,4.0,5.0
1727930,62.0,71.0
1728080,8.0,9.0
1728160,2.0,2.0
1728170,1.0,1.0
1728280,4.0,5.0
1728390,16.0,17.0
1728500,1.0,1.0
1728550,15.0,18.0
1728660,200.0,213.0
1728680,30.0,31.0
1728690,25.0,28.0
1728700,30.0,31.0
1728740,37.0,37.0
1728830,102.0,109.0
1728980,15.0,19.0
1729050,25.0,27.0
1729090,39.0,41.0
1729100,16.0,16.0
1729150,11.0,14.0
1729160,27.0,27.0
1729170,18.0,18.0
1729250,23.0,26.0
1729260,13.0,13.0
1729300,135.0,148.0
1729340,2.0,2.0
1729370,10.0,12.0
1729570,21.0,21.0
1729580,130.0,143.0
1729590,39.0,45.0
1729600,22.0,26.0
1729660,1.0,1.0
1729710,21.0,22.0
1729730,12.0,13.0
1729810,2.0,2.0
1729820,1.0,1.0
1730000,75.0,75.0
1730020,17.0,18.0
1730100,47.0,54.0
1730110,62.0,66.0
1730140,58.0,65.0
1730150,5.0,5.0
1730160,3.0,3.0
1730170,3.0,3.0
1730190,35.0,35.0
1730250,911.0,1022.0
1730260,390.0,412.0
1730290,18.0,22.0
1730340,6.0,6.0
1730360,713.0,728.0
1730370,1.0,1.0
1730380,3.0,3.0
1730390,5.0,5.0
1730470,1.0,1.0
1730500,3.0,3.0
1730530,7.0,7.0
1730590,2835.0,3131.0
1730620,2.0,2.0
1730630,16.0,18.0
1730670,5.0,6.0
1730680,1706.0,1803.0
1730700,1695.0,1768.0
1730750,15.0,19.0
1730760,22.0,23.0
1730940,2.0,2.0
1731070,2239.0,2784.0
1731120,30.0,34.0
1731200,670.0,714.0
1731260,248.0,280.0
1731340,4.0,4.0
1731390,11.0,11.0
1731410,30.0,32.0
1731450,4.0,4.0
1731460,379.0,484.0
1731470,13.0,15.0
1731520,921.0,978.0
1731540,1.0,1.0
1731630,2.0,2.0
1731700,3.0,3.0
1731730,31.0,32.0
1731850,2.0,2.0
1731870,191.0,232.0
1731880,14.0,18.0
1731930,19.0,24.0
1732050,317.0,380.0
1732060,119.0,132.0
1732070,43.0,54.0
1732110,2.0,2.0
1732130,17.0,17.0
1732140,17.0,18.0
1732170,3.0,3.0
1732180,5344.0,5529.0
1732190,4547.0,5558.0
1732210,90.0,115.0
1732220,35.0,46.0
1732240,27.0,32.0
1732270,4.0,4.0
1732310,10.0,10.0
1732330,436.0,485.0
1732390,98.0,110.0
1732420,87.0,105.0
1732480,39.0,43.0
1732520,1.0,1.0
1732590,1.0,1.0
1732660,5.0,6.0
1732730,3.0,3.0
1732740,1250.0,1356.0
1732750,547.0,584.0
1732800,31.0,38.0
1733030,23.0,28.0
1733050,16.0,16.0
1733060,707.0,715.0
1733080,2.0,2.0
1733090,3.0,3.0
1733100,6.0,6.0
1733110,166.0,182.0
1733140,2.0,2.0
1733170,107.0,115.0
1733230,3.0,3.0
1733250,356.0,371.0
1733400,1.0,1.0
1733500,237.0,248.0
1733640,147.0,163.0
1733660,30.0,36.0
1733830,2.0,2.0
1733840,46.0,54.0
1733940,4.0,5.0
1733950,1.0,1.0
1734070,206.0,263.0
1734230,12.0,14.0
1734250,55.0,57.0
1734310,1.0,1.0
1734320,1565.0,1597.0
1734350,2.0,2.0
1734370,6.0,7.0
1734390,287.0,379.0
1734470,15.0,17.0
1734480,2.0,2.0
1734560,1.0,1.0
1734660,2.0,2.0
1734680,538.0,595.0
1734750,1.0,1.0
1734810,3.0,3.0
1734820,16.0,16.0
1734890,31.0,40.0
1734900,5.0,6.0
1734970,3.0,3.0
1734980,18.0,18.0
1735010,4.0,4.0
1735060,6.0,6.0
1735090,5.0,5.0
1735160,14.0,17.0
1735300,8.0,9.0
1735400,8.0,10.0
1735490,23.0,23.0
1735600,4.0,4.0
1735610,14.0,15.0
1735640,1.0,1.0
1735670,174.0,184.0
1735700,3997.0,4312.0
1735850,32.0,36.0
1735950,1774.0,1938.0
1735980,252.0,290.0
1736000,5.0,5.0
1736140,2.0,2.0
1736300,105.0,113.0
1736380,6.0,6.0
1736430,1.0,1.0
1736480,22.0,24.0
1736550,295.0,336.0
1736620,6.0,6.0
1736630,138.0,171.0
1736670,12.0,12.0
1736710,54.0,56.0
1736730,28.0,31.0
1736740,31.0,35.0
1736850,14.0,16.0
1736900,21.0,27.0
1736930,14.0,14.0
1736980,22.0,24.0
1737010,1.0,1.0
1737070,238.0,290.0
1737100,5483.0,5836.0
1737150,23.0,24.0
1737170,4.0,5.0
1737200,16.0,17.0
1737240,17.0,18.0
1737280,12.0,15.0
1737330,15.0,18.0
1737340,4280.0,4763.0
1737400,43.0,48.0
1737530,4.0,4.0
1737600,12.0,12.0
1737620,18.0,19.0
1737690,207.0,260.0
1737760,64.0,73.0
1737870,1138.0,1289.0
1737980,47.0,47.0
1738100,39.0,42.0
1738420,37.0,40.0
1738490,38.0,43.0
1738540,12.0,13.0
1738550,1.0,1.0
1738570,19.0,19.0
1738670,15.0,16.0
1738710,484.0,514.0
1738890,68.0,75.0
1738990,342.0,439.0
1739000,159.0,199.0
1739070,258.0,265.0
1739100,44.0,49.0
1739130,2.0,2.0
1739150,10.0,10.0
1739160,25.0,25.0
1739200,24.0,25.0
1739300,397.0,455.0
1739340,40.0,43.0
1739420,2.0,2.0
1739440,1.0,1.0
1739480,9.0,9.0
1739500,7.0,9.0
1739510,7.0,7.0
1739530,215.0,230.0
1739550,2.0,2.0
1739560,1.0,1.0
1739710,1.0,1.0
1739770,12.0,14.0
1739800,15.0,15.0
1739930,64.0,70.0
1740010,10.0,13.0
1740050,27.0,28.0
1740070,154.0,172.0
1740100,6525.0,6716.0
1740130,7.0,7.0
1740150,773.0,976.0
1740180,1.0,1.0
1740230,68.0,76.0
1740250,14.0,15.0
1740270,12.0,14.0
1740300,1897.0,1915.0
1740310,56.0,74.0
1740320,8.0,9.0
1740360,400.0,408.0
1740380,6.0,6.0
1740420,71.0,80.0
1740490,1.0,1.0
1740570,29.0,35.0
1740630,21.0,24.0
1740680,278.0,292.0
1740720,8179.0,9455.0
1740730,635.0,774.0
1740760,71.0,78.0
1740850,329.0,346.0
1740890,8.0,10.0
1740930,787.0,804.0
1741040,561.0,715.0
1741080,45.0,45.0
1741120,87.0,91.0
1741140,53.0,65.0
1741160,42.0,44.0
1741230,7.0,7.0
1741420,10.0,13.0
1741480,7.0,7.0
1741500,2.0,2.0
1741620,1.0,1.0
1741640,780.0,835.0
1741650,6.0,7.0
1741660,3.0,3.0
1741670,5.0,5.0
1741730,11.0,11.0
1741830,3.0,3.0
1741960,2.0,2.0
1742010,16.0,16.0
1742020,5090.0,5435.0
1742060,1.0,1.0
1742240,5.0,6.0
1742290,22.0,26.0
1742350,7.0,9.0
1742360,139.0,184.0
1742450,354.0,377.0
1742470,231.0,307.0
1742480,1.0,1.0
1742500,11.0,12.0
1742530,45.0,56.0
1742600,7.0,7.0
1742610,300.0,321.0
1742690,20.0,24.0
1742750,2.0,2.0
1742820,6.0,7.0
1742880,1.0,1.0
1742930,1458.0,1631.0
1743080,130.0,138.0
1743110,1.0,1.0
1743120,19.0,22.0
1743140,3.0,3.0
1743220,6.0,6.0
1743230,13.0,13.0
1743260,1285.0,1453.0
1743280,4.0,5.0
1743370,4.0,4.0
1743380,74.0,80.0
1743390,15.0,15.0
1743570,41.0,50.0
1743580,30.0,36.0
1743610,1.0,1.0
1743660,5.0,5.0
1743720,19.0,24.0
1743770,404.0,439.0
1743830,474.0,598.0
1743850,2436.0,2581.0
1743880,29.0,35.0
1743920,25.0,25.0
1743930,16.0,17.0
1743940,46.0,49.0
1744020,1.0,1.0
1744050,13.0,16.0
1744060,10.0,12.0
1744070,6.0,6.0
1744120,41.0,53.0
1744140,37.0,39.0
1744190,1.0,1.0
1744200,9.0,10.0
1744270,4.0,4.0
1744330,525.0,620.0
1744380,15.0,17.0
1744400,14.0,14.0
1744450,15.0,16.0
1744460,8.0,8.0
1744510,5.0,5.0
1744570,644.0,687.0
1744620,1.0,1.0
1744640,26.0,28.0
1744670,60.0,79.0
1744750,47.0,51.0
1744910,310.0,410.0
1745040,8.0,8.0
1745140,4.0,5.0
1745170,201.0,211.0
1745210,19.0,23.0
1745240,2.0,2.0
1745280,31.0,37.0
1745310,723.0,838.0
1745360,7.0,7.0
1745430,76.0,98.0
1745480,190.0,229.0
1745510,6727.0,7363.0
1745520,20.0,24.0
1745530,3.0,3.0
1745550,211.0,281.0
1745560,16.0,17.0
1745620,24.0,29.0
1745640,18.0,18.0
1745690,188.0,217.0
1745710,19.0,22.0
1745740,41.0,44.0
1745750,134.0,145.0
1745790,156.0,161.0
1745800,31.0,34.0
1745880,3.0,3.0
1745960,1.0,1.0
1745990,12.0,14.0
1746030,13285.0,13627.0
1746130,22.0,26.0
1746140,3.0,3.0
1746210,8.0,8.0
1746230,3.0,3.0
1746280,7.0,8.0
1746320,2.0,2.0
1746370,23.0,30.0
1746420,2.0,2.0
1746500,21.0,23.0
1746520,13.0,17.0
1746560,33.0,35.0
1746620,29.0,37.0
1746630,58.0,68.0
1746640,2.0,2.0
1746660,17.0,17.0
1746700,16.0,16.0
1746760,2.0,2.0
1746770,12.0,12.0
1746780,12.0,14.0
1746820,8.0,8.0
1746830,1.0,1.0
1746920,9.0,10.0
1746970,31.0,32.0
1747030,28.0,28.0
1747050,352.0,358.0
1747110,12.0,12.0
1747210,5.0,5.0
1747220,3.0,3.0
1747310,12.0,14.0
1747430,14.0,16.0
1747440,8.0,9.0
1747450,41.0,44.0
1747500,1.0,1.0
1747510,45.0,45.0
1747560,49.0,57.0
1747570,1.0,1.0
1747580,14.0,15.0
1747650,1611.0,1889.0
1747670,36.0,36.0
1747760,2063.0,2237.0
1747770,10.0,11.0
1747790,27.0,31.0
1747800,9.0,9.0
1747830,133.0,148.0
1747850,12.0,12.0
1747880,2.0,2.0
1747890,167.0,175.0
1747900,26.0,29.0
1748090,4.0,5.0
1748100,4.0,4.0
1748160,16.0,17.0
1748170,10.0,11.0
1748230,242.0,257.0
1748240,2.0,2.0
1748300,91.0,102.0
1748310,28.0,31.0
1748330,21.0,21.0
1748390,622.0,718.0
1748610,458.0,482.0
1748620,3832.0,4041.0
1748640,7.0,8.0
1748750,183.0,238.0
1748790,6.0,6.0
1748840,13.0,13.0
1748930,13.0,13.0
1749010,84.0,90.0
1749020,10.0,10.0
1749030,40.0,42.0
1749120,4.0,5.0
1749210,1.0,1.0
1749220,4.0,5.0
1749260,1.0,1.0
1749300,28.0,33.0
1749310,10.0,10.0
1749350,145.0,157.0
1749380,19.0,20.0
1749410,4.0,4.0
1749420,13.0,14.0
1749430,74.0,79.0
1749460,16.0,20.0
1749480,4.0,4.0
1749630,8392.0,9209.0
1749670,1.0,1.0
1749710,1.0,1.0
1749720,13.0,13.0
1749770,71.0,74.0
1749840,24.0,29.0
1750170,18.0,21.0
1750200,645.0,705.0
1750240,5.0,5.0
1750290,1.0,1.0
1750330,42.0,51.0
1750350,83.0,84.0
1750410,23.0,27.0
1750490,40.0,41.0
1750520,1.0,1.0
1750570,843.0,1035.0
1750600,53.0,53.0
1750640,12.0,12.0
1750690,2.0,2.0
1750710,217.0,235.0
1750740,90.0,103.0
1750770,1639.0,1776.0
1750900,3.0,3.0
1750980,10.0,13.0
1750990,1.0,1.0
1751000,49.0,55.0
1751100,32.0,36.0
1751110,11.0,11.0
1751230,12.0,13.0
1751270,29.0,35.0
1751480,8.0,9.0
1751560,47.0,55.0
1751580,2.0,2.0
1751610,1.0,1.0
1751630,305.0,355.0
1751640,1.0,1.0
1751680,59.0,61.0
1751700,7.0,7.0
1751710,23.0,30.0
1751780,29.0,34.0
1751800,57.0,65.0
1751850,7.0,8.0
1751880,323.0,326.0
1751970,17.0,17.0
1751980,320.0,337.0
1751990,3.0,3.0
1752050,1.0,1.0
1752060,55.0,56.0
1752090,13.0,13.0
1752150,109.0,112.0
1752220,6.0,7.0
1752250,116.0,128.0
1752430,15.0,17.0
1752610,31.0,36.0
1752660,1.0,1.0
1752730,34.0,35.0
1752760,27.0,34.0
1752810,16.0,18.0
1752890,4.0,5.0
1752980,1.0,1.0
1753010,24.0,29.0
1753050,35.0,37.0
1753090,103.0,112.0
1753130,2.0,2.0
1753160,2.0,2.0
1753270,77.0,81.0
1753330,7.0,8.0
1753370,32.0,32.0
1753380,3.0,3.0
1753400,48.0,62.0
1753440,12.0,12.0
1753510,5.0,5.0
1753670,6.0,6.0
1753690,1.0,1.0
1753730,2.0,2.0
1753760,8.0,9.0
1753800,1.0,1.0
1753810,1.0,1.0
1753890,10.0,10.0
1754200,13.0,13.0
1754260,73.0,90.0
1754300,6.0,6.0
1754440,55.0,57.0
1754460,130.0,150.0
1754480,14.0,17.0
1754510,6.0,6.0
1754520,8.0,9.0
1754540,3.0,3.0
1754720,2962.0,3025.0
1754750,6.0,6.0
1754760,19.0,23.0
1754770,5.0,6.0
1754790,2.0,2.0
1754840,772.0,1011.0
1754940,2.0,2.0
1755030,226.0,246.0
1755100,589.0,611.0
1755110,2.0,2.0
1755130,7.0,8.0
1755170,3.0,3.0
1755240,213.0,252.0
1755280,66.0,67.0
1755340,34.0,35.0
1755350,845.0,1014.0
1755420,13.0,15.0
1755460,21.0,26.0
1755530,15.0,17.0
1755570,40.0,49.0
1755580,343.0,367.0
1755600,13.0,13.0
1755620,7.0,7.0
1755650,11.0,12.0
1755670,27.0,28.0
1755740,32.0,40.0
1755830,3359.0,3659.0
1755870,70.0,86.0
1755880,162.0,201.0
1755890,49.0,57.0
1755950,140.0,156.0
1755980,48.0,57.0
1756060,1.0,1.0
1756180,156.0,192.0
1756210,4.0,4.0
1756320,11.0,14.0
1756330,16.0,17.0
1756340,7.0,8.0
1756480,11.0,11.0
1756550,1.0,1.0
1756650,11.0,12.0
1756790,14.0,18.0
1756840,11.0,12.0
1756920,4.0,5.0
1756960,17.0,17.0
1757130,1.0,1.0
1757170,3.0,3.0
1757260,1.0,1.0
1757360,2.0,2.0
1757430,8.0,8.0
1757440,14.0,17.0
1757450,19.0,19.0
1757470,14.0,15.0
1757490,2196.0,2519.0
1757510,1.0,1.0
1757560,16.0,17.0
1757580,57.0,69.0
1757610,998.0,1155.0
1757680,61.0,75.0
1757820,1.0,1.0
1757880,252.0,332.0
1757890,33.0,36.0
1757920,15.0,17.0
1757950,14.0,15.0
1757970,9.0,11.0
1758060,3.0,3.0
1758200,18.0,22.0
1758220,34.0,40.0
1758320,10.0,11.0
1758360,19.0,23.0
1758390,8.0,9.0
1758410,6.0,7.0
1758440,15.0,15.0
1758450,185.0,201.0
1758470,15.0,15.0
1758520,44.0,55.0
1758600,6.0,7.0
1758640,5.0,5.0
1758870,8.0,10.0
1758910,66.0,70.0
1758920,130.0,144.0
1758930,6.0,7.0
1758950,588.0,723.0
1758990,1.0,1.0
1759260,2.0,2.0
1759340,5.0,6.0
1759350,340.0,378.0
1759380,760.0,950.0
1759400,2.0,2.0
1759440,837.0,1022.0
1759820,1.0,1.0
1759840,4.0,4.0
1759980,10.0,12.0
1760020,53.0,57.0
1760040,20.0,20.0
1760090,29.0,29.0
1760140,12.0,14.0
1760160,38.0,49.0
1760240,105.0,114.0
1760300,6.0,7.0
1760320,19.0,20.0
1760330,88.0,100.0
1760340,68.0,88.0
1760410,1.0,1.0
1760510,5.0,5.0
1760610,2.0,2.0
1760640,39.0,39.0
1760660,5.0,5.0
1761010,64.0,67.0
1761040,30.0,33.0
1761130,14.0,16.0
1761250,1.0,1.0
1761260,94.0,125.0
1761290,97.0,107.0
1761390,15010.0,16043.0
1761440,7.0,8.0
1761450,27.0,31.0
1761480,1.0,1.0
1761560,41.0,45.0
1761660,17.0,17.0
1761670,1.0,1.0
1761680,14.0,14.0
1761740,32.0,42.0
1761770,10.0,12.0
1761780,611.0,654.0
1761790,3.0,3.0
1761860,65.0,86.0
1761900,210.0,264.0
1762010,556.0,733.0
1762100,1.0,1.0
1762120,11.0,13.0
1762270,695.0,728.0
1762370,21.0,21.0
1762400,43.0,46.0
1762450,8.0,9.0
1762480,170.0,180.0
1762490,5.0,6.0
1762550,111.0,125.0
1762570,144.0,179.0
1762720,2.0,2.0
1762920,15.0,16.0
1763030,134.0,142.0
1763050,1853.0,2099.0
1763060,6.0,6.0
1763100,1.0,1.0
1763110,33.0,43.0
1763120,10.0,11.0
1763150,87.0,91.0
1763160,5.0,5.0
1763180,12.0,12.0
1763190,108.0,114.0
1763210,6.0,7.0
1763230,79.0,86.0
1763270,16.0,17.0
1763290,2.0,2.0
1763330,5.0,5.0
1763350,3.0,3.0
1763510,146.0,175.0
1763520,70.0,80.0
1763550,12.0,12.0
1763590,10.0,10.0
1763600,14.0,16.0
1763620,977.0,1095.0
1763830,188.0,228.0
1763900,70.0,72.0
1763990,12.0,15.0
1764050,104.0,126.0
1764210,1.0,1.0
1764230,3.0,3.0
1764240,22.0,24.0
1764390,7264.0,7450.0
1764400,58.0,62.0
1764410,9.0,9.0
1764450,161.0,163.0
1764480,4.0,4.0
1764530,1372.0,1500.0
1764550,13.0,16.0
1764650,18.0,19.0
1764700,142.0,144.0
1764810,37.0,44.0
1764970,6.0,6.0
1765060,21.0,27.0
1765150,128.0,142.0
1765180,63.0,83.0
1765260,5.0,5.0
1765300,130.0,171.0
1765310,17.0,17.0
1765350,2763.0,2816.0
1765470,1.0,1.0
1765510,4.0,4.0
1765540,160.0,183.0
1765560,102.0,118.0
1765600,4.0,4.0
1765680,3.0,3.0
1765700,30.0,31.0
1765780,655.0,716.0
1765820,17.0,20.0
1765850,5.0,6.0
1765860,1.0,1.0
1765960,11.0,12.0
1765980,2.0,2.0
1766000,53.0,54.0
1766010,538.0,560.0
1766100,1227.0,1513.0
1766110,11.0,12.0
1766150,13.0,16.0
1766180,2.0,2.0
1766270,16.0,21.0
1766310,4.0,4.0
1766320,20.0,21.0
1766340,14.0,15.0
1766350,23.0,23.0
1766390,531.0,619.0
1766420,67.0,83.0
1766430,1.0,1.0
1766540,93.0,109.0
1766550,14.0,16.0
1766580,20.0,25.0
1766720,267.0,286.0
1766740,13435.0,14696.0
1766790,388.0,414.0
1766810,43.0,49.0
1766830,11.0,13.0
1767140,4.0,4.0
1767150,5.0,5.0
1767160,9.0,9.0
1767170,292.0,348.0
1767180,8.0,9.0
1767190,21.0,21.0
1767220,98.0,108.0
1767250,36.0,37.0
1767270,38.0,48.0
1767320,317.0,346.0
1767490,2.0,2.0
1767560,574.0,679.0
1767580,13.0,13.0
1767590,2.0,2.0
1767610,11.0,14.0
1767700,20.0,20.0
1767730,7.0,8.0
1767740,24.0,30.0
1767760,7.0,9.0
1767840,147.0,178.0
1767890,19.0,23.0
1767930,27.0,28.0
1767950,16.0,17.0
1768030,3.0,3.0
1768070,2.0,2.0
1768100,2.0,2.0
1768200,16.0,16.0
1768210,4.0,4.0
1768260,33.0,36.0
1768270,64.0,71.0
1768280,1246.0,1418.0
1768350,9.0,11.0
1768400,5.0,6.0
1768470,513.0,534.0
1768530,10.0,13.0
1768550,927.0,1051.0
1768640,1884.0,1953.0
1768650,350.0,370.0
1768660,16.0,16.0
1768730,14.0,16.0
1768780,265.0,326.0
1768790,6.0,7.0
1768800,9.0,11.0
1768810,8.0,9.0
1768830,12.0,12.0
1768880,328.0,394.0
1768920,152.0,157.0
1768980,15.0,15.0
1768990,3.0,3.0
1769060,18.0,18.0
1769100,11.0,14.0
1769150,3.0,3.0
1769160,16.0,16.0
1769170,1276.0,1337.0
1769270,171.0,183.0
1769280,10.0,11.0
1769300,1.0,1.0
1769320,420.0,430.0
1769390,1.0,1.0
1769420,1056.0,1270.0
1769510,62.0,63.0
1769630,19.0,24.0
1769640,26.0,26.0
1769720,6.0,7.0
1769730,1.0,1.0
1769750,1.0,1.0
1769760,1.0,1.0
1769880,18.0,20.0
1769980,256.0,330.0
1770120,3.0,3.0
1770140,32.0,41.0
1770160,38.0,43.0
1770180,7.0,8.0
1770190,6.0,7.0
1770200,1.0,1.0
1770210,127.0,161.0
1770230,39.0,49.0
1770350,2.0,2.0
1770390,462.0,557.0
1770400,214.0,262.0
1770440,24.0,24.0
1770460,90.0,115.0
1770490,33.0,41.0
1770540,11.0,12.0
1770550,165.0,207.0
1770600,150.0,178.0
1770810,23.0,29.0
1770820,53.0,53.0
1770830,44.0,44.0
1770840,65.0,76.0
1771070,179.0,185.0
1771120,6.0,7.0
1771130,64.0,79.0
1771180,306.0,344.0
1771200,37.0,37.0
1771210,65.0,70.0
1771360,300.0,307.0
1771400,15.0,15.0
1771440,42.0,42.0
1771460,9.0,9.0
1771520,38.0,45.0
1771540,15.0,16.0
1771550,2.0,2.0
1771700,287.0,316.0
1771730,57.0,66.0
1771780,24.0,29.0
1771880,13.0,13.0
1771930,15.0,17.0
1771960,1.0,1.0
1771980,3591.0,3850.0
1771990,70.0,72.0
1772050,138.0,155.0
1772060,203.0,251.0
1772070,4.0,4.0
1772170,9.0,9.0
1772180,20.0,21.0
1772310,41.0,51.0
1772340,2.0,2.0
1772350,13.0,17.0
1772490,51.0,54.0
1772530,96.0,101.0
1772620,6.0,7.0
1772720,39.0,47.0
1772750,13.0,15.0
1772800,3.0,3.0
1772820,1419.0,1640.0
1772830,910.0,1017.0
1772840,3.0,3.0
1772920,13.0,14.0
1773010,1.0,1.0
1773060,53.0,61.0
1773110,4.0,4.0
1773180,620.0,808.0
1773200,54.0,68.0
1773320,105.0,131.0
1773330,13.0,15.0
1773360,3.0,3.0
1773390,1.0,1.0
1773410,69.0,72.0
1773460,4.0,4.0
1773490,80.0,80.0
1773500,76.0,83.0
1773560,25.0,31.0
1773570,25.0,25.0
1773700,122.0,133.0
1773890,456.0,486.0
1773990,5.0,6.0
1774080,25.0,28.0
1774100,519.0,658.0
1774110,7.0,7.0
1774130,5.0,6.0
1774220,74.0,76.0
1774390,3.0,3.0
1774700,58.0,59.0
1774860,10.0,12.0
1774890,45.0,45.0
1774910,12.0,13.0
1775100,2.0,2.0
1775110,130.0,143.0
1775150,2.0,2.0
1775160,3.0,3.0
1775220,10.0,10.0
1775300,24.0,25.0
1775460,29.0,29.0
1775470,41.0,42.0
1775490,1497.0,1545.0
1775500,5.0,5.0
1775520,21.0,22.0
1775530,554.0,585.0
1775550,305.0,336.0
1775640,12.0,15.0
1775750,23.0,25.0
1775840,1.0,1.0
1775860,23.0,28.0
1776080,7.0,8.0
1776160,2213.0,2398.0
1776170,41.0,51.0
1776290,7.0,9.0
1776400,55.0,61.0
1776490,16.0,20.0
1776540,15.0,19.0
1776560,15.0,18.0
1776590,86.0,98.0
1776600,11.0,11.0
1776650,22.0,29.0
1776800,2.0,2.0
1776810,1.0,1.0
1776840,26.0,29.0
1776860,1.0,1.0
1776900,9.0,11.0
1776930,59.0,68.0
1776970,3208.0,3284.0
1777000,121.0,131.0
1777010,6.0,6.0
1777090,30.0,32.0
1777160,15.0,15.0
1777280,92.0,97.0
1777320,13.0,13.0
1777350,21.0,27.0
1777390,582.0,636.0
1777430,2009.0,2076.0
1777510,47.0,52.0
1777640,95.0,98.0
1777750,173.0,186.0
1777790,20.0,25.0
1777820,55.0,59.0
1777830,114.0,137.0
1777840,6.0,6.0
1777910,2.0,2.0
1777980,4.0,4.0
1777990,45.0,58.0
1778030,14.0,16.0
1778060,13.0,17.0
1778200,11.0,11.0
1778210,127.0,129.0
1778270,108.0,128.0
1778310,14.0,16.0
1778330,86.0,103.0
1778380,7.0,8.0
1778500,147.0,151.0
1778520,5.0,5.0
1778590,107.0,125.0
1778630,39.0,43.0
1778720,46.0,49.0
1778770,10.0,12.0
1778780,13.0,16.0
1778830,15.0,19.0
1778850,11.0,13.0
1778870,89.0,97.0
1778910,6.0,7.0
1779070,21.0,24.0
1779080,25.0,25.0
1779100,1.0,1.0
1779130,33.0,36.0
1779180,184.0,194.0
1779200,976.0,1056.0
1779220,12.0,13.0
1779240,4.0,4.0
1779460,171.0,182.0
1779530,69.0,75.0
1779560,224.0,231.0
1779590,2.0,2.0
1779630,6.0,7.0
1779670,4.0,4.0
1779720,26.0,31.0
1779760,73.0,94.0
1779790,19.0,25.0
1779810,10.0,10.0
1779840,46.0,50.0
1779940,1.0,1.0
1779950,8.0,10.0
1779960,76.0,86.0
1779990,45.0,53.0
1780100,4.0,4.0
1780260,35.0,40.0
1780270,293.0,390.0
1780290,28.0,28.0
1780300,20.0,21.0
1780370,277.0,283.0
1780380,12.0,15.0
1780430,8.0,9.0
1780450,19.0,19.0
1780470,79.0,87.0
1780480,20.0,20.0
1780520,12.0,14.0
1780570,2.0,2.0
1780620,2.0,2.0
1780690,182.0,203.0
1780720,17.0,21.0
1780730,9.0,11.0
1780880,13.0,14.0
1780900,3.0,3.0
1780990,16.0,19.0
1781010,77.0,79.0
1781030,233.0,255.0
1781110,2.0,2.0
1781160,1481.0,1836.0
1781170,8.0,10.0
1781210,3.0,3.0
1781260,127.0,129.0
1781270,13.0,13.0
1781290,8.0,10.0
1781350,209.0,221.0
1781380,9.0,9.0
1781430,8.0,9.0
1781500,35.0,38.0
1781580,1.0,1.0
1781590,6.0,7.0
1781620,1.0,1.0
1781640,21.0,21.0
1781710,43.0,57.0
1781730,17.0,18.0
1781750,269.0,341.0
1781760,1.0,1.0
1781840,29.0,37.0
1781880,36.0,38.0
1781980,3.0,3.0
1782030,1.0,1.0
1782070,1.0,1.0
1782080,2.0,2.0
1782120,8835.0,10311.0
1782210,138948.0,151393.0
1782230,26.0,30.0
1782260,21.0,27.0
1782270,18.0,21.0
1782320,18.0,23.0
1782380,20638.0,24497.0
1782390,19.0,24.0
1782420,22.0,24.0
1782480,16.0,18.0
1782600,128.0,135.0
1782620,43.0,53.0
1782640,1.0,1.0
1782690,1.0,1.0
1782710,39.0,44.0
1782750,11.0,11.0
1782860,11.0,12.0
1782880,26.0,29.0
1782890,1.0,1.0
1782940,8.0,9.0
1782960,6.0,6.0
1783040,1.0,1.0
1783050,88.0,103.0
1783060,6.0,7.0
1783080,21.0,22.0
1783090,35.0,40.0
1783110,801.0,852.0
1783130,3.0,3.0
1783280,501.0,619.0
1783350,1.0,1.0
1783360,965.0,992.0
1783370,23.0,30.0
1783380,16.0,19.0
1783470,10.0,13.0
1783490,11.0,11.0
1783500,6.0,7.0
1783510,74.0,77.0
1783680,118.0,129.0
1783700,50.0,59.0
1783800,221.0,224.0
1783910,5.0,5.0
1784020,6.0,7.0
1784100,1.0,1.0
1784180,8.0,8.0
1784200,1.0,1.0
1784220,33.0,35.0
1784410,13.0,16.0
1784470,25.0,31.0
1784550,27.0,34.0
1784580,12.0,12.0
1784600,5.0,6.0
1784610,15.0,15.0
1784630,39.0,50.0
1784730,61.0,67.0
1784780,594.0,669.0
1784840,1.0,1.0
1784940,6.0,7.0
1784950,2.0,2.0
1784980,10.0,11.0
1784990,25.0,28.0
1785000,126.0,142.0
1785080,8.0,8.0
1785100,5.0,5.0
1785120,171.0,213.0
1785150,9979.0,12013.0
1785220,20.0,21.0
1785270,8.0,8.0
1785300,168.0,193.0
1785370,20.0,22.0
1785420,110.0,112.0
1785430,1.0,1.0
1785450,5.0,5.0
1785460,21.0,23.0
1785510,6.0,7.0
1785530,4.0,5.0
1785560,4.0,4.0
1785600,3.0,3.0
1785750,13.0,16.0
1785820,1577.0,1665.0
1785900,18.0,23.0
1785980,248.0,292.0
1786010,167.0,199.0
1786070,41.0,49.0
1786100,3.0,3.0
1786130,5.0,6.0
1786230,88.0,95.0
1786330,2.0,2.0
1786480,44.0,51.0
1786490,3.0,3.0
1786580,1.0,1.0
1786640,82.0,88.0
1786660,8.0,10.0
1786670,667.0,775.0
1786710,11.0,12.0
1786730,13.0,17.0
1786760,197.0,211.0
1786780,8.0,8.0
1786790,2455.0,2551.0
1786820,16.0,18.0
1786830,100.0,126.0
1786860,5.0,5.0
1786930,48.0,57.0
1786950,897.0,993.0
1787010,14.0,18.0
1787030,8.0,10.0
1787040,7.0,7.0
1787100,44.0,48.0
1787120,144.0,171.0
1787150,68.0,83.0
1787160,108.0,115.0
1787180,14.0,15.0
1787190,8.0,8.0
1787210,14.0,14.0
1787270,4.0,5.0
1787320,52.0,60.0
1787400,6.0,7.0
1787420,9.0,11.0
1787440,4.0,5.0
1787470,31.0,32.0
1787500,497.0,535.0
1787520,2.0,2.0
1787630,14.0,14.0
1787690,4.0,4.0
1787730,8.0,10.0
1787760,131.0,140.0
1787810,47.0,55.0
1787840,10.0,11.0
1787860,111.0,119.0
1787870,1.0,1.0
1787900,2.0,2.0
1787910,1.0,1.0
1787920,75.0,98.0
1787960,81.0,91.0
1788100,308.0,410.0
1788120,45.0,48.0
1788270,20.0,26.0
1788280,4.0,4.0
1788390,10.0,11.0
1788410,30.0,31.0
1788420,1.0,1.0
1788430,26.0,28.0
1788500,5.0,5.0
1788520,19.0,19.0
1788560,10.0,11.0
1788700,12.0,14.0
1788750,1.0,1.0
1788780,271.0,280.0
1788790,5.0,5.0
1788800,48.0,53.0
1788840,19.0,19.0
1788850,312.0,335.0
1788900,9.0,11.0
1788970,6.0,7.0
1789050,15.0,16.0
1789080,3.0,3.0
1789090,95.0,105.0
1789100,5.0,5.0
1789160,6.0,6.0
1789180,24.0,25.0
1789220,8.0,9.0
1789270,28.0,34.0
1789370,81.0,88.0
1789380,1.0,1.0
1789440,6.0,6.0
1789470,346.0,360.0
1789490,281.0,292.0
1789500,8.0,8.0
1789620,14.0,18.0
1789650,282.0,294.0
1789670,17.0,17.0
1790250,32.0,33.0
1790330,15.0,17.0
1790370,289.0,345.0
1790380,28.0,30.0
1790420,1.0,1.0
1790470,11.0,13.0
1790490,182.0,197.0
1790580,4.0,4.0
1790600,38828.0,42055.0
1790630,48.0,54.0
1790710,3.0,3.0
1790740,1.0,1.0
1790760,7.0,9.0
1790770,7.0,8.0
1790800,12.0,15.0
1790870,9.0,10.0
1791080,36.0,38.0
1791090,2.0,2.0
1791120,111.0,142.0
1791230,1.0,1.0
1791400,9.0,9.0
1791410,7.0,8.0
1791430,11.0,12.0
1791460,15.0,15.0
1791610,818.0,858.0
1791700,213.0,231.0
1791710,15.0,16.0
1791790,200.0,237.0
1791820,14.0,18.0
1791870,16.0,19.0
1792010,2076.0,2718.0
1792070,4.0,5.0
1792230,15.0,15.0
1792250,3800.0,4101.0
1792270,47.0,47.0
1792280,6.0,6.0
1792300,6.0,6.0
1792380,1.0,1.0
1792600,72.0,79.0
1792610,313.0,331.0
1792650,10.0,12.0
1792660,26.0,30.0
1792740,54.0,63.0
1792770,6.0,6.0
1792890,40.0,53.0
1793000,3.0,3.0
1793020,95.0,122.0
1793030,246.0,278.0
1793040,12.0,12.0
1793060,13.0,15.0
1793070,14.0,16.0
1793110,1.0,1.0
1793120,16.0,21.0
1793150,65.0,86.0
1793200,4.0,5.0
1793240,12.0,14.0
1793250,2639.0,2827.0
1793300,15.0,16.0
1793340,15.0,15.0
1793370,19.0,21.0
1793380,84.0,87.0
1793400,6.0,6.0
1793560,26.0,27.0
1793660,5008.0,5259.0
1793680,3.0,3.0
1793800,51.0,67.0
1793910,11.0,12.0
1793970,1.0,1.0
1794030,15.0,18.0
1794120,2.0,2.0
1794210,6.0,7.0
1794300,49.0,49.0
1794370,1.0,1.0
1794380,1.0,1.0
1794400,37.0,40.0
1794430,14.0,15.0
1794440,71.0,89.0
1794470,2430.0,2688.0
1794520,43.0,46.0
1794530,61.0,70.0
1794600,9.0,10.0
1794640,17.0,17.0
1794670,6.0,6.0
1794680,232637.0,236189.0
1794690,6.0,6.0
1794700,10.0,10.0
1794730,5.0,5.0
1794760,16.0,18.0
1794780,437.0,493.0
1794930,4.0,4.0
1794940,3.0,3.0
1795170,338.0,381.0
1795410,16.0,17.0
1795430,98.0,110.0
1795470,78.0,90.0
1795550,13.0,14.0
1795560,7.0,8.0
1795570,60.0,65.0
1795760,4.0,5.0
1795770,27.0,32.0
1795800,2.0,2.0
1795820,8.0,10.0
1795980,16.0,20.0
1796060,51.0,51.0
1796080,46.0,52.0
1796100,17.0,19.0
1796180,162.0,179.0
1796200,325.0,428.0
1796210,21.0,27.0
1796220,3605.0,3854.0
1796270,13.0,16.0
1796410,80.0,88.0
1796440,1.0,1.0
1796450,6.0,6.0
1796500,6.0,7.0
1796510,14.0,18.0
1796550,29.0,31.0
1796570,3.0,3.0
1796630,29.0,29.0
1796640,13.0,13.0
1796680,9.0,9.0
1796750,4.0,4.0
1796790,876.0,999.0
1796870,118.0,118.0
1796900,9.0,9.0
1796920,7.0,8.0
1796930,5.0,5.0
1796980,9.0,10.0
1797040,15.0,18.0
1797060,47.0,49.0
1797140,7.0,8.0
1797250,14.0,17.0
1797300,339.0,419.0
1797380,3.0,3.0
1797410,15.0,19.0
1797460,4.0,4.0
1797480,56.0,74.0
1797490,45.0,57.0
1797500,4.0,4.0
1797580,11.0,12.0
1797590,8.0,8.0
1797610,321.0,370.0
1797630,75.0,87.0
1797650,1.0,1.0
1797680,420.0,459.0
1797710,7.0,8.0
1797840,20.0,26.0
1797930,121.0,125.0
1797940,10.0,11.0
1798010,1082.0,1250.0
1798020,400.0,467.0
1798130,10.0,10.0
1798170,13.0,13.0
1798180,3.0,3.0
1798210,80.0,91.0
1798340,1.0,1.0
1798350,7.0,9.0
1798410,1.0,1.0
1798460,1.0,1.0
1798470,1.0,1.0
1798540,21.0,21.0
1798600,32.0,38.0
1798640,19.0,21.0
1798670,22.0,22.0
1798690,13.0,14.0
1798720,18.0,21.0
1798740,18.0,18.0
1798770,59.0,67.0
1798780,580.0,609.0
1798810,24.0,24.0
1798820,2.0,2.0
1798910,21.0,26.0
1798950,9.0,10.0
1798970,30.0,34.0
1799020,22.0,22.0
1799110,1.0,1.0
1799160,47.0,51.0
1799180,22.0,24.0
1799190,70.0,71.0
1799290,11.0,11.0
1799400,1.0,1.0
1799520,53.0,56.0
1799530,36.0,40.0
1799560,42.0,49.0
1799650,12.0,15.0
1799660,1.0,1.0
1799720,1.0,1.0
1799730,7.0,8.0
1799820,3.0,3.0
1799830,38.0,41.0
1799850,54.0,61.0
1799930,909.0,1125.0
1799940,21.0,23.0
1799950,78.0,89.0
1800000,5.0,6.0
1800030,3.0,3.0
1800070,1.0,1.0
1800140,1.0,1.0
1800290,3.0,3.0
1800300,32.0,41.0
1800360,8.0,9.0
1800370,90.0,117.0
1800390,65.0,65.0
1800480,18.0,18.0
1800510,3.0,3.0
1800520,11.0,13.0
1800650,16.0,20.0
1800730,1534.0,1564.0
1800790,784.0,900.0
1800890,56.0,68.0
1800910,9.0,9.0
1800920,34.0,37.0
1800940,464.0,508.0
1800980,70.0,81.0
1801110,6957.0,7585.0
1801190,5.0,5.0
1801220,61.0,71.0
1801230,322.0,332.0
1801280,1.0,1.0
1801360,5.0,5.0
1801400,13.0,14.0
1801410,66.0,74.0
1801470,213.0,257.0
1801560,24.0,25.0
1801620,17.0,18.0
1801640,184.0,217.0
1801650,1757.0,1994.0
1801660,111.0,111.0
1801670,11.0,11.0
1801850,342.0,386.0
1801860,49.0,54.0
1802190,87.0,97.0
1802210,22.0,23.0
1802390,104.0,120.0
1802410,23.0,27.0
1802420,119.0,151.0
1802430,14.0,15.0
1802500,11.0,11.0
1802550,6.0,6.0
1802690,11.0,12.0
1802700,41.0,42.0
1802710,441.0,452.0
1802720,1254.0,1349.0
1802850,154.0,158.0
1802870,2041.0,2394.0
1802880,333.0,418.0
1802920,15.0,15.0
1802980,683.0,832.0
1803020,10.0,10.0
1803160,33.0,34.0
1803190,939.0,1158.0
1803220,17.0,17.0
1803290,12.0,14.0
1803310,51.0,56.0
1803390,277.0,319.0
1803400,871.0,1107.0
1803410,156.0,187.0
1803470,2.0,2.0
1803490,9.0,9.0
1803510,5.0,5.0
1803550,92.0,110.0
1803570,6.0,7.0
1803590,31.0,34.0
1803600,219.0,244.0
1803640,8.0,8.0
1803690,16.0,19.0
1803730,1.0,1.0
1803760,29.0,38.0
1803800,5.0,5.0
1803840,52.0,57.0
1803870,2.0,2.0
1803920,1.0,1.0
1803960,127.0,168.0
1804000,6.0,7.0
1804070,8.0,8.0
1804170,135.0,164.0
1804180,11.0,13.0
1804270,106.0,113.0
1804360,16.0,19.0
1804370,2.0,2.0
1804500,69.0,91.0
1804580,58.0,65.0
1804590,11.0,11.0
1804600,3.0,3.0
1804610,85.0,87.0
1804710,10.0,10.0
1804720,16.0,17.0
1804740,12.0,14.0
1804760,53.0,65.0
1804820,5.0,5.0
1804870,6.0,7.0
1804890,22.0,23.0
1804970,40.0,44.0
1804980,22.0,22.0
1805000,24.0,25.0
1805070,4.0,5.0
1805130,225.0,239.0
1805200,102.0,103.0
1805210,15.0,18.0
1805230,9.0,9.0
1805240,31.0,41.0
1805250,28.0,34.0
1805260,29.0,35.0
1805270,50.0,58.0
1805310,45.0,52.0
1805390,36.0,43.0
1805480,4085.0,4905.0
1805670,18.0,22.0
1805680,9.0,11.0
1805720,7.0,7.0
1805770,3.0,3.0
1805810,5.0,5.0
1805840,1.0,1.0
1805920,3.0,3.0
1805930,423.0,477.0
1805960,2.0,2.0
1806000,38.0,46.0
1806040,5279.0,5426.0
1806200,2.0,2.0
1806350,1.0,1.0
1806380,1.0,1.0
1806400,23.0,29.0
1806410,1.0,1.0
1806440,2.0,2.0
1806580,16.0,19.0
1806640,25.0,27.0
1806660,23.0,26.0
1806700,102.0,108.0
1806830,11.0,12.0
1806840,5785.0,5885.0
1806860,7.0,7.0
1806960,28.0,31.0
1807080,2851.0,3267.0
1807090,177.0,193.0
1807150,4.0,5.0
1807200,118.0,154.0
1807220,14.0,15.0
1807240,10.0,13.0
1807260,58.0,65.0
1807300,8.0,10.0
1807320,2.0,2.0
1807330,25.0,26.0
1807360,38.0,47.0
1807430,11.0,12.0
1807460,61.0,77.0
1807480,66.0,82.0
1807500,24.0,24.0
1807540,19.0,22.0
1807570,43.0,56.0
1807590,13.0,13.0
1807600,11.0,12.0
1807610,29.0,30.0
1807640,9.0,9.0
1807690,49.0,52.0
1807750,878.0,959.0
1807920,1.0,1.0
1807930,199.0,208.0
1807940,15.0,18.0
1808060,1115.0,1225.0
1808080,14.0,16.0
1808130,180.0,197.0
1808140,1.0,1.0
1808210,12.0,12.0
1808240,14.0,16.0
1808250,12.0,13.0
1808350,3.0,3.0
1808360,37.0,39.0
1808400,819.0,853.0
1808490,87.0,89.0
1808570,6.0,6.0
1808640,51.0,60.0
1808680,1967.0,2014.0
1808690,14.0,16.0
1808730,41.0,44.0
1808780,539.0,658.0
1808800,2661.0,2766.0
1808820,4.0,5.0
1808830,27.0,27.0
1808860,14.0,16.0
1808870,1.0,1.0
1808900,114.0,124.0
1808920,3.0,3.0
1809170,7.0,7.0
1809500,87.0,98.0
1809530,71.0,75.0
1809540,13590.0,14257.0
1809560,36.0,40.0
1809610,19.0,21.0
1809690,636.0,663.0
1809700,3783.0,4770.0
1809710,42.0,43.0
1809730,16.0,20.0
1809750,1.0,1.0
1809900,7.0,7.0
1809930,20.0,20.0
1810000,36.0,38.0
1810210,65.0,76.0
1810230,21.0,23.0
1810270,91.0,96.0
1810290,3.0,3.0
1810340,9.0,10.0
1810410,31.0,33.0
1810430,9.0,10.0
1810450,5.0,5.0
1810460,6.0,6.0
1810530,6.0,7.0
1810610,85.0,90.0
1810620,1.0,1.0
1810820,435.0,481.0
1810870,7.0,9.0
1810960,525.0,583.0
1810980,382.0,492.0
1811040,1051.0,1237.0
1811140,44.0,47.0
1811410,2.0,2.0
1811430,303.0,338.0
1811440,15.0,18.0
1811500,693.0,764.0
1811520,1.0,1.0
1811590,11.0,13.0
1811600,203.0,218.0
1811710,19.0,21.0
1811740,255.0,280.0
1811870,7.0,8.0
1811900,22.0,23.0
1811910,35.0,35.0
1811940,29.0,36.0
1811950,1240.0,1341.0
1811990,6130.0,7524.0
1812060,881.0,974.0
1812090,817.0,932.0
1812130,41.0,53.0
1812140,3.0,3.0
1812170,37.0,37.0
1812180,157.0,179.0
1812200,4.0,5.0
1812210,47.0,49.0
1812280,633.0,760.0
1812290,1558.0,1902.0
1812340,15.0,18.0
1812370,1264.0,1310.0
1812390,2269.0,2592.0
1812400,14.0,15.0
1812430,5.0,6.0
1812450,6635.0,8515.0
1812560,163.0,191.0
1812710,10.0,12.0
1812760,271.0,285.0
1812820,5944.0,6249.0
1812840,16.0,18.0
1812850,12.0,14.0
1812930,95.0,109.0
1812970,83.0,97.0
1813100,21.0,23.0
1813160,1.0,1.0
1813190,51.0,57.0
1813300,11.0,11.0
1813340,17.0,21.0
1813370,13.0,15.0
1813400,6.0,7.0
1813430,1780.0,1871.0
1813440,31.0,31.0
1813470,10.0,11.0
1813500,4.0,5.0
1813550,10.0,12.0
1813690,31.0,31.0
1813710,3.0,3.0
1813820,161.0,167.0
1813910,12.0,12.0
1813960,3.0,3.0
1814010,648.0,765.0
1814030,5.0,5.0
1814060,31.0,34.0
1814100,1.0,1.0
1814110,11.0,11.0
1814150,4.0,4.0
1814160,51.0,64.0
1814170,399.0,421.0
1814230,40.0,40.0
1814240,7.0,8.0
1814250,14.0,15.0
1814260,23.0,26.0
1814270,13.0,13.0
1814400,2.0,2.0
1814510,21.0,25.0
1814560,7.0,9.0
1814570,31.0,37.0
1814590,4.0,4.0
1814610,2.0,2.0
1814630,1317.0,1610.0
1814710,185.0,195.0
1814770,129.0,145.0
1814800,1.0,1.0
1814850,19.0,22.0
1814870,13.0,13.0
1814920,9.0,10.0
1814930,34.0,38.0
1814950,41.0,46.0
1814990,19.0,20.0
1815000,24.0,29.0
1815010,103.0,129.0
1815030,10.0,10.0
1815050,2.0,2.0
1815170,10.0,11.0
1815230,292.0,330.0
1815290,17.0,18.0
1815340,522.0,572.0
1815350,11.0,12.0
1815360,38.0,39.0
1815370,28.0,32.0
1815430,5.0,5.0
1815450,5.0,5.0
1815540,5.0,6.0
1815550,83.0,100.0
1815570,2648.0,2923.0
1815750,11.0,12.0
1815780,8697.0,10742.0
1815800,8.0,8.0
1815820,9.0,9.0
1815970,24.0,25.0
1816050,18.0,20.0
1816080,157.0,182.0
1816140,70.0,77.0
1816300,1699.0,2181.0
1816370,9.0,9.0
1816410,13.0,16.0
1816560,18.0,23.0
1816650,28.0,32.0
1816690,11.0,11.0
1816710,20.0,22.0
1816770,3.0,3.0
1816790,54.0,59.0
1816880,158.0,171.0
1816890,29.0,32.0
1816900,7.0,8.0
1816950,76.0,77.0
1816960,4.0,4.0
1817000,926.0,935.0
1817020,11.0,12.0
1817070,96268.0,100414.0
1817110,7.0,9.0
1817140,4.0,4.0
1817200,5.0,6.0
1817230,31137.0,31971.0
1817260,8.0,9.0
1817290,70.0,77.0
1817300,10.0,10.0
1817310,36.0,40.0
1817350,2.0,2.0
1817400,40.0,47.0
1817470,103.0,111.0
1817610,178.0,224.0
1817800,987.0,1103.0
1817880,4.0,4.0
1817890,2.0,2.0
1817940,2241.0,2332.0
1817960,2.0,2.0
1818060,96.0,97.0
1818150,72.0,85.0
1818180,225.0,262.0
1818230,108.0,137.0
1818250,15.0,18.0
1818270,1.0,1.0
1818280,256.0,299.0
1818340,16.0,17.0
1818370,68.0,80.0
1818400,20.0,21.0
1818450,45622.0,59702.0
1818570,35.0,35.0
1818580,4.0,4.0
1818600,8.0,8.0
1818690,184.0,198.0
1818740,36.0,40.0
1818750,90474.0,116852.0
1818770,7.0,8.0
1818780,17.0,18.0
1818830,10.0,12.0
1818860,98.0,110.0
1818880,13.0,16.0
1818940,84.0,97.0
1818960,23.0,28.0
1819020,198.0,256.0
1819110,1.0,1.0
1819160,271.0,299.0
1819170,1.0,1.0
1819200,1.0,1.0
1819230,335.0,361.0
1819240,10.0,13.0
1819280,1.0,1.0
1819290,3.0,3.0
1819300,10.0,11.0
1819430,1.0,1.0
1819450,314.0,330.0
1819460,376.0,404.0
1819520,23.0,25.0
1819570,2692.0,3223.0
1819580,9.0,10.0
1819610,13.0,13.0
1819620,11.0,12.0
1819630,12.0,12.0
1819650,10.0,11.0
1819660,13.0,17.0
1819690,7.0,8.0
1819860,14.0,18.0
1819890,16.0,18.0
1819950,13.0,13.0
1819960,4.0,4.0
1819970,60.0,68.0
1819980,419.0,533.0
1820030,13.0,13.0
1820040,20.0,20.0
1820060,94.0,108.0
1820090,2.0,2.0
1820150,7.0,7.0
1820160,54.0,70.0
1820170,4675.0,5474.0
1820270,6.0,7.0
1820350,7.0,7.0
1820380,6.0,6.0
1820390,15.0,15.0
1820460,2.0,2.0
1820470,49.0,60.0
1820560,16.0,21.0
1820570,54.0,58.0
1820640,3.0,3.0
1820690,47.0,48.0
1820700,5.0,5.0
1820710,1.0,1.0
1820720,28.0,30.0
1820740,449.0,464.0
1820770,78.0,95.0
1820790,20.0,20.0
1820890,14.0,14.0
1820940,88.0,106.0
1821000,2.0,2.0
1821060,6.0,6.0
1821090,19.0,19.0
1821110,2.0,2.0
1821140,23.0,29.0
1821170,3.0,3.0
1821340,35.0,36.0
1821430,18.0,22.0
1821530,2.0,2.0
1821570,909.0,1154.0
1821580,7.0,9.0
1821790,1.0,1.0
1821800,41.0,42.0
1821810,2.0,2.0
1821820,8.0,10.0
1821870,34.0,40.0
1821920,3.0,3.0
1821960,18.0,19.0
1821970,3.0,3.0
1822030,55.0,72.0
1822130,12.0,14.0
1822190,678.0,699.0
1822230,33.0,35.0
1822300,12.0,12.0
1822340,69.0,77.0
1822450,392.0,450.0
1822460,30.0,35.0
1822470,2.0,2.0
1822500,9.0,9.0
1822530,109.0,112.0
1822550,804.0,930.0
1822560,65.0,74.0
1822640,32.0,39.0
1822710,139.0,150.0
1822910,1429.0,1476.0
1822940,1.0,1.0
1822970,20.0,26.0
1823020,6.0,6.0
1823080,15.0,19.0
1823100,5.0,5.0
1823170,71.0,77.0
1823200,5.0,5.0
1823320,83.0,91.0
1823340,319.0,402.0
1823350,90.0,91.0
1823360,178.0,181.0
1823370,109.0,110.0
1823430,3.0,3.0
1823470,26.0,34.0
1823540,23.0,26.0
1823570,50.0,58.0
1823590,8.0,10.0
1823610,4.0,5.0
1823670,13.0,14.0
1823710,179.0,208.0
1823730,34.0,36.0
1823900,8.0,10.0
1823930,447.0,507.0
1823940,13.0,15.0
1823950,649.0,775.0
1823980,15.0,17.0
1824010,12.0,14.0
1824020,18.0,22.0
1824040,23.0,25.0
1824080,102.0,104.0
1824110,6.0,6.0
1824130,45.0,49.0
1824160,6.0,6.0
1824220,32901.0,41005.0
1824290,28.0,29.0
1824380,9.0,10.0
1824390,12.0,14.0
1824430,5.0,5.0
1824440,24.0,28.0
1824570,5.0,6.0
1824580,502.0,663.0
1824710,8.0,9.0
1824740,3.0,3.0
1824750,1.0,1.0
1824800,2.0,2.0
1824960,573.0,645.0
1824990,10.0,10.0
1825010,5.0,5.0
1825150,14.0,17.0
1825180,8.0,8.0
1825200,6.0,7.0
1825210,125.0,134.0
1825250,34.0,35.0
1825350,17.0,20.0
1825440,46.0,49.0
1825480,57.0,69.0
1825540,9.0,9.0
1825620,71.0,80.0
1825650,68.0,79.0
1825670,12.0,13.0
1825690,15.0,16.0
1825740,121.0,149.0
1825850,7.0,8.0
1825880,44.0,55.0
1825900,8.0,9.0
1825930,212.0,236.0
1825970,57.0,61.0
1826000,2.0,2.0
1826060,91.0,94.0
1826090,33.0,33.0
1826210,4.0,4.0
1826290,50.0,62.0
1826410,12.0,13.0
1826450,22.0,26.0
1826480,18.0,18.0
1826490,5.0,5.0
1826540,10.0,10.0
1826570,189.0,223.0
1826860,195.0,199.0
1826910,104.0,125.0
1826920,24.0,31.0
1827050,56.0,62.0
1827180,3659.0,4663.0
1827420,30.0,33.0
1827450,86.0,102.0
1827460,7.0,7.0
1827500,2.0,2.0
1827580,183.0,208.0
1827600,39.0,39.0
1827660,57.0,62.0
1827680,1471.0,1492.0
1827690,52.0,63.0
1827700,6.0,7.0
1827720,10.0,11.0
1827740,19.0,21.0
1827760,11.0,13.0
1827910,12.0,13.0
1827940,113.0,139.0
1827950,52.0,69.0
1827980,1337.0,1639.0
1827990,1.0,1.0
1828030,4.0,4.0
1828040,4.0,5.0
1828070,4.0,5.0
1828100,357.0,456.0
1828160,5.0,5.0
1828220,33.0,39.0
1828400,9.0,10.0
1828630,392.0,403.0
1828640,95.0,102.0
1828690,204.0,229.0
1828700,29.0,37.0
1828710,12.0,13.0
1828740,29.0,37.0
1828770,5.0,5.0
1828800,21.0,25.0
1828900,47.0,50.0
1828910,35.0,45.0
1828970,88.0,111.0
1829010,1.0,1.0
1829090,1.0,1.0
1829310,18.0,18.0
1829360,21.0,24.0
1829370,73.0,92.0
1829420,412.0,432.0
1829450,55.0,60.0
1829470,261.0,281.0
1829490,45.0,55.0
1829500,5.0,6.0
1829540,128.0,132.0
1829620,99.0,105.0
1829640,92.0,96.0
1829650,173.0,187.0
1829700,3.0,3.0
1829730,44.0,47.0
1829760,2.0,2.0
1829770,1954.0,1991.0
1829800,28.0,31.0
1829810,135.0,146.0
1829910,155.0,162.0
1829960,5.0,6.0
1829980,4434.0,4513.0
1830000,18.0,19.0
1830040,64.0,67.0
1830100,1.0,1.0
1830130,5.0,6.0
1830210,42.0,53.0
1830270,48.0,50.0
1830280,14.0,17.0
1830450,30.0,34.0
1830510,2.0,2.0
1830530,1.0,1.0
1830540,20.0,25.0
1830620,157.0,207.0
1830720,269.0,287.0
1830840,10078.0,10430.0
1830850,1.0,1.0
1830910,196.0,241.0
1830970,1304.0,1518.0
1830980,15.0,17.0
1831010,4.0,4.0
1831050,19.0,23.0
1831060,32.0,32.0
1831150,5.0,5.0
1831160,8.0,9.0
1831190,8.0,8.0
1831260,123.0,158.0
1831290,5.0,6.0
1831320,13.0,14.0
1831370,21.0,24.0
1831410,17.0,19.0
1831520,1.0,1.0
1831550,7.0,8.0
1831580,3.0,3.0
1831670,21.0,25.0
1831700,77.0,83.0
1831720,17.0,21.0
1831780,13.0,14.0
1831830,126.0,133.0
1831850,1.0,1.0
1831870,69.0,85.0
1831910,59.0,61.0
1831980,43.0,56.0
1832030,13.0,13.0
1832040,605.0,774.0
1832050,121.0,127.0
1832070,70.0,81.0
1832110,3.0,3.0
1832130,46.0,55.0
1832140,19.0,22.0
1832190,22.0,22.0
1832220,451.0,516.0
1832240,42.0,42.0
1832250,8.0,10.0
1832260,3.0,3.0
1832280,1.0,1.0
1832380,12.0,12.0
1832580,2.0,2.0
1832620,10.0,12.0
1832700,2.0,2.0
1832750,24.0,25.0
1832950,280.0,334.0
1833040,240.0,318.0
1833090,29.0,31.0
1833100,5.0,5.0
1833190,4.0,4.0
1833300,164.0,192.0
1833350,2.0,2.0
1833360,49.0,53.0
1833490,618.0,721.0
1833530,9.0,9.0
1833540,17.0,19.0
1833560,38.0,38.0
1833670,10.0,12.0
1833730,8.0,9.0
1833820,15.0,17.0
1833840,10.0,11.0
1833850,17.0,19.0
1833890,37.0,41.0
1833920,8.0,8.0
1833930,3.0,3.0
1833960,153.0,170.0
1834000,23.0,27.0
1834010,5.0,6.0
1834110,21.0,21.0
1834120,22.0,23.0
1834140,1.0,1.0
1834170,2.0,2.0
1834230,1.0,1.0
1834350,1.0,1.0
1834500,86.0,104.0
1834540,15.0,15.0
1834550,14.0,14.0
1834570,4.0,4.0
1834580,17.0,19.0
1834640,3.0,3.0
1834690,74.0,84.0
1834710,13.0,14.0
1834740,35.0,40.0
1834750,1.0,1.0
1834820,121.0,142.0
1834870,2047.0,2098.0
1834920,576.0,591.0
1834940,6.0,6.0
1834950,5.0,6.0
1835000,4.0,4.0
1835020,45.0,53.0
1835040,12.0,14.0
1835060,140.0,153.0
1835090,19.0,19.0
1835120,9.0,9.0
1835190,25.0,30.0
1835210,1.0,1.0
1835240,1328.0,1441.0
1835250,4.0,5.0
1835290,2.0,2.0
1835370,2.0,2.0
1835440,368.0,379.0
1835460,2.0,2.0
1835490,16.0,16.0
1835510,21.0,23.0
1835530,39.0,45.0
1835580,39.0,42.0
1835620,1.0,1.0
1835690,84.0,91.0
1835720,4.0,5.0
1835790,7.0,7.0
1835810,306.0,328.0
1835820,1.0,1.0
1835830,49.0,53.0
1835840,258.0,326.0
1835870,205.0,225.0
1835920,1.0,1.0
1835970,38.0,46.0
1836030,152.0,202.0
1836040,1.0,1.0
1836100,1.0,1.0
1836120,304.0,327.0
1836160,1108.0,1241.0
1836180,11.0,14.0
1836280,18.0,19.0
1836310,91.0,95.0
1836420,41.0,44.0
1836450,934.0,1152.0
1836540,4.0,4.0
1836550,348.0,457.0
1836600,11.0,11.0
1836680,21.0,21.0
1836690,8.0,10.0
1836730,2047.0,2070.0
1836740,8.0,8.0
1836770,7.0,7.0
1836790,5.0,5.0
1836850,31.0,32.0
1836860,861.0,1038.0
1836880,30.0,33.0
1836890,2.0,2.0
1836900,3.0,3.0
1836920,13.0,14.0
1836970,37.0,39.0
1837000,4.0,4.0
1837020,7.0,8.0
1837160,10.0,10.0
1837190,4.0,5.0
1837210,35.0,36.0
1837220,1071.0,1255.0
1837230,187.0,228.0
1837330,392.0,433.0
1837440,13.0,13.0
1837510,28.0,30.0
1837570,4.0,5.0
1837620,46.0,52.0
1837630,14.0,15.0
1837650,288.0,297.0
1837690,83.0,88.0
1837820,42.0,45.0
1837840,1.0,1.0
1837900,5.0,5.0
1837920,41.0,52.0
1838030,5.0,5.0
1838070,7.0,8.0
1838080,1.0,1.0
1838100,4.0,4.0
1838130,2.0,2.0
1838140,44.0,53.0
1838220,14.0,14.0
1838290,150.0,160.0
1838340,52.0,62.0
1838390,1.0,1.0
1838400,18.0,19.0
1838440,1.0,1.0
1838490,24.0,26.0
1838540,1.0,1.0
1838590,235.0,250.0
1838610,3.0,3.0
1838650,1.0,1.0
1838800,11.0,14.0
1838820,46.0,56.0
1838860,2.0,2.0
1838970,152.0,174.0
1838980,1.0,1.0
1839050,8.0,8.0
1839080,44.0,49.0
1839180,50.0,52.0
1839340,16.0,18.0
1839350,15.0,17.0
1839360,14.0,15.0
1839420,27.0,29.0
1839440,49.0,58.0
1839460,1.0,1.0
1839510,305.0,343.0
1839540,54.0,59.0
1839610,33.0,42.0
1839660,1069.0,1290.0
1839760,59.0,65.0
1839780,3.0,3.0
1839820,232.0,270.0
1839860,28.0,28.0
1839880,1211.0,1360.0
1839930,89.0,108.0
1839950,2050.0,2527.0
1839960,29.0,33.0
1840060,7.0,9.0
1840100,5.0,6.0
1840120,3.0,3.0
1840130,30.0,35.0
1840140,28.0,31.0
1840150,74.0,85.0
1840330,32.0,38.0
1840350,125.0,145.0
1840380,18.0,23.0
1840430,8.0,9.0
1840450,22.0,26.0
1840490,740.0,813.0
1840540,132.0,166.0
1840580,3.0,3.0
1840590,66.0,72.0
1840610,172.0,209.0
1840660,940.0,1019.0
1840710,117.0,150.0
1840730,25.0,26.0
1840770,18.0,23.0
1840780,9.0,9.0
1840790,55.0,73.0
1840800,312.0,395.0
1840860,8.0,9.0
1840920,95.0,101.0
1841020,23.0,23.0
1841030,16.0,17.0
1841060,99.0,111.0
1841070,26.0,32.0
1841080,9.0,9.0
1841150,26.0,27.0
1841160,7.0,7.0
1841200,49.0,63.0
1841220,2.0,2.0
1841250,99.0,123.0
1841320,33.0,34.0
1841330,2.0,2.0
1841350,8.0,9.0
1841390,415.0,430.0
1841520,14.0,18.0
1841560,1.0,1.0
1841640,148.0,162.0
1841710,13.0,17.0
1841720,26.0,32.0
1841760,18.0,21.0
1841810,4.0,4.0
1841870,311.0,320.0
1841950,2.0,2.0
1842050,88.0,92.0
1842190,1.0,1.0
1842300,4.0,4.0
1842350,5.0,5.0
1842390,41.0,46.0
1842430,3.0,3.0
1842450,15.0,15.0
1842510,55.0,61.0
1842540,3.0,3.0
1842560,2.0,2.0
1842610,48.0,53.0
1842690,135.0,163.0
1842730,177.0,198.0
1842800,31.0,37.0
1842930,1.0,1.0
1843030,162.0,172.0
1843050,16.0,20.0
1843090,2228.0,2535.0
1843100,1.0,1.0
1843110,110.0,118.0
1843190,8.0,9.0
1843230,2.0,2.0
1843350,312.0,340.0
1843380,2.0,2.0
1843470,145.0,156.0
1843540,251.0,289.0
1843720,28.0,29.0
1843730,162.0,191.0
1843750,12.0,14.0
1843760,4441.0,5383.0
1843780,4.0,4.0
1843830,1.0,1.0
1843860,31.0,37.0
1843870,4.0,5.0
1843880,58.0,59.0
1843900,9.0,10.0
1843920,9.0,11.0
1843940,877.0,1022.0
1843980,10.0,10.0
1844080,8.0,10.0
1844100,69.0,72.0
1844110,12.0,15.0
1844130,77.0,102.0
1844140,66.0,74.0
1844170,28.0,31.0
1844260,21.0,25.0
1844270,26.0,33.0
1844280,19.0,21.0
1844290,1.0,1.0
1844300,35.0,39.0
1844330,66.0,66.0
1844340,11.0,12.0
1844400,48.0,54.0
1844560,8.0,9.0
1844580,38.0,43.0
1844610,60.0,75.0
1844640,4.0,4.0
1844650,48.0,57.0
1844680,6.0,6.0
1844720,80.0,88.0
1844790,44.0,53.0
1844860,68.0,72.0
1844990,11.0,12.0
1845030,4.0,4.0
1845040,2.0,2.0
1845050,22.0,24.0
1845120,1.0,1.0
1845180,1.0,1.0
1845350,8.0,10.0
1845370,10.0,11.0
1845400,19.0,20.0
1845410,7.0,7.0
1845420,44.0,54.0
1845460,3.0,3.0
1845610,30.0,32.0
1845660,16.0,16.0
1845670,192.0,214.0
1845700,3.0,3.0
1845730,11.0,11.0
1845760,10.0,12.0
1845790,10.0,12.0
1845880,36.0,41.0
1846020,125.0,133.0
1846040,57.0,60.0
1846160,1.0,1.0
1846170,7211.0,7785.0
1846270,6.0,6.0
1846330,386.0,489.0
1846390,6.0,6.0
1846460,815.0,865.0
1846480,11.0,13.0
1846630,144.0,150.0
1846640,81.0,84.0
1846740,2.0,2.0
1846830,4.0,5.0
1846890,55.0,60.0
1846920,1382.0,1620.0
1847110,33.0,43.0
1847120,121.0,147.0
1847130,38.0,50.0
1847240,932.0,1026.0
1847290,10.0,11.0
1847380,15.0,17.0
1847390,88.0,92.0
1847440,1.0,1.0
1847460,10.0,12.0
1847510,233.0,257.0
1847520,14.0,18.0
1847610,3.0,3.0
1847750,16.0,17.0
1847810,4.0,5.0
1847820,8.0,10.0
1847830,2.0,2.0
1847860,15.0,15.0
1847900,24.0,25.0
1847920,3.0,3.0
1848070,54.0,54.0
1848080,17.0,22.0
1848120,55.0,66.0
1848150,19.0,25.0
1848200,59.0,65.0
1848220,16.0,17.0
1848250,24.0,27.0
1848270,311.0,382.0
1848310,17.0,21.0
1848330,29.0,33.0
1848350,30.0,31.0
1848380,17.0,22.0
1848430,1.0,1.0
1848450,3413.0,3550.0
1848460,31.0,36.0
1848470,9.0,11.0
1848520,260.0,270.0
1848580,31.0,33.0
1848590,100.0,126.0
1848640,1.0,1.0
1848650,1.0,1.0
1848680,5.0,5.0
1848710,127.0,157.0
1848720,1.0,1.0
1848730,30.0,31.0
1848840,13.0,17.0
1848860,4.0,5.0
1848910,28.0,36.0
1848960,238.0,246.0
1849000,3307.0,4082.0
1849040,366.0,401.0
1849170,2.0,2.0
1849210,12.0,12.0
1849230,11.0,12.0
1849260,10.0,11.0
1849270,12.0,12.0
1849300,10.0,12.0
1849310,104.0,107.0
1849350,18.0,19.0
1849360,76.0,94.0
1849370,21.0,22.0
1849380,53.0,67.0
1849430,14.0,16.0
1849440,23.0,25.0
1849500,1.0,1.0
1849510,9.0,10.0
1849560,8.0,10.0
1849570,145.0,175.0
1849610,75.0,83.0
1849740,20.0,21.0
1849760,31.0,33.0
1849800,14.0,14.0
1849820,112.0,127.0
1849830,15.0,16.0
1849840,1.0,1.0
1849850,15.0,15.0
1849880,1.0,1.0
1849890,181.0,218.0
1850160,1285.0,1336.0
1850270,434.0,501.0
1850280,27.0,32.0
1850400,4.0,5.0
1850420,14.0,15.0
1850480,1609.0,1678.0
1850490,11.0,11.0
1850510,2056.0,2548.0
1850550,655.0,678.0
1850570,28428.0,30654.0
1850610,6.0,6.0
1850710,15.0,15.0
1850720,1.0,1.0
1850740,12573.0,14522.0
1850790,16.0,18.0
1850840,25.0,31.0
1850960,578.0,696.0
1851010,22.0,25.0
1851060,15.0,16.0
1851090,31.0,32.0
1851120,14.0,16.0
1851280,848.0,958.0
1851320,22.0,25.0
1851350,199.0,231.0
1851370,6.0,7.0
1851380,326.0,353.0
1851390,100.0,129.0
1851410,7.0,7.0
1851450,12.0,15.0
1851470,12.0,12.0
1851530,14.0,16.0
1851560,14.0,16.0
1851570,37.0,41.0
1851610,120.0,138.0
1851620,12.0,13.0
1851680,40.0,45.0
1851690,15.0,18.0
1851730,248.0,285.0
1851790,10.0,11.0
1851910,118.0,138.0
1851970,2.0,2.0
1852000,5.0,6.0
1852060,3.0,3.0
1852090,35.0,35.0
1852110,6.0,7.0
1852120,2.0,2.0
1852140,19.0,19.0
1852150,10.0,12.0
1852280,370.0,380.0
1852310,5.0,5.0
1852380,55.0,59.0
1852490,9.0,10.0
1852530,11.0,13.0
1852600,1.0,1.0
1852650,21.0,27.0
1852830,145.0,185.0
1852840,19.0,25.0
1852870,10.0,12.0
1852880,1.0,1.0
1853080,10.0,13.0
1853090,13.0,14.0
1853120,5.0,5.0
1853150,3.0,3.0
1853200,2211.0,2340.0
1853260,70.0,72.0
1853410,207.0,227.0
1853600,2.0,2.0
1853630,80.0,101.0
1853650,6.0,6.0
1853660,1.0,1.0
1853720,1.0,1.0
1853760,272.0,280.0
1853810,12.0,13.0
1853830,129.0,149.0
1853840,103.0,108.0
1853850,2.0,2.0
1853880,9.0,9.0
1853890,12.0,13.0
1853920,14.0,15.0
1853990,2.0,2.0
1854110,1.0,1.0
1854120,18.0,22.0
1854130,99.0,118.0
1854140,49.0,58.0
1854180,5.0,5.0
1854190,3.0,3.0
1854250,401.0,480.0
1854270,11.0,11.0
1854290,18.0,23.0
1854340,2.0,2.0
1854350,19.0,20.0
1854400,9.0,9.0
1854430,3400.0,3551.0
1854510,2.0,2.0
1854540,6.0,7.0
1854590,1.0,1.0
1854630,13.0,14.0
1854650,15.0,18.0
1854740,17.0,18.0
1854770,1.0,1.0
1854790,4.0,5.0
1854800,82.0,99.0
1854810,51.0,66.0
1854830,5.0,6.0
1854870,14.0,14.0
1854970,102.0,118.0
1854980,322.0,347.0
1855000,7.0,7.0
1855020,10.0,10.0
1855030,20.0,20.0
1855040,2.0,2.0
1855100,65.0,77.0
1855130,21.0,23.0
1855150,4.0,4.0
1855160,3.0,3.0
1855170,40.0,44.0
1855220,18.0,21.0
1855240,1.0,1.0
1855330,1.0,1.0
1855340,1.0,1.0
1855380,4.0,5.0
1855480,3.0,3.0
1855490,2.0,2.0
1855500,90.0,115.0
1855590,4.0,5.0
1855690,3.0,3.0
1855750,8.0,10.0
1855790,3.0,3.0
1856020,16.0,18.0
1856030,1433.0,1634.0
1856040,15.0,17.0
1856110,9.0,10.0
1856120,4.0,4.0
1856130,13.0,13.0
1856170,1.0,1.0
1856210,5.0,5.0
1856280,2.0,2.0
1856480,237.0,258.0
1856490,22.0,23.0
1856550,18.0,21.0
1856660,7.0,8.0
1856830,2.0,2.0
1856840,6.0,7.0
1856850,12.0,14.0
1856860,11.0,14.0
1856900,124.0,129.0
1856930,103.0,122.0
1856970,32.0,32.0
1857010,2.0,2.0
1857040,1.0,1.0
1857080,352.0,460.0
1857090,4227.0,5300.0
1857140,59.0,75.0
1857150,5.0,5.0
1857160,10.0,11.0
1857220,5.0,5.0
1857370,79.0,103.0
1857430,1.0,1.0
1857440,1.0,1.0
1857540,60.0,77.0
1857550,34.0,35.0
1857570,8.0,8.0
1857580,95.0,103.0
1857640,1.0,1.0
1857650,110.0,120.0
1857660,29.0,29.0
1857840,7.0,9.0
1857870,2.0,2.0
1857900,9.0,9.0
1857970,48.0,52.0
1857980,9.0,9.0
1858060,18.0,23.0
1858070,5.0,5.0
1858260,1.0,1.0
1858400,22.0,22.0
1858450,88.0,94.0
1858500,332.0,368.0
1858530,180.0,197.0
1858580,6.0,6.0
1858620,26.0,28.0
1858670,32.0,34.0
1858750,99.0,103.0
1858760,11.0,11.0
1858780,12.0,15.0
1858920,4.0,4.0
1858980,14.0,17.0
1859020,379.0,454.0
1859140,1.0,1.0
1859270,99.0,119.0
1859280,1323.0,1442.0
1859290,216.0,246.0
1859360,592.0,667.0
1859370,205.0,245.0
1859470,1114.0,1192.0
1859580,188.0,206.0
1859600,3.0,3.0
1859650,22.0,23.0
1859680,2.0,2.0
1859760,35.0,44.0
1859770,72.0,78.0
1859800,3.0,3.0
1859860,225.0,240.0
1859910,21463.0,27834.0
1859940,5.0,6.0
1859990,32.0,38.0
1860040,2.0,2.0
1860080,15.0,15.0
1860120,93.0,120.0
1860140,4.0,4.0
1860260,1.0,1.0
1860330,6.0,6.0
1860350,113.0,117.0
1860370,26.0,32.0
1860410,32.0,37.0
1860440,1.0,1.0
1860490,5.0,5.0
1860510,2541.0,3322.0
1860530,15.0,18.0
1860540,24.0,25.0
1860550,131.0,143.0
1860570,2143.0,2413.0
1860710,5.0,5.0
1860760,144.0,149.0
1860850,158.0,165.0
1860860,1736.0,2128.0
1860870,18.0,18.0
1860900,86.0,91.0
1860960,56.0,62.0
1861120,28.0,28.0
1861230,84.0,89.0
1861290,352.0,390.0
1861310,6.0,7.0
1861320,2.0,2.0
1861390,3.0,3.0
1861440,161.0,174.0
1861500,53.0,56.0
1861700,18.0,22.0
1861830,1.0,1.0
1861870,28.0,29.0
1861880,127.0,133.0
1861940,18.0,22.0
1861970,3409.0,3836.0
1861980,27.0,28.0
1862010,4.0,5.0
1862020,62.0,64.0
1862030,58.0,69.0
1862070,19.0,22.0
1862090,1.0,1.0
1862100,5.0,5.0
1862170,2.0,2.0
1862210,168.0,196.0
1862220,7.0,8.0
1862240,8.0,9.0
1862250,8.0,8.0
1862280,2.0,2.0
1862430,25.0,26.0
1862520,2513.0,2690.0
1862530,24.0,30.0
1862600,1.0,1.0
1862710,24.0,29.0
1862730,4.0,5.0
1862790,9.0,10.0
1862840,196.0,239.0
1862880,85.0,89.0
1862940,277.0,313.0
1862960,100.0,111.0
1863010,2.0,2.0
1863020,49.0,63.0
1863050,1.0,1.0
1863080,172.0,178.0
1863250,12.0,13.0
1863290,325.0,339.0
1863300,18.0,21.0
1863310,3.0,3.0
1863420,16.0,17.0
1863520,12.0,12.0
1863530,11.0,11.0
1863550,7.0,7.0
1863560,40.0,43.0
1863570,17.0,21.0
1863630,6.0,6.0
1863670,966.0,1124.0
1863700,17.0,22.0
1863750,1543.0,1699.0
1863840,1.0,1.0
1863920,34.0,40.0
1863940,5.0,5.0
1863960,7.0,8.0
1863980,14.0,16.0
1864080,211.0,256.0
1864180,11.0,12.0
1864190,97.0,116.0
1864210,4.0,4.0
1864440,1.0,1.0
1864490,4.0,5.0
1864590,192.0,227.0
1864670,2.0,2.0
1864680,17.0,18.0
1864710,4.0,5.0
1864790,202.0,210.0
1865010,178.0,192.0
1865050,19.0,19.0
1865060,968.0,993.0
1865100,42.0,44.0
1865130,132.0,143.0
1865170,42.0,46.0
1865220,34.0,43.0
1865280,12.0,12.0
1865340,28.0,31.0
1865370,7662.0,8431.0
1865440,2861.0,3009.0
1865470,1.0,1.0
1865510,74.0,86.0
1865670,196.0,207.0
1865680,69.0,71.0
1865730,69.0,73.0
1865750,8.0,9.0
1865890,2.0,2.0
1865930,136.0,157.0
1865940,2.0,2.0
1866120,40.0,44.0
1866140,29.0,32.0
1866180,5408.0,5962.0
1866220,20.0,26.0
1866310,9.0,11.0
1866320,107.0,127.0
1866390,1.0,1.0
1866420,59.0,65.0
1866430,135.0,144.0
1866470,18.0,18.0
1866610,25.0,26.0
1866630,182.0,196.0
1866640,1.0,1.0
1866670,1.0,1.0
1866780,3.0,3.0
1866880,1724.0,1867.0
1866890,10.0,10.0
1866960,2.0,2.0
1866970,2.0,2.0
1866980,175.0,185.0
1866990,39.0,40.0
1867000,23.0,24.0
1867050,4.0,4.0
1867110,8.0,8.0
1867270,18.0,18.0
1867290,17.0,20.0
1867350,8.0,9.0
1867450,41.0,44.0
1867470,1.0,1.0
1867510,392.0,501.0
1867530,971.0,1072.0
1867540,1.0,1.0
1867550,6.0,7.0
1867580,23.0,25.0
1867590,19.0,25.0
1867610,46.0,48.0
1867640,9.0,10.0
1867660,1.0,1.0
1867670,14.0,15.0
1867740,127.0,128.0
1867810,56.0,73.0
1867820,7.0,7.0
1867930,9.0,10.0
1868000,981.0,1296.0
1868020,86.0,103.0
1868050,8.0,9.0
1868060,9.0,10.0
1868080,9.0,9.0
1868140,108850.0,112004.0
1868170,174.0,205.0
1868180,704.0,774.0
1868220,1.0,1.0
1868240,29.0,31.0
1868300,626.0,765.0
1868310,15.0,17.0
1868400,2.0,2.0
1868450,1.0,1.0
1868520,11.0,11.0
1868600,3.0,3.0
1868710,13.0,13.0
1868730,1.0,1.0
1868850,19.0,25.0
1868980,3.0,3.0
1869000,2.0,2.0
1869070,15.0,17.0
1869090,1.0,1.0
1869200,16.0,16.0
1869270,894.0,921.0
1869280,6.0,6.0
1869310,47.0,56.0
1869510,32.0,33.0
1869560,15.0,17.0
1869580,28.0,28.0
1869590,19494.0,22980.0
1869600,23.0,23.0
1869690,38.0,47.0
1869830,1.0,1.0
1869870,33.0,35.0
1869880,18.0,19.0
1869890,22.0,27.0
1869900,16.0,16.0
1869980,81.0,86.0
1869990,4.0,4.0
1870020,6.0,7.0
1870070,2.0,2.0
1870140,102.0,129.0
1870180,14.0,15.0
1870190,6.0,7.0
1870210,7.0,8.0
1870220,8.0,9.0
1870290,1.0,1.0
1870300,1250.0,1423.0
1870310,163.0,193.0
1870440,22.0,29.0
1870580,14.0,16.0
1870660,10.0,10.0
1870710,4.0,5.0
1870790,1.0,1.0
1870810,2.0,2.0
1870910,17.0,17.0
1870970,13.0,16.0
1871010,2.0,2.0
1871090,5.0,6.0
1871150,2.0,2.0
1871230,9.0,9.0
1871310,648.0,663.0
1871390,7.0,8.0
1871420,1.0,1.0
1871430,13.0,16.0
1871450,4.0,5.0
1871480,94.0,121.0
1871490,4.0,4.0
1871500,54.0,57.0
1871510,210.0,255.0
1871580,81.0,81.0
1871590,19.0,21.0
1871600,1.0,1.0
1871620,54.0,67.0
1871670,2.0,2.0
1871700,7.0,7.0
1871740,29.0,31.0
1871750,63.0,71.0
1871780,6.0,7.0
1871790,51.0,54.0
1871830,53.0,66.0
1871840,12.0,12.0
1871880,21.0,21.0
1871920,4.0,4.0
1872040,56.0,71.0
1872050,1.0,1.0
1872100,2.0,2.0
1872110,16.0,16.0
1872200,26.0,33.0
1872330,20.0,22.0
1872430,4.0,4.0
1872470,15.0,19.0
1872500,15.0,18.0
1872630,2.0,2.0
1872710,8.0,8.0
1872740,58.0,58.0
1872770,29.0,34.0
1872780,20.0,20.0
1872790,195.0,231.0
1872860,855.0,916.0
1872920,6.0,6.0
1873030,1610.0,1908.0
1873080,8.0,8.0
1873130,28.0,37.0
1873140,9.0,9.0
1873170,14.0,15.0
1873270,15.0,17.0
1873440,29.0,36.0
1873510,194.0,210.0
1873540,56.0,73.0
1873550,12.0,14.0
1873740,4.0,5.0
1873800,14.0,17.0
1873820,2.0,2.0
1873860,341.0,409.0
1873870,38.0,46.0
1873880,1.0,1.0
1873950,1.0,1.0
1874000,718.0,884.0
1874010,14.0,15.0
1874060,8.0,8.0
1874170,2288.0,2396.0
1874200,18.0,20.0
1874220,18.0,21.0
1874260,36.0,45.0
1874490,5119.0,5701.0
1874500,2.0,2.0
1874530,3.0,3.0
1874550,5.0,5.0
1874720,362.0,438.0
1874770,158.0,199.0
1874810,61.0,63.0
1874910,97.0,114.0
1874950,30.0,30.0
1874990,12.0,13.0
1875060,1209.0,1265.0
1875100,27.0,29.0
1875120,10.0,10.0
1875140,63.0,68.0
1875380,5.0,6.0
1875450,13.0,13.0
1875460,104.0,110.0
1875560,30.0,36.0
1875610,149.0,164.0
1875670,27.0,34.0
1875710,2.0,2.0
1875800,1.0,1.0
1875830,6228.0,6737.0
1875850,3.0,3.0
1875950,167.0,173.0
1875980,11.0,13.0
1876000,71.0,82.0
1876050,4.0,4.0
1876150,25.0,28.0
1876240,8.0,8.0
1876340,26.0,28.0
1876350,48.0,51.0
1876530,6.0,6.0
1876560,107.0,112.0
1876590,1225.0,1232.0
1876720,20.0,21.0
1876730,262.0,321.0
1876750,1.0,1.0
1876880,334.0,398.0
1876890,18556.0,19877.0
1876910,6.0,6.0
1876950,9.0,10.0
1877000,42.0,42.0
1877070,1.0,1.0
1877100,26.0,27.0
1877140,25.0,31.0
1877150,1.0,1.0
1877160,96.0,121.0
1877190,30.0,31.0
1877300,7.0,8.0
1877330,6.0,7.0
1877350,11.0,12.0
1877400,1.0,1.0
1877410,37.0,41.0
1877440,24.0,25.0
1877510,1.0,1.0
1877560,33.0,35.0
1877580,12.0,12.0
1877710,117.0,120.0
1877760,8.0,9.0
1877790,6.0,6.0
1877800,30.0,32.0
1877820,2.0,2.0
1877830,7.0,7.0
1877850,6.0,6.0
1877930,19.0,22.0
1877960,1066.0,1163.0
1877970,9.0,11.0
1878000,5.0,5.0
1878060,4.0,4.0
1878070,168.0,205.0
1878110,2.0,2.0
1878180,4.0,4.0
1878210,33.0,40.0
1878290,1.0,1.0
1878350,12.0,15.0
1878400,5.0,6.0
1878460,15.0,19.0
1878570,199.0,208.0
1878620,6.0,7.0
1878660,1.0,1.0
1878670,5.0,6.0
1878720,79.0,104.0
1878740,1104.0,1149.0
1878770,38.0,40.0
1878780,2.0,2.0
1878840,16.0,18.0
1878850,9.0,9.0
1878910,2020.0,2248.0
1878920,60.0,67.0
1878970,26.0,27.0
1879040,11.0,12.0
1879190,57.0,72.0
1879200,4.0,4.0
1879330,1844.0,2074.0
1879340,541.0,629.0
1879380,873.0,954.0
1879400,38.0,42.0
1879430,3.0,3.0
1879560,5.0,6.0
1879640,150.0,165.0
1879680,35.0,44.0
1879690,9.0,11.0
1879700,6.0,7.0
1879730,5.0,6.0
1879750,26.0,29.0
1879780,23.0,27.0
1879790,24.0,30.0
1879820,46.0,60.0
1879840,103.0,110.0
1879910,4.0,4.0
1879950,54.0,57.0
1879970,13.0,13.0
1880020,14.0,16.0
1880080,1.0,1.0
1880160,35.0,43.0
1880200,18.0,23.0
1880230,35.0,37.0
1880250,22.0,29.0
1880330,13147.0,15929.0
1880370,14.0,15.0
1880490,73.0,73.0
1880640,36.0,42.0
1880670,1.0,1.0
1880690,6.0,6.0
1880710,302.0,318.0
1880770,3.0,3.0
1880840,34.0,37.0
1880960,12.0,12.0
1880980,42.0,53.0
1881010,11.0,11.0
1881120,343.0,377.0
1881160,15.0,17.0
1881180,28.0,30.0
1881200,1796.0,2095.0
1881250,11.0,12.0
1881270,25.0,27.0
1881290,15.0,19.0
1881340,751.0,771.0
1881350,413.0,461.0
1881370,3.0,3.0
1881390,2.0,2.0
1881420,825.0,1054.0
1881430,13.0,14.0
1881460,1.0,1.0
1881690,33.0,38.0
1881710,7.0,7.0
1881800,102.0,105.0
1881820,4.0,4.0
1881840,3.0,3.0
1881850,7.0,8.0
1881940,23.0,24.0
1881950,23.0,24.0
1882040,316.0,377.0
1882140,93.0,101.0
1882160,40.0,46.0
1882200,10.0,13.0
1882240,179.0,196.0
1882280,174.0,191.0
1882320,1.0,1.0
1882330,10.0,11.0
1882500,1328.0,1354.0
1882550,62.0,81.0
1882590,13.0,17.0
1882600,29.0,31.0
1882640,1.0,1.0
1882820,25.0,27.0
1882830,2.0,2.0
1882930,9.0,10.0
1882960,4.0,4.0
1883000,158.0,195.0
1883050,15.0,17.0
1883090,631.0,653.0
1883110,2.0,2.0
1883120,30.0,37.0
1883200,65.0,81.0
1883230,3.0,3.0
1883260,1687.0,1813.0
1883320,51.0,54.0
1883400,7.0,9.0
1883430,1.0,1.0
1883480,4.0,5.0
1883530,18.0,18.0
1883570,96.0,96.0
1883580,268.0,293.0
1883670,11.0,12.0
1883800,382.0,454.0
1883820,29.0,38.0
1883840,109.0,132.0
1883990,11.0,13.0
1884140,2.0,2.0
1884160,4.0,4.0
1884300,67.0,71.0
1884350,5.0,5.0
1884390,28.0,32.0
1884430,118.0,157.0
1884440,5.0,5.0
1884490,1.0,1.0
1884650,3.0,3.0
1884680,8.0,8.0
1884850,15.0,15.0
1884890,13.0,14.0
1884960,9.0,9.0
1884990,241.0,266.0
1885030,218.0,241.0
1885080,3.0,3.0
1885110,1373.0,1432.0
1885120,16.0,16.0
1885140,10.0,12.0
1885160,14.0,17.0
1885200,33.0,35.0
1885250,60.0,65.0
1885370,2.0,2.0
1885460,22.0,22.0
1885480,9.0,9.0
1885510,11.0,13.0
1885530,4.0,4.0
1885540,115.0,139.0
1885570,62.0,66.0
1885660,23.0,29.0
1885670,61.0,63.0
1885690,234.0,250.0
1885750,442.0,457.0
1885880,3.0,3.0
1885980,10.0,13.0
1885990,2.0,2.0
1886070,828.0,887.0
1886080,11.0,11.0
1886100,2.0,2.0
1886260,2.0,2.0
1886270,13.0,13.0
1886290,43.0,44.0
1886320,2.0,2.0
1886400,30.0,30.0
1886430,1.0,1.0
1886440,2.0,2.0
1886480,9.0,9.0
1886830,288.0,305.0
1886930,37.0,39.0
1886990,21.0,21.0
1887010,57.0,71.0
1887050,37.0,37.0
1887070,22.0,25.0
1887250,91.0,98.0
1887260,20.0,25.0
1887330,135.0,159.0
1887360,10.0,13.0
1887370,4.0,4.0
1887390,74.0,74.0
1887420,5.0,5.0
1887530,2.0,2.0
1887540,13.0,15.0
1887630,26.0,33.0
1887840,11149.0,11759.0
1887930,911.0,1162.0
1887980,1.0,1.0
1888010,654.0,662.0
1888060,103.0,117.0
1888070,169.0,196.0
1888100,25.0,25.0
1888130,30.0,34.0
1888160,64111.0,70338.0
1888200,3.0,3.0
1888270,3.0,3.0
1888300,66.0,73.0
1888330,132.0,133.0
1888340,1071.0,1148.0
1888380,23.0,24.0
1888440,7.0,7.0
1888450,32.0,40.0
1888470,39.0,46.0
1888490,10.0,11.0
1888520,26.0,30.0
1888590,23.0,23.0
1888640,7.0,7.0
1888660,74.0,74.0
1888720,23.0,24.0
1888740,1.0,1.0
1888750,11.0,12.0
1888800,41.0,44.0
1888860,6.0,6.0
1888980,1.0,1.0
1889000,61.0,67.0
1889040,2383.0,2478.0
1889090,1.0,1.0
1889120,13.0,13.0
1889320,24.0,25.0
1889620,260.0,332.0
1889640,933.0,1110.0
1889650,33.0,34.0
1889740,278.0,289.0
1889760,5.0,6.0
1889770,27.0,30.0
1889790,11.0,13.0
1889870,5.0,6.0
1889880,2.0,2.0
1889890,53.0,55.0
1889930,436.0,541.0
1890010,10.0,10.0
1890120,464.0,489.0
1890170,2.0,2.0
1890220,15.0,15.0
1890280,10.0,10.0
1890340,10.0,13.0
1890430,1.0,1.0
1890520,207.0,223.0
1890550,35.0,35.0
1890590,23.0,28.0
1890650,869.0,1071.0
1890720,14.0,14.0
1890740,102.0,126.0
1890750,16.0,17.0
1890760,80.0,95.0
1890810,13.0,13.0
1890820,3.0,3.0
1890950,433.0,463.0
1891010,15.0,15.0
1891030,4.0,5.0
1891090,268.0,336.0
1891140,30.0,33.0
1891210,24.0,28.0
1891270,9.0,11.0
1891350,21.0,23.0
1891430,55.0,71.0
1891440,39.0,49.0
1891600,22.0,25.0
1891620,104.0,117.0
1891640,154.0,204.0
1891680,6.0,7.0
1891700,6662.0,7790.0
1891840,4.0,4.0
1891850,7.0,7.0
1891920,13.0,17.0
1891930,10.0,11.0
1892030,1331.0,1590.0
1892040,3.0,3.0
1892210,5.0,5.0
1892240,13.0,14.0
1892290,5.0,5.0
1892340,8.0,9.0
1892370,332.0,426.0
1892400,16.0,18.0
1892410,23.0,25.0
1892420,951.0,991.0
1892450,1.0,1.0
1892520,37.0,48.0
1892570,50.0,52.0
1892620,63.0,80.0
1892670,4.0,4.0
1892700,91.0,121.0
1892740,9.0,9.0
1892790,99.0,117.0
1892850,71.0,72.0
1892890,4.0,4.0
1892950,135.0,147.0
1893020,45.0,46.0
1893050,29.0,33.0
1893100,8.0,8.0
1893210,1.0,1.0
1893260,3.0,3.0
1893370,125.0,148.0
1893590,4.0,5.0
1893600,2.0,2.0
1893620,527.0,554.0
1893770,2.0,2.0
1893810,1080.0,1234.0
1893860,335.0,378.0
1893880,14.0,14.0
1893950,6.0,6.0
1893980,4.0,5.0
1894080,509.0,578.0
1894220,33.0,43.0
1894320,65.0,75.0
1894430,2026.0,2220.0
1894450,6.0,7.0
1894460,23.0,30.0
1894470,28.0,28.0
1894510,13.0,14.0
1894550,2.0,2.0
1894570,6.0,6.0
1894600,205.0,250.0
1894680,78.0,94.0
1894720,116.0,120.0
1894790,154.0,196.0
1895040,8.0,10.0
1895240,7.0,8.0
1895270,1.0,1.0
1895280,8.0,8.0
1895350,3306.0,3331.0
1895410,35.0,46.0
1895630,215.0,220.0
1895640,10.0,10.0
1895650,4.0,4.0
1895660,48.0,60.0
1895820,171.0,210.0
1895860,257.0,287.0
1895870,1.0,1.0
1895880,10345.0,11503.0
1895890,529.0,576.0
1895920,85.0,89.0
1895950,26.0,34.0
1895970,72.0,80.0
1896020,9.0,10.0
1896090,28.0,36.0
1896140,4.0,5.0
1896160,65.0,74.0
1896170,2903.0,3149.0
1896390,912.0,1118.0
1896450,125.0,149.0
1896510,4.0,5.0
1896530,2.0,2.0
1896550,42.0,44.0
1896570,63.0,79.0
1896610,6.0,7.0
1896630,5.0,5.0
1896650,23.0,29.0
1896660,12.0,13.0
1896700,1906.0,1979.0
1896710,27.0,28.0
1896720,3.0,3.0
1896750,134.0,146.0
1896810,19.0,22.0
1896880,351.0,372.0
1896900,108.0,116.0
1896930,6.0,6.0
1896980,6.0,7.0
1897000,17.0,17.0
1897110,114.0,132.0
1897120,2393.0,2631.0
1897140,11.0,12.0
1897150,14.0,14.0
1897170,5.0,5.0
1897320,51.0,52.0
1897350,6.0,7.0
1897380,64.0,72.0
1897400,3.0,3.0
1897420,14.0,14.0
1897460,9.0,10.0
1897490,31.0,39.0
1897510,1.0,1.0
1897580,33.0,35.0
1897630,32.0,33.0
1897650,325.0,347.0
1897680,12.0,12.0
1897740,85.0,110.0
1897810,12.0,14.0
1897820,37.0,49.0
1897970,5.0,5.0
1897980,1.0,1.0
1897990,1.0,1.0
1898290,847.0,971.0
1898300,3342.0,4261.0
1898500,826.0,867.0
1898530,2.0,2.0
1898550,1.0,1.0
1898560,22.0,22.0
1898570,9.0,9.0
1898610,237.0,268.0
1898670,38.0,40.0
1898680,45.0,56.0
1898730,5.0,5.0
1898830,74.0,98.0
1898860,15.0,16.0
1898880,44.0,53.0
1898970,7.0,9.0
1898990,15.0,16.0
1899060,1052.0,1128.0
1899080,2.0,2.0
1899150,1.0,1.0
1899170,22.0,24.0
1899240,7.0,8.0
1899270,8.0,9.0
1899280,1.0,1.0
1899300,17.0,19.0
1899350,54.0,69.0
1899620,103.0,108.0
1899680,6.0,7.0
1899700,416.0,456.0
1899710,68.0,90.0
1899760,8.0,9.0
1899800,56.0,60.0
1899810,217.0,261.0
1899820,67.0,70.0
1899950,67.0,75.0
1900020,68.0,87.0
1900070,8.0,10.0
1900230,6.0,6.0
1900260,6.0,6.0
1900280,61.0,69.0
1900300,13.0,14.0
1900340,3520.0,3776.0
1900400,16.0,16.0
1900410,2.0,2.0
1900480,11.0,12.0
1900490,35.0,37.0
1900540,4.0,4.0
1900810,22.0,23.0
1900850,5.0,5.0
1900860,4.0,5.0
1900890,32.0,32.0
1901010,4.0,4.0
1901030,24.0,30.0
1901130,11.0,14.0
1901180,4.0,4.0
1901200,1198.0,1406.0
1901340,287.0,312.0
1901370,3840.0,3879.0
1901490,220.0,225.0
1901560,16.0,18.0
1901610,22.0,22.0
1901620,138.0,155.0
1901730,4.0,5.0
1901740,1.0,1.0
1901780,71.0,81.0
1901810,165.0,210.0
1901830,4.0,4.0
1901900,10.0,13.0
1901950,149.0,179.0
1901970,28.0,33.0
1901990,13.0,13.0
1902020,113.0,133.0
1902040,4.0,4.0
1902110,2.0,2.0
1902180,1.0,1.0
1902230,4.0,4.0
1902240,16.0,17.0
1902270,201.0,204.0
1902290,13.0,13.0
1902300,131.0,148.0
1902350,10.0,10.0
1902370,32.0,36.0
1902380,7.0,7.0
1902490,21442.0,22625.0
1902650,151.0,160.0
1902690,4873.0,5321.0
1902710,3601.0,3859.0
1902730,2.0,2.0
1902810,2.0,2.0
1902820,11.0,13.0
1902830,23.0,29.0
1902850,266.0,284.0
1902870,95.0,115.0
1902880,283.0,357.0
1903040,12.0,13.0
1903080,22.0,23.0
1903100,7.0,8.0
1903130,8.0,8.0
1903200,10.0,13.0
1903280,1.0,1.0
1903290,16.0,19.0
1903310,4.0,4.0
1903370,1024.0,1039.0
1903420,5.0,5.0
1903480,21.0,25.0
1903510,126.0,147.0
1903620,3370.0,3573.0
1903630,32.0,35.0
1903640,93.0,109.0
1903690,3.0,3.0
1903730,128.0,138.0
1903770,16.0,16.0
1903900,2.0,2.0
1903910,228.0,283.0
1904030,2.0,2.0
1904040,61.0,70.0
1904050,28.0,32.0
1904220,4.0,5.0
1904330,23.0,30.0
1904400,14.0,14.0
1904410,22.0,22.0
1904530,40.0,48.0
1904540,17410.0,19420.0
1904560,32.0,40.0
1904580,39.0,45.0
1904590,16.0,17.0
1904610,90.0,94.0
1904640,14.0,15.0
1904650,29.0,32.0
1904690,20.0,23.0
1904790,417.0,479.0
1904820,2135.0,2682.0
1904890,4.0,5.0
1904980,561.0,622.0
1905000,10.0,10.0
1905040,21.0,23.0
1905160,20.0,20.0
1905180,26658.0,27947.0
1905220,62.0,68.0
1905260,47.0,49.0
1905270,56.0,58.0
1905310,4.0,4.0
1905420,9.0,10.0
1905430,39.0,43.0
1905470,13.0,14.0
1905510,31.0,39.0
1905530,126.0,150.0
1905640,40.0,44.0
1905700,32.0,41.0
1905900,30.0,31.0
1906000,5.0,6.0
1906020,302.0,333.0
1906050,59.0,66.0
1906060,4.0,5.0
1906130,22.0,24.0
1906140,61.0,69.0
1906150,12.0,15.0
1906180,64.0,68.0
1906230,111.0,116.0
1906250,15.0,19.0
1906400,19.0,19.0
1906520,4.0,4.0
1906540,4.0,5.0
1906570,59.0,69.0
1906590,337.0,398.0
1906640,59.0,77.0
1906660,3.0,3.0
1906670,2.0,2.0
1906750,4.0,5.0
1906800,10.0,10.0
1906830,113.0,134.0
1906860,9.0,9.0
1906870,9.0,10.0
1906890,1.0,1.0
1907000,152.0,172.0
1907060,151.0,159.0
1907070,17.0,22.0
1907140,61.0,77.0
1907150,20.0,20.0
1907170,216.0,260.0
1907180,128.0,132.0
1907230,20.0,22.0
1907280,13.0,13.0
1907290,2.0,2.0
1907350,69.0,90.0
1907380,119.0,153.0
1907400,5.0,5.0
1907420,38.0,44.0
1907430,41.0,46.0
1907440,57.0,63.0
1907520,1.0,1.0
1907570,22.0,29.0
1907640,2.0,2.0
1907700,342.0,421.0
1907720,359.0,457.0
1907820,2.0,2.0
1907980,97.0,100.0
1907990,2.0,2.0
1908070,1.0,1.0
1908080,10.0,10.0
1908150,14.0,14.0
1908180,2.0,2.0
1908220,4.0,4.0
1908240,210.0,237.0
1908260,5.0,6.0
1908350,7.0,7.0
1908430,12.0,12.0
1908480,2.0,2.0
1908490,11.0,13.0
1908560,2.0,2.0
1908640,4.0,5.0
1908650,13.0,15.0
1908670,406.0,417.0
1908680,43.0,48.0
1908790,53.0,59.0
1908850,17.0,17.0
1908870,250.0,262.0
1908930,2.0,2.0
1909010,6.0,6.0
1909020,31.0,37.0
1909030,5.0,5.0
1909040,53.0,55.0
1909080,4.0,4.0
1909090,13.0,17.0
1909150,13.0,16.0
1909170,3.0,3.0
1909220,71.0,78.0
1909260,12.0,12.0
1909270,227.0,287.0
1909320,24.0,31.0
1909330,64.0,72.0
1909380,388.0,487.0
1909420,916.0,982.0
1909430,5.0,6.0
1909450,13.0,16.0
1909560,3.0,3.0
1909750,94.0,94.0
1909760,2.0,2.0
1909770,193.0,217.0
1909800,83.0,86.0
1909810,287.0,301.0
1909880,15.0,15.0
1909980,11.0,11.0
1910020,17.0,20.0
1910080,1.0,1.0
1910130,166.0,187.0
1910180,7.0,8.0
1910210,5.0,6.0
1910230,13.0,13.0
1910240,4.0,5.0
1910250,1.0,1.0
1910260,50.0,50.0
1910320,66.0,67.0
1910330,12.0,14.0
1910360,14.0,16.0
1910420,12.0,14.0
1910490,13.0,13.0
1910550,24.0,28.0
1910580,4006.0,4298.0
1910590,6.0,6.0
1910600,109.0,122.0
1910610,20.0,21.0
1910680,1114.0,1213.0
1910720,8.0,9.0
1910740,8.0,9.0
1910780,614.0,816.0
1910790,776.0,977.0
1910860,636.0,757.0
1910890,4.0,4.0
1910950,2.0,2.0
1911030,3.0,3.0
1911050,4.0,4.0
1911090,3.0,3.0
1911120,6.0,7.0
1911170,41.0,46.0
1911360,533.0,598.0
1911390,6459.0,7238.0
1911420,7.0,9.0
1911530,10.0,11.0
1911560,54.0,55.0
1911590,15.0,18.0
1911600,24.0,29.0
1911640,2.0,2.0
1911880,1.0,1.0
1911980,154.0,166.0
1912330,9.0,9.0
1912340,108.0,131.0
1912420,96.0,122.0
1912460,101.0,109.0
1912490,24.0,30.0
1912500,42.0,44.0
1912510,1.0,1.0
1912560,3.0,3.0
1912620,4.0,5.0
1912660,2.0,2.0
1912750,196.0,221.0
1912760,47.0,62.0
1912790,5.0,5.0
1912800,3.0,3.0
1912980,16.0,16.0
1913200,19.0,21.0
1913230,12.0,13.0
1913330,33.0,41.0
1913360,14.0,17.0
1913370,1670.0,2159.0
1913420,316.0,371.0
1913490,467.0,546.0
1913550,11.0,13.0
1913670,40.0,41.0
1913680,43.0,50.0
1913690,24.0,24.0
1913720,26.0,31.0
1913780,52.0,57.0
1913870,149.0,176.0
1913920,8.0,8.0
1913940,7.0,8.0
1914000,22.0,26.0
1914020,37.0,44.0
1914050,31.0,38.0
1914100,22.0,25.0
1914150,173.0,191.0
1914190,9.0,11.0
1914240,2.0,2.0
1914250,2.0,2.0
1914270,9.0,9.0
1914390,14.0,14.0
1914460,10.0,13.0
1914470,7.0,8.0
1914530,10.0,10.0
1914570,161.0,200.0
1914580,1197.0,1522.0
1914730,1.0,1.0
1914740,60.0,63.0
1914750,60.0,72.0
1914770,8.0,8.0
1914900,21.0,21.0
1914940,27.0,32.0
1914950,5.0,5.0
1914970,706.0,771.0
1914980,14.0,15.0
1915010,10.0,10.0
1915160,12.0,14.0
1915170,7.0,7.0
1915210,56.0,60.0
1915220,8.0,9.0
1915240,23.0,27.0
1915250,3.0,3.0
1915340,102.0,133.0
1915380,557.0,696.0
1915430,6.0,6.0
1915510,1175.0,1383.0
1915560,8.0,8.0
1915660,30.0,37.0
1915700,6.0,6.0
1915740,195.0,206.0
1915780,61.0,71.0
1915800,12.0,13.0
1916000,8.0,10.0
1916090,13.0,13.0
1916150,10.0,11.0
1916270,190.0,231.0
1916290,185.0,230.0
1916310,406.0,513.0
1916340,20.0,23.0
1916420,46.0,58.0
1916480,7.0,9.0
1916510,5.0,5.0
1916540,1.0,1.0
1916580,1.0,1.0
1916610,27.0,30.0
1916690,9.0,9.0
1916710,21.0,21.0
1916740,7.0,9.0
1916830,28.0,28.0
1916850,178.0,205.0
1916860,11.0,13.0
1916890,153.0,157.0
1916920,15.0,17.0
1916930,90.0,96.0
1916940,13.0,14.0
1916970,718.0,748.0
1917080,12.0,13.0
1917090,1540.0,1801.0
1917170,7.0,7.0
1917390,17.0,19.0
1917450,328.0,372.0
1917520,3.0,3.0
1917550,142.0,166.0
1917610,11.0,13.0
1917630,148.0,171.0
1917660,8.0,8.0
1917710,30.0,37.0
1917760,22.0,24.0
1917810,57.0,60.0
1917820,3.0,3.0
1917830,76.0,83.0
1917860,40.0,45.0
1917920,625.0,667.0
1917950,3.0,3.0
1917970,5.0,6.0
1918040,1937.0,2186.0
1918080,8.0,9.0
1918100,7.0,7.0
1918110,1.0,1.0
1918130,117.0,126.0
1918170,24.0,30.0
1918240,13.0,14.0
1918250,16.0,18.0
1918270,16.0,20.0
1918300,212.0,218.0
1918330,3.0,3.0
1918340,3.0,3.0
1918400,11.0,12.0
1918410,5.0,5.0
1918420,8.0,9.0
1918440,13.0,17.0
1918450,499.0,594.0
1918460,2.0,2.0
1918470,3.0,3.0
1918520,356.0,379.0
1918530,114.0,124.0
1918540,90.0,113.0
1918550,40.0,45.0
1918560,2.0,2.0
1918590,10.0,12.0
1918670,1.0,1.0
1918710,6.0,6.0
1918750,3.0,3.0
1918790,21.0,23.0
1918880,33.0,33.0
1919100,35.0,41.0
1919140,197.0,241.0
1919220,5.0,5.0
1919240,11.0,14.0
1919270,19.0,19.0
1919310,8.0,8.0
1919350,119.0,124.0
1919440,12.0,12.0
1919460,3702.0,3945.0
1919470,310.0,333.0
1919500,1075.0,1213.0
1919530,6.0,6.0
1919540,6.0,7.0
1919550,514.0,530.0
1919740,190.0,243.0
1919750,104.0,105.0
1919910,10.0,13.0
1919920,11.0,11.0
1920010,12.0,13.0
1920100,353.0,376.0
1920120,32.0,35.0
1920210,5.0,6.0
1920270,9.0,10.0
1920320,27.0,30.0
1920390,81.0,97.0
1920400,141.0,156.0
1920410,13.0,15.0
1920420,10.0,10.0
1920450,35.0,39.0
1920460,5.0,5.0
1920480,1250.0,1472.0
1920500,66.0,86.0
1920540,176.0,179.0
1920660,177.0,191.0
1920700,42.0,44.0
1920720,33.0,37.0
1920760,7.0,8.0
1920770,6.0,6.0
1920780,2692.0,2909.0
1920790,41.0,54.0
1920800,11.0,11.0
1920810,5.0,5.0
1920940,10.0,13.0
1920950,4.0,4.0
1920960,41818.0,42540.0
1921270,10.0,12.0
1921390,30.0,37.0
1921400,1.0,1.0
1921450,5.0,5.0
1921460,6.0,6.0
1921470,44.0,48.0
1921480,184.0,239.0
1921500,4.0,5.0
1921510,5.0,5.0
1921530,61.0,68.0
1921550,38.0,39.0
1921560,528.0,624.0
1921570,8.0,10.0
1921600,1.0,1.0
1921660,1.0,1.0
1921740,117.0,122.0
1921760,140.0,165.0
1921770,130.0,162.0
1921780,293.0,314.0
1921840,25.0,25.0
1921880,4.0,4.0
1921900,585.0,602.0
1921950,5.0,6.0
1921980,213.0,230.0
1922000,4.0,5.0
1922010,1057.0,1234.0
1922020,96.0,121.0
1922060,101.0,112.0
1922070,14.0,14.0
1922140,14.0,16.0
1922160,7.0,8.0
1922180,29.0,37.0
1922200,7.0,9.0
1922210,11.0,12.0
1922550,25.0,32.0
1922560,24817.0,27705.0
1922650,13.0,13.0
1922750,11.0,11.0
1922770,1.0,1.0
1922990,4.0,4.0
1923060,11.0,13.0
1923070,25.0,25.0
1923170,19.0,23.0
1923290,7.0,8.0
1923360,9.0,11.0
1923380,18.0,18.0
1923420,5.0,5.0
1923470,6.0,6.0
1923480,20.0,23.0
1923640,13.0,17.0
1923650,9.0,11.0
1923670,86.0,106.0
1923680,206.0,216.0
1923690,114.0,127.0
1923730,12.0,14.0
1923780,1.0,1.0
1923790,685.0,695.0
1923900,12.0,13.0
1923920,1.0,1.0
1924010,41.0,50.0
1924020,14.0,15.0
1924100,16.0,21.0
1924140,1210.0,1507.0
1924150,76.0,95.0
1924180,100.0,101.0
1924230,1.0,1.0
1924270,2.0,2.0
1924340,1.0,1.0
1924350,11.0,11.0
1924360,719.0,761.0
1924380,6.0,7.0
1924400,188.0,208.0
1924430,701.0,883.0
1924440,21.0,27.0
1924460,6.0,6.0
1924480,1221.0,1567.0
1924530,1.0,1.0
1924590,33.0,33.0
1924710,54.0,62.0
1924730,8.0,8.0
1924780,626.0,642.0
1924810,48.0,54.0
1924820,14.0,16.0
1924910,93.0,108.0
1924920,3.0,3.0
1924940,29.0,32.0
1925010,98.0,115.0
1925030,17.0,19.0
1925050,36.0,42.0
1925060,38.0,42.0
1925100,26.0,29.0
1925130,9.0,10.0
1925310,73.0,85.0
1925320,329.0,382.0
1925330,4.0,4.0
1925340,2.0,2.0
1925500,10.0,11.0
1925560,337.0,431.0
1925600,9.0,10.0
1925620,37.0,47.0
1925700,7.0,7.0
1925730,26.0,32.0
1925760,58.0,68.0
1925770,3.0,3.0
1925860,28.0,31.0
1925910,15.0,15.0
1925930,10.0,11.0
1926110,13.0,17.0
1926120,251.0,309.0
1926160,7.0,7.0
1926170,71.0,77.0
1926180,14.0,15.0
1926190,13.0,15.0
1926240,12.0,13.0
1926360,6.0,6.0
1926390,31.0,32.0
1926440,30.0,31.0
1926470,13.0,17.0
1926490,17.0,19.0
1926500,1.0,1.0
1926560,11.0,13.0
1926620,932.0,1091.0
1926650,9.0,11.0
1926660,9.0,9.0
1926670,1.0,1.0
1926680,6314.0,7105.0
1926800,36.0,42.0
1926810,11.0,11.0
1926820,2.0,2.0
1926890,14.0,18.0
1927000,5.0,6.0
1927020,7.0,7.0
1927050,4.0,4.0
1927060,1.0,1.0
1927140,118.0,120.0
1927150,39.0,39.0
1927220,3.0,3.0
1927250,31.0,41.0
1927370,5.0,5.0
1927380,36.0,43.0
1927410,9.0,9.0
1927480,26.0,26.0
1927560,10.0,12.0
1927570,9.0,10.0
1927720,4651.0,4728.0
1927740,2084.0,2233.0
1927780,6915.0,7581.0
1927930,36.0,38.0
1927950,9.0,10.0
1928010,83.0,88.0
1928030,20.0,20.0
1928120,20.0,20.0
1928160,1.0,1.0
1928210,4.0,4.0
1928290,2.0,2.0
1928320,29.0,35.0
1928330,5.0,5.0
1928360,9.0,10.0
1928370,46.0,49.0
1928390,8.0,8.0
1928420,37383.0,47792.0
1928430,973.0,1123.0
1928450,8.0,8.0
1928510,33.0,37.0
1928540,232.0,250.0
1928590,6.0,7.0
1928650,19.0,25.0
1928660,14.0,14.0
1928670,82.0,99.0
1928720,1.0,1.0
1928800,17.0,17.0
1928810,8.0,10.0
1928850,6.0,6.0
1928900,2.0,2.0
1929210,1.0,1.0
1929250,35.0,40.0
1929270,3.0,3.0
1929330,5.0,6.0
1929360,358.0,377.0
1929420,176.0,194.0
1929450,11.0,11.0
1929460,9.0,10.0
1929480,13.0,15.0
1929530,3.0,3.0
1929550,2.0,2.0
1929610,16858.0,19471.0
1929630,9.0,10.0
1929720,1.0,1.0
1929760,3.0,3.0
1929770,1.0,1.0
1929810,4.0,5.0
1929830,22.0,27.0
1929850,17.0,17.0
1929870,1652.0,1901.0
1929900,89.0,103.0
1929930,13.0,13.0
1929950,1.0,1.0
1930030,11.0,11.0
1930100,2.0,2.0
1930310,9.0,9.0
1930360,2.0,2.0
1930390,19.0,20.0
1930420,22.0,28.0
1930440,136.0,142.0
1930580,64.0,84.0
1930640,1124.0,1365.0
1930770,20.0,20.0
1930870,76.0,86.0
1930920,113.0,147.0
1930960,21.0,22.0
1931010,497.0,574.0
1931020,1078.0,1105.0
1931070,6.0,6.0
1931150,2.0,2.0
1931200,8.0,9.0
1931240,227.0,241.0
1931370,7.0,7.0
1931380,44.0,47.0
1931400,1.0,1.0
1931440,4.0,5.0
1931470,8.0,9.0
1931510,69.0,80.0
1931630,1.0,1.0
1931690,325.0,372.0
1931710,16.0,20.0
1931750,20.0,25.0
1931770,16758.0,17036.0
1931840,40.0,43.0
1931870,10.0,11.0
1931890,7.0,9.0
1931940,263.0,310.0
1931980,17.0,18.0
1931990,42.0,46.0
1932100,20.0,25.0
1932130,5.0,5.0
1932160,579.0,677.0
1932210,45.0,46.0
1932230,294.0,304.0
1932260,355.0,395.0
1932280,57.0,60.0
1932330,23.0,24.0
1932350,18.0,23.0
1932430,2.0,2.0
1932470,10.0,10.0
1932480,8.0,8.0
1932500,16.0,17.0
1932570,1116.0,1158.0
1932590,46.0,48.0
1932680,283.0,295.0
1932700,35.0,37.0
1932890,9.0,11.0
1932950,6.0,6.0
1933020,9.0,11.0
1933050,84.0,110.0
1933060,5.0,5.0
1933070,19.0,23.0
1933180,50.0,50.0
1933190,42.0,42.0
1933230,1.0,1.0
1933290,2.0,2.0
1933320,85.0,109.0
1933490,49.0,60.0
1933510,13.0,14.0
1933580,2.0,2.0
1933640,110.0,115.0
1933650,1499.0,1851.0
1933660,1432.0,1513.0
1933680,45.0,52.0
1933700,778.0,1015.0
1933740,351.0,381.0
1933770,95.0,109.0
1933820,87.0,102.0
1933850,5.0,6.0
1933890,40.0,47.0
1933970,50.0,63.0
1933980,132.0,148.0
1933990,183.0,217.0
1934020,30.0,31.0
1934030,267.0,290.0
1934040,215.0,283.0
1934050,2.0,2.0
1934100,175.0,184.0
1934180,30.0,30.0
1934270,1.0,1.0
1934330,35.0,37.0
1934350,1.0,1.0
1934370,86.0,99.0
1934420,4.0,4.0
1934540,24.0,26.0
1934560,2.0,2.0
1934650,3.0,3.0
1934660,9.0,9.0
1934680,9604.0,10775.0
1934700,15.0,19.0
1934800,324.0,364.0
1934900,63.0,66.0
1934910,103.0,135.0
1935100,18.0,20.0
1935130,5.0,5.0
1935160,8.0,8.0
1935240,4.0,4.0
1935300,6.0,6.0
1935400,3.0,3.0
1935410,13.0,17.0
1935430,11.0,13.0
1935470,149.0,187.0
1935490,46.0,46.0
1935570,206.0,218.0
1935580,30.0,36.0
1935630,2.0,2.0
1935660,2475.0,2528.0
1935680,1.0,1.0
1935790,16.0,18.0
1935830,11.0,11.0
1935910,60.0,71.0
1936140,11.0,13.0
1936190,12.0,12.0
1936210,32.0,37.0
1936230,43.0,52.0
1936360,134.0,136.0
1936480,4.0,4.0
1936490,24.0,31.0
1936630,1.0,1.0
1936640,8.0,8.0
1936700,42.0,45.0
1936710,107.0,120.0
1936740,11.0,11.0
1936860,9.0,9.0
1936910,1.0,1.0
1936930,1.0,1.0
1936940,8.0,8.0
1936990,30.0,31.0
1937050,1.0,1.0
1937110,44.0,51.0
1937120,15.0,18.0
1937140,8.0,9.0
1937160,45.0,58.0
1937170,4.0,5.0
1937260,10.0,11.0
1937300,12.0,15.0
1937360,1.0,1.0
1937450,1.0,1.0
1937470,194.0,233.0
1937500,5320.0,5728.0
1937540,27.0,32.0
1937550,15.0,16.0
1937560,1.0,1.0
1937570,34.0,38.0
1937620,113.0,150.0
1937670,18.0,19.0
1937700,15.0,19.0
1937710,2.0,2.0
1937720,115.0,129.0
1937750,836.0,947.0
1937840,144.0,172.0
1937850,33.0,34.0
1937900,10.0,12.0
1937970,9.0,10.0
1938040,13.0,14.0
1938060,40.0,42.0
1938110,1.0,1.0
1938120,41.0,42.0
1938150,24.0,26.0
1938180,44.0,48.0
1938200,34.0,42.0
1938210,3.0,3.0
1938220,2.0,2.0
1938260,51.0,51.0
1938290,49.0,50.0
1938360,9.0,10.0
1938400,16.0,16.0
1938630,212.0,231.0
1938670,12.0,15.0
1938690,19.0,20.0
1938720,6.0,6.0
1938800,1170.0,1545.0
1938830,2.0,2.0
1938850,150.0,156.0
1938990,587.0,741.0
1939040,18.0,19.0
1939130,20.0,20.0
1939140,3.0,3.0
1939160,2769.0,2878.0
1939210,5.0,5.0
1939220,6.0,6.0
1939260,2.0,2.0
1939270,51.0,57.0
1939290,37.0,40.0
1939420,1.0,1.0
1939430,55.0,63.0
1939500,37.0,37.0
1939560,2373.0,2705.0
1939600,6.0,7.0
1939630,5.0,6.0
1939690,1.0,1.0
1939770,20.0,21.0
1939790,738.0,795.0
1939860,1.0,1.0
1939940,111.0,126.0
1939970,2239.0,2590.0
1940040,726.0,754.0
1940090,43.0,45.0
1940140,22.0,28.0
1940180,10.0,11.0
1940310,112.0,148.0
1940340,13131.0,17309.0
1940380,12.0,14.0
1940410,98.0,99.0
1940490,15.0,19.0
1940790,2.0,2.0
1941100,59.0,63.0
1941110,166.0,171.0
1941170,11.0,14.0
1941290,1.0,1.0
1941310,21.0,26.0
1941340,19.0,21.0
1941400,13.0,16.0
1941410,341.0,399.0
1941420,33.0,33.0
1941530,1.0,1.0
1941690,1.0,1.0
1941740,39.0,47.0
1941750,12.0,14.0
1941780,6175.0,6855.0
1941840,114.0,132.0
1941870,1.0,1.0
1941890,21.0,24.0
1942000,4.0,4.0
1942010,347.0,399.0
1942110,406.0,492.0
1942120,7987.0,8529.0
1942160,1.0,1.0
1942280,78440.0,80724.0
1942320,7.0,7.0
1942330,19.0,23.0
1942370,1.0,1.0
1942380,10.0,12.0
1942450,10.0,12.0
1942510,6.0,6.0
1942540,34.0,36.0
1942580,3.0,3.0
1942620,2.0,2.0
1942660,5794.0,7367.0
1942720,5.0,6.0
1942850,1.0,1.0
1942860,34.0,34.0
1942900,35.0,41.0
1942920,4.0,5.0
1943030,41.0,49.0
1943070,2.0,2.0
1943160,5.0,5.0
1943230,17.0,21.0
1943240,35.0,46.0
1943280,16.0,17.0
1943300,2.0,2.0
1943310,21.0,22.0
1943320,1.0,1.0
1943370,31.0,33.0
1943480,1.0,1.0
1943500,2.0,2.0
1943690,20.0,20.0
1943740,41.0,43.0
1943810,10.0,11.0
1943890,22.0,22.0
1943950,78200.0,85965.0
1943980,9.0,10.0
1944000,16.0,17.0
1944020,1.0,1.0
1944050,11.0,11.0
1944060,256.0,279.0
1944200,1.0,1.0
1944240,839.0,882.0
1944250,530.0,551.0
1944310,22.0,22.0
1944330,3.0,3.0
1944430,6922.0,7393.0
1944500,9.0,10.0
1944560,4.0,4.0
1944570,4822.0,5001.0
1944600,6.0,7.0
1944630,26.0,28.0
1944640,1.0,1.0
1944660,63.0,69.0
1944670,82.0,106.0
1944700,15.0,15.0
1944710,14.0,14.0
1944730,17.0,19.0
1944750,7.0,9.0
1944780,28.0,32.0
1944790,3440.0,4413.0
1944810,6.0,6.0
1944850,50.0,60.0
1944940,10.0,12.0
1944960,1.0,1.0
1945000,11.0,13.0
1945010,7.0,7.0
1945060,105.0,112.0
1945160,6.0,6.0
1945220,88.0,109.0
1945230,175.0,206.0
1945250,686.0,769.0
1945260,122.0,144.0
1945400,12.0,12.0
1945540,33.0,33.0
1945670,18.0,22.0
1945700,15.0,15.0
1945760,473.0,585.0
1945780,18.0,22.0
1945800,15.0,15.0
1945820,23.0,24.0
1945890,2.0,2.0
1945910,1.0,1.0
1945970,8.0,9.0
1946070,371.0,462.0
1946140,284.0,329.0
1946150,14.0,17.0
1946260,11.0,11.0
1946280,1.0,1.0
1946430,252.0,256.0
1946460,3.0,3.0
1946550,951.0,1053.0
1946610,38.0,44.0
1946700,993.0,1248.0
1946970,721.0,905.0
1946980,6.0,6.0
1946990,34.0,34.0
1947050,22.0,23.0
1947060,74.0,85.0
1947070,527.0,607.0
1947090,3.0,3.0
1947100,1.0,1.0
1947110,5.0,5.0
1947120,7.0,7.0
1947210,2.0,2.0
1947240,11.0,11.0
1947300,83.0,84.0
1947350,43.0,43.0
1947440,9.0,10.0
1947490,6.0,6.0
1947530,183.0,214.0
1947670,7.0,7.0
1947750,77.0,87.0
1947930,8.0,8.0
1947970,132.0,149.0
1947990,12.0,12.0
1948090,68.0,79.0
1948100,42.0,54.0
1948210,12.0,12.0
1948220,16.0,16.0
1948280,23704.0,24557.0
1948430,2153.0,2353.0
1948450,848.0,1086.0
1948470,38.0,39.0
1948510,1.0,1.0
1948620,127.0,140.0
1948630,1.0,1.0
1948680,6.0,6.0
1948690,9.0,10.0
1948700,708.0,934.0
1948740,9.0,9.0
1948780,4.0,4.0
1948870,58.0,59.0
1948920,37.0,45.0
1948950,26.0,27.0
1948960,5.0,5.0
1948980,16464.0,19578.0
1949000,237.0,263.0
1949010,165.0,180.0
1949030,1336.0,1570.0
1949140,4.0,5.0
1949180,15.0,17.0
1949190,4269.0,4963.0
1949290,49.0,61.0
1949300,53.0,64.0
1949330,2.0,2.0
1949370,131.0,158.0
1949420,14.0,17.0
1949440,13.0,17.0
1949480,24.0,26.0
1949490,16.0,16.0
1949570,1.0,1.0
1949650,7.0,7.0
1949670,4.0,4.0
1949700,6.0,7.0
1949720,2.0,2.0
1949730,2.0,2.0
1949740,13656.0,15268.0
1949770,288.0,310.0
1949810,8.0,8.0
1949850,18.0,22.0
1949960,1535.0,1594.0
1949970,381.0,486.0
1949980,123.0,138.0
1950000,3.0,3.0
1950020,17.0,18.0
1950050,1.0,1.0
1950110,7.0,8.0
1950200,46.0,51.0
1950240,3.0,3.0
1950250,4.0,4.0
1950420,1.0,1.0
1950440,750.0,829.0
1950450,386.0,461.0
1950460,46.0,50.0
1950490,50.0,52.0
1950570,543.0,564.0
1950580,10.0,11.0
1950610,1.0,1.0
1950770,14.0,17.0
1950820,11.0,12.0
1950830,3.0,3.0
1950990,92.0,113.0
1951060,3.0,3.0
1951140,12.0,12.0
1951230,1341.0,1420.0
1951260,3.0,3.0
1951380,19.0,21.0
1951410,537.0,674.0
1951450,24.0,30.0
1951510,1.0,1.0
1951520,35.0,37.0
1951530,12.0,13.0
1951560,16.0,19.0
1951660,16.0,16.0
1951670,13.0,13.0
1951680,6.0,6.0
1951700,1.0,1.0
1951750,14.0,16.0
1951850,9.0,9.0
1951910,5.0,5.0
1951940,106.0,120.0
1951950,34.0,37.0
1952010,21.0,24.0
1952030,12.0,12.0
1952120,835.0,908.0
1952170,96.0,108.0
1952210,2.0,2.0
1952240,2.0,2.0
1952260,15.0,15.0
1952270,8.0,10.0
1952300,5.0,5.0
1952340,12.0,13.0
1952370,1609.0,1763.0
1952440,57.0,68.0
1952470,6.0,7.0
1952520,52.0,57.0
1952540,102.0,135.0
1952550,9.0,9.0
1952560,6.0,6.0
1952590,73.0,76.0
1952630,5.0,5.0
1952740,43.0,44.0
1952750,13.0,17.0
1952760,140.0,147.0
1952780,25.0,26.0
1952820,2.0,2.0
1952900,41.0,45.0
1952910,106.0,107.0
1952930,108.0,129.0
1952970,27.0,34.0
1953000,16.0,18.0
1953020,15.0,16.0
1953060,183.0,189.0
1953100,2.0,2.0
1953110,25.0,28.0
1953300,7.0,7.0
1953380,24.0,25.0
1953440,2.0,2.0
1953490,33.0,38.0
1953510,39.0,48.0
1953530,11.0,11.0
1953540,315.0,328.0
1953580,2.0,2.0
1953620,31.0,32.0
1953720,1.0,1.0
1953760,143.0,169.0
1953780,65.0,78.0
1953800,5.0,5.0
1953860,285.0,324.0
1953870,8.0,8.0
1953920,2.0,2.0
1953960,10.0,11.0
1953970,178.0,208.0
1954010,4.0,4.0
1954020,37.0,37.0
1954050,13.0,14.0
1954070,25.0,25.0
1954100,26.0,30.0
1954200,12661.0,13752.0
1954250,8.0,9.0
1954340,7.0,7.0
1954440,4.0,4.0
1954520,73.0,84.0
1954560,7.0,8.0
1954620,2.0,2.0
1954640,141.0,150.0
1954680,1.0,1.0
1954720,12.0,15.0
1954750,773.0,795.0
1954880,21.0,25.0
1955110,138.0,139.0
1955230,682.0,842.0
1955260,1.0,1.0
1955330,2082.0,2143.0
1955340,141.0,169.0
1955390,59.0,67.0
1955410,5.0,5.0
1955440,25.0,28.0
1955490,51.0,57.0
1955520,6.0,6.0
1955640,14.0,16.0
1955680,1.0,1.0
1955700,3.0,3.0
1955810,2.0,2.0
1955820,9.0,11.0
1955830,4956.0,5095.0
1955950,2.0,2.0
1955980,5.0,5.0
1956040,1677.0,2226.0
1956140,2.0,2.0
1956240,2.0,2.0
1956270,1.0,1.0
1956280,10.0,11.0
1956310,7.0,7.0
1956350,1.0,1.0
1956370,131.0,138.0
1956380,1.0,1.0
1956400,24.0,30.0
1956420,3.0,3.0
1956430,43.0,56.0
1956560,10.0,10.0
1956600,1024.0,1152.0
1956630,20.0,24.0
1956670,96.0,105.0
1956680,9.0,9.0
1956690,16.0,16.0
1956700,19.0,23.0
1956740,452.0,601.0
1956770,52.0,53.0
1956800,2144.0,2626.0
1956820,5.0,5.0
1956930,17.0,17.0
1956960,97.0,101.0
1957070,1.0,1.0
1957080,8.0,8.0
1957100,21.0,26.0
1957150,15.0,16.0
1957210,22.0,22.0
1957220,10.0,10.0
1957230,115.0,119.0
1957300,62.0,78.0
1957430,6.0,6.0
1957590,32.0,32.0
1957650,1.0,1.0
1957660,9.0,9.0
1957670,13.0,13.0
1957680,18.0,21.0
1957780,6600.0,8347.0
1957860,9.0,11.0
1957880,18.0,19.0
1957990,481.0,508.0
1958030,6.0,6.0
1958040,3.0,3.0
1958140,21.0,27.0
1958220,5566.0,5768.0
1958270,38.0,48.0
1958340,387.0,405.0
1958350,8.0,8.0
1958390,1091.0,1321.0
1958400,65.0,66.0
1958460,9.0,10.0
1958500,6.0,7.0
1958540,10.0,10.0
1958600,321.0,371.0
1958860,120.0,131.0
1959050,11.0,14.0
1959110,3.0,3.0
1959260,25.0,26.0
1959350,573.0,605.0
1959390,181.0,184.0
1959470,17.0,18.0
1959480,1760.0,1947.0
1959490,30.0,31.0
1959510,34.0,34.0
1959520,76.0,97.0
1959530,132.0,150.0
1959580,62.0,71.0
1959660,1.0,1.0
1959840,8.0,8.0
1959880,18.0,23.0
1959940,17.0,17.0
1959960,865.0,1121.0
1959990,1.0,1.0
1960010,1.0,1.0
1960100,3.0,3.0
1960190,4.0,4.0
1960270,551.0,582.0
1960320,1.0,1.0
1960330,21.0,23.0
1960360,3.0,3.0
1960380,8.0,9.0
1960400,42.0,43.0
1960480,285.0,322.0
1960570,13.0,14.0
1960590,542.0,596.0
1960610,6.0,7.0
1960630,195.0,206.0
1960650,1.0,1.0
1960710,12.0,13.0
1960830,129.0,136.0
1960870,11.0,14.0
1960890,63.0,63.0
1960900,198.0,199.0
1960920,811.0,929.0
1960930,28.0,31.0
1960950,17.0,21.0
1960990,4.0,4.0
1961060,27.0,28.0
1961130,2.0,2.0
1961160,191.0,198.0
1961190,1.0,1.0
1961250,29.0,34.0
1961260,34.0,39.0
1961300,269.0,310.0
1961370,88.0,110.0
1961390,78.0,87.0
1961410,1.0,1.0
1961460,35674.0,45179.0
1961490,11.0,11.0
1961500,8.0,8.0
1961520,386.0,412.0
1961740,11.0,12.0
1961750,14.0,18.0
1961760,110.0,121.0
1961770,10.0,11.0
1961790,117.0,128.0
1961840,13.0,16.0
1961930,3.0,3.0
1961950,809.0,895.0
1961970,52.0,59.0
1962030,39.0,46.0
1962170,10.0,11.0
1962220,14.0,14.0
1962430,526.0,646.0
1962450,159.0,206.0
1962490,10.0,10.0
1962520,24.0,26.0
1962530,37.0,48.0
1962540,46.0,52.0
1962590,23.0,25.0
1962600,11.0,11.0
1962650,6.0,7.0
1962670,1.0,1.0
1962890,945.0,1020.0
1962920,746.0,771.0
1962930,9.0,9.0
1963000,11.0,12.0
1963010,30.0,34.0
1963040,1954.0,2602.0
1963200,12.0,13.0
1963280,19.0,20.0
1963360,101.0,115.0
1963450,12.0,15.0
1963480,35.0,39.0
1963510,161.0,167.0
1963570,1215.0,1563.0
1963580,25.0,33.0
1963590,5.0,6.0
1963660,53.0,63.0
1963670,31.0,31.0
1963750,4.0,5.0
1963760,2.0,2.0
1963900,48.0,54.0
1964140,16.0,19.0
1964200,287.0,308.0
1964260,63.0,72.0
1964280,4.0,4.0
1964310,59.0,62.0
1964320,4.0,5.0
1964330,62.0,65.0
1964360,1360.0,1630.0
1964380,13.0,15.0
1964420,12.0,12.0
1964440,3.0,3.0
1964470,35.0,41.0
1964480,47.0,52.0
1964540,2.0,2.0
1964580,3.0,3.0
1964590,12.0,15.0
1964620,9.0,9.0
1964690,21.0,22.0
1964780,12.0,12.0
1964820,62.0,81.0
1964870,72.0,81.0
1964940,11.0,13.0
1964970,7.0,8.0
1964980,12.0,12.0
1964990,5.0,5.0
1965020,4.0,4.0
1965050,1.0,1.0
1965060,32.0,41.0
1965090,6.0,7.0
1965190,116.0,127.0
1965260,17.0,17.0
1965360,16.0,19.0
1965370,86.0,110.0
1965390,57.0,65.0
1965400,5.0,5.0
1965430,22.0,24.0
1965490,6.0,6.0
1965520,3.0,3.0
1965580,49.0,57.0
1965610,117.0,121.0
1965640,4.0,4.0
1965670,3.0,3.0
1965680,14.0,14.0
1965800,117.0,119.0
1965820,1.0,1.0
1965840,24.0,28.0
1965860,28.0,29.0
1965920,55.0,71.0
1965940,3.0,3.0
1965960,14.0,15.0
1965970,29.0,37.0
1966030,45.0,46.0
1966070,150.0,181.0
1966080,2.0,2.0
1966100,370.0,437.0
1966130,151.0,175.0
1966170,37.0,49.0
1966220,240.0,256.0
1966440,47.0,51.0
1966500,71.0,88.0
1966580,72.0,74.0
1966620,1.0,1.0
1966690,39.0,45.0
1966700,32.0,36.0
1966720,427356.0,439231.0
1966900,24647.0,26847.0
1966910,34.0,38.0
1966930,43.0,44.0
1966940,3.0,3.0
1966970,70.0,72.0
1967010,21.0,21.0
1967110,22.0,22.0
1967260,767.0,901.0
1967270,7.0,7.0
1967320,543.0,679.0
1967330,4.0,4.0
1967360,10.0,13.0
1967390,15.0,15.0
1967400,4.0,5.0
1967430,4719.0,4828.0
1967450,405.0,512.0
1967460,32.0,34.0
1967480,25.0,25.0
1967510,1417.0,1481.0
1967520,7.0,7.0
1967550,1.0,1.0
1967580,119.0,122.0
1967630,2455.0,2846.0
1967670,2.0,2.0
1967700,46.0,52.0
1967730,4.0,5.0
1967750,54.0,71.0
1967760,1.0,1.0
1967840,5.0,5.0
1967870,352.0,369.0
1967890,1.0,1.0
1967920,5.0,6.0
1967940,63.0,67.0
1967950,15.0,16.0
1968040,77.0,85.0
1968110,4.0,5.0
1968160,16.0,21.0
1968270,3.0,3.0
1968320,159.0,173.0
1968330,17.0,20.0
1968340,467.0,562.0
1968430,241.0,254.0
1968520,2.0,2.0
1968530,1.0,1.0
1968540,39.0,51.0
1968550,2.0,2.0
1968570,32.0,37.0
1968600,13.0,15.0
1968630,98.0,114.0
1968640,26.0,26.0
1968650,176.0,221.0
1968660,1.0,1.0
1968710,196.0,221.0
1968730,2263.0,2560.0
1968760,2.0,2.0
1968770,22.0,24.0
1968790,16.0,16.0
1968810,7.0,7.0
1968840,2341.0,2486.0
1968950,11.0,12.0
1969000,14.0,17.0
1969010,14.0,14.0
1969060,170.0,200.0
1969080,3716.0,3752.0
1969230,5.0,5.0
1969260,1.0,1.0
1969280,42.0,47.0
1969320,12.0,12.0
1969420,11.0,12.0
1969430,42.0,49.0
1969440,527.0,660.0
1969570,3.0,3.0
1969590,6.0,6.0
1969620,6.0,6.0
1969650,37.0,40.0
1969720,19.0,25.0
1969820,27.0,32.0
1969830,47.0,54.0
1969840,5.0,6.0
1969850,45.0,45.0
1969910,11.0,13.0
1969920,29.0,34.0
1970010,14.0,15.0
1970020,190.0,223.0
1970050,28.0,29.0
1970060,137.0,145.0
1970160,86.0,106.0
1970210,7.0,8.0
1970260,43.0,57.0
1970300,60.0,75.0
1970450,76.0,78.0
1970460,1964.0,2001.0
1970530,11.0,14.0
1970540,27.0,35.0
1970560,18.0,22.0
1970580,6284.0,7109.0
1970610,2.0,2.0
1970740,17.0,22.0
1970770,4.0,4.0
1970780,15.0,16.0
1970820,39.0,46.0
1970850,3.0,3.0
1970970,2.0,2.0
1970980,1438.0,1616.0
1971190,20.0,20.0
1971260,22.0,23.0
1971370,7.0,8.0
1971380,1.0,1.0
1971400,25.0,28.0
1971560,13.0,13.0
1971570,17.0,20.0
1971650,11424.0,11993.0
1971750,7.0,7.0
1971770,166.0,206.0
1971790,15.0,19.0
1971930,5.0,5.0
1972050,97.0,100.0
1972160,3.0,3.0
1972190,37.0,40.0
1972200,21.0,23.0
1972300,1.0,1.0
1972360,13.0,16.0
1972400,30.0,34.0
1972410,237.0,279.0
1972440,5335.0,5824.0
1972460,51.0,56.0
1972470,127.0,150.0
1972550,125.0,166.0
1972630,7.0,7.0
1972640,31.0,31.0
1972670,1.0,1.0
1972710,414.0,421.0
1972740,39.0,40.0
1972820,150.0,172.0
1972830,19.0,20.0
1972870,2.0,2.0
1972880,15.0,17.0
1972890,11.0,14.0
1972960,3.0,3.0
1972970,31.0,41.0
1972990,2.0,2.0
1973010,26.0,26.0
1973040,53.0,58.0
1973080,588.0,756.0
1973090,7.0,8.0
1973100,4.0,4.0
1973110,103.0,115.0
1973130,13.0,14.0
1973230,1.0,1.0
1973250,2.0,2.0
1973260,4.0,4.0
1973270,3.0,3.0
1973280,10.0,11.0
1973310,40.0,43.0
1973320,114.0,137.0
1973360,7.0,8.0
1973390,6.0,6.0
1973450,49.0,49.0
1973530,33593.0,39384.0
1973580,279.0,334.0
1973620,2.0,2.0
1973630,24.0,27.0
1973640,35.0,35.0
1973700,82.0,88.0
1973710,3429.0,3953.0
1973770,16.0,18.0
1973840,7.0,9.0
1974010,4.0,4.0
1974080,38.0,43.0
1974110,4.0,4.0
1974250,52.0,62.0
1974290,41.0,47.0
1974300,23.0,27.0
1974310,23.0,28.0
1974320,51.0,53.0
1974400,8.0,9.0
1974520,1739.0,1877.0
1974540,10.0,10.0
1974610,102.0,103.0
1975080,7.0,9.0
1975090,3.0,3.0
1975120,631.0,647.0
1975160,22.0,27.0
1975170,7.0,8.0
1975180,361.0,377.0
1975280,318.0,372.0
1975290,17.0,17.0
1975360,847.0,882.0
1975440,856.0,1101.0
1975450,18.0,22.0
1975480,4.0,4.0
1975660,74.0,81.0
1975670,192.0,204.0
1975890,7.0,7.0
1976100,29.0,34.0
1976160,23.0,26.0
1976230,186.0,230.0
1976240,5.0,5.0
1976450,16.0,18.0
1976490,158.0,194.0
1976650,11.0,11.0
1976850,1.0,1.0
1976950,485.0,622.0
1977030,68.0,76.0
1977070,27.0,27.0
1977110,147.0,152.0
1977170,2942.0,3129.0
1977190,9.0,9.0
1977220,17.0,19.0
1977250,20.0,25.0
1977270,7.0,7.0
1977360,24.0,29.0
1977420,8.0,8.0
1977440,8.0,8.0
1977450,45.0,54.0
1977530,23371.0,25260.0
1977640,4.0,5.0
1977660,13.0,13.0
1977730,30.0,31.0
1977740,63.0,65.0
1977770,13.0,13.0
1977840,4.0,4.0
1977890,34.0,38.0
1977900,12.0,15.0
1977910,50.0,53.0
1977960,64.0,74.0
1978010,116.0,138.0
1978090,15.0,19.0
1978100,135.0,151.0
1978150,134.0,151.0
1978190,5.0,5.0
1978200,2.0,2.0
1978290,12.0,14.0
1978330,267.0,323.0
1978380,35.0,37.0
1978460,27.0,28.0
1978500,23.0,24.0
1978590,1723.0,1846.0
1978650,1.0,1.0
1978720,315.0,390.0
1978750,23.0,26.0
1978760,285.0,296.0
1978800,318.0,405.0
1978850,28.0,28.0
1978890,2.0,2.0
1978900,1.0,1.0
1978950,7.0,7.0
1978970,5.0,5.0
1979150,1.0,1.0
1979190,3.0,3.0
1979220,11.0,11.0
1979300,2.0,2.0
1979320,44.0,45.0
1979340,8.0,8.0
1979410,147.0,156.0
1979440,801.0,909.0
1979470,8.0,8.0
1979480,2.0,2.0
1979520,25.0,27.0
1979570,56.0,74.0
1979590,15.0,18.0
1979610,1.0,1.0
1979700,13.0,15.0
1979850,8.0,8.0
1979930,25.0,30.0
1979970,28.0,30.0
1979980,2.0,2.0
1979990,3.0,3.0
1980260,15.0,15.0
1980390,177.0,186.0
1980470,7.0,9.0
1980520,13.0,13.0
1980530,1311.0,1368.0
1980600,2.0,2.0
1980670,1.0,1.0
1980710,3.0,3.0
1980780,16.0,18.0
1980820,4.0,5.0
1980830,6.0,7.0
1980860,1.0,1.0
1980890,43.0,56.0
1980920,538.0,712.0
1981000,7.0,9.0
1981010,5.0,6.0
1981020,8.0,9.0
1981090,8.0,10.0
1981160,74.0,91.0
1981300,160.0,189.0
1981350,6.0,6.0
1981370,6.0,7.0
1981380,100.0,104.0
1981460,1.0,1.0
1981480,39.0,41.0
1981500,139.0,155.0
1981570,1459.0,1900.0
1981690,5.0,5.0
1981740,4.0,4.0
1981820,2853.0,3539.0
1981830,42.0,46.0
1981860,15.0,17.0
1981980,75.0,93.0
1982050,12.0,13.0
1982130,57.0,58.0
1982180,7.0,8.0
1982200,12.0,12.0
1982230,25.0,33.0
1982240,4.0,4.0
1982310,68.0,81.0
1982340,592.0,771.0
1982360,1.0,1.0
1982430,22.0,29.0
1982590,18.0,20.0
1982650,2.0,2.0
1982730,6.0,7.0
1983000,223.0,227.0
1983010,30.0,37.0
1983020,3.0,3.0
1983120,15.0,16.0
1983180,10.0,12.0
1983220,379.0,395.0
1983260,828.0,887.0
1983270,91.0,104.0
1983290,1.0,1.0
1983300,47.0,49.0
1983310,3.0,3.0
1983410,3.0,3.0
1983420,56.0,60.0
1983430,201.0,244.0
1983450,1.0,1.0
1983510,1.0,1.0
1983540,4.0,4.0
1983550,1.0,1.0
1983560,1.0,1.0
1983580,62.0,63.0
1983650,6.0,6.0
1983670,20.0,25.0
1983690,131.0,148.0
1983700,59.0,62.0
1983710,420.0,487.0
1983740,39.0,42.0
1983780,5.0,6.0
1983850,9.0,9.0
1983880,5.0,5.0
1983970,845.0,1010.0
1983990,764.0,824.0
1984030,1.0,1.0
1984070,14.0,15.0
1984150,2.0,2.0
1984190,174.0,196.0
1984220,3.0,3.0
1984260,17.0,17.0
1984350,489.0,506.0
1984490,10.0,10.0
1984610,126.0,132.0
1984790,119.0,146.0
1985040,20.0,24.0
1985050,165.0,202.0
1985160,2.0,2.0
1985240,63.0,63.0
1985250,222.0,230.0
1985260,585.0,596.0
1985320,450.0,471.0
1985350,9.0,11.0
1985360,181.0,188.0
1985420,386.0,426.0
1985500,85.0,91.0
1985510,909.0,1036.0
1985610,137.0,160.0
1985620,5.0,5.0
1985630,5.0,5.0
1985680,163.0,170.0
1985690,13479.0,13867.0
1985710,64.0,66.0
1985770,143.0,181.0
1985810,14228.0,17686.0
1985930,603.0,698.0
1985960,1223.0,1304.0
1986010,781.0,901.0
1986040,92.0,112.0
1986120,7.0,8.0
1986140,58.0,59.0
1986170,6.0,7.0
1986230,239.0,265.0
1986240,67.0,75.0
1986250,7.0,9.0
1986310,202.0,230.0
1986370,7.0,7.0
1986390,163.0,216.0
1986430,6.0,6.0
1986440,7.0,7.0
1986470,14.0,14.0
1986620,16.0,18.0
1986710,3.0,3.0
1986760,1200.0,1313.0
1986840,1409.0,1451.0
1986880,355.0,359.0
1986900,24.0,26.0
1986930,11.0,13.0
1986940,14.0,18.0
1986980,19.0,19.0
1987030,25.0,30.0
1987050,8.0,8.0
1987060,83.0,85.0
1987080,36084.0,43337.0
1987110,1.0,1.0
1987120,49.0,56.0
1987150,8.0,10.0
1987160,17.0,20.0
1987220,74.0,79.0
1987260,18.0,21.0
1987350,14.0,15.0
1987420,9.0,10.0
1987450,19.0,21.0
1987470,25.0,26.0
1987480,94.0,97.0
1987490,1.0,1.0
1987500,28.0,28.0
1987590,24.0,25.0
1987650,11.0,11.0
1987660,2.0,2.0
1987690,7.0,7.0
1987750,31.0,33.0
1987810,5.0,5.0
1987860,1.0,1.0
1987980,140.0,172.0
1987990,15.0,16.0
1988080,76.0,94.0
1988090,46.0,50.0
1988130,28.0,28.0
1988190,113.0,124.0
1988320,8.0,9.0
1988530,5.0,5.0
1988540,625.0,633.0
1988550,3811.0,4092.0
1988570,5.0,6.0
1988630,206.0,227.0
1988670,3.0,3.0
1988750,213.0,243.0
1988810,17.0,22.0
1988820,1.0,1.0
1988880,22.0,24.0
1988890,12.0,12.0
1988940,240.0,245.0
1988990,30.0,39.0
1989070,286.0,339.0
1989090,12.0,12.0
1989140,27.0,29.0
1989150,17.0,21.0
1989270,14850.0,15240.0
1989310,31.0,32.0
1989360,7.0,8.0
1989560,164.0,206.0
1989630,2.0,2.0
1989640,4.0,5.0
1989650,1.0,1.0
1989740,21.0,23.0
1989770,50.0,51.0
1989780,4.0,5.0
1989850,38.0,44.0
1989990,266.0,276.0
1990050,611.0,681.0
1990110,697.0,783.0
1990260,531.0,616.0
1990300,4.0,4.0
1990370,51.0,54.0
1990380,2.0,2.0
1990390,5.0,5.0
1990400,16.0,20.0
1990450,11.0,12.0
1990480,8.0,10.0
1990580,4.0,5.0
1990590,123.0,136.0
1990620,1.0,1.0
1990670,2.0,2.0
1990680,1.0,1.0
1990690,1165.0,1528.0
1990730,12.0,12.0
1990740,399.0,478.0
1990810,14.0,18.0
1990820,22.0,22.0
1990850,1.0,1.0
1990900,124.0,149.0
1990910,8.0,10.0
1990940,35.0,41.0
1990980,32.0,42.0
1991010,15.0,16.0
1991300,109.0,119.0
1991340,5.0,6.0
1991360,2.0,2.0
1991450,21.0,21.0
1991470,24.0,25.0
1991480,31.0,37.0
1991490,1.0,1.0
1991630,5.0,5.0
1991790,1.0,1.0
1991980,122.0,152.0
1992020,12.0,12.0
1992110,9.0,10.0
1992120,38.0,50.0
1992370,747.0,989.0
1992430,222.0,250.0
1992500,5.0,5.0
1992580,72.0,93.0
1992590,57.0,70.0
1992700,71.0,72.0
1992770,64.0,68.0
1992840,10.0,11.0
1992850,195.0,222.0
1992930,6.0,6.0
1992980,9.0,9.0
1993030,79.0,94.0
1993060,32.0,34.0
1993110,4.0,4.0
1993150,2264.0,2715.0
1993160,1.0,1.0
1993180,321.0,339.0
1993200,74.0,84.0
1993300,131.0,140.0
1993370,2.0,2.0
1993390,1.0,1.0
1993480,2.0,2.0
1993510,4.0,4.0
1993520,4.0,4.0
1993820,6.0,6.0
1993830,20.0,22.0
1993900,7.0,8.0
1993910,224.0,262.0
1993960,1.0,1.0
1994170,5.0,6.0
1994230,613.0,726.0
1994270,18.0,18.0
1994300,2.0,2.0
1994400,11.0,13.0
1994440,34.0,34.0
1994510,4.0,4.0
1994540,1.0,1.0
1994630,17.0,21.0
1994680,7.0,9.0
1994720,24.0,27.0
1994760,31.0,34.0
1994850,28.0,33.0
1994940,5.0,6.0
1994960,16.0,16.0
1995030,6.0,7.0
1995180,10.0,10.0
1995220,3.0,3.0
1995230,8.0,8.0
1995290,11.0,14.0
1995300,16.0,16.0
1995320,12.0,13.0
1995330,19.0,22.0
1995340,1.0,1.0
1995420,16.0,20.0
1995460,9.0,10.0
1995470,24.0,25.0
1995490,4.0,5.0
1995530,2.0,2.0
1995580,9.0,11.0
1995600,39.0,51.0
1995680,61.0,68.0
1995710,6.0,6.0
1995760,17.0,19.0
1995780,175.0,177.0
1995870,344.0,425.0
1995880,227.0,240.0
1995890,589.0,674.0
1995910,1.0,1.0
1995940,9.0,11.0
1996000,1.0,1.0
1996010,3502.0,3554.0
1996040,193.0,224.0
1996120,2.0,2.0
1996210,472.0,498.0
1996230,60.0,61.0
1996270,1.0,1.0
1996360,7.0,7.0
1996420,285.0,302.0
1996430,638.0,718.0
1996470,143.0,147.0
1996500,249.0,291.0
1996600,79.0,81.0
1996630,325.0,347.0
1996710,25.0,25.0
1996770,389.0,445.0
1996780,7.0,8.0
1996800,6.0,7.0
1996810,3.0,3.0
1996850,4.0,5.0
1996880,17.0,17.0
1996930,542.0,651.0
1997010,9.0,9.0
1997040,23044.0,27844.0
1997060,27.0,29.0
1997070,27.0,30.0
1997080,520.0,578.0
1997110,10.0,11.0
1997120,7.0,7.0
1997130,31.0,41.0
1997180,2.0,2.0
1997270,8.0,9.0
1997300,18.0,20.0
1997420,58.0,62.0
1997430,47.0,56.0
1997460,58.0,69.0
1997470,441.0,466.0
1997480,204.0,255.0
1997550,15.0,15.0
1997590,24.0,25.0
1997670,14.0,15.0
1997680,5936.0,6110.0
1997830,28.0,28.0
1997880,25.0,32.0
1997900,67.0,86.0
1997910,4.0,4.0
1997930,2.0,2.0
1997940,3.0,3.0
1997980,17.0,19.0
1998050,170.0,186.0
1998060,1.0,1.0
1998200,11.0,11.0
1998250,40.0,47.0
1998260,23.0,27.0
1998310,6.0,6.0
1998320,3.0,3.0
1998330,218.0,247.0
1998340,348.0,403.0
1998350,17.0,17.0
1998380,8.0,10.0
1998420,8.0,9.0
1998450,511.0,668.0
1998470,4.0,5.0
1998510,31.0,36.0
1998530,483.0,490.0
1998540,2.0,2.0
1998680,1.0,1.0
1998840,1.0,1.0
1998980,45.0,52.0
1999090,18.0,20.0
1999120,10.0,10.0
1999140,77.0,77.0
1999170,1758.0,2082.0
1999320,23.0,28.0
1999360,15044.0,15337.0
1999430,8.0,8.0
1999470,50.0,57.0
1999520,1222.0,1241.0
1999630,15.0,16.0
1999700,28.0,32.0
1999730,12.0,15.0
1999740,2630.0,2804.0
1999770,1670.0,1815.0
1999850,11.0,11.0
1999870,44.0,53.0
1999880,16.0,16.0
1999910,3.0,3.0
1999920,16.0,17.0
1999940,148.0,151.0
1999970,22.0,28.0
1999990,1.0,1.0
2000070,9.0,9.0
2000150,270.0,285.0
2000180,32.0,38.0
2000220,7.0,7.0
2000280,192.0,196.0
2000310,55.0,59.0
2000320,21.0,22.0
2000350,54.0,55.0
2000360,32.0,42.0
2000390,1.0,1.0
2000430,2.0,2.0
2000560,1.0,1.0
2000570,10.0,12.0
2000600,7.0,7.0
2000770,179.0,225.0
2000890,1597.0,2088.0
2000950,13753.0,17530.0
2000960,54.0,71.0
2001000,5.0,5.0
2001110,28.0,32.0
2001140,15.0,15.0
2001150,30.0,38.0
2001220,4.0,5.0
2001340,270.0,277.0
2001380,65.0,77.0
2001400,2.0,2.0
2001460,24.0,27.0
2001570,362.0,388.0
2001680,5.0,5.0
2001870,11.0,12.0
2001910,7.0,8.0
2001960,7.0,8.0
2001970,66.0,69.0
2002010,36.0,37.0
2002200,10.0,10.0
2002220,232.0,257.0
2002250,6.0,6.0
2002410,50.0,50.0
2002430,5.0,5.0
2002450,98.0,115.0
2002470,2.0,2.0
2002520,10.0,11.0
2002540,12.0,12.0
2002600,51.0,55.0
2002670,1.0,1.0
2002700,11.0,11.0
2002720,7.0,9.0
2002790,6.0,6.0
2002870,33.0,37.0
2002880,15.0,16.0
2002910,6.0,6.0
2003030,4.0,4.0
2003060,548.0,711.0
2003160,369.0,407.0
2003220,44.0,55.0
2003310,6043.0,6709.0
2003370,36.0,42.0
2003420,8.0,8.0
2003550,14.0,15.0
2003590,5.0,6.0
2003600,5.0,5.0
2003660,50.0,52.0
2003690,1.0,1.0
2003740,38.0,41.0
2003750,21.0,23.0
2003870,2.0,2.0
2003880,38.0,47.0
2003990,42.0,43.0
2004080,300.0,384.0
2004180,154.0,162.0
2004220,18.0,20.0
2004300,4.0,4.0
2004360,105.0,135.0
2004370,36.0,43.0
2004390,26.0,32.0
2004430,30.0,36.0
2004440,204.0,217.0
2004490,101.0,126.0
2004590,364.0,367.0
2004610,86.0,97.0
2004640,344.0,392.0
2004670,33.0,34.0
2004700,23.0,29.0
2004870,14.0,18.0
2004890,60.0,69.0
2004960,34.0,34.0
2004970,5.0,5.0
2004980,21.0,26.0
2005010,12384.0,13592.0
2005050,121.0,137.0
2005070,12.0,15.0
2005090,170.0,183.0
2005150,5.0,6.0
2005210,487.0,536.0
2005240,9.0,11.0
2005290,7.0,7.0
2005320,25.0,25.0
2005350,9.0,10.0
2005360,97.0,101.0
2005390,10.0,12.0
2005400,17.0,18.0
2005430,31.0,36.0
2005490,7.0,7.0
2005570,6.0,6.0
2005630,23.0,26.0
2005640,13.0,15.0
2005650,31.0,31.0
2005660,214.0,216.0
2005680,48.0,56.0
2005710,5.0,5.0
2005780,13.0,16.0
2005800,39.0,40.0
2005950,77.0,81.0
2006090,81.0,89.0
2006140,813.0,846.0
2006170,18.0,21.0
2006180,5.0,5.0
2006310,5.0,5.0
2006330,418.0,461.0
2006360,8.0,8.0
2006430,2.0,2.0
2006560,6.0,6.0
2006660,4.0,5.0
2006700,11.0,12.0
2006770,7.0,7.0
2006840,4.0,5.0
2006990,46.0,50.0
2007000,9.0,10.0
2007030,18.0,20.0
2007050,14.0,17.0
2007120,18.0,23.0
2007130,49.0,54.0
2007150,1.0,1.0
2007240,4.0,5.0
2007410,7.0,8.0
2007420,13.0,13.0
2007470,35.0,40.0
2007520,13.0,16.0
2007530,985.0,1222.0
2007700,14.0,18.0
2007710,126.0,150.0
2007770,75.0,94.0
2007790,1.0,1.0
2007920,6.0,6.0
2008050,156.0,195.0
2008060,57.0,61.0
2008100,658.0,740.0
2008110,6.0,7.0
2008200,8.0,9.0
2008350,6.0,6.0
2008440,4.0,4.0
2008480,31.0,40.0
2008510,318.0,360.0
2008530,1.0,1.0
2008560,11.0,11.0
2008820,44.0,44.0
2008850,4.0,4.0
2008860,17.0,18.0
2008870,8.0,10.0
2008920,1035.0,1076.0
2008930,6.0,7.0
2008980,404.0,416.0
2008990,23.0,25.0
2009010,735.0,822.0
2009030,20.0,24.0
2009290,2.0,2.0
2009340,39.0,47.0
2009350,1174.0,1373.0
2009380,189.0,196.0
2009420,8.0,10.0
2009450,78.0,95.0
2009460,98.0,125.0
2009470,63.0,79.0
2009500,9.0,9.0
2009560,18.0,19.0
2009620,51.0,51.0
2009650,58.0,63.0
2009720,296.0,301.0
2009730,29.0,37.0
2009770,17.0,20.0
2009780,82.0,99.0
2009800,87.0,94.0
2009810,5.0,6.0
2009830,2.0,2.0
2009840,9.0,10.0
2009850,18.0,23.0
2009860,300.0,349.0
2009930,1.0,1.0
2009950,36.0,42.0
2010000,53.0,59.0
2010030,424.0,551.0
2010110,53.0,59.0
2010150,48.0,51.0
2010200,2.0,2.0
2010210,12.0,15.0
2010240,11.0,13.0
2010250,253.0,264.0
2010310,5.0,6.0
2010320,61.0,67.0
2010370,244.0,325.0
2010420,154.0,157.0
2010450,173.0,214.0
2010480,1.0,1.0
2010500,2.0,2.0
2010530,390.0,405.0
2010550,3.0,3.0
2010690,11.0,12.0
2010740,4.0,5.0
2010830,123.0,146.0
2010870,3.0,3.0
2010900,50.0,54.0
2010920,12.0,12.0
2010950,1.0,1.0
2010960,61.0,77.0
2011080,5.0,5.0
2011160,11.0,13.0
2011190,3.0,3.0
2011230,34.0,44.0
2011280,2.0,2.0
2011310,40.0,45.0
2011330,9.0,9.0
2011340,96.0,109.0
2011370,1.0,1.0
2011410,101.0,109.0
2011470,2814.0,3415.0
2011480,4.0,5.0
2011550,45.0,51.0
2011640,8.0,9.0
2011730,22.0,23.0
2011750,7.0,9.0
2011780,887.0,898.0
2011860,103.0,132.0
2011900,44.0,50.0
2012020,6.0,7.0
2012100,56.0,71.0
2012130,2.0,2.0
2012140,124.0,140.0
2012200,1.0,1.0
2012270,53.0,62.0
2012290,25.0,26.0
2012340,16.0,19.0
2012440,76.0,81.0
2012450,5.0,6.0
2012500,43.0,43.0
2012520,16.0,18.0
2012530,95.0,120.0
2012540,146.0,190.0
2012590,11.0,11.0
2012610,67.0,87.0
2012620,60.0,75.0
2012630,18.0,18.0
2012670,92.0,112.0
2012690,11.0,11.0
2012710,6.0,6.0
2012820,32.0,37.0
2012910,32.0,42.0
2012990,2.0,2.0
2013030,21.0,21.0
2013040,4.0,4.0
2013110,122.0,133.0
2013120,190.0,207.0
2013130,4.0,5.0
2013150,9.0,9.0
2013230,6.0,7.0
2013360,652.0,808.0
2013480,2.0,2.0
2013580,100.0,120.0
2013660,3.0,3.0
2013680,22.0,27.0
2013720,7.0,7.0
2013730,1024.0,1082.0
2013800,6.0,7.0
2013880,17.0,17.0
2013900,357.0,370.0
2013970,10.0,11.0
2014180,4.0,5.0
2014210,6.0,6.0
2014220,3.0,3.0
2014300,8.0,9.0
2014370,56.0,64.0
2014380,478.0,545.0
2014420,48.0,52.0
2014470,55.0,57.0
2014480,4.0,4.0
2014610,7.0,7.0
2014750,3.0,3.0
2014780,2818.0,3419.0
2014870,25.0,27.0
2014910,158.0,201.0
2014950,1.0,1.0
2014980,8.0,8.0
2015000,13.0,14.0
2015040,89.0,95.0
2015080,80.0,104.0
2015170,3.0,3.0
2015240,2063.0,2392.0
2015280,7.0,8.0
2015360,29.0,29.0
2015460,9.0,9.0
2015500,44.0,49.0
2015610,7.0,8.0
2015620,482.0,554.0
2015700,115.0,116.0
2015740,6.0,6.0
2015900,1.0,1.0
2015950,72.0,77.0
2016110,17.0,17.0
2016190,36.0,42.0
2016210,3.0,3.0
2016220,144.0,163.0
2016280,57.0,63.0
2016350,46.0,53.0
2016370,381.0,446.0
2016410,42.0,48.0
2016470,7.0,7.0
2016510,24.0,30.0
2016540,35.0,36.0
2016580,23.0,27.0
2016690,5.0,6.0
2017000,1.0,1.0
2017020,26.0,31.0
2017130,1.0,1.0
2017200,40.0,46.0
2017270,102.0,113.0
2017330,1.0,1.0
2017340,29.0,35.0
2017370,403.0,424.0
2017540,23.0,29.0
2017580,50.0,55.0
2017610,133.0,167.0
2017620,73.0,80.0
2017630,12.0,15.0
2017640,26.0,31.0
2017700,54.0,63.0
2017840,36.0,38.0
2017890,162.0,180.0
2017910,1.0,1.0
2017920,1.0,1.0
2017950,31.0,35.0
2018030,20.0,20.0
2018140,8.0,8.0
2018230,109.0,127.0
2018310,14.0,14.0
2018340,14.0,17.0
2018350,14.0,16.0
2018380,4.0,5.0
2018530,18.0,19.0
2018560,60.0,65.0
2018610,18.0,21.0
2018640,219.0,240.0
2018660,45.0,47.0
2018820,21.0,27.0
2018830,49.0,53.0
2018840,18.0,19.0
2018930,30.0,38.0
2019000,2.0,2.0
2019050,1.0,1.0
2019270,35.0,43.0
2019360,39.0,40.0
2019370,54.0,63.0
2019380,52.0,56.0
2019460,76.0,80.0
2019680,512.0,547.0
2019710,5.0,5.0
2019810,1652.0,1804.0
2019830,319.0,359.0
2019840,37.0,41.0
2019860,4.0,4.0
2019920,40.0,51.0
2019940,1.0,1.0
2019950,105.0,126.0
2019990,74.0,83.0
2020020,1.0,1.0
2020030,227.0,244.0
2020080,17.0,21.0
2020090,98.0,101.0
2020180,15.0,16.0
2020210,8.0,9.0
2020270,4.0,5.0
2020330,2.0,2.0
2020380,28.0,28.0
2020480,94.0,108.0
2020510,58.0,69.0
2020520,132.0,157.0
2020530,101.0,112.0
2020570,12.0,12.0
2020630,95.0,122.0
2020710,1057.0,1198.0
2020860,495.0,525.0
2020950,10.0,10.0
2021040,1.0,1.0
2021050,27.0,27.0
2021070,4.0,4.0
2021130,190.0,228.0
2021190,2.0,2.0
2021210,207.0,258.0
2021220,40.0,52.0
2021230,25.0,31.0
2021280,13.0,14.0
2021410,26.0,29.0
2021530,142.0,165.0
2021540,7.0,7.0
2021690,20.0,24.0
2021700,3.0,3.0
2021710,56.0,57.0
2021910,27621.0,32926.0
2022030,12.0,14.0
2022090,147.0,157.0
2022120,6.0,7.0
2022180,3888.0,4172.0
2022190,1.0,1.0
2022230,67.0,74.0
2022270,1450.0,1581.0
2022290,197.0,199.0
2022350,7.0,7.0
2022360,189.0,234.0
2022380,38.0,38.0
2022470,45.0,48.0
2022680,14.0,15.0
2022740,31.0,35.0
2022850,164.0,184.0
2022880,78.0,81.0
2022910,39.0,46.0
2022920,51.0,58.0
2022980,15.0,18.0
2022990,24.0,27.0
2023000,55.0,59.0
2023010,22.0,25.0
2023020,7.0,8.0
2023050,336.0,423.0
2023070,14.0,17.0
2023080,37.0,49.0
2023160,20.0,24.0
2023170,10.0,11.0
2023180,12.0,13.0
2023210,16.0,16.0
2023270,1.0,1.0
2023350,2.0,2.0
2023360,475.0,620.0
2023430,33.0,34.0
2023440,17.0,18.0
2023610,8.0,10.0
2023670,17.0,18.0
2023680,1.0,1.0
2023880,39.0,47.0
2023910,82.0,83.0
2023920,47.0,52.0
2023960,1.0,1.0
2023970,16.0,16.0
2023990,4.0,4.0
2024070,120.0,131.0
2024230,1087.0,1332.0
2024300,123.0,162.0
2024790,7.0,9.0
2024810,9.0,9.0
2024840,6.0,6.0
2024990,11.0,12.0
2025000,3.0,3.0
2025210,3.0,3.0
2025280,13.0,16.0
2025310,54.0,55.0
2025520,81.0,90.0
2025610,787.0,855.0
2025650,144.0,153.0
2025660,148.0,154.0
2025680,37.0,40.0
2025700,40.0,41.0
2025710,5.0,6.0
2025720,18.0,18.0
2025750,152.0,177.0
2025810,10.0,10.0
2025840,164.0,168.0
2025930,17.0,20.0
2025970,4.0,4.0
2026000,982.0,1012.0
2026140,1.0,1.0
2026170,5.0,5.0
2026230,1.0,1.0
2026250,4.0,4.0
2026260,12.0,12.0
2026270,17.0,18.0
2026340,10.0,11.0
2026370,117.0,126.0
2026430,5.0,6.0
2026470,8.0,10.0
2026510,3.0,3.0
2026520,152.0,165.0
2026690,4.0,4.0
2026750,22.0,25.0
2026840,42.0,43.0
2026860,8.0,8.0
2026870,660.0,737.0
2026880,192.0,245.0
2027000,86.0,88.0
2027040,7.0,8.0
2027090,30.0,33.0
2027130,26.0,28.0
2027180,2.0,2.0
2027310,33.0,38.0
2027330,9250.0,9939.0
2027350,44.0,58.0
2027360,623.0,685.0
2027370,43.0,57.0
2027390,17.0,22.0
2027420,6.0,6.0
2027510,15.0,15.0
2027530,247.0,265.0
2027550,302.0,316.0
2027560,28.0,34.0
2027590,16.0,16.0
2027810,18.0,18.0
2027850,4.0,5.0
2027920,82.0,89.0
2027960,43.0,52.0
2027970,86.0,114.0
2050150,13.0,17.0
2050210,12.0,12.0
2050310,61.0,69.0
2050380,12.0,12.0
2050460,10.0,13.0
2050480,12.0,14.0
2050510,370.0,492.0
2050530,22.0,26.0
2050540,34.0,38.0
2050560,61.0,79.0
2050590,449.0,485.0
2050600,1.0,1.0
2050650,146302.0,149860.0
2050680,196.0,243.0
2050720,48.0,56.0
2050860,830.0,861.0
2050910,1.0,1.0
2050940,18.0,20.0
2050950,4.0,4.0
2050960,16.0,19.0
2051020,12.0,14.0
2051050,10.0,13.0
2051080,48.0,57.0
2051100,22.0,28.0
2051110,16.0,17.0
2051130,69.0,70.0
2051420,164.0,189.0
2051440,102.0,118.0
2051450,5.0,5.0
2051500,824.0,951.0
2051530,3.0,3.0
2051540,9.0,9.0
2051550,9.0,9.0
2051590,35.0,35.0
2051620,9157.0,11805.0
2051630,8.0,9.0
2051750,13.0,16.0
2051760,1.0,1.0
2051990,8.0,8.0
2052040,167.0,187.0
2052080,46.0,54.0
2052140,25.0,25.0
2052290,14.0,15.0
2052380,4.0,5.0
2052410,3535.0,3597.0
2052540,3.0,3.0
2052550,3.0,3.0
2052680,49.0,51.0
2052730,8.0,10.0
2052750,6.0,7.0
2052880,1.0,1.0
2052990,188.0,221.0
2053050,13.0,14.0
2053080,15.0,15.0
2053100,7.0,9.0
2053110,2.0,2.0
2053220,2.0,2.0
2053250,24.0,26.0
2053280,7.0,8.0
2053360,39.0,39.0
2053450,1.0,1.0
2053580,30.0,30.0
2053590,3.0,3.0
2053600,1.0,1.0
2053690,4.0,4.0
2053750,5.0,5.0
2053890,1.0,1.0
2053940,552.0,604.0
2053950,8.0,10.0
2053990,6.0,6.0
2054060,9.0,11.0
2054140,1.0,1.0
2054150,11.0,12.0
2054220,15.0,17.0
2054280,4.0,5.0
2054290,60.0,73.0
2054330,3.0,3.0
2054340,46.0,61.0
2054460,1.0,1.0
2054510,2.0,2.0
2054600,9.0,10.0
2054620,23.0,28.0
2054670,1.0,1.0
2054680,36.0,45.0
2054690,88.0,113.0
2054740,245.0,272.0
2054770,89.0,105.0
2054800,23.0,24.0
2054850,13.0,13.0
2055050,1333.0,1488.0
2055130,50.0,53.0
2055180,23.0,25.0
2055270,33.0,43.0
2055350,7.0,7.0
2055370,6.0,6.0
2055390,86.0,95.0
2055470,24.0,26.0
2055490,16.0,16.0
2055500,234.0,263.0
2055540,130.0,131.0
2055720,7.0,7.0
2055730,14.0,17.0
2055740,6.0,7.0
2055790,11.0,13.0
2055910,256.0,258.0
2056030,1.0,1.0
2056090,67.0,75.0
2056110,22.0,24.0
2056150,6.0,7.0
2056160,6.0,6.0
2056190,9.0,10.0
2056210,1081.0,1173.0
2056220,5174.0,5282.0
2056310,2.0,2.0
2056320,8.0,9.0
2056340,276.0,361.0
2056370,6.0,6.0
2056490,66.0,69.0
2056550,18.0,18.0
2056560,2069.0,2173.0
2056570,9.0,9.0
2056690,13.0,16.0
2056880,64.0,71.0
2056910,8.0,9.0
2056970,59.0,75.0
2057000,32.0,39.0
2057080,1651.0,1689.0
2057110,21.0,24.0
2057120,1.0,1.0
2057220,4.0,4.0
2057310,45.0,52.0
2057370,11.0,13.0
2057430,96.0,113.0
2057450,2.0,2.0
2057610,18.0,18.0
2057790,26.0,29.0
2057820,7.0,7.0
2057830,10.0,13.0
2057850,7.0,9.0
2057980,10.0,10.0
2058090,30.0,31.0
2058130,10.0,12.0
2058150,293.0,307.0
2058180,7725.0,8127.0
2058190,5935.0,6264.0
2058260,20.0,21.0
2058360,6.0,6.0
2058370,15.0,15.0
2058420,5.0,5.0
2058430,7.0,7.0
2058460,16.0,18.0
2058530,26.0,31.0
2058570,328.0,357.0
2058850,20.0,21.0
2058950,155.0,164.0
2058980,10.0,12.0
2059170,2728.0,3377.0
2059250,97.0,102.0
2059280,169.0,198.0
2059290,85.0,92.0
2059300,12.0,12.0
2059310,514.0,569.0
2059330,1.0,1.0
2059390,13.0,13.0
2059480,39.0,41.0
2059530,921.0,1152.0
2059600,6.0,6.0
2059650,24.0,27.0
2059660,839.0,880.0
2059670,510.0,513.0
2059690,11.0,11.0
2059740,30.0,34.0
2060130,7585.0,8261.0
2060160,1140.0,1178.0
2060170,135.0,150.0
2060230,34.0,39.0
2060240,28.0,34.0
2060320,36.0,40.0
2060380,2.0,2.0
2060450,4.0,4.0
2060480,367.0,376.0
2060550,67.0,71.0
2060580,2.0,2.0
2060590,17.0,17.0
2060670,20.0,24.0
2060790,204.0,223.0
2060870,303.0,315.0
2061000,4.0,4.0
2061020,132.0,149.0
2061040,5.0,6.0
2061100,1.0,1.0
2061140,1.0,1.0
2061150,535.0,695.0
2061230,304.0,352.0
2061250,269.0,324.0
2061260,98.0,115.0
2061270,4.0,4.0
2061290,42.0,45.0
2061300,54.0,60.0
2061430,503.0,667.0
2061440,1401.0,1551.0
2061460,17.0,17.0
2061510,30.0,31.0
2061540,7.0,7.0
2061580,10.0,11.0
2061620,51.0,53.0
2061630,18.0,20.0
2061710,25.0,32.0
2061720,28.0,32.0
2061750,143.0,155.0
2061850,5.0,5.0
2061980,13.0,13.0
2062100,15.0,16.0
2062150,7.0,8.0
2062160,4.0,4.0
2062190,13.0,13.0
2062210,156.0,173.0
2062300,6.0,7.0
2062330,9.0,9.0
2062390,8.0,9.0
2062420,3.0,3.0
2062480,2.0,2.0
2062520,15.0,15.0
2062550,372.0,440.0
2062610,3.0,3.0
2062630,5.0,5.0
2062660,7.0,8.0
2062690,118.0,148.0
2062730,2.0,2.0
2062750,1.0,1.0
2062780,2.0,2.0
2062800,2.0,2.0
2062830,4.0,5.0
2062840,1.0,1.0
2062910,16.0,20.0
2062920,45.0,47.0
2062930,794.0,826.0
2062990,2.0,2.0
2063000,10.0,13.0
2063010,5.0,5.0
2063110,9.0,11.0
2063120,81.0,84.0
2063140,2.0,2.0
2063180,42.0,45.0
2063230,2.0,2.0
2063240,14.0,17.0
2063290,3.0,3.0
2063310,74.0,82.0
2063330,10.0,10.0
2063340,7.0,9.0
2063370,35.0,39.0
2063420,190.0,199.0
2063430,35.0,37.0
2063450,2.0,2.0
2063480,101.0,111.0
2063510,11.0,12.0
2063530,157.0,162.0
2063560,11.0,12.0
2063580,11.0,11.0
2063610,453.0,596.0
2063660,2.0,2.0
2063680,404.0,437.0
2063690,2.0,2.0
2063700,12.0,12.0
2063790,23.0,30.0
2063850,16.0,18.0
2063930,6.0,6.0
2063950,28.0,33.0
2063960,30.0,33.0
2063970,35.0,39.0
2063990,2.0,2.0
2064000,7.0,7.0
2064090,6.0,7.0
2064160,4.0,4.0
2064230,5.0,5.0
2064320,33.0,43.0
2064370,9.0,9.0
2064380,15.0,15.0
2064470,6.0,6.0
2064490,309.0,321.0
2064500,5.0,5.0
2064700,27.0,28.0
2064800,122.0,130.0
2064850,18.0,20.0
2064890,25.0,28.0
2064950,20.0,26.0
2064970,27.0,33.0
2065000,111.0,119.0
2065090,2.0,2.0
2065100,18.0,19.0
2065110,19.0,21.0
2065140,43.0,43.0
2065180,13.0,14.0
2065200,34.0,36.0
2065260,1.0,1.0
2065330,806.0,893.0
2065390,36.0,42.0
2065510,15.0,18.0
2065520,10.0,12.0
2065610,9.0,9.0
2065630,24.0,29.0
2065650,7.0,8.0
2065690,1.0,1.0
2065750,21.0,21.0
2065770,7.0,8.0
2065800,90.0,98.0
2065810,332.0,394.0
2065840,116.0,121.0
2065860,1.0,1.0
2065870,13.0,13.0
2065990,6.0,6.0
2066020,17804.0,19630.0
2066110,63.0,76.0
2066220,9.0,11.0
2066240,143.0,160.0
2066270,49.0,59.0
2066300,32.0,33.0
2066320,11.0,14.0
2066360,224.0,261.0
2066380,7.0,9.0
2066480,3.0,3.0
2066490,36.0,47.0
2066530,5.0,5.0
2066540,2.0,2.0
2066550,3615.0,3850.0
2066610,2.0,2.0
2066680,28.0,32.0
2066690,11.0,11.0
2066730,1.0,1.0
2066920,30.0,31.0
2066940,14.0,18.0
2066950,150.0,161.0
2066960,15.0,17.0
2067000,489.0,640.0
2067050,1605.0,1858.0
2067100,360.0,431.0
2067140,2.0,2.0
2067150,1.0,1.0
2067200,1.0,1.0
2067220,5.0,5.0
2067300,13.0,13.0
2067330,13.0,13.0
2067340,1.0,1.0
2067470,16.0,16.0
2067520,3.0,3.0
2067590,91.0,108.0
2067610,21.0,21.0
2067670,2.0,2.0
2067720,1.0,1.0
2067760,182.0,193.0
2067780,2007.0,2028.0
2067790,1184.0,1251.0
2067920,5109.0,5523.0
2067930,13.0,14.0
2067970,20.0,26.0
2068030,10.0,10.0
2068200,21.0,22.0
2068280,4579.0,5179.0
2068350,43.0,52.0
2068360,25.0,32.0
2068370,13.0,15.0
2068460,18.0,22.0
2068480,19.0,20.0
2068520,10.0,11.0
2068560,15.0,17.0
2068600,1.0,1.0
2068690,3.0,3.0
2068710,125.0,153.0
2068750,1.0,1.0
2068820,16.0,18.0
2068980,193.0,228.0
2069030,14.0,14.0
2069040,1218.0,1328.0
2069090,23.0,25.0
2069110,63.0,65.0
2069160,3.0,3.0
2069220,66.0,71.0
2069260,15.0,16.0
2069310,630.0,731.0
2069480,8.0,8.0
2069500,14.0,14.0
2069540,1.0,1.0
2069560,1.0,1.0
2069630,1.0,1.0
2069640,1168.0,1476.0
2069710,10.0,10.0
2069720,2.0,2.0
2069750,9.0,11.0
2069760,135.0,139.0
2069800,16.0,18.0
2069900,1345.0,1741.0
2069920,81.0,87.0
2069940,1.0,1.0
2069960,9.0,9.0
2070060,4.0,4.0
2070120,9.0,11.0
2070160,1.0,1.0
2070190,21.0,22.0
2070220,36.0,39.0
2070280,9.0,10.0
2070410,19.0,24.0
2070510,5.0,5.0
2070540,16.0,19.0
2070550,3632.0,3654.0
2070830,44.0,52.0
2070850,132.0,144.0
2070880,86.0,96.0
2070950,1.0,1.0
2071050,38.0,46.0
2071120,41.0,43.0
2071170,1.0,1.0
2071200,396.0,524.0
2071240,23.0,24.0
2071280,8917.0,11195.0
2071340,2.0,2.0
2071350,13.0,13.0
2071360,143.0,167.0
2071390,13.0,17.0
2071420,6.0,6.0
2071430,234.0,256.0
2071520,166.0,212.0
2071530,701.0,843.0
2071540,8.0,9.0
2071600,63.0,77.0
2071720,8.0,9.0
2071770,15.0,16.0
2071800,3.0,3.0
2071980,7.0,9.0
2072010,37.0,39.0
2072110,33.0,34.0
2072140,22.0,23.0
2072150,29.0,32.0
2072170,62.0,63.0
2072190,4.0,4.0
2072230,8.0,9.0
2072310,7.0,9.0
2072390,1.0,1.0
2072420,61.0,73.0
2072430,16.0,19.0
2072450,12591.0,13846.0
2072480,1.0,1.0
2072550,4.0,5.0
2072590,13.0,13.0
2072660,199.0,217.0
2072680,3.0,3.0
2072690,3.0,3.0
2072840,292.0,343.0
2072910,14.0,16.0
2072970,13.0,14.0
2073010,3.0,3.0
2073040,2.0,2.0
2073110,1.0,1.0
2073140,34.0,35.0
2073280,1.0,1.0
2073370,4.0,4.0
2073410,29.0,34.0
2073420,14.0,17.0
2073470,2788.0,3384.0
2073490,37.0,41.0
2073530,22.0,22.0
2073590,5.0,6.0
2073630,8.0,8.0
2073640,258.0,288.0
2073710,52.0,61.0
2073750,4.0,5.0
2073760,7.0,8.0
2073790,28.0,30.0
2073850,142759.0,189121.0
2073960,6.0,6.0
2074000,78.0,92.0
2074030,12.0,15.0
2074130,1.0,1.0
2074190,9.0,10.0
2074260,25.0,27.0
2074310,24.0,27.0
2074330,185.0,227.0
2074370,65.0,68.0
2074400,2.0,2.0
2074460,155.0,169.0
2074480,441.0,458.0
2074500,9.0,10.0
2074530,8.0,9.0
2074550,2.0,2.0
2074560,26.0,31.0
2074690,48.0,51.0
2074700,15.0,19.0
2074710,34.0,40.0
2074750,38.0,44.0
2074760,1.0,1.0
2074780,26.0,26.0
2074790,2.0,2.0
2074890,595.0,640.0
2074910,76.0,85.0
2074930,3582.0,4431.0
2074940,34.0,43.0
2074980,54.0,58.0
2075050,81.0,92.0
2075070,9083.0,9756.0
2075160,67.0,68.0
2075170,10.0,10.0
2075230,3.0,3.0
2075250,19.0,23.0
2075390,19.0,25.0
2075480,26.0,26.0
2075590,5.0,5.0
2075630,98.0,100.0
2075760,23.0,23.0
2075820,4.0,4.0
2075920,21.0,21.0
2075930,1.0,1.0
2076010,1451.0,1737.0
2076030,25.0,33.0
2076040,8221.0,9731.0
2076070,14.0,14.0
2076100,21.0,21.0
2076140,984.0,1079.0
2076200,8.0,8.0
2076220,74.0,78.0
2076240,17.0,22.0
2076250,112.0,117.0
2076260,119.0,120.0
2076350,1942.0,2063.0
2076430,10.0,10.0
2076580,669.0,765.0
2076630,11.0,12.0
2076660,7.0,7.0
2076670,10.0,10.0
2076740,451.0,551.0
2076800,272.0,322.0
2076810,30.0,34.0
2076820,1.0,1.0
2076840,56.0,60.0
2076850,15.0,15.0
2076920,4.0,5.0
2077020,10.0,10.0
2077040,28.0,28.0
2077050,23.0,25.0
2077060,38.0,42.0
2077070,3.0,3.0
2077080,33.0,33.0
2077100,8.0,8.0
2077120,6.0,7.0
2077150,22.0,23.0
2077170,15.0,17.0
2077190,9.0,9.0
2077270,32.0,34.0
2077330,1.0,1.0
2077370,1.0,1.0
2077380,302.0,312.0
2077430,43.0,45.0
2077530,8.0,8.0
2077550,48.0,51.0
2077580,3.0,3.0
2077720,70.0,84.0
2077800,12.0,13.0
2077870,86.0,89.0
2077940,26.0,30.0
2077950,11.0,13.0
2077990,27.0,29.0
2078070,42.0,44.0
2078120,198.0,248.0
2078210,3.0,3.0
2078290,158.0,168.0
2078360,23.0,28.0
2078450,2165.0,2798.0
2078480,1.0,1.0
2078510,309.0,312.0
2078530,12.0,13.0
2078540,4.0,4.0
2078550,15.0,16.0
2078600,2.0,2.0
2078610,5.0,5.0
2078640,5.0,5.0
2078810,15.0,18.0
2078820,12.0,13.0
2078830,32.0,33.0
2079020,11.0,11.0
2079080,2.0,2.0
2079120,258.0,275.0
2079130,3.0,3.0
2079180,176.0,179.0
2079240,2.0,2.0
2079280,2.0,2.0
2079430,3.0,3.0
2079460,5.0,5.0
2079500,13.0,14.0
2079530,4.0,4.0
2079590,16.0,17.0
2079600,5.0,5.0
2079610,9.0,11.0
2079740,8.0,8.0
2079890,12.0,13.0
2079950,348.0,381.0
2079960,6.0,7.0
2080010,20.0,23.0
2080070,19.0,24.0
2080130,60.0,69.0
2080140,22.0,23.0
2080160,1.0,1.0
2080280,23.0,28.0
2080290,20.0,21.0
2080300,20.0,21.0
2080340,9.0,9.0
2080380,3.0,3.0
2080420,1.0,1.0
2080470,3.0,3.0
2080480,12.0,15.0
2080510,5.0,5.0
2080640,671.0,812.0
2080670,11.0,13.0
2080690,15969.0,19499.0
2080800,107.0,109.0
2080960,19.0,20.0
2080970,24.0,24.0
2081090,20.0,23.0
2081180,97.0,99.0
2081230,118.0,138.0
2081290,1.0,1.0
2081310,81.0,84.0
2081360,8.0,9.0
2081400,786.0,972.0
2081420,31.0,34.0
2081460,440.0,457.0
2081470,479.0,517.0
2081490,15.0,17.0
2081540,55.0,57.0
2081580,8.0,10.0
2081590,1.0,1.0
2081600,2.0,2.0
2081630,194.0,219.0
2081670,47.0,53.0
2081830,5.0,5.0
2081860,19.0,22.0
2081930,40.0,49.0
2081970,43.0,43.0
2082060,26.0,29.0
2082070,1.0,1.0
2082080,31.0,31.0
2082150,33.0,33.0
2082260,18.0,19.0
2082270,26.0,34.0
2082290,3.0,3.0
2082300,11.0,13.0
2082320,107.0,115.0
2082350,276.0,327.0
2082410,470.0,550.0
2082420,1.0,1.0
2082510,35.0,37.0
2082520,80.0,97.0
2082560,75.0,77.0
2082580,18.0,18.0
2082620,11.0,13.0
2082630,1.0,1.0
2082840,19.0,20.0
2082950,10.0,12.0
2082960,1.0,1.0
2083010,17.0,20.0
2083060,8.0,9.0
2083100,6.0,6.0
2083120,1.0,1.0
2083160,3751.0,3853.0
2083180,37.0,37.0
2083210,720.0,794.0
2083240,59.0,61.0
2083250,140.0,148.0
2083260,4.0,4.0
2083320,6.0,6.0
2083330,2.0,2.0
2083360,7.0,7.0
2083380,8.0,10.0
2083450,11.0,11.0
2083540,19.0,21.0
2083560,65.0,86.0
2083600,95.0,101.0
2083630,13.0,13.0
2083640,9.0,10.0
2083670,25.0,26.0
2083680,2.0,2.0
2083700,5.0,6.0
2083730,9.0,11.0
2083770,2.0,2.0
2083830,1.0,1.0
2083870,6.0,6.0
2083900,322.0,373.0
2083920,7.0,7.0
2084000,3377.0,3529.0
2084010,125.0,131.0
2084030,5.0,6.0
2084040,9.0,11.0
2084050,4327.0,4871.0
2084100,7.0,7.0
2084110,81.0,89.0
2084170,7.0,9.0
2084180,45.0,46.0
2084230,5.0,6.0
2084240,32.0,37.0
2084260,1.0,1.0
2084270,2.0,2.0
2084300,65.0,66.0
2084410,8.0,8.0
2084430,7.0,9.0
2084460,23.0,23.0
2084470,8.0,10.0
2084510,6.0,6.0
2084520,92.0,108.0
2084590,60.0,70.0
2084620,23.0,24.0
2084740,4.0,4.0
2084820,79.0,88.0
2084880,13.0,13.0
2084930,262.0,265.0
2085040,150.0,156.0
2085100,9.0,9.0
2085160,20.0,20.0
2085230,18.0,18.0
2085240,8.0,9.0
2085250,1.0,1.0
2085290,1.0,1.0
2085320,11.0,11.0
2085360,2137.0,2191.0
2085370,419.0,541.0
2085440,30.0,30.0
2085460,16.0,19.0
2085490,58.0,73.0
2085510,50.0,58.0
2085600,7.0,8.0
2085670,6.0,6.0
2085760,10.0,11.0
2085790,34.0,43.0
2085800,445.0,461.0
2085860,7.0,7.0
2085890,5.0,5.0
2085920,153.0,162.0
2085970,151.0,164.0
2086060,91.0,108.0
2086070,2.0,2.0
2086090,1.0,1.0
2086120,11.0,14.0
2086130,4.0,4.0
2086140,189.0,251.0
2086180,54.0,55.0
2086270,19.0,19.0
2086320,5.0,5.0
2086360,36.0,43.0
2086380,82.0,89.0
2086490,3.0,3.0
2086520,19.0,23.0
2086540,55.0,65.0
2086570,16.0,17.0
2086580,5.0,5.0
2086810,18.0,19.0
2086820,26.0,26.0
2086850,116.0,146.0
2086910,26.0,32.0
2086980,7.0,9.0
2087000,82.0,108.0
2087150,1.0,1.0
2087260,4.0,5.0
2087290,92.0,94.0
2087350,12.0,13.0
2087360,1.0,1.0
2087390,13.0,14.0
2087460,613.0,660.0
2087470,49.0,49.0
2087480,34.0,35.0
2087610,136.0,137.0
2087850,2.0,2.0
2087910,77.0,87.0
2087960,8.0,9.0
2088000,2.0,2.0
2088030,806.0,818.0
2088080,148.0,151.0
2088160,2603.0,3034.0
2088250,3256.0,3497.0
2088270,1214.0,1249.0
2088280,158.0,181.0
2088340,308.0,402.0
2088360,164.0,172.0
2088370,8.0,9.0
2088520,61.0,62.0
2088570,8443.0,8709.0
2088600,4.0,4.0
2088670,90.0,91.0
2088680,66.0,68.0
2088710,2.0,2.0
2088720,1.0,1.0
2088750,24.0,27.0
2088770,121.0,131.0
2088840,1969.0,1993.0
2088860,17.0,17.0
2088910,3.0,3.0
2088920,1.0,1.0
2088930,11.0,11.0
2089000,9.0,10.0
2089040,13.0,14.0
2089060,25.0,26.0
2089110,145.0,193.0
2089140,147.0,153.0
2089170,8.0,8.0
2089340,42.0,47.0
2089350,908.0,965.0
2089450,82.0,94.0
2089460,8.0,9.0
2089490,94.0,96.0
2089500,76.0,101.0
2089510,13.0,14.0
2089590,25.0,26.0
2089670,9.0,11.0
2089710,34.0,36.0
2089750,5.0,6.0
2089760,735.0,780.0
2089830,100.0,105.0
2089920,38.0,40.0
2090040,13.0,15.0
2090060,23.0,23.0
2090100,1.0,1.0
2090150,79.0,101.0
2090160,18.0,19.0
2090170,27.0,30.0
2090180,8.0,10.0
2090200,4.0,5.0
2090220,13.0,13.0
2090450,23.0,23.0
2090580,29.0,31.0
2090600,12.0,13.0
2090610,33.0,35.0
2090630,10.0,12.0
2090640,4.0,4.0
2090660,1.0,1.0
2090700,63.0,64.0
2090760,411.0,530.0
2090810,411.0,447.0
2090840,8.0,8.0
2090890,53.0,59.0
2091080,4.0,4.0
2091110,22.0,22.0
2091130,52.0,57.0
2091190,3.0,3.0
2091220,217.0,263.0
2091230,10.0,13.0
2091240,8.0,10.0
2091250,748.0,783.0
2091280,6.0,7.0
2091300,14.0,14.0
2091350,6.0,7.0
2091370,59.0,60.0
2091410,24.0,27.0
2091500,324.0,393.0
2091510,100.0,120.0
2091530,4.0,4.0
2091540,16.0,16.0
2091580,30.0,31.0
2091610,3.0,3.0
2091620,26.0,29.0
2091630,61.0,64.0
2091640,35.0,41.0
2091650,6.0,7.0
2091680,7.0,7.0
2091740,5.0,5.0
2091750,9.0,9.0
2091790,105.0,106.0
2091810,3.0,3.0
2091830,8.0,8.0
2091840,3.0,3.0
2091850,12.0,14.0
2091880,8.0,8.0
2091890,10.0,10.0
2091910,7.0,7.0
2091930,24.0,27.0
2091960,155.0,183.0
2091980,11.0,13.0
2092010,1.0,1.0
2092070,14.0,18.0
2092130,65.0,76.0
2092180,10.0,13.0
2092190,141.0,147.0
2092330,50.0,50.0
2092470,1.0,1.0
2092520,12.0,12.0
2092560,1.0,1.0
2092620,211.0,220.0
2092660,26.0,28.0
2092730,100.0,111.0
2092750,166.0,171.0
2092850,444.0,586.0
2093020,21.0,21.0
2093060,15.0,17.0
2093070,56.0,59.0
2093100,26.0,30.0
2093110,3.0,3.0
2093150,214.0,215.0
2093250,54.0,58.0
2093270,16.0,19.0
2093290,15.0,17.0
2093300,13.0,17.0
2093380,41.0,48.0
2093420,68.0,71.0
2093540,3.0,3.0
2093550,11.0,14.0
2093590,35.0,35.0
2093610,76.0,89.0
2093620,1.0,1.0
2093640,15.0,17.0
2093650,9.0,10.0
2093760,96.0,98.0
2093860,9.0,10.0
2093900,170.0,178.0
2093910,1144.0,1312.0
2093940,1359.0,1445.0
2093950,55.0,55.0
2093970,40.0,44.0
2093980,28.0,28.0
2094000,2.0,2.0
2094070,220.0,225.0
2094090,24.0,30.0
2094150,2.0,2.0
2094190,189.0,222.0
2094270,697.0,831.0
2094320,458.0,559.0
2094340,7.0,8.0
2094370,63.0,73.0
2094380,6.0,6.0
2094420,4.0,5.0
2094480,12.0,12.0
2094520,3.0,3.0
2094550,62.0,69.0
2094560,1.0,1.0
2094570,13.0,16.0
2094580,73.0,84.0
2094610,5.0,5.0
2094620,20.0,24.0
2094640,27.0,34.0
2094720,11.0,14.0
2094730,43.0,45.0
2094750,274.0,298.0
2094760,23.0,23.0
2094890,9.0,9.0
2094910,588.0,720.0
2094990,2.0,2.0
2095010,6.0,7.0
2095040,2.0,2.0
2095060,37.0,38.0
2095080,57.0,59.0
2095090,483.0,492.0
2095100,5.0,5.0
2095120,52.0,65.0
2095140,29.0,37.0
2095180,56.0,60.0
2095250,221.0,237.0
2095300,6118.0,6956.0
2095350,6.0,7.0
2095450,536.0,634.0
2095460,13.0,13.0
2095800,12.0,13.0
2095860,6.0,7.0
2095870,6.0,6.0
2095890,687.0,701.0
2095960,2.0,2.0
2096030,141.0,182.0
2096080,136.0,162.0
2096130,18.0,23.0
2096180,2.0,2.0
2096220,34.0,34.0
2096400,15.0,16.0
2096510,306.0,350.0
2096560,9.0,9.0
2096570,137.0,155.0
2096580,28.0,29.0
2096600,4718.0,5289.0
2096610,3917.0,4432.0
2096670,1.0,1.0
2096710,25.0,27.0
2096740,8.0,8.0
2096800,7.0,8.0
2096960,11.0,11.0
2097030,196.0,220.0
2097090,10.0,11.0
2097150,3.0,3.0
2097180,191.0,193.0
2097200,1.0,1.0
2097230,1439.0,1506.0
2097480,6.0,6.0
2097490,58.0,77.0
2097540,197.0,226.0
2097550,7.0,8.0
2097620,52.0,65.0
2097720,401.0,487.0
2097740,87.0,96.0
2097750,44.0,49.0
2097770,62.0,68.0
2097790,2.0,2.0
2097830,1.0,1.0
2097850,27.0,32.0
2097860,2.0,2.0
2097880,68.0,76.0
2097960,7.0,8.0
2098010,1.0,1.0
2098040,5.0,6.0
2098070,62.0,68.0
2098080,35.0,37.0
2098090,42.0,50.0
2098100,21.0,27.0
2098130,152.0,179.0
2098140,20.0,21.0
2098150,4.0,4.0
2098240,1.0,1.0
2098280,15.0,15.0
2098290,126.0,136.0
2098330,1.0,1.0
2098350,4187.0,4896.0
2098370,10.0,10.0
2098390,16.0,16.0
2098470,168.0,179.0
2098490,1.0,1.0
2098510,80.0,84.0
2098540,5.0,6.0
2098550,10.0,10.0
2098560,35.0,36.0
2098600,26.0,27.0
2098670,3.0,3.0
2098790,802.0,844.0
2098820,18.0,23.0
2098870,139.0,142.0
2098940,7.0,7.0
2098950,19.0,22.0
2098970,14.0,17.0
2099000,15.0,16.0
2099030,36.0,42.0
2099040,13.0,17.0
2099060,1.0,1.0
2099080,407.0,413.0
2099110,986.0,1115.0
2099120,5.0,5.0
2099150,21.0,25.0
2099220,306.0,350.0
2099240,10.0,10.0
2099350,6.0,7.0
2099390,13.0,15.0
2099400,13.0,14.0
2099420,6.0,7.0
2099430,4.0,4.0
2099440,107.0,116.0
2099710,3.0,3.0
2099760,4.0,4.0
2099790,201.0,224.0
2099900,55.0,59.0
2099990,9.0,11.0
2100010,4.0,4.0
2100050,123.0,136.0
2100090,9.0,9.0
2100230,18.0,21.0
2100250,4.0,5.0
2100300,13.0,16.0
2100370,5.0,5.0
2100390,21.0,23.0
2100460,8.0,9.0
2100470,7.0,9.0
2100600,1.0,1.0
2100720,21.0,26.0
2100730,13.0,17.0
2100760,8.0,8.0
2100780,19.0,23.0
2100790,59.0,66.0
2100800,7.0,7.0
2100810,25.0,29.0
2100830,5.0,6.0
2100840,1.0,1.0
2100940,5.0,5.0
2100980,838.0,1014.0
2100990,1.0,1.0
2101070,2.0,2.0
2101110,71.0,76.0
2101130,290.0,313.0
2101220,150.0,157.0
2101250,143.0,162.0
2101280,27.0,27.0
2101290,29.0,35.0
2101350,103.0,104.0
2101440,9.0,9.0
2101480,13.0,14.0
2101560,60.0,67.0
2101600,47.0,56.0
2101660,2.0,2.0
2101690,7.0,7.0
2101710,24.0,24.0
2101800,52.0,66.0
2101830,7.0,7.0
2101990,13.0,13.0
2102010,93.0,101.0
2102020,1292.0,1388.0
2102070,12.0,14.0
2102080,4.0,4.0
2102110,5.0,6.0
2102200,3.0,3.0
2102330,11.0,14.0
2102410,8.0,9.0
2102480,19.0,23.0
2102490,111.0,144.0
2102520,1570.0,1780.0
2102640,28.0,33.0
2102680,36.0,41.0
2102750,26.0,28.0
2102760,352.0,445.0
2102770,11.0,14.0
2102850,1.0,1.0
2102880,5.0,6.0
2102940,15.0,17.0
2102980,13.0,13.0
2103050,1.0,1.0
2103070,204.0,256.0
2103140,6162.0,6901.0
2103180,9.0,11.0
2103190,23.0,26.0
2103200,8.0,9.0
2103250,1.0,1.0
2103320,11.0,11.0
2103340,49.0,54.0
2103350,23.0,27.0
2103370,7.0,7.0
2103470,238.0,311.0
2103480,84.0,90.0
2103510,87.0,93.0
2103580,1.0,1.0
2103630,6.0,6.0
2103640,203.0,260.0
2103660,1.0,1.0
2103680,258.0,317.0
2103690,9.0,9.0
2103710,178.0,191.0
2103940,55.0,57.0
2104010,23.0,30.0
2104110,8.0,8.0
2104310,34.0,35.0
2104320,43.0,56.0
2104390,1.0,1.0
2104450,4.0,5.0
2104520,23.0,26.0
2104530,11.0,12.0
2104560,72.0,82.0
2104590,3.0,3.0
2104750,29.0,35.0
2104780,11.0,12.0
2104790,127.0,132.0
2104850,6.0,6.0
2104860,13.0,13.0
2104920,63.0,79.0
2104990,75.0,76.0
2105000,38.0,39.0
2105020,8.0,9.0
2105130,31.0,37.0
2105170,2.0,2.0
2105280,3.0,3.0
2105400,4.0,4.0
2105450,23.0,29.0
2105520,2.0,2.0
2105600,58.0,62.0
2105610,28.0,28.0
2105660,222.0,253.0
2105690,36.0,47.0
2105700,10.0,11.0
2105750,4.0,5.0
2105880,4.0,5.0
2105910,168.0,168.0
2105940,15.0,15.0
2105960,233.0,245.0
2105980,84.0,107.0
2105990,189.0,234.0
2106100,1.0,1.0
2106110,26.0,27.0
2106170,27.0,35.0
2106290,10.0,11.0
2106340,12.0,12.0
2106390,4.0,5.0
2106420,2.0,2.0
2106450,44.0,57.0
2106520,3750.0,3882.0
2106530,10.0,11.0
2106610,18.0,20.0
2106670,1040.0,1232.0
2106680,68.0,72.0
2106720,31.0,40.0
2106760,17.0,22.0
2106770,27.0,29.0
2106810,340.0,348.0
2106820,13.0,16.0
2106840,4120.0,4293.0
2106860,24.0,25.0
2106960,17.0,17.0
2107040,25.0,25.0
2107090,419.0,479.0
2107100,1.0,1.0
2107130,2.0,2.0
2107170,13.0,16.0
2107180,23.0,23.0
2107280,93.0,121.0
2107290,14.0,16.0
2107420,1.0,1.0
2107480,1.0,1.0
2107520,83.0,83.0
2107550,122.0,123.0
2107580,20.0,20.0
2107590,1.0,1.0
2107640,15.0,17.0
2107710,13.0,13.0
2107750,1.0,1.0
2107780,2.0,2.0
2107860,203.0,213.0
2107870,1.0,1.0
2108060,52.0,55.0
2108310,11.0,11.0
2108330,14566.0,16936.0
2108400,3.0,3.0
2108410,6.0,6.0
2108440,32.0,39.0
2108550,4.0,4.0
2108600,198.0,201.0
2108640,5.0,6.0
2108730,9.0,10.0
2108820,4.0,5.0
2108840,3.0,3.0
2108950,195.0,196.0
2109010,168.0,171.0
2109060,94.0,101.0
2109090,3.0,3.0
2109160,14.0,16.0
2109270,194.0,206.0
2109340,37.0,41.0
2109360,37.0,39.0
2109380,71.0,92.0
2109400,114.0,144.0
2109430,185.0,221.0
2109460,14766.0,15234.0
2109530,3.0,3.0
2109570,33.0,34.0
2109600,4.0,5.0
2109620,26.0,27.0
2109640,245.0,265.0
2109650,8.0,10.0
2109660,4.0,4.0
2109700,24.0,31.0
2109710,4.0,4.0
2109800,5.0,6.0
2110110,575.0,720.0
2110240,4.0,4.0
2110300,7.0,7.0
2110320,3.0,3.0
2110430,2.0,2.0
2110440,4.0,4.0
2110460,187.0,188.0
2110510,285.0,316.0
2110540,172.0,179.0
2110630,16.0,19.0
2110690,49.0,55.0
2110820,630.0,752.0
2110840,107.0,110.0
2110990,3.0,3.0
2111000,16.0,16.0
2111040,92.0,103.0
2111060,340.0,356.0
2111070,11.0,14.0
2111090,281.0,294.0
2111170,872.0,1109.0
2111190,4690.0,4807.0
2111200,13.0,14.0
2111220,30.0,33.0
2111360,48.0,48.0
2111390,10.0,11.0
2111400,11.0,13.0
2111410,9.0,10.0
2111540,11.0,11.0
2111590,6.0,6.0
2111760,47.0,54.0
2111860,601.0,771.0
2111880,2.0,2.0
2111990,12.0,12.0
2112090,55.0,69.0
2112140,9.0,9.0
2112150,31.0,34.0
2112160,26.0,34.0
2112270,5.0,5.0
2112290,5.0,5.0
2112330,1.0,1.0
2112360,24.0,29.0
2112400,1.0,1.0
2112500,6.0,6.0
2112520,500.0,503.0
2112540,5.0,5.0
2112550,11.0,11.0
2112630,1.0,1.0
2112680,64.0,79.0
2112750,18.0,20.0
2112820,19.0,19.0
2112880,58.0,63.0
2112910,3.0,3.0
2112990,1.0,1.0
2113000,38.0,43.0
2113010,5.0,6.0
2113030,13.0,17.0
2113040,538.0,616.0
2113050,780.0,852.0
2113110,5.0,6.0
2113120,78.0,86.0
2113140,2.0,2.0
2113170,3.0,3.0
2113180,111.0,142.0
2113220,11.0,11.0
2113250,3.0,3.0
2113290,7.0,7.0
2113430,4090.0,4275.0
2113440,4.0,4.0
2113450,58.0,60.0
2113490,96.0,103.0
2113530,216.0,261.0
2113540,574.0,598.0
2113570,606.0,767.0
2113630,35.0,37.0
2113650,18.0,19.0
2113660,84.0,107.0
2113770,107.0,122.0
2113850,6264.0,6439.0
2113900,716.0,814.0
2113920,595.0,720.0
2113990,8.0,10.0
2114070,7.0,8.0
2114180,11.0,12.0
2114190,3.0,3.0
2114240,14.0,15.0
2114300,20.0,24.0
2114350,100.0,122.0
2114370,217.0,230.0
2114430,33.0,39.0
2114440,3.0,3.0
2114470,2.0,2.0
2114480,4.0,4.0
2114500,20.0,26.0
2114520,3.0,3.0
2114580,11.0,13.0
2114620,1.0,1.0
2114660,23.0,26.0
2114670,25.0,29.0
2114680,29.0,37.0
2114710,14.0,17.0
2114740,10434.0,11227.0
2114750,11.0,14.0
2114770,122.0,135.0
2114820,12.0,15.0
2114830,12.0,14.0
2114870,1.0,1.0
2114920,1.0,1.0
2114970,119.0,136.0
2114980,7.0,7.0
2114990,22.0,26.0
2115020,5.0,5.0
2115050,10.0,12.0
2115080,3.0,3.0
2115120,5.0,6.0
2115130,31.0,31.0
2115190,2.0,2.0
2115300,1.0,1.0
2115390,185.0,212.0
2115510,12.0,12.0
2115530,7.0,8.0
2115590,2.0,2.0
2115610,110.0,120.0
2115640,2.0,2.0
2115650,42.0,51.0
2115710,1.0,1.0
2115720,2.0,2.0
2115800,23.0,25.0
2116000,29.0,30.0
2116080,6.0,6.0
2116130,2.0,2.0
2116150,12.0,12.0
2116180,5.0,6.0
2116260,230.0,252.0
2116380,22.0,28.0
2116460,9.0,10.0
2116520,46.0,52.0
2116560,59.0,69.0
2116600,41.0,45.0
2116680,66.0,73.0
2116690,7.0,7.0
2116710,13.0,15.0
2116760,5.0,6.0
2116770,33.0,41.0
2116790,71.0,78.0
2116800,7.0,9.0
2116850,350.0,420.0
2116890,147.0,182.0
2116950,13.0,14.0
2116970,2.0,2.0
2117130,42.0,53.0
2117170,3.0,3.0
2117190,4.0,4.0
2117290,14.0,16.0
2117370,6.0,7.0
2117410,10.0,10.0
2117440,3.0,3.0
2117790,4.0,4.0
2117930,24.0,26.0
2117940,4.0,4.0
2117960,8.0,10.0
2118030,2.0,2.0
2118110,35.0,36.0
2118120,212.0,224.0
2118130,355.0,386.0
2118250,237.0,308.0
2118370,331.0,370.0
2118500,94.0,105.0
2118540,104.0,116.0
2118570,15.0,19.0
2118690,5.0,6.0
2118810,411.0,542.0
2118850,92.0,96.0
2118910,55.0,63.0
2118940,2.0,2.0
2119000,7.0,7.0
2119070,2.0,2.0
2119080,1.0,1.0
2119100,8.0,8.0
2119110,89.0,118.0
2119210,150.0,157.0
2119240,88.0,97.0
2119380,2.0,2.0
2119390,4.0,4.0
2119420,10.0,11.0
2119470,28.0,28.0
2119500,1.0,1.0
2119540,3.0,3.0
2119550,14.0,15.0
2119570,11.0,11.0
2119590,384.0,421.0
2119650,130.0,138.0
2119660,73.0,82.0
2119670,33.0,36.0
2119680,101.0,105.0
2119720,57.0,66.0
2119730,14.0,17.0
2119740,1328.0,1597.0
2119940,426.0,438.0
2119960,3.0,3.0
2120000,1.0,1.0
2120060,172.0,176.0
2120070,79.0,80.0
2120240,7.0,7.0
2120250,91.0,111.0
2120270,10.0,10.0
2120310,147.0,181.0
2120320,107.0,131.0
2120410,20.0,23.0
2120680,13.0,13.0
2120750,14.0,17.0
2120790,1.0,1.0
2120900,1593.0,1743.0
2120910,3.0,3.0
2121000,18.0,20.0
2121100,97.0,118.0
2121130,4.0,4.0
2121150,740.0,807.0
2121180,7.0,8.0
2121190,47.0,48.0
2121210,116.0,140.0
2121260,24.0,26.0
2121360,11670.0,11942.0
2121370,22.0,25.0
2121420,25.0,26.0
2121430,56.0,61.0
2121440,1.0,1.0
2121480,27.0,28.0
2121490,68.0,74.0
2121590,1.0,1.0
2121610,19.0,19.0
2121630,8.0,9.0
2121660,10.0,10.0
2121740,1.0,1.0
2121770,2.0,2.0
2121790,9.0,9.0
2121910,26.0,27.0
2121980,1587.0,1749.0
2122000,18.0,18.0
2122040,34.0,35.0
2122070,136.0,172.0
2122080,1.0,1.0
2122130,12.0,15.0
2122170,71.0,87.0
2122430,84.0,91.0
2122550,33.0,35.0
2122670,10.0,13.0
2122770,2.0,2.0
2122810,3.0,3.0
2122980,23.0,25.0
2123000,8.0,9.0
2123050,13.0,15.0
2123060,1.0,1.0
2123100,79.0,94.0
2123110,7.0,8.0
2123120,61.0,67.0
2123140,278.0,329.0
2123290,28.0,37.0
2123320,8.0,10.0
2123350,7.0,7.0
2123380,31.0,32.0
2123390,16.0,17.0
2123430,4.0,4.0
2123450,8.0,8.0
2123510,1.0,1.0
2123530,6.0,6.0
2123560,4.0,4.0
2123640,945.0,1043.0
2123730,1.0,1.0
2123770,5.0,5.0
2123800,26.0,28.0
2124040,16.0,16.0
2124070,31.0,34.0
2124090,1.0,1.0
2124210,9.0,10.0
2124300,2.0,2.0
2124380,1347.0,1356.0
2124420,927.0,1185.0
2124440,218.0,228.0
2124460,4.0,4.0
2124490,20468.0,21565.0
2124580,73.0,77.0
2124640,1.0,1.0
2124660,21.0,26.0
2124760,1.0,1.0
2124770,97.0,117.0
2124780,2236.0,2385.0
2124800,1.0,1.0
2124900,5.0,5.0
2124930,687.0,809.0
2125050,14.0,14.0
2125100,10.0,10.0
2125120,107.0,118.0
2125160,186.0,224.0
2125180,1.0,1.0
2125190,11.0,13.0
2125250,30.0,35.0
2125270,1.0,1.0
2125300,1.0,1.0
2125320,1.0,1.0
2125340,10.0,11.0
2125360,18.0,20.0
2125370,3.0,3.0
2125420,233.0,258.0
2125500,1.0,1.0
2125580,8.0,8.0
2125710,4.0,4.0
2125770,415.0,426.0
2125880,7.0,8.0
2125920,1.0,1.0
2125930,7.0,7.0
2125950,6.0,6.0
2126000,10.0,10.0
2126120,1.0,1.0
2126150,4.0,4.0
2126340,1.0,1.0
2126370,20.0,20.0
2126400,45.0,48.0
2126550,4610.0,4692.0
2126600,18.0,18.0
2126620,12.0,12.0
2126630,32.0,33.0
2126680,525.0,616.0
2126700,11.0,11.0
2126830,1.0,1.0
2126870,127.0,133.0
2126940,13.0,13.0
2126980,31.0,32.0
2127010,1441.0,1597.0
2127100,28.0,32.0
2127230,55.0,57.0
2127550,7.0,7.0
2127660,7.0,8.0
2127700,8.0,9.0
2127720,3.0,3.0
2127750,5.0,5.0
2127810,17.0,17.0
2127820,2.0,2.0
2127830,1.0,1.0
2127920,30.0,31.0
2127930,2.0,2.0
2128020,10.0,10.0
2128030,3.0,3.0
2128040,11.0,13.0
2128050,23.0,24.0
2128070,33.0,36.0
2128130,1.0,1.0
2128140,9.0,11.0
2128220,62.0,66.0
2128270,1506.0,1536.0
2128290,33.0,39.0
2128300,16.0,16.0
2128330,22.0,27.0
2128360,5.0,5.0
2128390,1.0,1.0
2128410,2.0,2.0
2128440,25.0,28.0
2128480,2505.0,2631.0
2128530,46.0,47.0
2128560,13.0,13.0
2128570,5.0,5.0
2128590,31.0,31.0
2128610,2.0,2.0
2128630,1.0,1.0
2128690,24.0,27.0
2128710,3.0,3.0
2128740,1.0,1.0
2128760,4.0,4.0
2128770,8.0,9.0
2128840,3.0,3.0
2128870,5.0,5.0
2128890,1.0,1.0
2128930,7.0,7.0
2128990,2.0,2.0
2129000,11.0,14.0
2129020,30.0,35.0
2129030,13.0,13.0
2129090,17.0,17.0
2129130,21.0,23.0
2129140,3.0,3.0
2129150,35.0,45.0
2129160,130.0,149.0
2129220,116.0,149.0
2129390,41.0,48.0
2129410,4.0,4.0
2129490,191.0,202.0
2129540,9.0,11.0
2129630,2.0,2.0
2129720,18.0,19.0
2129780,2.0,2.0
2129800,16.0,17.0
2129850,5.0,5.0
2129880,168.0,188.0
2129910,18.0,20.0
2129970,96.0,123.0
2130000,310.0,338.0
2130060,143.0,176.0
2130080,8.0,9.0
2130170,5.0,5.0
2130230,17.0,18.0
2130440,10.0,10.0
2130460,1274.0,1407.0
2130500,5.0,5.0
2130510,29.0,37.0
2130540,697.0,795.0
2130550,21.0,25.0
2130590,131.0,156.0
2130650,1.0,1.0
2130680,84.0,87.0
2130740,4.0,4.0
2130850,2.0,2.0
2130980,8.0,8.0
2131010,173.0,208.0
2131020,26.0,26.0
2131080,1.0,1.0
2131140,1.0,1.0
2131150,7.0,7.0
2131270,4.0,4.0
2131350,272.0,326.0
2131420,2.0,2.0
2131460,1.0,1.0
2131590,5.0,5.0
2131610,2.0,2.0
2131620,11.0,12.0
2131640,1433.0,1727.0
2131650,2942.0,3561.0
2131670,4.0,4.0
2131680,360.0,437.0
2131800,54.0,65.0
2131820,66.0,87.0
2131840,3.0,3.0
2131920,6.0,6.0
2131960,23.0,23.0
2131980,3.0,3.0
2132160,14.0,16.0
2132190,9.0,9.0
2132350,50.0,63.0
2132370,66.0,67.0
2132380,62.0,65.0
2132430,129.0,135.0
2132450,112.0,118.0
2132460,8.0,8.0
2132480,177.0,190.0
2132510,8.0,8.0
2132530,7.0,7.0
2132540,66.0,73.0
2132710,14.0,15.0
2132770,13.0,13.0
2132830,2.0,2.0
2132840,108.0,128.0
2132850,6201.0,6377.0
2132930,11.0,12.0
2133040,7.0,9.0
2133070,2.0,2.0
2133300,10.0,10.0
2133350,5.0,5.0
2133400,39.0,42.0
2133440,15.0,15.0
2133530,39.0,45.0
2133540,2.0,2.0
2133580,1.0,1.0
2133770,6.0,6.0
2133870,46.0,50.0
2133890,9.0,11.0
2133930,143.0,152.0
2133940,1.0,1.0
2133950,8.0,9.0
2134060,16.0,16.0
2134120,13.0,14.0
2134280,4.0,4.0
2134300,29.0,34.0
2134330,13.0,15.0
2134360,4.0,5.0
2134420,4.0,5.0
2134430,6.0,7.0
2134440,6.0,6.0
2134540,12.0,14.0
2134560,171.0,223.0
2134580,14.0,15.0
2134630,40.0,53.0
2134640,19.0,20.0
2134650,15.0,16.0
2134770,970.0,1197.0
2134920,14.0,17.0
2134940,8.0,9.0
2134970,97.0,114.0
2135030,31.0,37.0
2135190,21.0,22.0
2135210,13.0,14.0
2135320,76.0,90.0
2135500,167.0,184.0
2135580,84.0,104.0
2135610,1.0,1.0
2135690,2882.0,2938.0
2135760,2.0,2.0
2135780,2.0,2.0
2135810,1.0,1.0
2135830,2.0,2.0
2135850,32.0,34.0
2135870,14.0,16.0
2135890,9.0,10.0
2135970,29.0,31.0
2135980,24.0,27.0
2135990,68.0,69.0
2136110,48.0,53.0
2136120,1.0,1.0
2136130,10.0,11.0
2136170,1.0,1.0
2136180,6.0,7.0
2136210,20.0,21.0
2136220,40.0,48.0
2136300,8.0,8.0
2136380,123.0,138.0
2136450,5.0,5.0
2136470,8.0,9.0
2136550,24.0,24.0
2136620,1.0,1.0
2136770,27.0,27.0
2136810,5.0,5.0
2136820,35.0,41.0
2136860,4.0,4.0
2136920,1.0,1.0
2136950,41.0,43.0
2137000,7.0,7.0
2137090,8.0,10.0
2137190,8.0,10.0
2137200,38.0,45.0
2137280,3.0,3.0
2137300,37.0,37.0
2137330,1.0,1.0
2137350,27.0,27.0
2137400,29.0,37.0
2137470,178.0,182.0
2137480,18.0,20.0
2137560,62.0,65.0
2137620,12.0,13.0
2137680,1.0,1.0
2137700,477.0,509.0
2137740,34.0,40.0
2137760,513.0,580.0
2137790,20.0,22.0
2137840,7.0,8.0
2137920,20.0,22.0
2137990,1.0,1.0
2138000,36.0,37.0
2138010,23.0,23.0
2138090,266.0,296.0
2138100,37.0,49.0
2138130,6.0,6.0
2138140,15.0,17.0
2138150,101.0,131.0
2138180,32.0,33.0
2138190,1.0,1.0
2138230,8.0,9.0
2138250,9.0,9.0
2138300,5.0,5.0
2138380,6.0,7.0
2138450,738.0,859.0
2138460,8.0,8.0
2138570,268.0,341.0
2138580,391.0,465.0
2138610,598.0,643.0
2138680,1.0,1.0
2138700,1204.0,1337.0
2138710,14750.0,15959.0
2138780,128.0,137.0
2138790,24.0,24.0
2138850,2.0,2.0
2138910,2.0,2.0
2138920,27.0,27.0
2138930,4.0,4.0
2138990,5.0,5.0
2139020,1411.0,1834.0
2139030,3.0,3.0
2139180,26.0,26.0
2139350,36.0,39.0
2139440,58.0,62.0
2139500,7.0,8.0
2139510,20.0,22.0
2139520,6.0,6.0
2139620,25.0,29.0
2139730,4.0,4.0
2139790,1.0,1.0
2139800,12.0,14.0
2139840,104.0,126.0
2139870,266.0,345.0
2139890,25.0,27.0
2140000,17.0,17.0
2140020,6290.0,7307.0
2140050,23.0,27.0
2140080,12.0,12.0
2140100,352.0,391.0
2140170,9.0,11.0
2140240,24.0,25.0
2140380,24.0,24.0
2140460,1.0,1.0
2140510,5380.0,7151.0
2140570,95.0,102.0
2140600,24.0,28.0
2140650,229.0,296.0
2140670,1.0,1.0
2140680,4.0,4.0
2140700,40.0,53.0
2140770,1.0,1.0
2140810,1.0,1.0
2140840,7.0,9.0
2140850,429.0,476.0
2140870,18.0,20.0
2140880,8.0,8.0
2140900,211.0,226.0
2141040,32.0,37.0
2141090,60.0,70.0
2141100,10.0,12.0
2141180,4.0,4.0
2141520,95.0,118.0
2141600,9.0,9.0
2141650,5.0,5.0
2141710,15.0,18.0
2141720,16.0,17.0
2141730,4621.0,5461.0
2141740,4.0,4.0
2141770,428.0,455.0
2141780,1.0,1.0
2141810,22.0,22.0
2141820,21.0,23.0
2141990,17.0,18.0
2142030,19.0,21.0
2142100,8.0,8.0
2142160,498.0,637.0
2142170,29.0,30.0
2142230,26.0,29.0
2142240,23.0,23.0
2142250,23.0,25.0
2142330,192.0,203.0
2142370,36.0,38.0
2142400,104.0,128.0
2142430,4.0,4.0
2142440,2.0,2.0
2142450,190.0,235.0
2142460,5.0,5.0
2142470,42.0,53.0
2142530,10.0,13.0
2142540,124.0,151.0
2142610,5.0,6.0
2142640,12.0,12.0
2142710,130.0,137.0
2142790,10126.0,10306.0
2142810,17.0,17.0
2142850,150.0,162.0
2142870,1.0,1.0
2142930,6.0,6.0
2143010,74.0,83.0
2143030,2228.0,2387.0
2143050,134.0,136.0
2143190,2.0,2.0
2143200,33.0,34.0
2143260,2.0,2.0
2143280,11.0,14.0
2143290,26.0,27.0
2143340,282.0,306.0
2143390,1.0,1.0
2143430,2.0,2.0
2143450,1.0,1.0
2143540,359.0,417.0
2143620,17.0,18.0
2143660,2.0,2.0
2143680,829.0,871.0
2143710,4.0,4.0
2143720,1.0,1.0
2143770,144.0,151.0
2143930,122.0,141.0
2144040,67.0,74.0
2144080,84.0,101.0
2144100,1.0,1.0
2144120,5.0,5.0
2144130,7.0,7.0
2144180,29.0,31.0
2144220,102.0,108.0
2144260,39.0,51.0
2144280,27.0,35.0
2144290,11.0,12.0
2144350,131.0,138.0
2144360,17.0,19.0
2144380,1.0,1.0
2144390,64.0,71.0
2144460,122.0,136.0
2144670,4.0,4.0
2144740,6482.0,7906.0
2144910,2.0,2.0
2145000,2.0,2.0
2145080,10.0,11.0
2145160,2.0,2.0
2145190,27.0,33.0
2145220,47.0,60.0
2145260,1.0,1.0
2145480,2.0,2.0
2145490,45.0,45.0
2145530,32.0,32.0
2145590,4.0,4.0
2145700,13.0,13.0
2145740,4.0,4.0
2145810,52.0,61.0
2145830,3.0,3.0
2145900,7.0,7.0
2145960,13.0,16.0
2146040,20.0,22.0
2146050,1.0,1.0
2146170,116.0,138.0
2146180,113.0,135.0
2146230,15.0,17.0
2146260,76.0,92.0
2146270,3.0,3.0
2146320,12.0,12.0
2146350,18.0,18.0
2146430,44.0,50.0
2146490,23.0,25.0
2146500,24.0,24.0
2146550,1.0,1.0
2146560,23.0,24.0
2146570,127.0,165.0
2146600,28.0,29.0
2146680,15.0,17.0
2146720,97.0,109.0
2146730,3.0,3.0
2146760,2.0,2.0
2146770,37.0,37.0
2146970,12.0,13.0
2147020,19.0,20.0
2147110,427.0,559.0
2147330,34.0,36.0
2147340,18.0,23.0
2147360,4.0,5.0
2147380,153.0,162.0
2147410,1.0,1.0
2147530,84.0,87.0
2147580,19.0,25.0
2147640,54.0,58.0
2147670,30.0,33.0
2147680,54.0,70.0
2147890,39.0,40.0
2147950,561.0,569.0
2148040,1.0,1.0
2148050,1.0,1.0
2148060,13.0,13.0
2148080,7.0,7.0
2148170,55.0,55.0
2148250,2.0,2.0
2148280,9.0,9.0
2148320,89.0,97.0
2148390,6.0,7.0
2148740,9.0,11.0
2148780,20.0,21.0
2148880,11.0,13.0
2148930,309.0,347.0
2148990,5.0,5.0
2149000,6.0,6.0
2149120,20.0,24.0
2149190,1.0,1.0
2149200,1.0,1.0
2149270,8.0,8.0
2149330,28.0,34.0
2149350,9.0,9.0
2149420,236.0,254.0
2149430,41.0,51.0
2149480,29.0,30.0
2149490,16.0,18.0
2149530,7.0,8.0
2149560,27.0,28.0
2149580,11.0,11.0
2149690,36.0,46.0
2149870,40.0,41.0
2149880,7.0,7.0
2149900,126.0,163.0
2149980,18.0,19.0
2150020,14.0,16.0
2150090,12.0,12.0
2150100,1.0,1.0
2150150,3.0,3.0
2150170,14.0,18.0
2150180,12.0,15.0
2150300,26.0,32.0
2150310,48.0,53.0
2150370,10.0,10.0
2150460,2.0,2.0
2150510,51.0,58.0
2150530,3.0,3.0
2150580,39.0,39.0
2150660,148.0,195.0
2150700,102.0,103.0
2150760,27.0,27.0
2150800,2.0,2.0
2150820,30.0,35.0
2150870,122.0,140.0
2150930,13.0,16.0
2150950,39.0,43.0
2151110,3.0,3.0
2151130,7.0,9.0
2151290,933.0,970.0
2151410,10.0,11.0
2151420,32.0,33.0
2151430,19.0,20.0
2151450,13.0,13.0
2151580,667.0,835.0
2151600,118.0,151.0
2151640,14.0,15.0
2151660,5.0,5.0
2151700,44.0,52.0
2151710,38.0,42.0
2151740,1.0,1.0
2151750,8.0,9.0
2151770,9.0,11.0
2151910,3.0,3.0
2151920,3.0,3.0
2151950,8.0,9.0
2151960,27.0,35.0
2152000,25.0,25.0
2152030,8.0,8.0
2152050,13.0,15.0
2152060,3.0,3.0
2152070,14.0,18.0
2152100,52.0,62.0
2152180,12.0,12.0
2152190,97.0,98.0
2152300,7.0,8.0
2152350,10.0,11.0
2152410,34.0,40.0
2152420,8.0,9.0
2152460,595.0,680.0
2152630,135.0,154.0
2152690,19.0,23.0
2152780,23.0,23.0
2152790,211.0,278.0
2152990,229.0,274.0
2153020,65.0,67.0
2153050,11.0,11.0
2153140,8.0,9.0
2153190,44.0,50.0
2153290,3.0,3.0
2153310,1153.0,1310.0
2153330,582.0,598.0
2153390,12.0,13.0
2153400,1.0,1.0
2153410,61.0,71.0
2153420,5.0,5.0
2153430,38.0,39.0
2153570,31.0,34.0
2153610,53.0,59.0
2153630,14.0,14.0
2153640,81.0,96.0
2153750,110.0,143.0
2153770,252.0,283.0
2153780,162.0,212.0
2153800,2.0,2.0
2153850,61.0,64.0
2153880,28.0,32.0
2153920,11.0,12.0
2153950,11.0,12.0
2154000,12.0,12.0
2154090,13.0,13.0
2154330,376.0,443.0
2154350,3.0,3.0
2154380,30.0,34.0
2154400,52.0,53.0
2154430,14.0,16.0
2154630,9.0,9.0
2154640,5.0,6.0
2154650,393.0,421.0
2154660,2.0,2.0
2154700,3.0,3.0
2154710,5.0,5.0
2154730,33.0,43.0
2154760,45.0,48.0
2154790,7.0,7.0
2154800,14.0,14.0
2155010,5.0,6.0
2155020,1.0,1.0
2155100,8.0,9.0
2155120,532.0,568.0
2155180,2886.0,3433.0
2155220,7.0,7.0
2155280,40.0,43.0
2155460,6.0,6.0
2155610,8.0,8.0
2155680,29.0,35.0
2155710,4.0,4.0
2155720,10.0,10.0
2155750,10.0,13.0
2155760,15.0,19.0
2155770,253.0,332.0
2155800,2.0,2.0
2155860,1.0,1.0
2156070,31.0,36.0
2156120,34.0,37.0
2156150,1.0,1.0
2156190,1.0,1.0
2156210,2536.0,2841.0
2156280,17.0,22.0
2156290,14.0,16.0
2156410,40.0,41.0
2156440,25.0,31.0
2156450,56.0,64.0
2156540,1.0,1.0
2156620,242.0,266.0
2156770,65.0,72.0
2156810,4.0,4.0
2156830,23.0,27.0
2156970,25.0,26.0
2157060,52.0,59.0
2157070,31.0,40.0
2157100,23.0,24.0
2157110,7795.0,8680.0
2157130,31.0,34.0
2157250,65.0,74.0
2157290,14.0,14.0
2157340,663.0,716.0
2157410,8.0,9.0
2157540,9.0,9.0
2157560,3400.0,4235.0
2157630,9.0,9.0
2157680,917.0,1106.0
2157960,8.0,10.0
2158030,42.0,48.0
2158050,7.0,7.0
2158130,32.0,32.0
2158160,2.0,2.0
2158190,10.0,10.0
2158210,3.0,3.0
2158240,110.0,125.0
2158270,179.0,208.0
2158290,3.0,3.0
2158370,2.0,2.0
2158390,5.0,6.0
2158500,1562.0,1880.0
2158600,129.0,155.0
2158620,8.0,9.0
2158650,236.0,268.0
2158670,126.0,134.0
2158710,11.0,12.0
2158730,1584.0,1817.0
2158740,132.0,137.0
2158850,16.0,16.0
2158900,91.0,96.0
2159050,7.0,8.0
2159060,7.0,8.0
2159120,43.0,54.0
2159180,37.0,37.0
2159210,1750.0,1784.0
2159230,10.0,12.0
2159280,4.0,4.0
2159300,329.0,390.0
2159350,8.0,8.0
2159440,1.0,1.0
2159470,60.0,75.0
2159500,15.0,17.0
2159590,67.0,77.0
2159670,67.0,73.0
2159720,10.0,10.0
2159770,5.0,5.0
2159780,123.0,163.0
2159960,79.0,95.0
2160000,1060.0,1117.0
2160200,17.0,20.0
2160220,1348.0,1405.0
2160230,17.0,19.0
2160240,21.0,24.0
2160360,710.0,715.0
2160500,7.0,7.0
2160560,4.0,4.0
2160570,2.0,2.0
2160680,17.0,18.0
2160700,10.0,12.0
2160800,2.0,2.0
2160840,11.0,14.0
2161060,3.0,3.0
2161110,49.0,55.0
2161120,21.0,23.0
2161130,7.0,9.0
2161280,9.0,9.0
2161330,8.0,8.0
2161410,5.0,5.0
2161430,56.0,69.0
2161440,3353.0,4234.0
2161450,97.0,102.0
2161620,97.0,125.0
2161700,27533.0,29312.0
2161730,8.0,9.0
2161810,14.0,18.0
2161850,1.0,1.0
2161900,7.0,8.0
2162020,306.0,373.0
2162050,10.0,10.0
2162130,20.0,22.0
2162150,3.0,3.0
2162160,97.0,106.0
2162210,5.0,5.0
2162220,4.0,4.0
2162320,1.0,1.0
2162350,17.0,17.0
2162380,6.0,7.0
2162610,55.0,72.0
2162780,438.0,536.0
2162790,20.0,25.0
2162800,7581.0,7704.0
2162810,37.0,49.0
2162890,1.0,1.0
2162900,158.0,173.0
2162950,20.0,22.0
2162960,124.0,136.0
2162980,10.0,11.0
2163000,150.0,178.0
2163030,47.0,61.0
2163060,258.0,321.0
2163140,22.0,24.0
2163160,24.0,28.0
2163230,3.0,3.0
2163330,8342.0,9263.0
2163430,7.0,8.0
2163450,105.0,110.0
2163500,12.0,12.0
2163540,15.0,15.0
2163560,3.0,3.0
2163620,98.0,98.0
2163640,1.0,1.0
2163680,5.0,5.0
2163730,4.0,4.0
2163790,12.0,12.0
2163930,19.0,20.0
2164030,86.0,88.0
2164100,7.0,7.0
2164280,11.0,13.0
2164310,140.0,141.0
2164390,13.0,13.0
2164480,1.0,1.0
2164490,119.0,120.0
2164580,7.0,8.0
2164610,33.0,41.0
2164630,10.0,13.0
2164690,11.0,11.0
2164780,58.0,59.0
2164790,22.0,25.0
2164870,45.0,49.0
2164930,68.0,71.0
2164980,6.0,7.0
2165030,104.0,112.0
2165210,8.0,9.0
2165340,13.0,15.0
2165370,14.0,17.0
2165380,36.0,46.0
2165390,464.0,559.0
2165420,20.0,25.0
2165440,4.0,5.0
2165520,1.0,1.0
2165560,23.0,24.0
2165600,13.0,13.0
2165610,1250.0,1322.0
2165650,14.0,16.0
2165740,64.0,67.0
2166020,61.0,76.0
2166050,835.0,842.0
2166060,5241.0,5581.0
2166140,226.0,295.0
2166150,56.0,64.0
2166170,21.0,23.0
2166190,7.0,7.0
2166200,12.0,14.0
2166250,16.0,20.0
2166370,47.0,56.0
2166420,5.0,5.0
2166430,18.0,18.0
2166470,82.0,88.0
2166500,5.0,5.0
2166530,10.0,12.0
2166540,6.0,7.0
2166580,4.0,4.0
2166610,36.0,40.0
2166640,171.0,185.0
2166690,23.0,24.0
2166710,44.0,45.0
2166750,6.0,7.0
2166780,16.0,17.0
2166820,23.0,24.0
2166910,38.0,39.0
2166920,20.0,20.0
2166950,2.0,2.0
2166990,6.0,6.0
2167040,37.0,38.0
2167130,44.0,45.0
2167190,1.0,1.0
2167220,692.0,780.0
2167340,18.0,20.0
2167390,8.0,9.0
2167430,24.0,31.0
2167580,9019.0,11598.0
2167600,13.0,13.0
2167660,4.0,4.0
2167760,9.0,9.0
2167770,41.0,43.0
2167840,8.0,9.0
2167850,9.0,9.0
2167870,16.0,18.0
2167900,11.0,12.0
2167910,2.0,2.0
2167960,2461.0,2482.0
2167990,10.0,11.0
2168000,16.0,17.0
2168150,93.0,117.0
2168240,48.0,51.0
2168260,180.0,216.0
2168450,185.0,213.0
2168490,20.0,23.0
2168530,30.0,37.0
2168600,293.0,305.0
2168610,457.0,480.0
2168650,19.0,19.0
2168680,2195.0,2354.0
2168760,100.0,124.0
2168820,5.0,5.0
2168870,151.0,171.0
2168880,11.0,13.0
2168920,4.0,4.0
2169000,6.0,6.0
2169060,14.0,15.0
2169120,170.0,176.0
2169160,2.0,2.0
2169220,119.0,152.0
2169250,1.0,1.0
2169270,5.0,5.0
2169300,44.0,48.0
2169350,31.0,35.0
2169460,24.0,24.0
2169570,28.0,32.0
2169620,5.0,5.0
2169650,7.0,8.0
2169700,2.0,2.0
2169730,78.0,84.0
2169770,6.0,6.0
2169780,6.0,6.0
2169790,8.0,9.0
2169800,125.0,127.0
2169830,193.0,214.0
2170090,13.0,14.0
2170100,36.0,38.0
2170160,12.0,14.0
2170350,3.0,3.0
2170370,116.0,129.0
2170380,3.0,3.0
2170490,26.0,26.0
2170570,12.0,13.0
2170650,8.0,9.0
2170700,18.0,19.0
2170760,14.0,18.0
2170890,30.0,37.0
2170920,58.0,59.0
2171000,1.0,1.0
2171010,23.0,26.0
2171060,14.0,14.0
2171270,36.0,47.0
2171280,187.0,239.0
2171310,62.0,65.0
2171440,8734.0,8962.0
2171530,10.0,10.0
2171610,9.0,10.0
2171630,670.0,828.0
2171650,54.0,56.0
2171680,19.0,19.0
2171690,2398.0,2424.0
2171750,19.0,22.0
2171830,30.0,35.0
2171840,334.0,432.0
2171920,160.0,172.0
2171930,12.0,14.0
2172010,1227.0,1616.0
2172030,332.0,339.0
2172120,34.0,38.0
2172180,43.0,43.0
2172190,12.0,14.0
2172200,18.0,18.0
2172260,1250.0,1362.0
2172300,1.0,1.0
2172380,1.0,1.0
2172410,28.0,28.0
2172420,50.0,57.0
2172470,23.0,27.0
2172490,41.0,41.0
2172500,41.0,42.0
2172510,241.0,310.0
2172520,14.0,18.0
2172610,8.0,9.0
2172750,15.0,16.0
2172900,124.0,127.0
2172920,1.0,1.0
2172950,2.0,2.0
2173000,13.0,14.0
2173200,9.0,10.0
2173260,10.0,12.0
2173300,6.0,6.0
2173380,32.0,40.0
2173530,8.0,8.0
2173570,454.0,474.0
2173580,6.0,7.0
2173600,1656.0,1927.0
2173620,6.0,7.0
2173650,60.0,65.0
2173670,29.0,29.0
2173680,7.0,7.0
2173740,3.0,3.0
2173750,9.0,9.0
2173760,96.0,98.0
2173800,2539.0,2718.0
2173810,1.0,1.0
2173860,1.0,1.0
2173870,26.0,31.0
2173880,27.0,28.0
2173890,33.0,35.0
2173900,277.0,335.0
2173940,50.0,52.0
2173960,11.0,13.0
2174010,1.0,1.0
2174090,1.0,1.0
2174160,16.0,16.0
2174170,6.0,6.0
2174190,1.0,1.0
2174210,3.0,3.0
2174320,62.0,79.0
2174370,2.0,2.0
2174420,28.0,29.0
2174440,2.0,2.0
2174460,11.0,12.0
2174600,88.0,94.0
2174690,10.0,11.0
2174710,3.0,3.0
2174720,133.0,135.0
2174740,4.0,5.0
2174780,4.0,5.0
2174860,2.0,2.0
2174900,59.0,59.0
2174910,7.0,7.0
2175040,5.0,5.0
2175080,7.0,7.0
2175090,9.0,10.0
2175120,3.0,3.0
2175190,12.0,12.0
2175200,55.0,57.0
2175250,126.0,147.0
2175390,217.0,269.0
2175400,1.0,1.0
2175490,12.0,14.0
2175510,13.0,14.0
2175530,12.0,12.0
2175540,328.0,420.0
2175570,67.0,85.0
2175640,15.0,15.0
2175650,97.0,98.0
2175690,21.0,21.0
2175750,2.0,2.0
2175770,48.0,55.0
2175790,14.0,14.0
2176000,7.0,7.0
2176020,4.0,4.0
2176060,14.0,16.0
2176070,53.0,54.0
2176140,14.0,17.0
2176160,4.0,5.0
2176170,2.0,2.0
2176190,66.0,79.0
2176200,7.0,8.0
2176240,1.0,1.0
2176270,55.0,61.0
2176320,83.0,105.0
2176400,15.0,17.0
2176450,87.0,98.0
2176510,19.0,21.0
2176560,1384.0,1758.0
2176570,246.0,279.0
2176580,6.0,6.0
2176670,4.0,4.0
2176760,57.0,58.0
2176850,126.0,166.0
2176880,24.0,30.0
2176900,123.0,156.0
2176940,191.0,206.0
2177150,26.0,28.0
2177170,26.0,28.0
2177260,23.0,23.0
2177320,7.0,7.0
2177450,3.0,3.0
2177540,17.0,17.0
2177550,8.0,8.0
2177570,48.0,58.0
2177620,134.0,140.0
2177640,3.0,3.0
2177680,7.0,7.0
2177700,12.0,12.0
2177710,8.0,9.0
2177720,9.0,10.0
2177730,9.0,11.0
2177800,69.0,80.0
2178010,121.0,148.0
2178090,15.0,16.0
2178170,53.0,59.0
2178180,5.0,5.0
2178190,2.0,2.0
2178240,2.0,2.0
2178310,2.0,2.0
2178330,1049.0,1152.0
2178340,8.0,9.0
2178360,1.0,1.0
2178370,1.0,1.0
2178400,5.0,5.0
2178430,5.0,5.0
2178440,7.0,8.0
2178490,93.0,121.0
2178550,6.0,6.0
2178560,75.0,81.0
2178570,454.0,576.0
2178590,191.0,248.0
2178650,1.0,1.0
2178670,51.0,55.0
2178730,4.0,5.0
2178740,5.0,6.0
2178800,6.0,6.0
2178820,3.0,3.0
2178860,32.0,36.0
2178970,18.0,22.0
2179030,11.0,11.0
2179060,6.0,6.0
2179100,6.0,6.0
2179170,1332.0,1340.0
2179190,1.0,1.0
2179220,11.0,13.0
2179270,17.0,20.0
2179290,417.0,531.0
2179300,313.0,378.0
2179360,80.0,91.0
2179380,569.0,603.0
2179440,182.0,192.0
2179460,18.0,20.0
2179510,98.0,98.0
2179520,99.0,101.0
2179540,18.0,19.0
2179560,6.0,6.0
2179650,4.0,4.0
2179660,14.0,16.0
2179690,25.0,26.0
2179850,2864.0,2962.0
2179860,98.0,114.0
2179900,9.0,11.0
2179990,3.0,3.0
2180000,124.0,145.0
2180010,76.0,84.0
2180060,21.0,21.0
2180150,72.0,74.0
2180180,2.0,2.0
2180210,26.0,32.0
2180310,21.0,25.0
2180340,820.0,981.0
2180350,77.0,92.0
2180390,1.0,1.0
2180430,31.0,38.0
2180550,198.0,209.0
2180610,16.0,17.0
2180660,3.0,3.0
2180680,28.0,36.0
2180710,31.0,34.0
2180780,1.0,1.0
2180800,13.0,13.0
2180830,4.0,4.0
2180890,35.0,38.0
2180920,4.0,4.0
2181000,25.0,26.0
2181140,19.0,23.0
2181230,5.0,6.0
2181350,7.0,9.0
2181440,54.0,62.0
2181450,2.0,2.0
2181480,9.0,11.0
2181560,8.0,9.0
2181610,2667.0,3113.0
2181640,122.0,132.0
2181700,16.0,17.0
2181710,37.0,38.0
2181720,1501.0,1808.0
2181730,8.0,8.0
2181800,5.0,5.0
2181820,1.0,1.0
2181880,3.0,3.0
2181930,12359.0,13045.0
2181950,207.0,236.0
2181990,40.0,45.0
2182110,105.0,119.0
2182130,10.0,10.0
2182170,1.0,1.0
2182180,71.0,78.0
2182190,4.0,4.0
2182290,8.0,8.0
2182390,5.0,5.0
2182400,2094.0,2169.0
2182420,10.0,12.0
2182450,37.0,42.0
2182530,9.0,11.0
2182540,6.0,6.0
2182580,3.0,3.0
2182590,90.0,98.0
2182690,86.0,94.0
2182840,14.0,14.0
2182870,2.0,2.0
2182910,1.0,1.0
2182930,1.0,1.0
2182960,4.0,4.0
2182970,1.0,1.0
2183070,142.0,162.0
2183110,9.0,10.0
2183120,1.0,1.0
2183170,17.0,22.0
2183190,3.0,3.0
2183200,36.0,45.0
2183210,8.0,10.0
2183240,145.0,190.0
2183360,5.0,6.0
2183380,3.0,3.0
2183430,20.0,21.0
2183600,200.0,227.0
2183650,1013.0,1221.0
2183660,21.0,21.0
2183700,4.0,5.0
2183710,5.0,5.0
2183750,140.0,153.0
2183770,7.0,8.0
2183800,6.0,6.0
2183860,4.0,5.0
2183870,9.0,9.0
2183900,87750.0,111592.0
2183910,148.0,159.0
2183920,9.0,9.0
2183940,12.0,14.0
2184010,135.0,136.0
2184100,7.0,9.0
2184130,346.0,358.0
2184180,5.0,5.0
2184220,28.0,30.0
2184230,195.0,225.0
2184270,6.0,6.0
2184340,4.0,4.0
2184350,120.0,135.0
2184380,15.0,18.0
2184420,1.0,1.0
2184470,29.0,33.0
2184490,3.0,3.0
2184570,37.0,40.0
2184580,99.0,101.0
2184590,42.0,44.0
2184610,60.0,74.0
2184630,6.0,6.0
2184640,6.0,7.0
2184650,15.0,15.0
2184770,135.0,141.0
2184880,11.0,12.0
2185160,8.0,8.0
2185180,31.0,33.0
2185190,28.0,31.0
2185280,24.0,24.0
2185290,133.0,138.0
2185400,36.0,36.0
2185470,34.0,39.0
2185490,4.0,4.0
2185530,1.0,1.0
2185730,23.0,27.0
2185760,37.0,49.0
2185770,863.0,920.0
2185780,759.0,945.0
2185800,1.0,1.0
2185860,27.0,28.0
2185880,42.0,50.0
2185890,7.0,7.0
2185900,2.0,2.0
2185990,37.0,48.0
2186010,11.0,13.0
2186100,9.0,11.0
2186130,5.0,5.0
2186140,20.0,20.0
2186220,1.0,1.0
2186240,27.0,28.0
2186320,3227.0,3358.0
2186400,647.0,724.0
2186450,1.0,1.0
2186490,14.0,17.0
2186500,4.0,4.0
2186530,7.0,9.0
2186570,2267.0,2446.0
2186610,4.0,5.0
2186670,2.0,2.0
2186680,16629.0,20614.0
2186740,2.0,2.0
2186780,25.0,26.0
2186940,8.0,9.0
2186980,61.0,78.0
2187030,6.0,7.0
2187060,7.0,7.0
2187130,96.0,103.0
2187180,3.0,3.0
2187190,1.0,1.0
2187210,14.0,14.0
2187220,2104.0,2306.0
2187230,361.0,472.0
2187290,7586.0,8257.0
2187300,50.0,66.0
2187320,76.0,77.0
2187340,18.0,20.0
2187350,4.0,5.0
2187370,32.0,40.0
2187400,7.0,8.0
2187640,1.0,1.0
2187670,3.0,3.0
2187840,35.0,38.0
2187870,3.0,3.0
2188030,3.0,3.0
2188180,13.0,13.0
2188220,10.0,10.0
2188480,1.0,1.0
2188490,2.0,2.0
2188500,1.0,1.0
2188520,7.0,7.0
2188570,32.0,34.0
2188620,26.0,28.0
2188690,42.0,42.0
2188740,10.0,10.0
2188790,20.0,21.0
2188890,2.0,2.0
2189040,119.0,151.0
2189150,2.0,2.0
2189160,1.0,1.0
2189230,4.0,4.0
2189370,12.0,15.0
2189420,89.0,96.0
2189470,22.0,28.0
2189530,24.0,28.0
2189620,10.0,13.0
2189640,263.0,273.0
2189670,72.0,82.0
2189750,5.0,5.0
2189760,8.0,9.0
2189830,2.0,2.0
2189850,1.0,1.0
2189860,52.0,61.0
2189910,13.0,17.0
2189930,6.0,6.0
2190070,4.0,4.0
2190080,2.0,2.0
2190160,4.0,4.0
2190170,3.0,3.0
2190190,13.0,13.0
2190220,1271.0,1633.0
2190230,123.0,140.0
2190250,12.0,13.0
2190260,54.0,62.0
2190270,4.0,5.0
2190280,3.0,3.0
2190290,6028.0,6739.0
2190410,2.0,2.0
2190500,2.0,2.0
2190570,73.0,74.0
2190740,3.0,3.0
2190810,1.0,1.0
2190840,5.0,6.0
2190880,10.0,10.0
2190930,1.0,1.0
2190960,5.0,5.0
2190980,4.0,4.0
2191080,58.0,72.0
2191100,40.0,40.0
2191120,9.0,11.0
2191190,467.0,472.0
2191230,8.0,8.0
2191270,17.0,22.0
2191310,7.0,7.0
2191320,6.0,6.0
2191370,3.0,3.0
2191400,7.0,7.0
2191410,9.0,11.0
2191480,248.0,268.0
2191490,122.0,129.0
2191530,2.0,2.0
2191550,1129.0,1187.0
2191560,9.0,11.0
2191570,37.0,40.0
2191610,11.0,13.0
2191620,33.0,37.0
2191670,92.0,105.0
2191820,6.0,7.0
2191840,1.0,1.0
2191920,28.0,30.0
2192120,3.0,3.0
2192170,59.0,66.0
2192200,6.0,7.0
2192220,9.0,10.0
2192240,3.0,3.0
2192260,6.0,7.0
2192270,98.0,123.0
2192280,13.0,14.0
2192290,8.0,9.0
2192330,1.0,1.0
2192350,122.0,145.0
2192400,7.0,9.0
2192460,12.0,13.0
2192500,32.0,39.0
2192520,2.0,2.0
2192530,11.0,11.0
2192620,488.0,500.0
2192640,4.0,5.0
2192670,16.0,18.0
2192700,20.0,20.0
2192730,8.0,8.0
2192840,53.0,70.0
2192900,92.0,104.0
2192920,13.0,13.0
2193050,402.0,485.0
2193070,187.0,219.0
2193080,5.0,5.0
2193090,29.0,29.0
2193100,3.0,3.0
2193170,4.0,4.0
2193370,10.0,13.0
2193400,5.0,5.0
2193410,17.0,20.0
2193420,107.0,119.0
2193440,89.0,116.0
2193490,1130.0,1284.0
2193570,36.0,37.0
2193590,5.0,6.0
2193670,4.0,4.0
2193690,2.0,2.0
2193750,7.0,8.0
2193760,8.0,10.0
2193770,7.0,8.0
2193900,28.0,33.0
2193920,4.0,5.0
2193970,3.0,3.0
2193990,4.0,5.0
2194000,26.0,32.0
2194160,74.0,87.0
2194400,138.0,158.0
2194510,34.0,43.0
2194530,8555.0,9067.0
2194570,10.0,10.0
2194610,125.0,161.0
2194670,37.0,48.0
2194760,45.0,59.0
2194810,293.0,337.0
2194820,27.0,29.0
2194840,34.0,34.0
2194870,1.0,1.0
2194930,4.0,4.0
2194940,1.0,1.0
2194950,2.0,2.0
2194980,37.0,45.0
2195010,24.0,29.0
2195050,4.0,4.0
2195090,13.0,13.0
2195120,1205.0,1293.0
2195140,58.0,68.0
2195150,12.0,12.0
2195160,16.0,18.0
2195230,26.0,32.0
2195400,27.0,31.0
2195410,456.0,557.0
2195530,18.0,18.0
2195560,13.0,16.0
2195570,2.0,2.0
2195630,15.0,16.0
2195670,14.0,16.0
2195690,20.0,21.0
2195780,34.0,44.0
2195960,3.0,3.0
2196050,5.0,5.0
2196110,1.0,1.0
2196120,35.0,39.0
2196140,12.0,15.0
2196190,2.0,2.0
2196210,12.0,12.0
2196230,11.0,14.0
2196280,3.0,3.0
2196300,6.0,7.0
2196320,6.0,6.0
2196370,14.0,16.0
2196380,13.0,15.0
2196390,37.0,43.0
2196410,4.0,4.0
2196490,272.0,316.0
2196560,15.0,15.0
2196570,10.0,11.0
2196680,14.0,18.0
2196770,13.0,14.0
2196780,1.0,1.0
2196790,998.0,1139.0
2196850,24.0,24.0
2196870,13.0,15.0
2196930,7.0,7.0
2196950,5.0,6.0
2196980,303.0,320.0
2197020,25.0,25.0
2197030,36.0,39.0
2197050,49.0,60.0
2197130,5.0,6.0
2197160,257.0,334.0
2197360,15.0,16.0
2197430,9.0,9.0
2197470,1.0,1.0
2197490,249.0,257.0
2197550,13.0,15.0
2197570,1.0,1.0
2197600,16.0,17.0
2197650,56.0,62.0
2197750,2.0,2.0
2197760,129.0,150.0
2197840,7.0,8.0
2197890,298.0,392.0
2197940,1.0,1.0
2197950,45.0,48.0
2197960,7.0,7.0
2197980,4.0,5.0
2198000,23.0,26.0
2198030,110.0,116.0
2198050,6.0,6.0
2198070,1362.0,1622.0
2198130,5.0,6.0
2198150,8381.0,8626.0
2198220,6.0,6.0
2198370,2.0,2.0
2198510,1521.0,1889.0
2198560,3.0,3.0
2198570,4.0,4.0
2198590,26.0,26.0
2198640,8.0,8.0
2198650,22.0,24.0
2198680,382.0,458.0
2198740,10.0,10.0
2198770,9.0,9.0
2198790,9.0,10.0
2198800,346.0,447.0
2198830,62.0,66.0
2198940,332.0,339.0
2198970,34.0,41.0
2198980,2.0,2.0
2199060,73.0,93.0
2199230,47.0,48.0
2199300,12.0,12.0
2199330,48.0,53.0
2199340,20.0,23.0
2199380,3.0,3.0
2199440,1.0,1.0
2199450,4.0,4.0
2199490,2.0,2.0
2199540,8.0,9.0
2199560,6.0,7.0
2199570,18.0,22.0
2199580,99.0,104.0
2199630,4.0,4.0
2199760,9.0,9.0
2199780,12.0,12.0
2199810,11.0,14.0
2199820,7.0,7.0
2199830,10.0,10.0
2200030,25.0,29.0
2200120,3.0,3.0
2200170,9.0,9.0
2200190,482.0,585.0
2200220,1.0,1.0
2200240,6.0,6.0
2200250,1.0,1.0
2200260,2.0,2.0
2200270,10.0,10.0
2200320,4.0,4.0
2200360,10.0,10.0
2200380,95.0,117.0
2200400,19.0,21.0
2200410,109.0,120.0
2200450,11.0,11.0
2200470,152.0,172.0
2200560,6.0,7.0
2200580,140.0,156.0
2200620,31.0,38.0
2200760,23.0,26.0
2200770,18.0,18.0
2200780,3236.0,3623.0
2200790,20.0,20.0
2200900,2.0,2.0
2200930,1.0,1.0
2200990,6.0,7.0
2201000,10.0,10.0
2201070,51.0,65.0
2201110,8.0,9.0
2201130,8.0,9.0
2201150,41.0,43.0
2201160,2.0,2.0
2201170,4.0,5.0
2201210,28.0,31.0
2201230,68.0,79.0
2201390,20.0,25.0
2201420,11.0,13.0
2201450,6.0,7.0
2201590,12.0,14.0
2201660,13.0,13.0
2201680,10.0,11.0
2201810,157.0,209.0
2201840,7.0,9.0
2201880,8.0,8.0
2201920,3.0,3.0
2201930,275.0,323.0
2201940,1653.0,2029.0
2202110,9.0,11.0
2202120,168.0,206.0
2202150,8.0,9.0
2202220,132.0,161.0
2202340,10.0,10.0
2202360,1.0,1.0
2202400,4.0,4.0
2202470,216.0,253.0
2202480,2.0,2.0
2202500,9.0,10.0
2202510,17.0,21.0
2202590,163.0,174.0
2202690,52.0,58.0
2202710,132.0,142.0
2202720,2.0,2.0
2202750,33.0,35.0
2202770,547.0,616.0
2202880,20.0,26.0
2202890,9.0,10.0
2202900,11.0,11.0
2202950,9.0,9.0
2203040,129.0,153.0
2203170,65.0,77.0
2203200,4.0,5.0
2203210,10.0,10.0
2203320,3.0,3.0
2203350,5.0,6.0
2203480,25.0,25.0
2203590,89.0,111.0
2203730,91.0,109.0
2203820,3.0,3.0
2203860,32.0,36.0
2203890,2.0,2.0
2203920,1.0,1.0
2203990,165.0,186.0
2204030,7.0,8.0
2204130,304.0,325.0
2204170,188.0,204.0
2204220,6.0,7.0
2204230,612.0,661.0
2204260,18.0,23.0
2204350,281.0,300.0
2204360,2.0,2.0
2204400,2.0,2.0
2204530,3.0,3.0
2204540,1.0,1.0
2204590,1.0,1.0
2204680,28.0,36.0
2204710,11.0,12.0
2204730,17.0,17.0
2204760,8.0,10.0
2204840,2.0,2.0
2204850,56.0,66.0
2204900,62.0,65.0
2204940,11.0,13.0
2205010,4.0,4.0
2205070,4.0,5.0
2205100,2.0,2.0
2205130,1.0,1.0
2205230,5.0,5.0
2205260,29.0,32.0
2205270,9.0,10.0
2205290,244.0,246.0
2205320,7.0,7.0
2205330,82.0,90.0
2205420,15.0,19.0
2205440,13.0,14.0
2205470,2.0,2.0
2205510,6.0,6.0
2205570,1.0,1.0
2205600,68.0,76.0
2205650,4.0,4.0
2205660,3.0,3.0
2205700,6.0,7.0
2205740,10.0,12.0
2205750,259.0,307.0
2205800,2.0,2.0
2205850,889.0,1139.0
2205860,1.0,1.0
2205950,160.0,182.0
2206000,11.0,12.0
2206140,209.0,243.0
2206150,477.0,587.0
2206180,1.0,1.0
2206210,746.0,785.0
2206230,13.0,14.0
2206240,94.0,104.0
2206270,457.0,522.0
2206280,6.0,7.0
2206330,9.0,9.0
2206340,1564.0,1569.0
2206390,80.0,93.0
2206410,15.0,17.0
2206450,21.0,24.0
2206460,176.0,211.0
2206480,22.0,29.0
2206490,21.0,27.0
2206560,572.0,590.0
2206570,18.0,22.0
2206580,21.0,27.0
2206590,12.0,13.0
2206660,67.0,69.0
2206690,19.0,22.0
2206700,19.0,23.0
2206720,24.0,30.0
2206760,1.0,1.0
2206800,2.0,2.0
2206820,17.0,20.0
2206870,25.0,27.0
2206960,7.0,8.0
2206980,27.0,31.0
2207010,15.0,18.0
2207030,9.0,10.0
2207070,48.0,60.0
2207110,22.0,24.0
2207160,11.0,13.0
2207470,68.0,76.0
2207480,328.0,376.0
2207490,828.0,911.0
2207500,15.0,15.0
2207520,62.0,65.0
2207540,2447.0,2518.0
2207560,3.0,3.0
2207600,8.0,9.0
2207610,3.0,3.0
2207640,4.0,4.0
2207670,35.0,39.0
2207750,51.0,62.0
2207840,1.0,1.0
2207910,1.0,1.0
2207970,394.0,408.0
2208000,14.0,15.0
2208040,2.0,2.0
2208060,30.0,33.0
2208070,21.0,24.0
2208130,13.0,13.0
2208220,18.0,21.0
2208270,2.0,2.0
2208520,11.0,11.0
2208650,69.0,80.0
2208730,17.0,17.0
2208780,53.0,68.0
2208820,3.0,3.0
2208900,10.0,10.0
2208930,1.0,1.0
2208940,3.0,3.0
2208950,1.0,1.0
2208960,11.0,12.0
2209020,14.0,15.0
2209070,7.0,8.0
2209090,1.0,1.0
2209150,1638.0,1814.0
2209190,101.0,106.0
2209270,7.0,7.0
2209320,1.0,1.0
2209380,17.0,17.0
2209470,19.0,20.0
2209610,82.0,95.0
2209670,1.0,1.0
2209680,722.0,847.0
2209710,3.0,3.0
2209760,1.0,1.0
2209790,22.0,25.0
2209800,9.0,9.0
2209940,8.0,8.0
2210020,25.0,29.0
2210180,13.0,14.0
2210210,9.0,10.0
2210630,14.0,14.0
2210670,28.0,36.0
2210780,76.0,82.0
2210800,62.0,76.0
2210900,2.0,2.0
2210980,8.0,10.0
2211090,164.0,203.0
2211110,31.0,32.0
2211210,2.0,2.0
2211250,42.0,46.0
2211320,1.0,1.0
2211400,14.0,14.0
2211440,2.0,2.0
2211500,9.0,9.0
2211570,6.0,6.0
2211660,10.0,10.0
2211730,378.0,388.0
2211780,1.0,1.0
2211790,9.0,9.0
2211800,16.0,18.0
2211880,2.0,2.0
2211960,4.0,4.0
2211970,9.0,11.0
2212110,275.0,311.0
2212250,1.0,1.0
2212280,1.0,1.0
2212330,24825.0,25746.0
2212370,12.0,13.0
2212390,31.0,41.0
2212490,2.0,2.0
2212500,22.0,22.0
2212520,9.0,9.0
2212560,4.0,4.0
2212600,4.0,4.0
2212740,1.0,1.0
2212810,4.0,4.0
2212830,12.0,12.0
2212850,1.0,1.0
2212880,4.0,4.0
2213120,75.0,78.0
2213200,12.0,15.0
2213260,1.0,1.0
2213300,218.0,281.0
2213340,26.0,27.0
2213410,8.0,8.0
2213430,36.0,36.0
2213450,16.0,16.0
2213460,7.0,7.0
2213500,99.0,106.0
2213600,12.0,14.0
2213610,1.0,1.0
2213640,8.0,9.0
2213650,3.0,3.0
2213730,2.0,2.0
2213770,48.0,50.0
2213790,1.0,1.0
2213850,13.0,13.0
2213890,1.0,1.0
2213910,8.0,10.0
2213980,28.0,34.0
2214000,103.0,125.0
2214030,9.0,9.0
2214120,17.0,22.0
2214140,10.0,11.0
2214150,12.0,13.0
2214160,2.0,2.0
2214260,7.0,8.0
2214480,3.0,3.0
2214500,666.0,765.0
2214510,2.0,2.0
2214650,7.0,7.0
2214840,44.0,44.0
2214860,1.0,1.0
2214880,290.0,330.0
2214890,28.0,33.0
2214940,2.0,2.0
2214950,169.0,183.0
2214970,4.0,5.0
2215020,1.0,1.0
2215060,38.0,46.0
2215080,10.0,13.0
2215190,14.0,15.0
2215220,19.0,22.0
2215270,202.0,228.0
2215290,154.0,167.0
2215340,12.0,12.0
2215430,41130.0,44381.0
2215500,16.0,16.0
2215540,76.0,85.0
2215570,24.0,24.0
2215590,3.0,3.0
2215650,77.0,95.0
2215670,2.0,2.0
2215690,110.0,125.0
2215780,8.0,8.0
2215980,4.0,5.0
2216010,1.0,1.0
2216040,278.0,284.0
2216060,12.0,12.0
2216090,30.0,35.0
2216110,63.0,74.0
2216120,134.0,135.0
2216130,1018.0,1130.0
2216150,38.0,38.0
2216180,43.0,49.0
2216320,8.0,8.0
2216360,504.0,606.0
2216370,11.0,11.0
2216430,7.0,7.0
2216440,1.0,1.0
2216560,1.0,1.0
2216650,4.0,5.0
2216660,220.0,249.0
2216770,126.0,146.0
2216860,20.0,23.0
2216960,164.0,178.0
2216980,8.0,8.0
2217000,707.0,785.0
2217060,5.0,5.0
2217210,49.0,53.0
2217420,54.0,63.0
2217440,77.0,79.0
2217450,13.0,16.0
2217540,3.0,3.0
2217560,19.0,19.0
2217580,564.0,600.0
2217590,19.0,25.0
2217680,76.0,78.0
2217740,72.0,83.0
2217800,2.0,2.0
2217810,168.0,209.0
2217910,26.0,27.0
2218030,19.0,19.0
2218090,93.0,104.0
2218120,12.0,12.0
2218210,49.0,64.0
2218260,226.0,238.0
2218320,4.0,4.0
2218400,1877.0,2175.0
2218420,49.0,56.0
2218430,2.0,2.0
2218440,30.0,36.0
2218460,32.0,36.0
2218510,13.0,13.0
2218560,102.0,110.0
2218620,12.0,14.0
2218630,3.0,3.0
2218720,14.0,14.0
2218750,23842.0,24864.0
2218830,1.0,1.0
2218840,7.0,7.0
2218850,10.0,11.0
2218890,3.0,3.0
2218930,127.0,143.0
2218970,186.0,208.0
2218980,38.0,44.0
2218990,1.0,1.0
2219000,37.0,41.0
2219010,1.0,1.0
2219020,2.0,2.0
2219140,3.0,3.0
2219160,1.0,1.0
2219180,117.0,127.0
2219190,67.0,71.0
2219210,399.0,413.0
2219240,20.0,21.0
2219280,4.0,4.0
2219360,1.0,1.0
2219370,10.0,11.0
2219410,22.0,28.0
2219470,1178.0,1243.0
2219480,1.0,1.0
2219520,78.0,82.0
2219530,1.0,1.0
2219580,33.0,37.0
2219640,10.0,12.0
2219810,62.0,71.0
2219820,137.0,176.0
2219830,5.0,5.0
2219840,2.0,2.0
2219880,13.0,14.0
2219930,1.0,1.0
2219970,139.0,163.0
2220050,1.0,1.0
2220060,4.0,4.0
2220070,31.0,38.0
2220100,1.0,1.0
2220110,30.0,35.0
2220170,201.0,222.0
2220260,1.0,1.0
2220280,22.0,25.0
2220320,14.0,16.0
2220360,4369.0,4406.0
2220390,6.0,7.0
2220430,70.0,77.0
2220450,8.0,9.0
2220480,74.0,84.0
2220590,5.0,6.0
2220660,59.0,77.0
2220690,21.0,23.0
2220750,3.0,3.0
2220870,150.0,164.0
2221130,5.0,5.0
2221150,7.0,8.0
2221190,4.0,4.0
2221230,6.0,7.0
2221260,13.0,15.0
2221540,12.0,15.0
2221620,3.0,3.0
2221630,3.0,3.0
2221740,13.0,14.0
2221750,13.0,15.0
2221790,8.0,8.0
2221820,46.0,57.0
2221840,158.0,174.0
2221910,5.0,5.0
2221980,38.0,44.0
2221990,10.0,11.0
2222150,5.0,5.0
2222160,9.0,10.0
2222200,118.0,128.0
2222220,7.0,7.0
2222250,7.0,8.0
2222260,28.0,32.0
2222310,12.0,13.0
2222330,93.0,117.0
2222400,1.0,1.0
2222420,1.0,1.0
2222480,10.0,10.0
2222530,4.0,4.0
2222540,342.0,350.0
2222680,38.0,40.0
2222710,23.0,23.0
2222750,20.0,26.0
2222770,26.0,28.0
2222830,11.0,11.0
2222850,55.0,67.0
2222860,15.0,15.0
2222870,12.0,12.0
2222890,8.0,8.0
2222910,49.0,53.0
2222930,10.0,12.0
2222950,20.0,20.0
2222970,83.0,86.0
2223000,2.0,2.0
2223020,46.0,49.0
2223130,36.0,40.0
2223170,9.0,11.0
2223220,5.0,6.0
2223230,6.0,7.0
2223360,5.0,5.0
2223380,16.0,17.0
2223440,4.0,4.0
2223550,4.0,4.0
2223590,333.0,373.0
2223700,776.0,806.0
2223810,84.0,91.0
2223820,32.0,34.0
2224020,23.0,28.0
2224030,74.0,84.0
2224160,22.0,23.0
2224260,9.0,11.0
2224350,14.0,15.0
2224400,20.0,21.0
2224440,6.0,6.0
2224520,1.0,1.0
2224610,244.0,301.0
2224640,1591.0,1761.0
2224660,12.0,15.0
2224760,9.0,10.0
2224790,55.0,58.0
2224830,2.0,2.0
2224850,1265.0,1340.0
2224860,62.0,67.0
2224910,9.0,10.0
2224970,1.0,1.0
2224990,1.0,1.0
2225010,50.0,52.0
2225070,9904.0,13081.0
2225080,12.0,12.0
2225130,12.0,14.0
2225210,21.0,24.0
2225250,74.0,76.0
2225290,4.0,4.0
2225370,1.0,1.0
2225430,17.0,18.0
2225450,3.0,3.0
2225460,4.0,4.0
2225480,99.0,112.0
2225530,183.0,197.0
2225560,2.0,2.0
2225600,8.0,8.0
2225610,86.0,113.0
2225680,4.0,4.0
2225730,2.0,2.0
2225800,18.0,19.0
2225830,59.0,62.0
2225870,39.0,40.0
2226000,7.0,8.0
2226030,9.0,11.0
2226080,8.0,8.0
2226100,12.0,15.0
2226110,8.0,8.0
2226140,8.0,8.0
2226160,142.0,151.0
2226340,3.0,3.0
2226350,6.0,6.0
2226440,30.0,38.0
2226470,10.0,12.0
2226480,10.0,13.0
2226550,9.0,11.0
2226610,19.0,22.0
2226640,88.0,105.0
2226660,38.0,41.0
2226700,797.0,989.0
2226750,52.0,62.0
2226780,57.0,61.0
2226800,27.0,31.0
2226810,19.0,20.0
2226830,1.0,1.0
2226840,1.0,1.0
2226870,576.0,583.0
2226890,35.0,40.0
2226930,2.0,2.0
2226960,3.0,3.0
2226980,20.0,23.0
2226990,14.0,16.0
2227030,83.0,86.0
2227070,1.0,1.0
2227130,309.0,327.0
2227150,71.0,74.0
2227220,16.0,20.0
2227290,4.0,4.0
2227420,4.0,4.0
2227450,187.0,199.0
2227490,5.0,5.0
2227500,1.0,1.0
2227520,5.0,5.0
2227630,17.0,22.0
2227660,1.0,1.0
2227690,4.0,4.0
2227700,1.0,1.0
2227710,1.0,1.0
2227860,89.0,112.0
2227960,6.0,6.0
2228010,67.0,78.0
2228040,16.0,17.0
2228100,2.0,2.0
2228120,2.0,2.0
2228140,63.0,65.0
2228150,2.0,2.0
2228210,75.0,82.0
2228280,823.0,1003.0
2228320,4.0,4.0
2228340,12.0,15.0
2228350,23.0,23.0
2228390,65.0,79.0
2228400,8.0,10.0
2228430,15.0,19.0
2229160,13.0,13.0
2229250,8.0,8.0
2229320,18.0,19.0
2229350,132.0,150.0
2229470,2.0,2.0
2229480,75.0,97.0
2229490,26.0,30.0
2229560,424.0,466.0
2229590,6.0,6.0
2229670,3.0,3.0
2229690,1.0,1.0
2229830,161.0,196.0
2229840,131.0,154.0
2229850,4761.0,5190.0
2229860,1.0,1.0
2229870,850.0,987.0
2229880,573.0,650.0
2229890,385.0,454.0
2229920,64.0,75.0
2229990,439.0,486.0
2230000,23.0,26.0
2230030,10.0,10.0
2230040,1.0,1.0
2230050,1.0,1.0
2230060,6.0,6.0
2230070,244.0,288.0
2230080,37.0,44.0
2230110,2224.0,2736.0
2230180,12.0,15.0
2230210,28.0,31.0
2230220,65.0,82.0
2230280,1809.0,1913.0
2230290,20.0,20.0
2230540,38.0,43.0
2230560,11.0,14.0
2230590,41.0,54.0
2230600,2.0,2.0
2230620,2.0,2.0
2230630,13.0,13.0
2230650,2687.0,3012.0
2230660,2.0,2.0
2230680,6.0,6.0
2230800,18.0,22.0
2230980,1175.0,1542.0
2230990,21.0,26.0
2231000,2.0,2.0
2231010,540.0,667.0
2231040,95.0,96.0
2231060,49.0,53.0
2231080,15.0,15.0
2231170,18.0,19.0
2231230,18.0,18.0
2231280,1.0,1.0
2231310,3.0,3.0
2231450,60887.0,61863.0
2231490,2.0,2.0
2231520,7.0,7.0
2231550,29.0,32.0
2231560,32.0,42.0
2231580,1.0,1.0
2231630,6.0,7.0
2231700,1.0,1.0
2231770,195.0,207.0
2231790,56.0,68.0
2231800,3.0,3.0
2231850,28.0,29.0
2231870,25.0,30.0
2231890,1312.0,1341.0
2231900,85.0,87.0
2231910,5.0,5.0
2231920,59.0,63.0
2232040,1.0,1.0
2232060,35.0,43.0
2232100,12.0,14.0
2232110,13.0,13.0
2232200,86.0,97.0
2232290,35.0,42.0
2232320,57.0,67.0
2232600,399.0,438.0
2232650,43.0,50.0
2232680,2.0,2.0
2232800,1.0,1.0
2232950,39.0,49.0
2233040,12.0,14.0
2233060,4.0,4.0
2233120,472.0,626.0
2233140,4.0,4.0
2233220,38.0,41.0
2233270,5.0,5.0
2233300,5.0,6.0
2233320,3.0,3.0
2233360,34.0,36.0
2233370,2.0,2.0
2233500,121.0,128.0
2233580,8.0,10.0
2233700,12.0,14.0
2233730,13.0,13.0
2233770,97.0,97.0
2233830,1.0,1.0
2233850,89.0,111.0
2233860,4.0,4.0
2233870,53.0,67.0
2233890,19.0,25.0
2233980,30.0,38.0
2234000,11.0,12.0
2234060,73.0,84.0
2234080,1.0,1.0
2234100,3.0,3.0
2234150,266.0,321.0
2234190,5.0,6.0
2234200,90.0,115.0
2234320,6.0,6.0
2234420,14.0,14.0
2234470,19.0,20.0
2234500,111.0,142.0
2234600,116.0,126.0
2234640,37.0,39.0
2234720,1.0,1.0
2234770,44.0,50.0
2234800,182.0,188.0
2234820,4.0,5.0
2234920,9.0,10.0
2234930,12.0,12.0
2234960,97.0,97.0
2235000,1.0,1.0
2235020,491.0,556.0
2235090,23.0,26.0
2235150,109.0,138.0
2235210,5.0,5.0
2235230,1.0,1.0
2235240,896.0,964.0
2235340,34.0,41.0
2235350,20.0,22.0
2235440,45.0,52.0
2235500,122.0,151.0
2235530,17.0,19.0
2235670,8.0,8.0
2235790,48.0,61.0
2235810,31.0,31.0
2235820,82.0,95.0
2236070,1651.0,1684.0
2236230,7.0,8.0
2236250,3.0,3.0
2236490,19.0,20.0
2236680,51.0,56.0
2236790,5.0,6.0
2236860,138.0,150.0
2236880,174.0,192.0
2236900,45.0,48.0
2236920,95.0,114.0
2236930,10.0,12.0
2237000,4.0,5.0
2237010,7.0,9.0
2237120,8.0,9.0
2237190,12.0,15.0
2237200,13.0,15.0
2237240,1.0,1.0
2237270,1.0,1.0
2237350,25.0,25.0
2237370,5.0,6.0
2237440,2.0,2.0
2237510,7.0,9.0
2237570,61.0,62.0
2237690,44.0,47.0
2237720,6.0,6.0
2237760,1.0,1.0
2237940,55.0,65.0
2237970,2225.0,2340.0
2237980,4600.0,4723.0
2238010,8.0,8.0
2238030,2.0,2.0
2238040,772.0,795.0
2238070,7.0,7.0
2238180,157.0,198.0
2238210,14.0,14.0
2238260,3.0,3.0
2238290,1.0,1.0
2238310,50.0,59.0
2238360,14.0,14.0
2238440,38.0,39.0
2238450,5.0,5.0
2238630,161.0,188.0
2238690,18.0,20.0
2238710,26.0,32.0
2238750,56.0,70.0
2238810,1.0,1.0
2238830,1.0,1.0
2238860,2.0,2.0
2238900,2904.0,3053.0
2238990,4.0,4.0
2239000,36.0,46.0
2239030,4.0,4.0
2239060,4.0,5.0
2239110,2.0,2.0
2239140,3312.0,3760.0
2239150,15691.0,16228.0
2239200,6.0,6.0
2239340,16.0,19.0
2239360,13.0,13.0
2239450,2.0,2.0
2239470,2.0,2.0
2239520,77.0,86.0
2239650,11.0,11.0
2239730,5.0,5.0
2239800,14.0,14.0
2239820,53.0,66.0
2239870,4.0,5.0
2239950,1.0,1.0
2239960,2.0,2.0
2240090,11.0,14.0
2240140,2.0,2.0
2240150,390.0,407.0
2240200,27.0,34.0
2240220,56.0,62.0
2240300,6.0,7.0
2240410,12.0,13.0
2240430,13.0,13.0
2240440,4.0,4.0
2240470,5.0,5.0
2240530,5222.0,5343.0
2240560,73.0,75.0
2240600,4.0,4.0
2240630,15.0,17.0
2240660,22.0,22.0
2240690,6.0,6.0
2240700,12.0,15.0
2240780,4.0,4.0
2240790,826.0,878.0
2240900,6.0,6.0
2241190,54.0,56.0
2241200,36.0,37.0
2241220,6.0,6.0
2241390,51.0,57.0
2241410,13.0,16.0
2241500,4.0,4.0
2241540,1.0,1.0
2241570,327.0,416.0
2241580,29.0,29.0
2241590,3.0,3.0
2241630,22.0,24.0
2241710,1.0,1.0
2241760,15.0,17.0
2241800,22.0,23.0
2241920,10.0,10.0
2241970,31.0,39.0
2241980,49.0,49.0
2241990,3.0,3.0
2242010,1.0,1.0
2242130,1.0,1.0
2242220,59.0,65.0
2242310,36.0,39.0
2242320,65.0,70.0
2242420,38.0,44.0
2242500,5.0,5.0
2242550,4.0,4.0
2242600,7.0,9.0
2242610,8.0,9.0
2242620,6.0,6.0
2242710,1212.0,1324.0
2242760,1311.0,1676.0
2242810,17.0,17.0
2242820,16.0,19.0
2242890,4.0,4.0
2242950,1.0,1.0
2242980,15.0,19.0
2243000,3.0,3.0
2243030,2.0,2.0
2243040,42.0,49.0
2243050,13.0,16.0
2243110,449.0,501.0
2243130,1.0,1.0
2243250,104.0,108.0
2243370,2.0,2.0
2243420,3.0,3.0
2243480,1.0,1.0
2243490,26.0,32.0
2243510,10.0,10.0
2243550,13.0,14.0
2243560,116.0,125.0
2243570,34.0,45.0
2243580,38.0,38.0
2243660,3.0,3.0
2243670,65.0,69.0
2243710,513.0,538.0
2243860,1.0,1.0
2243880,11.0,11.0
2243920,43.0,54.0
2243950,37.0,39.0
2243980,13.0,17.0
2244020,1.0,1.0
2244050,4.0,4.0
2244110,35.0,40.0
2244130,2348.0,2663.0
2244150,26.0,31.0
2244160,55.0,63.0
2244320,62.0,66.0
2244360,1.0,1.0
2244400,6.0,7.0
2244440,2.0,2.0
2244500,1.0,1.0
2244550,15.0,18.0
2244570,4.0,4.0
2244620,10.0,10.0
2244630,71.0,79.0
2244640,41.0,44.0
2244690,28.0,30.0
2244770,12.0,13.0
2244800,52.0,66.0
2244830,10.0,10.0
2244880,71.0,79.0
2244890,8.0,9.0
2244970,36.0,39.0
2245040,1.0,1.0
2245090,119.0,158.0
2245270,60.0,64.0
2245300,2.0,2.0
2245310,5.0,5.0
2245320,2.0,2.0
2245450,2.0,2.0
2245460,44.0,50.0
2245490,8.0,10.0
2245590,30.0,37.0
2245670,3.0,3.0
2245730,16.0,16.0
2245890,260.0,274.0
2245900,4.0,5.0
2246010,3.0,3.0
2246070,1.0,1.0
2246110,312.0,367.0
2246120,312.0,329.0
2246230,1.0,1.0
2246300,631.0,799.0
2246330,15.0,17.0
2246400,87.0,91.0
2246490,22.0,23.0
2246640,31.0,36.0
2246650,14.0,18.0
2246700,141.0,145.0
2246710,3.0,3.0
2246740,21.0,21.0
2246810,1.0,1.0
2246820,2.0,2.0
2246880,1437.0,1569.0
2246940,8.0,10.0
2247080,4.0,4.0
2247170,85.0,103.0
2247410,1.0,1.0
2247450,5.0,5.0
2247610,12.0,13.0
2247630,4.0,5.0
2247640,78.0,94.0
2247680,28.0,34.0
2247760,57.0,69.0
2247790,18.0,22.0
2247810,30.0,32.0
2247820,159.0,202.0
2247850,10.0,13.0
2248020,2.0,2.0
2248120,83.0,98.0
2248130,4.0,4.0
2248180,389.0,453.0
2248190,5.0,5.0
2248220,7.0,7.0
2248350,10.0,12.0
2248370,1.0,1.0
2248380,6.0,7.0
2248400,51.0,57.0
2248420,5.0,6.0
2248430,754.0,768.0
2248540,1.0,1.0
2248570,19.0,20.0
2248580,39.0,48.0
2248590,2.0,2.0
2248760,12680.0,14710.0
2248820,49.0,61.0
2248830,11.0,11.0
2248900,112.0,130.0
2248950,812.0,889.0
2249000,1.0,1.0
2249040,75.0,83.0
2249080,1.0,1.0
2249120,7.0,7.0
2249160,2041.0,2318.0
2249210,64.0,84.0
2249440,29.0,30.0
2249450,43.0,45.0
2249510,10.0,10.0
2249590,8.0,9.0
2249610,2.0,2.0
2249690,4.0,4.0
2249700,50.0,61.0
2249730,4.0,4.0
2249830,239.0,268.0
2249850,124.0,126.0
2249890,14.0,17.0
2249950,56.0,69.0
2249970,8.0,9.0
2250010,1.0,1.0
2250040,4898.0,5456.0
2250060,4126.0,4249.0
2250090,2618.0,3048.0
2250170,21.0,22.0
2250190,1.0,1.0
2250270,17.0,19.0
2250290,6.0,6.0
2250340,80.0,82.0
2250370,7.0,8.0
2250400,7.0,7.0
2250410,7.0,9.0
2250470,31.0,39.0
2250520,10.0,10.0
2250550,169.0,205.0
2250590,42.0,45.0
2250600,632.0,754.0
2250690,38.0,42.0
2250710,16.0,17.0
2250780,1.0,1.0
2250790,24.0,26.0
2250820,19.0,25.0
2250830,1.0,1.0
2250850,3.0,3.0
2250870,5.0,5.0
2251010,399.0,437.0
2251030,2.0,2.0
2251040,42.0,47.0
2251070,8.0,8.0
2251080,27.0,27.0
2251180,9.0,9.0
2251340,28.0,31.0
2251380,207.0,240.0
2251420,29.0,37.0
2251500,9.0,9.0
2251510,52.0,60.0
2251540,40.0,45.0
2251580,142.0,151.0
2251620,217.0,242.0
2251630,3.0,3.0
2251660,8.0,9.0
2251670,5.0,6.0
2251810,33.0,37.0
2251850,8.0,9.0
2251930,8.0,10.0
2252010,4.0,5.0
2252070,72.0,82.0
2252190,14.0,17.0
2252310,8.0,9.0
2252360,20.0,24.0
2252440,4.0,4.0
2252520,9.0,11.0
2252530,3.0,3.0
2252550,55.0,56.0
2252570,15954.0,17583.0
2252680,1122.0,1189.0
2252760,1.0,1.0
2252790,19.0,22.0
2252820,361.0,423.0
2252850,60.0,72.0
2252870,2.0,2.0
2252900,1.0,1.0
2252940,1.0,1.0
2252960,331.0,376.0
2252970,8.0,9.0
2253080,12.0,13.0
2253110,4.0,4.0
2253200,49.0,53.0
2253290,30.0,39.0
2253360,6.0,6.0
2253370,19.0,24.0
2253460,103.0,110.0
2253470,332.0,402.0
2253510,15.0,17.0
2253560,4.0,5.0
2253710,11.0,13.0
2253720,552.0,688.0
2253730,39.0,41.0
2253770,9.0,10.0
2253780,1.0,1.0
2253930,23.0,24.0
2253940,2.0,2.0
2253960,2.0,2.0
2254020,5.0,5.0
2254030,84.0,99.0
2254110,11.0,11.0
2254140,15.0,16.0
2254200,3.0,3.0
2254210,99.0,109.0
2254480,1.0,1.0
2254490,213.0,229.0
2254540,2.0,2.0
2254600,73.0,78.0
2254670,13.0,14.0
2254710,164.0,188.0
2254750,39.0,51.0
2254780,11.0,12.0
2254890,1319.0,1570.0
2254900,18.0,20.0
2254910,192.0,233.0
2255020,2.0,2.0
2255050,7.0,7.0
2255080,11.0,14.0
2255120,54.0,59.0
2255150,3.0,3.0
2255200,6.0,6.0
2255290,34.0,36.0
2255310,9.0,9.0
2255350,14.0,15.0
2255530,44.0,55.0
2255630,13.0,14.0
2255730,18.0,21.0
2255950,18.0,22.0
2255970,61.0,67.0
2255980,6.0,6.0
2256100,13.0,13.0
2256110,11.0,12.0
2256160,6.0,7.0
2256190,4.0,5.0
2256200,5.0,5.0
2256220,1.0,1.0
2256230,63.0,78.0
2256280,13.0,15.0
2256290,4.0,5.0
2256360,42.0,45.0
2256430,2.0,2.0
2256520,2.0,2.0
2256550,5.0,5.0
2256600,30.0,30.0
2256650,5.0,5.0
2256760,9.0,9.0
2256780,65.0,80.0
2256810,34.0,36.0
2256860,2.0,2.0
2256880,13.0,13.0
2256900,22.0,22.0
2256920,17.0,20.0
2256950,14.0,14.0
2256970,20.0,20.0
2257030,3.0,3.0
2257040,1.0,1.0
2257050,10.0,12.0
2257060,11.0,12.0
2257100,19.0,19.0
2257110,6.0,6.0
2257120,7.0,8.0
2257140,2.0,2.0
2257360,15.0,15.0
2257380,7.0,8.0
2257410,21.0,23.0
2257460,317.0,359.0
2257560,11.0,13.0
2257580,6.0,7.0
2257630,3.0,3.0
2257650,1.0,1.0
2257680,11.0,12.0
2257720,159.0,191.0
2257740,4.0,5.0
2257790,11.0,14.0
2257840,45.0,46.0
2257870,4.0,5.0
2258010,51.0,60.0
2258030,2.0,2.0
2258040,8.0,9.0
2258090,48.0,48.0
2258110,19.0,23.0
2258240,26.0,26.0
2258260,28.0,29.0
2258290,125.0,145.0
2258300,13.0,15.0
2258350,56.0,68.0
2258380,13.0,13.0
2258420,2.0,2.0
2258500,421.0,478.0
2258580,45.0,49.0
2258590,379.0,457.0
2258670,68.0,70.0
2258770,719.0,777.0
2258890,702.0,792.0
2258910,24.0,28.0
2258940,470.0,531.0
2259060,7.0,8.0
2259080,4.0,5.0
2259130,34.0,37.0
2259140,19.0,22.0
2259180,64.0,68.0
2259210,241.0,305.0
2259230,19.0,19.0
2259290,4.0,5.0
2259300,42.0,44.0
2259320,13.0,16.0
2259340,21.0,25.0
2259360,5.0,5.0
2259530,26.0,27.0
2259690,1.0,1.0
2259720,3.0,3.0
2259730,7.0,9.0
2259740,66.0,69.0
2259760,1.0,1.0
2259990,14.0,16.0
2260050,10.0,11.0
2260100,16.0,19.0
2260230,20.0,21.0
2260360,5.0,5.0
2260530,296.0,300.0
2260540,20.0,20.0
2260650,12.0,13.0
2260700,5.0,6.0
2260750,72.0,78.0
2260800,174.0,203.0
2260930,89.0,100.0
2261040,4.0,4.0
2261050,656.0,764.0
2261090,33.0,38.0
2261120,18.0,19.0
2261240,125.0,134.0
2261280,2.0,2.0
2261290,5.0,6.0
2261350,66.0,68.0
2261390,9.0,10.0
2261420,1.0,1.0
2261440,2.0,2.0
2261640,36.0,39.0
2261650,36.0,43.0
2261680,12.0,14.0
2261720,8.0,8.0
2261750,30.0,39.0
2261920,10.0,11.0
2261930,7.0,9.0
2262070,19.0,24.0
2262080,287.0,337.0
2262180,9.0,9.0
2262190,20.0,22.0
2262210,1.0,1.0
2262220,133.0,142.0
2262240,10.0,12.0
2262330,11.0,12.0
2262450,4.0,5.0
2262480,2.0,2.0
2262610,1219.0,1230.0
2262620,12.0,13.0
2262680,1.0,1.0
2262690,14.0,14.0
2262740,1.0,1.0
2262790,6.0,6.0
2262930,281.0,288.0
2262960,20.0,25.0
2262970,232.0,247.0
2262980,14.0,15.0
2263010,22398.0,22878.0
2263040,1.0,1.0
2263160,31.0,36.0
2263170,22.0,28.0
2263220,11.0,11.0
2263240,1.0,1.0
2263260,9.0,9.0
2263330,4.0,5.0
2263480,6.0,6.0
2263510,100.0,111.0
2263700,6.0,7.0
2263710,35.0,37.0
2263860,25.0,26.0
2263920,209.0,226.0
2263950,1.0,1.0
2263980,59.0,69.0
2264010,4.0,4.0
2264020,167.0,186.0
2264070,97.0,99.0
2264190,7.0,9.0
2264200,5.0,5.0
2264210,7.0,7.0
2264240,3.0,3.0
2264300,2.0,2.0
2264310,91.0,104.0
2264370,3.0,3.0
2264420,4.0,4.0
2264430,1.0,1.0
2264440,1.0,1.0
2264470,30.0,30.0
2264490,7.0,9.0
2264500,5.0,6.0
2264550,11.0,11.0
2264600,6.0,7.0
2264700,10.0,10.0
2264730,47.0,52.0
2264740,4.0,4.0
2264770,2.0,2.0
2264890,1.0,1.0
2264930,43.0,49.0
2264950,4.0,4.0
2264990,5.0,6.0
2265010,1.0,1.0
2265040,14.0,17.0
2265160,32.0,36.0
2265190,24.0,25.0
2265210,46.0,54.0
2265230,3.0,3.0
2265270,5.0,5.0
2265290,4.0,5.0
2265310,160.0,162.0
2265320,7.0,8.0
2265440,11.0,11.0
2265450,17.0,20.0
2265520,12.0,12.0
2265530,13.0,13.0
2265610,39.0,40.0
2265650,2.0,2.0
2265680,32.0,34.0
2265750,3.0,3.0
2265780,1.0,1.0
2265950,3.0,3.0
2266010,2.0,2.0
2266130,10.0,10.0
2266160,41.0,49.0
2266190,22.0,22.0
2266200,17.0,19.0
2266260,2.0,2.0
2266270,10.0,10.0
2266320,67.0,73.0
2266370,7.0,8.0
2266400,10.0,11.0
2266570,11.0,13.0
2266580,58.0,66.0
2266640,7.0,7.0
2266650,2.0,2.0
2266740,23.0,23.0
2266760,1.0,1.0
2266790,1.0,1.0
2266820,677.0,694.0
2266850,92.0,104.0
2266930,139.0,166.0
2266940,175.0,197.0
2266980,2.0,2.0
2267040,3.0,3.0
2267070,20.0,20.0
2267120,2.0,2.0
2267170,7.0,7.0
2267220,5.0,5.0
2267290,21.0,26.0
2267310,2.0,2.0
2267320,5.0,6.0
2267340,4.0,5.0
2267480,1.0,1.0
2267500,1.0,1.0
2267560,1.0,1.0
2267570,1.0,1.0
2267600,1.0,1.0
2267750,3.0,3.0
2267770,15.0,16.0
2267800,8.0,9.0
2267810,911.0,970.0
2267930,41.0,49.0
2267940,1.0,1.0
2267950,17.0,20.0
2267990,24.0,25.0
2268000,2.0,2.0
2268040,21.0,21.0
2268250,4.0,5.0
2268310,4.0,4.0
2268360,3.0,3.0
2268470,502.0,519.0
2268720,7.0,8.0
2268780,1.0,1.0
2268800,28.0,33.0
2268960,10.0,10.0
2269010,8.0,9.0
2269130,6.0,6.0
2269170,8.0,8.0
2269280,33.0,33.0
2269290,6.0,7.0
2269310,4.0,4.0
2269380,22.0,22.0
2269420,4.0,4.0
2269450,62.0,64.0
2269460,50.0,58.0
2269530,27.0,28.0
2269580,12.0,12.0
2269650,1.0,1.0
2269690,4.0,5.0
2269720,3.0,3.0
2269730,37.0,45.0
2269750,109.0,118.0
2269860,257.0,259.0
2269880,6.0,7.0
2269890,1.0,1.0
2269980,45.0,50.0
2270020,30.0,32.0
2270130,291.0,369.0
2270200,8.0,9.0
2270210,308.0,338.0
2270320,23.0,25.0
2270370,4.0,4.0
2270400,4.0,5.0
2270410,12.0,14.0
2270420,24.0,30.0
2270460,3.0,3.0
2270530,84.0,91.0
2270550,19.0,19.0
2270570,1.0,1.0
2270600,373.0,445.0
2270640,4.0,4.0
2270750,405.0,409.0
2270930,16.0,21.0
2270960,3.0,3.0
2271000,35.0,37.0
2271030,25.0,28.0
2271040,17.0,18.0
2271060,14.0,15.0
2271100,1.0,1.0
2271120,4.0,4.0
2271140,4.0,5.0
2271190,21.0,23.0
2271200,28.0,32.0
2271300,12.0,12.0
2271380,2.0,2.0
2271490,21.0,21.0
2271500,12.0,14.0
2271520,37.0,43.0
2271530,113.0,134.0
2271560,100.0,105.0
2271590,97.0,104.0
2271740,2.0,2.0
2271750,159.0,210.0
2271940,26.0,31.0
2272040,1.0,1.0
2272050,242.0,288.0
2272090,78.0,83.0
2272120,16.0,17.0
2272190,23.0,29.0
2272250,504.0,586.0
2272260,1.0,1.0
2272290,16.0,16.0
2272400,1072.0,1191.0
2272420,1331.0,1570.0
2272430,15.0,16.0
2272470,2.0,2.0
2272480,5.0,5.0
2272560,3.0,3.0
2272640,5.0,5.0
2272710,35.0,42.0
2272770,50.0,52.0
2272850,31.0,33.0
2272870,10.0,13.0
2272880,12.0,13.0
2272970,73.0,77.0
2273050,25.0,26.0
2273210,3.0,3.0
2273390,5.0,5.0
2273420,4483.0,4748.0
2273430,21907.0,23190.0
2273440,19.0,22.0
2273460,4.0,5.0
2273470,267.0,341.0
2273500,25.0,29.0
2273510,14.0,16.0
2273550,1102.0,1218.0
2273630,7.0,7.0
2273790,2.0,2.0
2273820,3.0,3.0
2273990,8.0,8.0
2274010,4.0,4.0
2274070,1.0,1.0
2274110,503.0,518.0
2274120,674.0,712.0
2274250,21.0,21.0
2274280,3.0,3.0
2274340,5.0,6.0
2274410,132.0,134.0
2274420,5.0,5.0
2274430,111.0,115.0
2274460,12.0,14.0
2274480,136.0,146.0
2274500,76.0,97.0
2274510,203.0,267.0
2274530,46.0,49.0
2274550,19.0,20.0
2274560,5.0,6.0
2274580,11.0,11.0
2274610,7.0,7.0
2274700,18.0,20.0
2274820,29.0,30.0
2274850,10.0,11.0
2274980,680.0,731.0
2275030,34.0,36.0
2275070,7.0,8.0
2275120,2.0,2.0
2275130,1.0,1.0
2275150,921.0,952.0
2275220,18.0,18.0
2275420,36.0,39.0
2275610,6.0,6.0
2275640,13.0,16.0
2275650,14.0,14.0
2275680,1.0,1.0
2275710,37.0,43.0
2275820,38.0,40.0
2275920,3.0,3.0
2275960,6.0,6.0
2275990,9.0,11.0
2276080,8.0,8.0
2276100,1.0,1.0
2276110,28.0,29.0
2276230,6.0,6.0
2276400,1.0,1.0
2276420,171.0,197.0
2276540,4.0,5.0
2276550,10.0,12.0
2276740,6.0,7.0
2276830,207.0,227.0
2276850,199.0,232.0
2276930,5192.0,5588.0
2276960,19.0,19.0
2277050,18.0,21.0
2277090,1.0,1.0
2277110,41.0,42.0
2277300,133.0,165.0
2277310,12.0,13.0
2277320,708.0,903.0
2277350,15.0,17.0
2277360,1.0,1.0
2277670,25.0,32.0
2277710,1.0,1.0
2277740,18.0,19.0
2277760,2.0,2.0
2277770,2.0,2.0
2277780,40.0,42.0
2277790,5.0,6.0
2277840,14.0,18.0
2277910,10.0,10.0
2277950,4.0,4.0
2277960,27.0,30.0
2278000,5.0,5.0
2278010,132.0,135.0
2278220,32.0,34.0
2278300,20.0,20.0
2278380,2.0,2.0
2278390,52.0,63.0
2278480,23.0,24.0
2278550,36.0,46.0
2278600,7.0,8.0
2278630,133.0,149.0
2278640,25.0,32.0
2278780,25.0,31.0
2278790,110.0,113.0
2278820,10.0,12.0
2278830,199.0,218.0
2278940,22.0,22.0
2279060,11.0,11.0
2279220,20.0,21.0
2279310,64.0,67.0
2279330,331.0,359.0
2279350,4.0,5.0
2279370,7.0,7.0
2279390,102.0,134.0
2279450,18.0,18.0
2279510,936.0,1188.0
2279530,8.0,8.0
2279550,32.0,42.0
2279600,235.0,263.0
2279640,1.0,1.0
2279700,21.0,26.0
2279710,61.0,62.0
2279870,5.0,5.0
2279940,3.0,3.0
2279960,10.0,11.0
2280020,18.0,20.0
2280060,91.0,103.0
2280200,49.0,54.0
2280370,16.0,16.0
2280390,148.0,189.0
2280440,103.0,113.0
2280460,6.0,7.0
2280510,33.0,36.0
2280520,650.0,696.0
2280540,274.0,321.0
2280550,6.0,6.0
2280670,11.0,11.0
2280740,3.0,3.0
2280810,17.0,17.0
2280890,5.0,5.0
2280910,13.0,14.0
2280970,13.0,13.0
2281070,3.0,3.0
2281300,25.0,32.0
2281330,1.0,1.0
2281340,2.0,2.0
2281360,398.0,441.0
2281390,12.0,12.0
2281410,1008.0,1118.0
2281470,10.0,12.0
2281480,171.0,206.0
2281520,2.0,2.0
2281610,59.0,70.0
2281650,385.0,511.0
2281700,5.0,6.0
2281730,32887.0,37334.0
2281820,259.0,338.0
2281830,15.0,16.0
2281860,43.0,56.0
2281940,209.0,251.0
2281990,1.0,1.0
2282010,2.0,2.0
2282110,7.0,9.0
2282200,16.0,18.0
2282400,25.0,26.0
2282410,29.0,34.0
2282480,418.0,493.0
2282620,3.0,3.0
2282650,8.0,8.0
2282690,8.0,10.0
2282700,9.0,10.0
2282740,36.0,38.0
2282780,12.0,12.0
2282900,5.0,5.0
2282910,1.0,1.0
2283170,1.0,1.0
2283200,26.0,28.0
2283280,17.0,17.0
2283310,7.0,7.0
2283330,4.0,4.0
2283350,67.0,67.0
2283360,43.0,45.0
2283380,88.0,94.0
2283400,14.0,14.0
2283440,6.0,6.0
2283460,214.0,285.0
2283470,21.0,22.0
2283490,1.0,1.0
2283540,1.0,1.0
2283610,1.0,1.0
2283630,5.0,6.0
2283690,35.0,38.0
2283780,196.0,240.0
2283800,4.0,4.0
2283850,1.0,1.0
2283880,81.0,95.0
2283930,46.0,51.0
2283940,8.0,8.0
2284000,5.0,5.0
2284100,39.0,42.0
2284200,20.0,24.0
2284240,24.0,29.0
2284260,89.0,113.0
2284270,14.0,14.0
2284290,7.0,7.0
2284310,40.0,47.0
2284380,5.0,5.0
2284390,12.0,14.0
2284410,16.0,17.0
2284430,9.0,9.0
2284460,48.0,50.0
2284510,15.0,18.0
2284590,2.0,2.0
2284680,1.0,1.0
2284800,9.0,9.0
2284860,11.0,11.0
2284900,44.0,53.0
2284950,1.0,1.0
2284990,13.0,17.0
2285000,4.0,4.0
2285080,25.0,25.0
2285090,7.0,9.0
2285120,40.0,48.0
2285160,3.0,3.0
2285180,16.0,16.0
2285210,67.0,71.0
2285280,12.0,15.0
2285320,3.0,3.0
2285330,3.0,3.0
2285340,3.0,3.0
2285350,2.0,2.0
2285400,66.0,75.0
2285410,2.0,2.0
2285430,24.0,26.0
2285610,14.0,17.0
2285630,428.0,543.0
2285870,7.0,7.0
2285980,22.0,22.0
2286020,48.0,49.0
2286260,29.0,35.0
2286300,9.0,10.0
2286320,7.0,7.0
2286390,455.0,478.0
2286440,6.0,6.0
2286450,119.0,146.0
2286520,27.0,31.0
2286620,2.0,2.0
2286690,3.0,3.0
2286720,14.0,14.0
2286760,28.0,28.0
2286770,394.0,496.0
2286780,255.0,293.0
2286790,104.0,126.0
2286800,5.0,6.0
2286830,21.0,26.0
2286880,34.0,40.0
2286950,3.0,3.0
2286960,4.0,4.0
2286990,28.0,28.0
2287000,6.0,7.0
2287030,3.0,3.0
2287080,10.0,11.0
2287100,14.0,15.0
2287130,5.0,6.0
2287140,27.0,27.0
2287220,2439.0,3055.0
2287250,2.0,2.0
2287350,30.0,30.0
2287390,32.0,38.0
2287520,3810.0,4029.0
2287560,83.0,101.0
2287610,304.0,362.0
2287650,138.0,162.0
2287760,53.0,53.0
2287790,71.0,74.0
2287970,427.0,480.0
2287980,133.0,172.0
2287990,107.0,120.0
2288020,12.0,12.0
2288070,242.0,259.0
2288080,63.0,73.0
2288210,373.0,439.0
2288310,41.0,44.0
2288480,25.0,31.0
2288560,12.0,12.0
2288570,13.0,13.0
2288600,56.0,56.0
2288660,213.0,273.0
2288770,24.0,30.0
2288840,2.0,2.0
2289120,22.0,23.0
2289130,40.0,48.0
2289370,3.0,3.0
2289390,134.0,151.0
2289400,102.0,115.0
2289460,7.0,8.0
2289550,9.0,10.0
2289590,4.0,4.0
2289610,8.0,9.0
2289650,590.0,642.0
2289660,1.0,1.0
2289670,12.0,13.0
2289930,2.0,2.0
2289960,115.0,151.0
2289970,5117.0,5647.0
2290000,1123.0,1273.0
2290010,75.0,82.0
2290180,13335.0,15924.0
2290190,23.0,27.0
2290200,16.0,20.0
2290210,21.0,22.0
2290270,18.0,18.0
2290300,20.0,20.0
2290310,26.0,31.0
2290320,19.0,21.0
2290360,5.0,5.0
2290450,1.0,1.0
2290480,81.0,98.0
2290490,190.0,207.0
2290500,8.0,9.0
2290550,12.0,13.0
2290570,1.0,1.0
2290610,11.0,11.0
2290650,35.0,35.0
2290850,14.0,14.0
2290890,71.0,71.0
2290900,1.0,1.0
2290940,5.0,5.0
2291020,261.0,315.0
2291120,16.0,18.0
2291130,60.0,60.0
2291190,2.0,2.0
2291250,20.0,22.0
2291340,971.0,1013.0
2291400,1.0,1.0
2291530,2.0,2.0
2291660,7.0,7.0
2291680,2322.0,2387.0
2291690,54.0,70.0
2291700,55.0,59.0
2291760,9537.0,9608.0
2291810,21.0,25.0
2291850,5533.0,5626.0
2291880,26.0,26.0
2291910,17.0,18.0
2291980,13.0,13.0
2292010,147.0,149.0
2292060,714.0,801.0
2292180,17.0,17.0
2292210,11.0,11.0
2292220,10.0,12.0
2292260,760.0,838.0
2292300,24.0,26.0
2292360,3.0,3.0
2292410,5.0,6.0
2292550,3.0,3.0
2292650,590.0,632.0
2292710,42.0,43.0
2292740,1.0,1.0
2292750,6.0,6.0
2292810,4.0,4.0
2292840,9.0,9.0
2292910,14.0,15.0
2292930,1.0,1.0
2292960,14.0,14.0
2292980,12.0,14.0
2293030,1.0,1.0
2293040,8.0,9.0
2293180,17.0,21.0
2293200,17.0,18.0
2293280,2.0,2.0
2293300,4.0,5.0
2293310,6.0,6.0
2293330,1.0,1.0
2293350,6.0,6.0
2293440,28.0,28.0
2293510,7.0,9.0
2293530,1.0,1.0
2293540,9.0,9.0
2293610,6.0,7.0
2293620,6.0,7.0
2293660,350.0,377.0
2293700,52.0,56.0
2293730,6.0,6.0
2293760,2.0,2.0
2293820,36.0,41.0
2293830,7.0,7.0
2293850,151.0,154.0
2293860,2.0,2.0
2293880,29.0,29.0
2293910,9.0,9.0
2294030,6.0,6.0
2294080,3.0,3.0
2294130,1601.0,1750.0
2294160,99.0,103.0
2294290,3.0,3.0
2294320,5.0,6.0
2294330,19.0,20.0
2294450,459.0,489.0
2294590,10.0,13.0
2294600,9.0,11.0
2294670,13.0,13.0
2294730,619.0,697.0
2294880,23.0,24.0
2294910,41.0,45.0
2294930,151.0,172.0
2294950,14.0,16.0
2294980,10.0,10.0
2295070,51.0,52.0
2295110,8.0,8.0
2295210,15.0,16.0
2295240,11.0,11.0
2295280,31.0,31.0
2295370,70.0,85.0
2295390,62.0,73.0
2295450,6.0,6.0
2295480,1.0,1.0
2295570,112.0,117.0
2295610,151.0,168.0
2295700,146.0,153.0
2295790,4.0,4.0
2295920,623.0,727.0
2295930,1.0,1.0
2295970,353.0,420.0
2296360,23.0,29.0
2296380,442.0,472.0
2296540,1.0,1.0
2296550,448.0,495.0
2296750,9.0,9.0
2296850,35.0,35.0
2296980,2.0,2.0
2296990,19116.0,20898.0
2297010,159.0,196.0
2297180,12.0,12.0
2297210,28.0,28.0
2297230,13.0,13.0
2297240,6.0,7.0
2297320,6.0,6.0
2297360,27.0,32.0
2297490,2.0,2.0
2297530,17.0,17.0
2297540,1.0,1.0
2297600,2.0,2.0
2297650,189.0,195.0
2297690,39.0,44.0
2297880,2.0,2.0
2297960,108.0,113.0
2298060,34.0,34.0
2298080,114.0,121.0
2298210,60.0,65.0
2298300,300.0,318.0
2298460,8.0,8.0
2298570,35.0,37.0
2298590,220.0,274.0
2298620,66.0,79.0
2298650,21.0,22.0
2298900,4.0,4.0
2298950,72.0,80.0
2299040,116.0,122.0
2299080,26.0,26.0
2299150,54.0,55.0
2299230,13.0,14.0
2299240,65.0,69.0
2299400,52.0,59.0
2299430,2.0,2.0
2299450,5.0,5.0
2299470,18.0,19.0
2299510,113.0,127.0
2299520,2.0,2.0
2299610,13.0,13.0
2299620,33.0,35.0
2299640,3.0,3.0
2299660,82.0,101.0
2299730,26.0,31.0
2299740,345.0,406.0
2299750,33.0,33.0
2299790,11.0,12.0
2299840,4.0,4.0
2299890,55.0,57.0
2299900,2240.0,2268.0
2299920,15.0,18.0
2299930,26.0,26.0
2300160,383.0,417.0
2300230,353.0,389.0
2300270,1.0,1.0
2300280,59.0,73.0
2300300,197.0,207.0
2300370,19.0,25.0
2300390,94.0,97.0
2300520,11.0,11.0
2300530,1.0,1.0
2300570,3.0,3.0
2300600,7.0,7.0
2300660,57.0,67.0
2300690,13.0,15.0
2300750,2.0,2.0
2300920,116.0,141.0
2301060,17.0,21.0
2301100,6.0,7.0
2301130,2.0,2.0
2301190,9.0,10.0
2301210,29.0,31.0
2301250,6.0,6.0
2301340,8.0,9.0
2301370,156.0,180.0
2301400,3.0,3.0
2301450,8.0,10.0
2301470,23.0,28.0
2301510,141.0,146.0
2301550,1.0,1.0
2301560,3.0,3.0
2301590,2.0,2.0
2301640,32.0,40.0
2301750,7.0,9.0
2301760,21.0,23.0
2301850,99.0,106.0
2301960,1.0,1.0
2301990,9.0,11.0
2302020,2.0,2.0
2302030,3.0,3.0
2302080,129.0,130.0
2302140,1037.0,1083.0
2302150,174.0,184.0
2302160,60.0,70.0
2302410,6.0,6.0
2302460,3.0,3.0
2302510,32.0,33.0
2302640,809.0,872.0
2302670,9.0,11.0
2302840,61.0,81.0
2302870,136.0,172.0
2302960,19.0,19.0
2302990,565.0,684.0
2303070,4.0,4.0
2303160,30.0,32.0
2303170,3.0,3.0
2303290,21.0,21.0
2303350,4891.0,5115.0
2303360,16.0,19.0
2303410,35.0,44.0
2303450,16.0,18.0
2303470,3.0,3.0
2303500,13.0,13.0
2303620,33.0,33.0
2303670,4.0,5.0
2303720,50.0,62.0
2303800,162.0,203.0
2303810,81.0,90.0
2303950,38.0,43.0
2304030,190.0,247.0
2304090,5.0,6.0
2304170,70.0,85.0
2304210,7.0,7.0
2304230,5.0,5.0
2304310,4.0,4.0
2304330,2.0,2.0
2304340,1.0,1.0
2304350,5.0,5.0
2304440,213.0,227.0
2304510,33.0,37.0
2304600,25.0,25.0
2304620,265.0,349.0
2304640,220.0,254.0
2304900,3.0,3.0
2304970,18.0,21.0
2304990,1079.0,1221.0
2305110,16.0,16.0
2305130,19.0,25.0
2305320,2.0,2.0
2305380,15.0,16.0
2305480,159.0,164.0
2305490,57.0,62.0
2305500,431.0,467.0
2305560,7.0,9.0
2305650,6.0,6.0
2305810,221.0,249.0
2305840,1700.0,1801.0
2305880,8.0,8.0
2305900,63.0,64.0
2305970,88.0,101.0
2306080,63.0,76.0
2306090,1.0,1.0
2306250,3.0,3.0
2306380,32.0,35.0
2306390,12.0,15.0
2306450,4.0,4.0
2306530,57.0,64.0
2306590,5935.0,6306.0
2306630,10.0,12.0
2307050,6.0,6.0
2307060,4.0,4.0
2307070,3.0,3.0
2307080,7.0,8.0
2307090,3.0,3.0
2307100,1.0,1.0
2307150,1.0,1.0
2307160,48.0,53.0
2307220,229.0,251.0
2307260,72.0,72.0
2307300,82.0,91.0
2307320,3.0,3.0
2307330,1.0,1.0
2307350,1576.0,2052.0
2307370,75.0,83.0
2307410,1.0,1.0
2307420,1.0,1.0
2307450,18.0,20.0
2307520,5.0,6.0
2307610,4.0,5.0
2307630,25.0,27.0
2307660,4.0,5.0
2307690,73.0,79.0
2307760,2.0,2.0
2307780,9.0,9.0
2307830,4.0,4.0
2307840,2.0,2.0
2307870,47.0,57.0
2308000,79.0,86.0
2308110,1.0,1.0
2308200,4.0,4.0
2308220,56.0,67.0
2308340,5.0,5.0
2308370,8.0,8.0
2308430,2.0,2.0
2308470,11.0,12.0
2308520,67.0,69.0
2308550,3.0,3.0
2308580,9.0,9.0
2308650,754.0,927.0
2308670,134.0,171.0
2308770,28.0,31.0
2308880,33.0,34.0
2309010,10.0,11.0
2309030,6.0,7.0
2309060,1.0,1.0
2309090,4.0,4.0
2309230,25.0,28.0
2309270,55.0,64.0
2309400,419.0,504.0
2309460,7.0,8.0
2309550,1.0,1.0
2309630,44.0,47.0
2309640,4.0,4.0
2309650,1.0,1.0
2309730,18.0,19.0
2309740,1.0,1.0
2309760,2.0,2.0
2309800,31.0,31.0
2309820,3.0,3.0
2309830,15.0,16.0
2309880,5.0,5.0
2309890,5.0,5.0
2310030,32.0,38.0
2310130,13.0,15.0
2310160,137.0,174.0
2310200,4.0,4.0
2310220,4.0,4.0
2310250,5.0,5.0
2310260,5.0,5.0
2310290,1.0,1.0
2310360,21.0,21.0
2310400,51.0,54.0
2310440,4.0,5.0
2310500,24.0,26.0
2310590,7.0,7.0
2310610,25.0,32.0
2310620,1.0,1.0
2310670,27.0,28.0
2310690,54.0,58.0
2310700,574.0,665.0
2310720,35.0,38.0
2310810,29.0,29.0
2310840,7.0,8.0
2310860,14.0,14.0
2310870,27.0,27.0
2310920,48.0,51.0
2310990,8.0,8.0
2311070,38.0,41.0
2311090,23.0,28.0
2311140,33.0,33.0
2311220,11.0,13.0
2311230,2.0,2.0
2311260,361.0,472.0
2311290,29.0,33.0
2311350,21.0,24.0
2311600,7.0,9.0
2311680,332.0,363.0
2311690,2.0,2.0
2311760,97.0,122.0
2311790,3.0,3.0
2311820,102.0,121.0
2311950,32.0,38.0
2311990,356.0,382.0
2312040,28.0,33.0
2312110,8.0,8.0
2312160,63.0,69.0
2312170,9.0,10.0
2312190,12.0,14.0
2312270,6.0,6.0
2312340,28.0,28.0
2312380,48.0,49.0
2312390,18.0,20.0
2312650,4.0,4.0
2312770,79.0,92.0
2312780,22.0,22.0
2312830,9.0,9.0
2312890,5.0,5.0
2312900,7.0,9.0
2313030,6.0,6.0
2313090,7.0,8.0
2313130,307.0,397.0
2313140,212.0,232.0
2313160,87.0,95.0
2313180,19.0,19.0
2313190,3.0,3.0
2313210,1.0,1.0
2313220,39.0,43.0
2313240,1578.0,1615.0
2313250,16384.0,16552.0
2313260,6.0,6.0
2313270,48.0,61.0
2313420,13.0,13.0
2313600,13.0,15.0
2313630,13.0,13.0
2313660,4.0,5.0
2313670,24.0,26.0
2313720,245.0,275.0
2313740,1.0,1.0
2313780,23.0,29.0
2313940,1.0,1.0
2313950,22.0,23.0
2314050,1.0,1.0
2314060,2.0,2.0
2314090,7.0,7.0
2314110,86.0,97.0
2314130,4.0,5.0
2314160,1576.0,1758.0
2314180,115.0,152.0
2314240,10.0,10.0
2314270,13.0,13.0
2314340,7.0,8.0
2314440,6.0,6.0
2314720,1149.0,1221.0
2314730,2.0,2.0
2314790,6.0,6.0
2314820,431.0,438.0
2314850,80.0,83.0
2314880,5.0,6.0
2314890,2.0,2.0
2314950,15.0,15.0
2314960,4.0,5.0
2314980,8.0,8.0
2315020,122.0,126.0
2315080,6.0,6.0
2315280,5.0,5.0
2315340,61.0,62.0
2315450,66.0,68.0
2315490,5.0,5.0
2315570,6.0,6.0
2315580,11.0,14.0
2315680,3.0,3.0
2315700,66.0,69.0
2315940,31.0,33.0
2316020,2.0,2.0
2316030,28.0,30.0
2316210,3.0,3.0
2316240,2.0,2.0
2316310,7.0,7.0
2316330,636.0,650.0
2316340,41.0,43.0
2316350,1.0,1.0
2316370,5.0,5.0
2316430,13.0,17.0
2316450,19.0,25.0
2316480,11.0,13.0
2316580,464.0,566.0
2316590,19.0,21.0
2316660,1234.0,1322.0
2316690,6.0,6.0
2316750,20.0,20.0
2316820,16.0,21.0
2316840,4.0,5.0
2316880,1.0,1.0
2316900,27.0,32.0
2317080,4.0,5.0
2317300,151.0,157.0
2317310,6.0,6.0
2317330,33.0,40.0
2317340,34.0,34.0
2317390,50.0,54.0
2317510,373.0,391.0
2317540,37.0,42.0
2317560,480.0,553.0
2317570,8.0,10.0
2317690,1.0,1.0
2317760,33.0,36.0
2317880,94.0,101.0
2317890,4.0,4.0
2317910,283.0,369.0
2317950,8.0,9.0
2317960,41.0,45.0
2318020,33.0,42.0
2318120,4.0,4.0
2318180,8.0,10.0
2318280,117.0,125.0
2318310,3330.0,3394.0
2318420,16.0,16.0
2318430,52.0,59.0
2318440,6.0,6.0
2318480,1131.0,1175.0
2318550,13.0,14.0
2318560,1.0,1.0
2318570,15.0,16.0
2318630,43.0,44.0
2318680,25.0,26.0
2318780,3.0,3.0
2318810,97.0,100.0
2318820,10.0,13.0
2318830,37.0,37.0
2318840,1.0,1.0
2318880,24.0,30.0
2318900,1.0,1.0
2318920,26.0,26.0
2319030,502.0,643.0
2319080,2.0,2.0
2319110,9.0,9.0
2319240,29.0,38.0
2319260,9.0,11.0
2319330,4.0,4.0
2319390,147.0,170.0
2319470,100.0,104.0
2319510,4.0,4.0
2319540,5.0,5.0
2319550,6.0,6.0
2319580,101.0,102.0
2319620,3.0,3.0
2319640,392.0,460.0
2319770,1.0,1.0
2319830,34.0,36.0
2319870,27.0,35.0
2320010,171.0,173.0
2320160,1.0,1.0
2320170,5.0,6.0
2320230,7.0,8.0
2320250,37.0,38.0
2320340,1.0,1.0
2320400,4.0,4.0
2320410,20.0,20.0
2320500,88.0,100.0
2320570,53.0,60.0
2320720,2.0,2.0
2320800,2.0,2.0
2320860,10.0,10.0
2320910,202.0,236.0
2320950,72.0,87.0
2320990,9.0,10.0
2321120,363.0,408.0
2321180,149.0,166.0
2321260,1.0,1.0
2321270,4.0,4.0
2321310,133.0,162.0
2321350,100.0,133.0
2321450,18.0,20.0
2321460,260.0,267.0
2321470,24903.0,29128.0
2321510,60.0,79.0
2321660,4.0,4.0
2321690,4.0,5.0
2321770,109.0,126.0
2321860,38.0,46.0
2321880,153.0,190.0
2321900,9.0,10.0
2321970,25.0,27.0
2322010,11635.0,14773.0
2322020,32.0,39.0
2322060,2.0,2.0
2322090,88.0,93.0
2322120,3.0,3.0
2322170,11.0,11.0
2322180,299.0,305.0
2322330,2.0,2.0
2322380,67.0,82.0
2322420,7.0,9.0
2322500,4.0,4.0
2322540,7.0,9.0
2322550,1.0,1.0
2322560,41961.0,44693.0
2322600,5.0,6.0
2322850,18.0,18.0
2322860,4.0,4.0
2322900,55.0,63.0
2322950,11.0,12.0
2323060,15.0,17.0
2323220,3.0,3.0
2323280,5.0,5.0
2323300,15.0,17.0
2323340,10.0,10.0
2323440,5.0,5.0
2323540,27.0,27.0
2323550,11.0,11.0
2323580,78.0,84.0
2323660,40.0,40.0
2323670,16.0,16.0
2323690,7.0,7.0
2323710,8.0,9.0
2323730,2.0,2.0
2323810,124.0,164.0
2323860,5.0,6.0
2323980,81.0,87.0
2324060,1.0,1.0
2324070,57.0,57.0
2324090,18.0,18.0
2324120,2.0,2.0
2324210,22.0,26.0
2324270,1.0,1.0
2324300,25.0,26.0
2324340,12.0,13.0
2324360,12.0,13.0
2324370,6.0,6.0
2324390,58.0,60.0
2324450,4.0,4.0
2324520,23.0,24.0
2324570,7.0,8.0
2324610,68.0,71.0
2324650,21219.0,21815.0
2324670,1.0,1.0
2324690,1.0,1.0
2324700,18.0,21.0
2324750,15.0,15.0
2324870,2.0,2.0
2324900,4.0,4.0
2325040,14.0,14.0
2325060,133.0,143.0
2325070,13.0,16.0
2325150,38.0,40.0
2325170,19.0,19.0
2325190,29.0,35.0
2325290,7179.0,8583.0
2325330,10.0,12.0
2325400,1.0,1.0
2325470,26.0,28.0
2325490,9.0,10.0
2325570,13.0,15.0
2325640,18.0,23.0
2325650,12.0,13.0
2325690,1.0,1.0
2325720,29.0,30.0
2325770,26.0,27.0
2325880,18.0,21.0
2325980,1.0,1.0
2325990,2.0,2.0
2326050,30.0,32.0
2326060,13.0,17.0
2326070,24.0,29.0
2326190,5.0,5.0
2326210,22.0,24.0
2326220,18.0,19.0
2326260,15.0,15.0
2326280,1.0,1.0
2326300,2.0,2.0
2326350,43.0,48.0
2326420,9.0,9.0
2326450,17.0,21.0
2326460,32.0,33.0
2326480,15.0,16.0
2326500,4.0,4.0
2326590,121.0,141.0
2326610,4.0,5.0
2326650,4.0,4.0
2326690,10.0,10.0
2326710,2.0,2.0
2326770,12.0,12.0
2326820,3.0,3.0
2326830,1.0,1.0
2326840,21.0,23.0
2326970,2.0,2.0
2326990,6.0,6.0
2327030,4.0,5.0
2327130,19.0,23.0
2327160,26.0,26.0
2327190,15.0,15.0
2327200,13.0,14.0
2327260,30.0,31.0
2327330,13.0,13.0
2327340,10.0,10.0
2327430,1.0,1.0
2327490,2.0,2.0
2327590,3.0,3.0
2327600,14.0,15.0
2327660,74.0,85.0
2327670,30.0,31.0
2327690,7.0,8.0
2327700,9.0,10.0
2327730,11.0,12.0
2327750,8.0,9.0
2327780,49.0,55.0
2327790,33.0,35.0
2327800,31.0,36.0
2327810,25.0,29.0
2327850,1.0,1.0
2327880,6.0,6.0
2328070,10.0,12.0
2328090,10.0,13.0
2328140,38.0,38.0
2328160,32.0,32.0
2328240,32.0,38.0
2328260,4.0,4.0
2328290,28.0,31.0
2328360,1.0,1.0
2328380,5.0,6.0
2328410,14.0,14.0
2328520,8.0,8.0
2328680,6.0,7.0
2328710,20.0,21.0
2328730,105.0,118.0
2328740,95.0,125.0
2328750,964.0,1065.0
2328770,10.0,10.0
2328820,7.0,7.0
2328890,44.0,45.0
2328910,8.0,9.0
2328960,73.0,74.0
2328970,11.0,13.0
2328990,20.0,20.0
2329090,1.0,1.0
2329130,318.0,339.0
2329160,10.0,10.0
2329190,1.0,1.0
2329300,2.0,2.0
2329380,1.0,1.0
2329390,17.0,18.0
2329470,31.0,32.0
2329490,6.0,6.0
2329530,1.0,1.0
2329590,6.0,7.0
2329630,449.0,547.0
2329760,9.0,9.0
2329930,2.0,2.0
2329950,32.0,33.0
2330040,16.0,17.0
2330090,14.0,14.0
2330140,7.0,8.0
2330210,43.0,52.0
2330300,21.0,21.0
2330310,11.0,11.0
2330320,7.0,7.0
2330360,227.0,232.0
2330380,26.0,31.0
2330400,15.0,17.0
2330410,22.0,23.0
2330490,17.0,17.0
2330500,1047.0,1102.0
2330510,2.0,2.0
2330600,7.0,8.0
2330740,2.0,2.0
2330750,356.0,384.0
2330760,4.0,5.0
2330780,14.0,14.0
2330850,9.0,10.0
2330870,292.0,359.0
2330970,77.0,87.0
2330990,2.0,2.0
2331060,46.0,47.0
2331080,18.0,23.0
2331110,11.0,13.0
2331130,228.0,246.0
2331170,115.0,119.0
2331190,1.0,1.0
2331210,9.0,11.0
2331220,37.0,43.0
2331240,3.0,3.0
2331260,25.0,29.0
2331330,1607.0,1736.0
2331360,7.0,7.0
2331420,1.0,1.0
2331470,1.0,1.0
2331490,9.0,9.0
2331600,3.0,3.0
2331660,9.0,10.0
2331680,5.0,5.0
2331710,31.0,33.0
2331750,1.0,1.0
2331780,6.0,7.0
2331850,11.0,13.0
2331870,144.0,151.0
2331880,26.0,27.0
2331920,15.0,15.0
2331990,4.0,5.0
2332130,195.0,200.0
2332170,12.0,15.0
2332200,2.0,2.0
2332210,529.0,650.0
2332240,188.0,193.0
2332250,59.0,61.0
2332260,337.0,364.0
2332380,2.0,2.0
2332390,1.0,1.0
2332410,425.0,523.0
2332450,1.0,1.0
2332500,19.0,23.0
2332540,4.0,4.0
2332680,4.0,5.0
2332780,4.0,4.0
2332800,1.0,1.0
2332810,28.0,35.0
2332840,3.0,3.0
2332850,3.0,3.0
2332890,1.0,1.0
2332930,42.0,45.0
2332960,2.0,2.0
2332970,32.0,42.0
2333010,1.0,1.0
2333020,21.0,24.0
2333030,74.0,79.0
2333040,20.0,24.0
2333060,18.0,19.0
2333240,111.0,119.0
2333320,1.0,1.0
2333330,2.0,2.0
2333420,116.0,132.0
2333430,1.0,1.0
2333460,2.0,2.0
2333510,46.0,61.0
2333590,17.0,20.0
2333740,4.0,4.0
2333820,55.0,67.0
2333840,2.0,2.0
2334040,51.0,64.0
2334080,6.0,6.0
2334130,165.0,205.0
2334210,92.0,113.0
2334280,113.0,115.0
2334340,56.0,61.0
2334390,2.0,2.0
2334560,6.0,6.0
2334650,6.0,7.0
2334730,16759.0,18091.0
2334770,4.0,4.0
2334780,222.0,226.0
2334850,51.0,61.0
2334990,71.0,81.0
2335020,1.0,1.0
2335050,17.0,17.0
2335110,5.0,6.0
2335130,486.0,527.0
2335190,10.0,12.0
2335200,6.0,6.0
2335220,45.0,50.0
2335300,4.0,4.0
2335330,13.0,14.0
2335340,2.0,2.0
2335370,29.0,31.0
2335550,14.0,14.0
2335580,4.0,4.0
2335590,26.0,27.0
2335620,53.0,59.0
2335640,2.0,2.0
2335690,55.0,58.0
2335720,134.0,146.0
2335740,6.0,6.0
2335910,23.0,25.0
2335920,1.0,1.0
2335960,14.0,18.0
2335970,1.0,1.0
2336080,1.0,1.0
2336160,23.0,25.0
2336180,272.0,290.0
2336200,437.0,501.0
2336220,2596.0,2899.0
2336230,6.0,6.0
2336290,30.0,36.0
2336310,6.0,6.0
2336330,43.0,44.0
2336370,1.0,1.0
2336390,2.0,2.0
2336420,19.0,21.0
2336540,12.0,14.0
2336550,9.0,9.0
2336580,137.0,150.0
2336590,191.0,212.0
2336600,42.0,50.0
2336660,2.0,2.0
2336760,36.0,39.0
2336840,31.0,31.0
2336950,1.0,1.0
2336980,428.0,436.0
2336990,48.0,63.0
2337060,36.0,37.0
2337090,59.0,74.0
2337140,205.0,215.0
2337230,9.0,10.0
2337260,1.0,1.0
2337280,3.0,3.0
2337350,1.0,1.0
2337450,54.0,57.0
2337460,80.0,106.0
2337610,5.0,5.0
2337640,452.0,582.0
2337660,6.0,6.0
2337750,1.0,1.0
2337760,37.0,41.0
2337770,3.0,3.0
2337820,181.0,239.0
2337910,9.0,10.0
2337920,2.0,2.0
2337960,1.0,1.0
2337970,18.0,18.0
2338060,10.0,13.0
2338070,104.0,119.0
2338090,13.0,14.0
2338120,52.0,59.0
2338130,11.0,11.0
2338140,418.0,468.0
2338200,12.0,14.0
2338220,19.0,21.0
2338240,56.0,58.0
2338260,11.0,11.0
2338290,1.0,1.0
2338420,3.0,3.0
2338490,93.0,95.0
2338510,7.0,9.0
2338630,17.0,17.0
2338800,12.0,14.0
2338850,139.0,152.0
2338860,43.0,46.0
2338900,1.0,1.0
2338910,31.0,36.0
2338940,1.0,1.0
2339050,1.0,1.0
2339080,12.0,12.0
2339110,17.0,17.0
2339160,8.0,10.0
2339180,10.0,10.0
2339220,9.0,10.0
2339260,7.0,7.0
2339320,2.0,2.0
2339380,6.0,6.0
2339430,1.0,1.0
2339480,11.0,14.0
2339500,34.0,37.0
2339570,26.0,27.0
2339580,16.0,18.0
2339650,18.0,22.0
2339690,126.0,163.0
2339820,4.0,4.0
2339930,66.0,78.0
2339950,6.0,6.0
2339970,5.0,5.0
2339980,6.0,6.0
2340030,43.0,48.0
2340150,32.0,42.0
2340160,8.0,10.0
2340170,8.0,9.0
2340180,8.0,8.0
2340280,13.0,13.0
2340290,22.0,26.0
2340300,13.0,13.0
2340320,9.0,9.0
2340360,37.0,49.0
2340380,11.0,11.0
2340400,213.0,228.0
2340670,13.0,15.0
2340810,1.0,1.0
2340960,5.0,5.0
2340990,3.0,3.0
2341010,10.0,10.0
2341030,30.0,34.0
2341070,129.0,165.0
2341090,2.0,2.0
2341110,8.0,8.0
2341130,8.0,10.0
2341140,1.0,1.0
2341240,5.0,6.0
2341300,3.0,3.0
2341330,82.0,89.0
2341410,32.0,35.0
2341450,10.0,11.0
2341530,12.0,14.0
2341540,25.0,27.0
2341560,9.0,11.0
2341580,3.0,3.0
2341610,11.0,11.0
2341680,75.0,95.0
2341690,3.0,3.0
2341700,3.0,3.0
2341780,2.0,2.0
2341790,2.0,2.0
2341800,6.0,6.0
2341830,4.0,4.0
2341900,5.0,5.0
2341920,93.0,115.0
2341950,8.0,10.0
2342020,3.0,3.0
2342070,1.0,1.0
2342150,123.0,142.0
2342170,6.0,7.0
2342240,47.0,50.0
2342390,18.0,19.0
2342480,13.0,15.0
2342490,2.0,2.0
2342600,20.0,20.0
2342710,6.0,6.0
2342750,18.0,18.0
2342760,2.0,2.0
2342830,7.0,7.0
2342860,9.0,10.0
2342920,127.0,127.0
2342950,3394.0,3956.0
2342980,256.0,267.0
2343000,6.0,6.0
2343090,4.0,5.0
2343100,55.0,62.0
2343110,3.0,3.0
2343120,8.0,8.0
2343140,29.0,38.0
2343160,23.0,23.0
2343170,18.0,18.0
2343230,6.0,6.0
2343240,412.0,425.0
2343320,13.0,14.0
2343460,35.0,42.0
2343480,2.0,2.0
2343550,6.0,6.0
2343570,30.0,33.0
2343600,807.0,910.0
2343630,1.0,1.0
2343650,3729.0,4578.0
2343820,12.0,12.0
2343910,6.0,6.0
2343920,81.0,95.0
2343930,174.0,193.0
2343990,5.0,5.0
2344020,9.0,10.0
2344060,48.0,52.0
2344130,4.0,4.0
2344240,21.0,25.0
2344350,5.0,6.0
2344450,2.0,2.0
2344580,4.0,4.0
2344590,7.0,9.0
2344630,21.0,21.0
2344640,12.0,12.0
2344650,2.0,2.0
2344700,1.0,1.0
2344740,8.0,8.0
2344820,46.0,52.0
2344890,1.0,1.0
2344950,20.0,26.0
2345020,675.0,813.0
2345040,18.0,23.0
2345050,12.0,14.0
2345060,15.0,16.0
2345080,2.0,2.0
2345110,61.0,64.0
2345140,2.0,2.0
2345220,32.0,33.0
2345230,2.0,2.0
2345280,1.0,1.0
2345300,5.0,5.0
2345370,19.0,19.0
2345380,27.0,28.0
2345440,3.0,3.0
2345470,4.0,4.0
2345480,4.0,4.0
2345540,5.0,5.0
2345550,8.0,8.0
2345570,9.0,11.0
2345660,22.0,24.0
2345770,150.0,182.0
2345870,23.0,25.0
2345890,1.0,1.0
2345920,1.0,1.0
2345960,10.0,12.0
2346140,25.0,25.0
2346160,31.0,32.0
2346180,6.0,7.0
2346230,14.0,15.0
2346320,2.0,2.0
2346360,9.0,9.0
2346370,43.0,45.0
2346390,3.0,3.0
2346470,18.0,19.0
2346490,31.0,32.0
2346510,131.0,161.0
2346560,11.0,12.0
2346660,526.0,530.0
2346750,1.0,1.0
2346770,1.0,1.0
2346780,26.0,27.0
2346890,26.0,27.0
2346930,4.0,5.0
2347090,1.0,1.0
2347120,8.0,9.0
2347180,2.0,2.0
2347200,12.0,12.0
2347210,2.0,2.0
2347280,20.0,21.0
2347340,21.0,22.0
2347350,13.0,14.0
2347380,150.0,169.0
2347390,22.0,23.0
2347450,6.0,7.0
2347530,70.0,83.0
2347550,83.0,85.0
2347570,2.0,2.0
2347910,393.0,426.0
2347940,283.0,343.0
2347950,8.0,9.0
2347960,16.0,17.0
2348090,412.0,438.0
2348100,808.0,1076.0
2348120,1886.0,2215.0
2348170,292.0,377.0
2348290,15.0,15.0
2348350,6.0,6.0
2348360,32.0,34.0
2348380,14.0,15.0
2348440,15.0,15.0
2348530,17.0,22.0
2348610,891.0,1077.0
2348650,204.0,211.0
2348700,13.0,16.0
2348810,30.0,31.0
2348850,9.0,9.0
2348880,54.0,56.0
2348920,7.0,9.0
2349030,9.0,9.0
2349040,84.0,97.0
2349060,1.0,1.0
2349140,159.0,177.0
2349180,18.0,21.0
2349200,1.0,1.0
2349230,6.0,6.0
2349240,9.0,11.0
2349250,39.0,46.0
2349440,3.0,3.0
2349460,6.0,7.0
2349480,6.0,6.0
2349490,28.0,28.0
2349500,20.0,20.0
2349550,540.0,549.0
2349590,8.0,8.0
2349830,150.0,179.0
2349850,21.0,26.0
2349870,148.0,155.0
2349950,29.0,31.0
2349990,9.0,10.0
2350000,4.0,5.0
2350030,23.0,29.0
2350050,7.0,8.0
2350090,26.0,33.0
2350190,2.0,2.0
2350280,58.0,71.0
2350290,14.0,14.0
2350310,91.0,97.0
2350360,1.0,1.0
2350370,18.0,21.0
2350380,24.0,28.0
2350390,21.0,22.0
2350480,2.0,2.0
2350500,1.0,1.0
2350520,15.0,16.0
2350530,16.0,18.0
2350660,9.0,10.0
2350770,1.0,1.0
2350810,22.0,24.0
2350990,1.0,1.0
2351110,2.0,2.0
2351120,55.0,69.0
2351160,15.0,16.0
2351170,2.0,2.0
2351200,5.0,6.0
2351250,1.0,1.0
2351360,1.0,1.0
2351400,19.0,19.0
2351510,2.0,2.0
2351570,12.0,14.0
2351810,4.0,5.0
2351820,6.0,7.0
2351890,72.0,72.0
2351930,28.0,31.0
2351970,312.0,330.0
2352000,12.0,13.0
2352040,108.0,139.0
2352260,10.0,10.0
2352420,15.0,15.0
2352480,6.0,7.0
2352510,6.0,6.0
2352600,12.0,15.0
2352640,132.0,147.0
2352790,65.0,82.0
2352890,47.0,59.0
2353040,24.0,25.0
2353270,6.0,7.0
2353280,27.0,35.0
2353320,5.0,6.0
2353440,31.0,34.0
2353470,13.0,14.0
2353640,5.0,5.0
2353650,4.0,5.0
2353680,13.0,14.0
2353700,189.0,197.0
2353730,141.0,150.0
2353750,2.0,2.0
2353760,2696.0,2836.0
2353800,7.0,7.0
2353840,2.0,2.0
2353850,37.0,48.0
2353880,2.0,2.0
2353900,2.0,2.0
2353910,117.0,127.0
2353930,10.0,13.0
2353950,12.0,12.0
2354000,818.0,901.0
2354040,11.0,11.0
2354060,5.0,5.0
2354090,1.0,1.0
2354120,16.0,21.0
2354320,25.0,26.0
2354400,6.0,7.0
2354560,17.0,21.0
2354600,605.0,754.0
2354730,10.0,12.0
2354830,25.0,27.0
2354890,10.0,11.0
2354920,1.0,1.0
2354940,40.0,53.0
2355080,38.0,47.0
2355140,175.0,188.0
2355170,2.0,2.0
2355220,84.0,96.0
2355290,10.0,10.0
2355330,9.0,10.0
2355350,50.0,52.0
2355410,35.0,38.0
2355700,2.0,2.0
2355740,18.0,20.0
2355750,21.0,22.0
2355820,1.0,1.0
2355830,20.0,20.0
2355860,65.0,72.0
2355920,4.0,4.0
2355960,17.0,20.0
2355990,5.0,5.0
2356050,19.0,21.0
2356070,10.0,10.0
2356150,81.0,104.0
2356180,33.0,35.0
2356300,2.0,2.0
2356330,74.0,76.0
2356350,41.0,51.0
2356440,157.0,191.0
2356450,63.0,65.0
2356460,367.0,404.0
2356470,106.0,122.0
2356500,1086.0,1100.0
2356560,447.0,501.0
2356730,11.0,12.0
2356920,3.0,3.0
2356930,33.0,38.0
2356970,16.0,17.0
2357000,635.0,670.0
2357020,1.0,1.0
2357040,11.0,11.0
2357050,8.0,10.0
2357060,4.0,4.0
2357090,10.0,11.0
2357100,4.0,4.0
2357310,44.0,51.0
2357340,14.0,14.0
2357400,73.0,96.0
2357410,17.0,17.0
2357430,25.0,26.0
2357450,4.0,4.0
2357550,4.0,4.0
2357670,12.0,13.0
2357740,7.0,7.0
2357750,4.0,5.0
2357760,168.0,199.0
2357790,3.0,3.0
2357910,1534.0,1659.0
2357950,41.0,42.0
2357990,3.0,3.0
2358100,58.0,77.0
2358160,10.0,11.0
2358200,3.0,3.0
2358230,1.0,1.0
2358260,992.0,1283.0
2358280,4.0,4.0
2358320,5.0,5.0
2358380,18.0,20.0
2358440,39.0,51.0
2358490,42.0,53.0
2358500,88.0,99.0
2358610,160.0,178.0
2358620,46.0,53.0
2358720,911343.0,946674.0
2358740,4.0,4.0
2358770,69.0,76.0
2358860,4.0,4.0
2358910,4.0,4.0
2358930,3.0,3.0
2358970,22.0,22.0
2358980,4.0,4.0
2359000,1.0,1.0
2359020,1.0,1.0
2359030,12.0,15.0
2359150,3.0,3.0
2359170,152.0,188.0
2359300,14.0,16.0
2359310,3.0,3.0
2359320,31.0,35.0
2359470,70.0,92.0
2359500,2.0,2.0
2359560,1.0,1.0
2359570,28.0,32.0
2359610,3.0,3.0
2359720,7.0,9.0
2359760,32.0,42.0
2359910,8.0,9.0
2360020,241.0,313.0
2360070,16.0,17.0
2360160,9.0,11.0
2360210,494.0,544.0
2360250,26.0,33.0
2360290,28.0,30.0
2360340,53.0,58.0
2360490,2.0,2.0
2360560,40.0,41.0
2360620,37.0,37.0
2360690,32.0,42.0
2360700,6.0,6.0
2360860,14.0,15.0
2360900,9.0,11.0
2361030,1.0,1.0
2361040,6.0,6.0
2361080,93.0,95.0
2361100,2.0,2.0
2361160,7.0,7.0
2361340,2.0,2.0
2361350,2.0,2.0
2361360,8.0,8.0
2361400,36.0,47.0
2361450,27.0,27.0
2361460,335.0,353.0
2361510,148.0,157.0
2361610,25.0,27.0
2361690,36.0,37.0
2361700,45.0,47.0
2361760,42.0,45.0
2361780,37.0,44.0
2361850,2.0,2.0
2361860,9.0,9.0
2361930,4.0,4.0
2362010,12.0,15.0
2362120,46.0,50.0
2362300,2818.0,3576.0
2362350,2.0,2.0
2362480,5.0,5.0
2362540,8.0,9.0
2362570,1.0,1.0
2362590,2.0,2.0
2362740,884.0,1023.0
2362840,12.0,13.0
2362900,12.0,13.0
2362930,8.0,9.0
2362980,9.0,9.0
2363000,33.0,33.0
2363010,1.0,1.0
2363060,24.0,27.0
2363080,3.0,3.0
2363300,3.0,3.0
2363390,17.0,17.0
2363440,1.0,1.0
2363460,5.0,5.0
2363480,11.0,12.0
2363530,72.0,73.0
2363570,16.0,21.0
2363580,39.0,47.0
2363590,13.0,17.0
2363620,54.0,62.0
2363660,1.0,1.0
2363670,1.0,1.0
2363680,6.0,6.0
2363700,83.0,84.0
2363710,85.0,88.0
2363730,1226.0,1283.0
2363760,32.0,36.0
2363780,13.0,13.0
2363790,25.0,26.0
2363810,15.0,17.0
2363920,15.0,15.0
2363930,100.0,111.0
2363960,6.0,7.0
2364030,20.0,23.0
2364050,24.0,26.0
2364320,1.0,1.0
2364330,43.0,49.0
2364390,10.0,11.0
2364530,2.0,2.0
2364560,70.0,73.0
2364570,1.0,1.0
2364610,16.0,17.0
2364680,75.0,76.0
2364720,9.0,9.0
2364790,3.0,3.0
2364810,87.0,96.0
2364820,52.0,52.0
2364830,19.0,21.0
2364850,14.0,15.0
2364960,1.0,1.0
2364970,47.0,59.0
2365020,1.0,1.0
2365040,1.0,1.0
2365070,3.0,3.0
2365110,10.0,10.0
2365140,80.0,100.0
2365200,27.0,34.0
2365220,8.0,8.0
2365250,4.0,4.0
2365300,1.0,1.0
2365440,1.0,1.0
2365470,16.0,16.0
2365500,179.0,184.0
2365560,25.0,25.0
2365570,11.0,13.0
2365600,11.0,11.0
2365640,1.0,1.0
2365670,61.0,63.0
2365680,1.0,1.0
2365780,9.0,10.0
2365810,11585.0,11908.0
2365860,22.0,23.0
2365880,11.0,14.0
2365890,1.0,1.0
2365960,2.0,2.0
2365980,33.0,34.0
2366030,7.0,8.0
2366050,8.0,8.0
2366070,4.0,5.0
2366080,32.0,39.0
2366170,4.0,4.0
2366190,14.0,18.0
2366230,21.0,22.0
2366240,1.0,1.0
2366300,8.0,9.0
2366360,1.0,1.0
2366400,74.0,81.0
2366430,62.0,70.0
2366440,7.0,7.0
2366530,72.0,80.0
2366600,3.0,3.0
2366850,12.0,12.0
2366970,743.0,760.0
2366980,3178.0,3284.0
2367230,696.0,775.0
2367420,21.0,23.0
2367440,4.0,5.0
2367470,53.0,56.0
2367480,68.0,68.0
2367570,4.0,4.0
2367580,96.0,114.0
2367600,9.0,9.0
2367690,11.0,11.0
2367710,4.0,4.0
2367870,2.0,2.0
2367960,42.0,50.0
2367970,33.0,35.0
2367980,33.0,35.0
2368060,137.0,141.0
2368070,30.0,32.0
2368100,36.0,36.0
2368130,106.0,106.0
2368190,76.0,81.0
2368200,1.0,1.0
2368260,2.0,2.0
2368310,11.0,11.0
2368350,8.0,8.0
2368390,1.0,1.0
2368400,45.0,48.0
2368460,2.0,2.0
2368470,6096.0,6180.0
2368510,43.0,45.0
2368540,1.0,1.0
2368780,1.0,1.0
2368810,4.0,4.0
2368860,50.0,55.0
2368880,5.0,6.0
2368940,1.0,1.0
2369170,2.0,2.0
2369250,5.0,5.0
2369410,64.0,70.0
2369430,4.0,4.0
2369520,33.0,39.0
2369550,2.0,2.0
2369610,10.0,10.0
2369710,1.0,1.0
2369750,4.0,4.0
2369900,1114.0,1166.0
2369950,121.0,152.0
2369970,8.0,9.0
2370100,2.0,2.0
2370140,38.0,47.0
2370170,59.0,65.0
2370180,13.0,14.0
2370300,17.0,21.0
2370330,12.0,14.0
2370380,48.0,51.0
2370540,40.0,44.0
2370570,708.0,886.0
2370640,12.0,14.0
2370660,86.0,90.0
2370740,59.0,68.0
2370770,1.0,1.0
2370850,1528.0,1583.0
2370880,2.0,2.0
2370990,8.0,9.0
2371110,4.0,4.0
2371120,9.0,10.0
2371130,107.0,112.0
2371220,25.0,26.0
2371260,7.0,7.0
2371270,24.0,24.0
2371280,12.0,13.0
2371310,3.0,3.0
2371400,32.0,32.0
2371410,10.0,11.0
2371480,1.0,1.0
2371510,6.0,6.0
2371520,4.0,5.0
2371550,7.0,7.0
2371560,11.0,12.0
2371670,10.0,11.0
2371680,1.0,1.0
2371710,7.0,7.0
2371750,21.0,25.0
2371820,21.0,23.0
2371910,45.0,58.0
2372080,39.0,47.0
2372150,5.0,5.0
2372160,25.0,27.0
2372170,168.0,175.0
2372220,8.0,8.0
2372330,103.0,113.0
2372350,33.0,36.0
2372380,579.0,712.0
2372400,3.0,3.0
2372440,11.0,12.0
2372450,2.0,2.0
2372500,145.0,147.0
2372550,7.0,7.0
2372580,13.0,14.0
2372610,1.0,1.0
2372620,21.0,23.0
2372750,3.0,3.0
2372870,55.0,60.0
2372910,26.0,30.0
2372980,8.0,8.0
2373050,2.0,2.0
2373220,1.0,1.0
2373280,1.0,1.0
2373340,159.0,170.0
2373360,27.0,30.0
2373380,14.0,14.0
2373500,8.0,8.0
2373540,15.0,17.0
2373550,2.0,2.0
2373590,3.0,3.0
2373600,14.0,17.0
2373630,1784.0,1844.0
2373810,25.0,25.0
2373830,78.0,80.0
2373850,23.0,25.0
2373860,3.0,3.0
2373900,1.0,1.0
2373950,1.0,1.0
2374010,31.0,32.0
2374040,11.0,11.0
2374090,20.0,26.0
2374210,6.0,6.0
2374320,56.0,63.0
2374340,44.0,48.0
2374360,24.0,31.0
2374410,11.0,13.0
2374420,14.0,14.0
2374470,6.0,6.0
2374580,8.0,9.0
2374590,107.0,107.0
2374610,6.0,7.0
2374620,1.0,1.0
2374820,19.0,24.0
2375050,3.0,3.0
2375080,45.0,47.0
2375100,1.0,1.0
2375180,22.0,29.0
2375190,23.0,24.0
2375220,5.0,5.0
2375290,11.0,13.0
2375400,36.0,40.0
2375410,9.0,11.0
2375430,4.0,5.0
2375540,14.0,14.0
2375550,8483.0,8752.0
2375560,4.0,4.0
2375570,18.0,21.0
2375600,21.0,24.0
2375610,3.0,3.0
2375710,1.0,1.0
2375730,44.0,53.0
2375740,17.0,21.0
2375760,15.0,15.0
2375780,134.0,146.0
2375960,36.0,37.0
2375990,18.0,19.0
2376020,11.0,12.0
2376030,14.0,14.0
2376070,10.0,12.0
2376140,4.0,4.0
2376190,9.0,9.0
2376280,53.0,62.0
2376290,1.0,1.0
2376300,8.0,9.0
2376470,19.0,21.0
2376510,9.0,10.0
2376540,239.0,280.0
2376760,2.0,2.0
2376770,7.0,8.0
2376780,9.0,10.0
2376870,4.0,5.0
2377110,81.0,87.0
2377120,10.0,11.0
2377140,1.0,1.0
2377210,11.0,11.0
2377230,32.0,41.0
2377250,46.0,57.0
2377340,8.0,9.0
2377360,4.0,5.0
2377410,90.0,115.0
2377420,199.0,215.0
2377520,22.0,24.0
2377530,11.0,13.0
2377610,1.0,1.0
2377660,1.0,1.0
2377700,3.0,3.0
2377780,19.0,24.0
2377860,14.0,15.0
2377970,280.0,289.0
2377980,25.0,28.0
2377990,4.0,4.0
2378060,2.0,2.0
2378130,8.0,8.0
2378150,17.0,17.0
2378290,15.0,16.0
2378300,2.0,2.0
2378390,6.0,7.0
2378460,119.0,120.0
2378490,15.0,15.0
2378620,6634.0,6898.0
2378690,41.0,42.0
2378720,7.0,7.0
2378840,19.0,20.0
2378900,22728.0,23530.0
2378910,72.0,78.0
2378970,5.0,5.0
2379030,130.0,148.0
2379040,5.0,5.0
2379060,6.0,7.0
2379300,6.0,6.0
2379540,7.0,7.0
2379620,122.0,159.0
2379680,18.0,23.0
2379690,3.0,3.0
2379700,21.0,23.0
2379720,187.0,193.0
2379730,25.0,28.0
2379780,50697.0,52014.0
2379800,5.0,6.0
2379850,23.0,28.0
2379900,9.0,10.0
2379910,1536.0,1592.0
2379920,6.0,6.0
2380050,2218.0,2879.0
2380090,19.0,24.0
2380130,12.0,13.0
2380190,9.0,11.0
2380220,34.0,35.0
2380250,3.0,3.0
2380300,4.0,5.0
2380310,167.0,172.0
2380320,99.0,105.0
2380340,158.0,176.0
2380490,16.0,19.0
2380550,22.0,29.0
2380590,39.0,47.0
2380720,9.0,10.0
2380760,1.0,1.0
2380780,58.0,60.0
2380810,18.0,19.0
2380830,2.0,2.0
2380840,1.0,1.0
2380850,9.0,9.0
2380860,90.0,97.0
2380870,14.0,17.0
2380980,3.0,3.0
2381040,3.0,3.0
2381050,40.0,40.0
2381160,288.0,290.0
2381170,11.0,12.0
2381230,2.0,2.0
2381270,11.0,13.0
2381340,121.0,148.0
2381370,38.0,44.0
2381620,7301.0,7379.0
2381670,29.0,30.0
2381690,55.0,55.0
2381710,3.0,3.0
2381740,447.0,548.0
2381800,7.0,7.0
2381810,1.0,1.0
2381870,1.0,1.0
2381880,10.0,10.0
2381950,22.0,29.0
2382030,137.0,137.0
2382080,8.0,9.0
2382090,7.0,8.0
2382250,460.0,502.0
2382410,1.0,1.0
2382450,11.0,12.0
2382470,3.0,3.0
2382490,4.0,4.0
2382540,1.0,1.0
2382580,115.0,143.0
2382600,35.0,39.0
2382610,29.0,34.0
2382620,67.0,84.0
2382650,40.0,44.0
2382780,7.0,8.0
2382920,26.0,26.0
2383120,1222.0,1627.0
2383190,17.0,20.0
2383220,16.0,20.0
2383380,1.0,1.0
2383520,26.0,27.0
2383530,51.0,60.0
2383700,45.0,49.0
2383710,6.0,6.0
2383770,18.0,18.0
2383780,12.0,14.0
2383860,91.0,97.0
2383920,25.0,28.0
2383950,61.0,67.0
2383970,8.0,8.0
2383990,816.0,902.0
2384000,2.0,2.0
2384010,16.0,16.0
2384130,16.0,16.0
2384140,5.0,6.0
2384190,6.0,6.0
2384230,3.0,3.0
2384250,1.0,1.0
2384280,78.0,98.0
2384290,4.0,4.0
2384310,19.0,20.0
2384350,4.0,4.0
2384390,5.0,5.0
2384400,1.0,1.0
2384430,6.0,7.0
2384440,1.0,1.0
2384600,262.0,274.0
2384610,144.0,180.0
2384620,547.0,634.0
2384720,35.0,38.0
2384790,17.0,20.0
2384840,2.0,2.0
2384850,44.0,54.0
2384860,35.0,44.0
2384890,11.0,11.0
2384920,346.0,373.0
2385140,66.0,82.0
2385180,49.0,49.0
2385240,7.0,8.0
2385260,1.0,1.0
2385310,1.0,1.0
2385320,7.0,8.0
2385330,4.0,5.0
2385350,5.0,5.0
2385360,2.0,2.0
2385400,1.0,1.0
2385440,2.0,2.0
2385520,19.0,20.0
2385670,4.0,4.0
2385860,228.0,273.0
2385890,55.0,63.0
2385900,20.0,23.0
2385990,2.0,2.0
2386070,16.0,17.0
2386250,840.0,876.0
2386310,406.0,498.0
2386330,89.0,95.0
2386430,4.0,4.0
2386450,15.0,19.0
2386460,98.0,105.0
2386520,2.0,2.0
2386580,466.0,549.0
2386610,32.0,32.0
2386620,11.0,13.0
2386710,12.0,12.0
2386750,6.0,7.0
2386780,1.0,1.0
2386790,1.0,1.0
2386840,10.0,11.0
2386850,62.0,71.0
2386870,100.0,132.0
2386920,52.0,54.0
2386970,20.0,21.0
2386980,9.0,9.0
2387100,21.0,26.0
2387110,250.0,268.0
2387250,1.0,1.0
2387310,25.0,28.0
2387350,4.0,5.0
2387380,306.0,328.0
2387400,18.0,20.0
2387410,67.0,69.0
2387450,13.0,15.0
2387510,17.0,19.0
2387590,175.0,230.0
2387720,8.0,8.0
2387750,2.0,2.0
2387770,4.0,4.0
2387820,10.0,13.0
2387830,22.0,28.0
2387950,33.0,38.0
2388160,1.0,1.0
2388190,8.0,8.0
2388360,41.0,45.0
2388410,4.0,4.0
2388600,23.0,24.0
2388820,16.0,16.0
2388880,4.0,4.0
2388890,5.0,6.0
2388980,9.0,10.0
2389000,1.0,1.0
2389030,1.0,1.0
2389120,1547.0,1716.0
2389200,1.0,1.0
2389240,1183.0,1440.0
2389250,34.0,37.0
2389260,29.0,38.0
2389270,13.0,13.0
2389360,6.0,7.0
2389380,2.0,2.0
2389440,48.0,51.0
2389500,13.0,13.0
2389560,49.0,55.0
2389570,181.0,208.0
2389700,45.0,48.0
2389860,8.0,8.0
2389930,653.0,680.0
2389940,4.0,4.0
2390000,65.0,69.0
2390020,6.0,6.0
2390070,20.0,20.0
2390220,8.0,10.0
2390260,1119.0,1223.0
2390290,9.0,9.0
2390480,104.0,124.0
2390510,61.0,68.0
2390520,35.0,37.0
2390530,7.0,7.0
2390580,46.0,50.0
2390590,5.0,5.0
2390600,5.0,5.0
2390650,33.0,35.0
2390730,8.0,9.0
2390820,11.0,13.0
2390850,3.0,3.0
2390900,2.0,2.0
2391030,5.0,5.0
2391080,2.0,2.0
2391120,7.0,7.0
2391140,8.0,10.0
2391200,6.0,6.0
2391240,4.0,5.0
2391300,21.0,23.0
2391350,44.0,44.0
2391570,5.0,5.0
2391640,10.0,11.0
2391680,194.0,201.0
2391780,24.0,28.0
2391830,15.0,17.0
2391840,86.0,103.0
2391870,167.0,167.0
2391900,150.0,192.0
2391990,1.0,1.0
2392000,21.0,24.0
2392040,108.0,130.0
2392060,74.0,77.0
2392070,16.0,19.0
2392140,33.0,39.0
2392150,7.0,7.0
2392160,56.0,60.0
2392230,180.0,180.0
2392280,80.0,85.0
2392310,62.0,78.0
2392430,6.0,6.0
2392460,1.0,1.0
2392480,1.0,1.0
2392490,6.0,7.0
2392660,15.0,19.0
2392730,42.0,42.0
2392760,158.0,198.0
2392810,11.0,12.0
2393050,1.0,1.0
2393130,2.0,2.0
2393140,1.0,1.0
2393340,24.0,27.0
2393410,1.0,1.0
2393430,27.0,27.0
2393470,8.0,9.0
2393550,12.0,13.0
2393670,12.0,12.0
2393770,94.0,95.0
2393810,56.0,59.0
2393890,48.0,50.0
2393900,35.0,40.0
2393910,1.0,1.0
2394070,23.0,28.0
2394130,4.0,4.0
2394190,3.0,3.0
2394240,6.0,6.0
2394340,1.0,1.0
2394430,7.0,7.0
2394440,25.0,26.0
2394600,10.0,11.0
2394630,5.0,6.0
2394650,939.0,956.0
2394680,4.0,4.0
2394740,20.0,24.0
2394770,1.0,1.0
2394810,10.0,12.0
2394830,26.0,32.0
2394870,8.0,8.0
2394910,56.0,58.0
2394930,1.0,1.0
2395210,3095.0,3427.0
2395230,7.0,9.0
2395260,37.0,42.0
2395310,24.0,30.0
2395360,20.0,24.0
2395370,23.0,29.0
2395380,10.0,12.0
2395410,14.0,18.0
2395450,12.0,12.0
2395470,15.0,17.0
2395510,4.0,4.0
2395530,5.0,6.0
2395550,108.0,127.0
2395580,6.0,7.0
2395620,247.0,328.0
2395630,28.0,29.0
2395640,1.0,1.0
2395680,43.0,54.0
2395730,6.0,6.0
2395760,50.0,66.0
2395790,4.0,4.0
2395810,801.0,957.0
2395820,5.0,5.0
2395840,2.0,2.0
2395890,1.0,1.0
2395900,2.0,2.0
2395910,11.0,11.0
2395940,7.0,8.0
2396090,28.0,29.0
2396140,13.0,13.0
2396150,12.0,12.0
2396160,11.0,11.0
2396180,11.0,11.0
2396240,1057.0,1101.0
2396300,12.0,14.0
2396320,27.0,30.0
2396330,10.0,11.0
2396340,20.0,22.0
2396350,5.0,5.0
2396360,2.0,2.0
2396380,15.0,18.0
2396450,5.0,6.0
2396510,14.0,16.0
2396530,12.0,12.0
2396620,75.0,78.0
2396660,7.0,7.0
2396670,7.0,7.0
2396830,5.0,5.0
2396860,1.0,1.0
2396900,5.0,6.0
2396980,1674.0,1771.0
2397110,5.0,5.0
2397120,20.0,22.0
2397260,5.0,5.0
2397380,7.0,9.0
2397400,5.0,6.0
2397500,55.0,62.0
2397600,59.0,60.0
2397630,34.0,37.0
2397690,20.0,21.0
2397700,7.0,8.0
2397830,7.0,8.0
2397840,80.0,81.0
2397880,16.0,16.0
2398000,1.0,1.0
2398010,7.0,8.0
2398020,12.0,12.0
2398030,237.0,272.0
2398170,393.0,472.0
2398180,63.0,65.0
2398190,1.0,1.0
2398240,1.0,1.0
2398260,28.0,34.0
2398300,24.0,29.0
2398310,132.0,140.0
2398410,45.0,49.0
2398430,60.0,70.0
2398450,604.0,661.0
2398490,171.0,186.0
2398500,19.0,23.0
2398520,83.0,87.0
2398570,23.0,27.0
2398580,14.0,15.0
2398590,50.0,57.0
2398640,40.0,48.0
2398660,26.0,33.0
2398750,8.0,8.0
2398760,18.0,20.0
2398800,5.0,5.0
2398880,21.0,22.0
2398900,29.0,30.0
2398940,186.0,195.0
2398980,19.0,19.0
2399040,24.0,27.0
2399060,128.0,145.0
2399160,1390.0,1634.0
2399180,6.0,7.0
2399220,1662.0,1722.0
2399310,73.0,80.0
2399360,66.0,87.0
2399370,35.0,35.0
2399590,6.0,7.0
2399640,4.0,4.0
2399670,47.0,51.0
2399710,15.0,16.0
2399730,361.0,455.0
2399810,10.0,12.0
2399910,433.0,453.0
2399930,4.0,4.0
2400060,3.0,3.0
2400160,291.0,336.0
2400290,32.0,36.0
2400340,1089.0,1166.0
2400420,9.0,11.0
2400510,1294.0,1669.0
2400590,172.0,194.0
2400640,431.0,454.0
2400690,16.0,16.0
2400700,16.0,20.0
2400740,60.0,65.0
2400770,537.0,691.0
2400850,1.0,1.0
2400860,4.0,5.0
2400880,193.0,227.0
2401030,2.0,2.0
2401080,21.0,22.0
2401100,2.0,2.0
2401370,68.0,75.0
2401420,5.0,5.0
2401450,16.0,18.0
2401680,165.0,218.0
2401810,3.0,3.0
2401880,8.0,8.0
2401970,1468.0,1520.0
2402100,17.0,17.0
2402170,44.0,46.0
2402200,75.0,81.0
2402280,110.0,124.0
2402430,13.0,14.0
2402560,1.0,1.0
2402590,2.0,2.0
2402720,1.0,1.0
2402820,17.0,17.0
2402860,55.0,64.0
2402900,1.0,1.0
2402920,16.0,16.0
2403000,260.0,294.0
2403020,11.0,11.0
2403060,6.0,6.0
2403080,1.0,1.0
2403090,5.0,5.0
2403160,1.0,1.0
2403270,135.0,152.0
2403290,377.0,414.0
2403320,497.0,504.0
2403350,13.0,13.0
2403370,12.0,12.0
2403430,271.0,286.0
2403450,5.0,5.0
2403530,1.0,1.0
2403570,78.0,83.0
2403620,47.0,50.0
2403660,4.0,4.0
2403840,3.0,3.0
2403880,7.0,8.0
2403900,2.0,2.0
2403950,169.0,175.0
2404000,262.0,273.0
2404010,11.0,11.0
2404060,12.0,12.0
2404070,24.0,28.0
2404100,2.0,2.0
2404110,259.0,282.0
2404120,1.0,1.0
2404130,44.0,44.0
2404160,3.0,3.0
2404190,7.0,9.0
2404210,13.0,14.0
2404230,3.0,3.0
2404280,1.0,1.0
2404330,3.0,3.0
2404370,737.0,791.0
2404390,127.0,168.0
2404400,189.0,215.0
2404430,5.0,5.0
2404490,1.0,1.0
2404510,73.0,84.0
2404530,24.0,30.0
2404610,6.0,7.0
2404620,4.0,4.0
2404700,12.0,12.0
2404770,34.0,37.0
2404820,148.0,181.0
2404900,6.0,6.0
2404920,12.0,12.0
2404950,4.0,4.0
2405020,1.0,1.0
2405070,1.0,1.0
2405110,47.0,50.0
2405120,16.0,17.0
2405170,3.0,3.0
2405180,1.0,1.0
2405470,4.0,5.0
2405540,5.0,6.0
2405800,15.0,15.0
2405830,64.0,65.0
2405870,6.0,7.0
2405880,2.0,2.0
2405900,2.0,2.0
2405920,5.0,5.0
2405970,4.0,5.0
2405980,4.0,4.0
2406100,23.0,23.0
2406110,72.0,78.0
2406120,4.0,5.0
2406180,168.0,172.0
2406220,7.0,7.0
2406360,116.0,144.0
2406410,6.0,6.0
2406520,15.0,16.0
2406540,39.0,44.0
2406550,14.0,15.0
2406560,1.0,1.0
2406590,8.0,9.0
2406640,10.0,11.0
2406750,2.0,2.0
2406830,7.0,8.0
2406840,35.0,35.0
2406860,4.0,5.0
2406870,43.0,47.0
2406930,3.0,3.0
2406970,17.0,18.0
2407010,43.0,52.0
2407090,5.0,5.0
2407160,21.0,22.0
2407200,22.0,23.0
2407300,81.0,93.0
2407360,38.0,39.0
2407400,6.0,7.0
2407550,56.0,61.0
2407660,13.0,14.0
2407710,2.0,2.0
2407720,1.0,1.0
2407800,12.0,12.0
2407820,7.0,7.0
2407840,9.0,10.0
2407900,22.0,24.0
2408050,1.0,1.0
2408070,1.0,1.0
2408080,2.0,2.0
2408090,6.0,6.0
2408210,10.0,13.0
2408220,1.0,1.0
2408240,11.0,12.0
2408260,5.0,6.0
2408280,8.0,10.0
2408330,18.0,21.0
2408600,5.0,5.0
2408610,1.0,1.0
2408630,29.0,35.0
2408680,165.0,166.0
2408710,1.0,1.0
2408720,9.0,10.0
2408890,16.0,18.0
2409000,1.0,1.0
2409040,17.0,19.0
2409110,122.0,126.0
2409130,33.0,37.0
2409140,5.0,5.0
2409240,1.0,1.0
2409250,13.0,13.0
2409360,242.0,256.0
2409410,18.0,18.0
2409490,1.0,1.0
2409540,14.0,16.0
2409680,12.0,12.0
2409690,20.0,22.0
2409700,19.0,19.0
2409750,1.0,1.0
2409780,252.0,287.0
2409790,23.0,27.0
2409840,22.0,22.0
2409850,4.0,4.0
2410110,8.0,9.0
2410130,21.0,22.0
2410170,835.0,908.0
2410260,6.0,6.0
2410310,2.0,2.0
2410390,7.0,7.0
2410430,1.0,1.0
2410470,7.0,7.0
2410610,1.0,1.0
2410690,102.0,119.0
2410700,51.0,56.0
2410730,5.0,6.0
2410750,24.0,27.0
2410780,70.0,76.0
2410820,15.0,16.0
2410880,16.0,17.0
2410940,3.0,3.0
2410970,21.0,21.0
2411060,7.0,7.0
2411090,71.0,80.0
2411140,24.0,24.0
2411240,6.0,6.0
2411360,106.0,135.0
2411370,2.0,2.0
2411380,10.0,11.0
2411390,16.0,21.0
2411430,28.0,32.0
2411530,13.0,13.0
2411540,8.0,10.0
2411560,35.0,44.0
2411590,214.0,220.0
2411670,1.0,1.0
2411760,5.0,5.0
2411830,16.0,17.0
2411850,1.0,1.0
2411860,1.0,1.0
2411910,459.0,577.0
2411960,7.0,9.0
2411970,11.0,11.0
2411980,62.0,69.0
2412050,55.0,56.0
2412080,1.0,1.0
2412100,2.0,2.0
2412140,32.0,40.0
2412150,66.0,82.0
2412190,39.0,40.0
2412200,36.0,38.0
2412410,176.0,225.0
2412420,1.0,1.0
2412650,7.0,8.0
2412700,59.0,62.0
2412710,6.0,6.0
2412730,11.0,11.0
2412780,1.0,1.0
2412830,4.0,4.0
2412880,5.0,5.0
2412890,142.0,150.0
2413050,205.0,258.0
2413080,4.0,5.0
2413140,6.0,7.0
2413160,88.0,93.0
2413210,31.0,41.0
2413310,24.0,26.0
2413340,4.0,5.0
2413470,1.0,1.0
2413570,33.0,41.0
2413620,95.0,96.0
2413640,39.0,47.0
2413660,109.0,133.0
2413710,4.0,5.0
2413720,51.0,67.0
2413750,10.0,13.0
2413840,131.0,135.0
2413930,25.0,28.0
2413940,10.0,10.0
2414020,60.0,66.0
2414190,42.0,50.0
2414240,3.0,3.0
2414340,18.0,18.0
2414350,11.0,11.0
2414360,13.0,13.0
2414410,42.0,42.0
2414500,11.0,11.0
2414530,4.0,4.0
2414550,84.0,107.0
2414580,18.0,19.0
2414600,12.0,12.0
2414630,601.0,655.0
2414640,54.0,60.0
2414710,14.0,15.0
2414730,104.0,104.0
2414740,31.0,31.0
2414750,558.0,630.0
2414810,7.0,9.0
2414820,1.0,1.0
2414950,42.0,43.0
2415010,6998.0,7110.0
2415040,10.0,10.0
2415130,12.0,12.0
2415240,99.0,114.0
2415430,19.0,22.0
2415470,94.0,106.0
2415540,36.0,39.0
2415570,1.0,1.0
2415650,18.0,22.0
2415660,10.0,13.0
2415770,4.0,5.0
2415930,3.0,3.0
2415950,14.0,14.0
2415960,550.0,610.0
2416000,11.0,13.0
2416030,65.0,75.0
2416050,72.0,74.0
2416120,8.0,9.0
2416140,4.0,4.0
2416150,4.0,4.0
2416190,48.0,48.0
2416250,2.0,2.0
2416290,26.0,26.0
2416350,21.0,22.0
2416370,41.0,42.0
2416480,3.0,3.0
2416500,42.0,43.0
2416550,29.0,37.0
2416600,31.0,35.0
2416630,1.0,1.0
2416650,155.0,201.0
2416690,1.0,1.0
2416710,23.0,25.0
2416720,8.0,9.0
2416760,6.0,6.0
2416770,7.0,9.0
2416790,27.0,33.0
2416880,105.0,119.0
2416970,7.0,7.0
2417130,3.0,3.0
2417150,33.0,42.0
2417240,5.0,5.0
2417270,2.0,2.0
2417300,14.0,16.0
2417310,21.0,22.0
2417490,77.0,87.0
2417520,3.0,3.0
2417580,93.0,96.0
2417620,48.0,60.0
2417650,5.0,5.0
2417660,10.0,10.0
2417700,8.0,8.0
2417730,8.0,9.0
2417770,1.0,1.0
2417840,29.0,33.0
2417850,518.0,544.0
2417930,7.0,8.0
2418000,74.0,93.0
2418290,73.0,97.0
2418370,2.0,2.0
2418380,1.0,1.0
2418480,7.0,9.0
2418500,3.0,3.0
2418520,1984.0,2213.0
2418550,16.0,21.0
2418630,4.0,4.0
2418680,6.0,7.0
2418740,23.0,24.0
2418780,7.0,8.0
2418820,10.0,12.0
2418890,2.0,2.0
2418940,154.0,165.0
2418980,1.0,1.0
2419020,9.0,9.0
2419090,553.0,621.0
2419120,10.0,10.0
2419320,1.0,1.0
2419330,15.0,19.0
2419380,21.0,24.0
2419500,7.0,7.0
2419640,5.0,6.0
2419650,234.0,257.0
2419660,1.0,1.0
2419690,21.0,21.0
2419710,540.0,618.0
2419720,27.0,28.0
2419730,5.0,5.0
2419800,55.0,59.0
2419830,13.0,13.0
2419880,45.0,53.0
2419900,322.0,408.0
2420070,1.0,1.0
2420100,33.0,41.0
2420110,15158.0,16961.0
2420220,4.0,4.0
2420290,3.0,3.0
2420300,16.0,18.0
2420330,264.0,302.0
2420350,180.0,191.0
2420390,21.0,25.0
2420460,225.0,238.0
2420510,31131.0,31373.0
2420540,15.0,18.0
2420630,48.0,55.0
2420640,83.0,93.0
2420660,1825.0,1917.0
2420690,17.0,21.0
2420740,32.0,38.0
2420860,1.0,1.0
2420880,409.0,441.0
2420900,10.0,13.0
2420930,49.0,52.0
2420970,1.0,1.0
2421290,12.0,15.0
2421370,468.0,487.0
2421410,2294.0,2477.0
2421440,5.0,5.0
2421470,32.0,32.0
2421480,21.0,23.0
2421510,11.0,11.0
2421560,6.0,7.0
2421570,1.0,1.0
2421620,1.0,1.0
2421690,15.0,17.0
2421770,1.0,1.0
2421800,76.0,97.0
2421830,8.0,9.0
2421880,1.0,1.0
2421910,44.0,45.0
2421960,1.0,1.0
2422080,266.0,323.0
2422090,171.0,198.0
2422170,12.0,15.0
2422180,9.0,9.0
2422210,130.0,133.0
2422310,3.0,3.0
2422340,5.0,6.0
2422360,3.0,3.0
2422390,53.0,69.0
2422450,1.0,1.0
2422540,23.0,23.0
2422570,1.0,1.0
2422590,16.0,17.0
2422830,18.0,19.0
2422840,17.0,19.0
2422850,3.0,3.0
2422870,3026.0,3259.0
2422910,23.0,29.0
2423050,3.0,3.0
2423070,33.0,41.0
2423080,9.0,10.0
2423250,1.0,1.0
2423300,507.0,608.0
2423310,2.0,2.0
2423320,1502.0,1516.0
2423470,65.0,75.0
2423590,69.0,75.0
2423620,801.0,898.0
2423710,89.0,104.0
2423720,239.0,256.0
2423830,65.0,83.0
2423840,1.0,1.0
2423860,3.0,3.0
2424000,9.0,9.0
2424110,110.0,113.0
2424140,20.0,21.0
2424230,34.0,36.0
2424240,85.0,92.0
2424310,1.0,1.0
2424440,241.0,310.0
2424450,10.0,11.0
2424470,1.0,1.0
2424650,286.0,299.0
2424660,76.0,95.0
2424680,63.0,75.0
2424810,62.0,68.0
2424880,51.0,63.0
2424910,14.0,15.0
2424970,12.0,12.0
2425010,21.0,23.0
2425090,12.0,12.0
2425260,11.0,12.0
2425290,92.0,117.0
2425300,1.0,1.0
2425370,42.0,45.0
2425400,11.0,14.0
2425410,165.0,171.0
2425420,18.0,19.0
2425500,15.0,16.0
2425570,1.0,1.0
2425580,89.0,95.0
2425620,64.0,71.0
2425700,1.0,1.0
2425740,8.0,8.0
2425770,8.0,8.0
2425790,2.0,2.0
2425880,34.0,35.0
2425890,14.0,18.0
2425920,131.0,138.0
2425950,1.0,1.0
2425960,1.0,1.0
2425970,1.0,1.0
2426020,42.0,46.0
2426070,39.0,51.0
2426240,7.0,7.0
2426250,6.0,7.0
2426310,59.0,64.0
2426350,42.0,48.0
2426380,55.0,59.0
2426400,29.0,38.0
2426500,16.0,18.0
2426610,43.0,44.0
2426640,21.0,21.0
2426660,1.0,1.0
2426710,19.0,19.0
2426770,3.0,3.0
2426830,2.0,2.0
2426840,10.0,10.0
2426850,8.0,9.0
2426860,2.0,2.0
2426890,12.0,12.0
2426990,3.0,3.0
2427100,143.0,148.0
2427120,5.0,5.0
2427130,3.0,3.0
2427220,1.0,1.0
2427280,35.0,37.0
2427290,21.0,21.0
2427310,13.0,13.0
2427320,25.0,32.0
2427360,107.0,120.0
2427490,63.0,65.0
2427540,4.0,5.0
2427560,657.0,707.0
2427570,41.0,48.0
2427590,9.0,11.0
2427640,2.0,2.0
2427690,1.0,1.0
2427700,9892.0,11018.0
2427810,7.0,8.0
2427910,93.0,118.0
2427950,194.0,209.0
2427960,76.0,79.0
2428020,19.0,19.0
2428190,53.0,61.0
2428260,19.0,19.0
2428310,67.0,79.0
2428320,2.0,2.0
2428370,1.0,1.0
2428420,117.0,127.0
2428600,9.0,9.0
2428660,16.0,18.0
2428690,13.0,13.0
2428750,11.0,11.0
2428770,2610.0,2721.0
2428780,14.0,14.0
2428790,13.0,16.0
2428940,4.0,4.0
2428960,3.0,3.0
2428990,16.0,16.0
2429100,92.0,92.0
2429140,9.0,10.0
2429160,19.0,19.0
2429250,19.0,20.0
2429310,41.0,52.0
2429330,10.0,12.0
2429340,6.0,6.0
2429350,477.0,570.0
2429360,2.0,2.0
2429380,16.0,17.0
2429430,1.0,1.0
2429490,44.0,58.0
2429540,17.0,18.0
2429630,1.0,1.0
2429680,2.0,2.0
2429710,1.0,1.0
2429760,109.0,113.0
2429860,6697.0,6906.0
2429870,40.0,50.0
2429890,73.0,93.0
2429910,1.0,1.0
2429930,13.0,13.0
2429960,18.0,22.0
2430110,20.0,23.0
2430160,116.0,133.0
2430190,2.0,2.0
2430200,13.0,14.0
2430220,80.0,88.0
2430250,9.0,10.0
2430280,2.0,2.0
2430300,17.0,17.0
2430410,23.0,26.0
2430510,50.0,57.0
2430630,4.0,5.0
2430660,61.0,72.0
2430680,34.0,38.0
2430690,551.0,576.0
2430700,100.0,122.0
2430730,544.0,561.0
2430770,4.0,5.0
2430790,71.0,79.0
2430820,22.0,22.0
2430830,432.0,517.0
2430920,2.0,2.0
2431070,191.0,238.0
2431090,358.0,369.0
2431100,390.0,422.0
2431130,57.0,65.0
2431230,1.0,1.0
2431320,83.0,93.0
2431330,36.0,42.0
2431390,10.0,10.0
2431410,36.0,38.0
2431510,21.0,26.0
2431560,3.0,3.0
2431570,2.0,2.0
2431600,11.0,11.0
2431730,25.0,25.0
2431820,5.0,5.0
2431830,8.0,8.0
2431840,40.0,43.0
2431850,5.0,5.0
2431880,276.0,335.0
2431940,4.0,4.0
2431960,18.0,20.0
2431980,42.0,47.0
2432000,123.0,146.0
2432030,7.0,9.0
2432040,65.0,74.0
2432060,1.0,1.0
2432100,223.0,284.0
2432110,549.0,570.0
2432200,16.0,16.0
2432450,36.0,46.0
2432460,75.0,95.0
2432470,45.0,56.0
2432770,9.0,11.0
2432940,93.0,112.0
2433150,8.0,8.0
2433170,2.0,2.0
2433220,8.0,8.0
2433230,1.0,1.0
2433320,12.0,12.0
2433460,9.0,11.0
2433470,550.0,692.0
2433520,21.0,23.0
2433690,10.0,10.0
2433700,15.0,15.0
2433710,10.0,10.0
2433730,1763.0,1808.0
2433760,11.0,12.0
2433820,12.0,12.0
2433830,17.0,21.0
2433950,46.0,59.0
2433960,5.0,5.0
2434000,7.0,7.0
2434050,2.0,2.0
2434070,1.0,1.0
2434090,26.0,33.0
2434120,75.0,89.0
2434260,8.0,8.0
2434300,2.0,2.0
2434340,1412.0,1424.0
2434400,28.0,33.0
2434450,7.0,9.0
2434480,6.0,7.0
2434490,16.0,17.0
2434510,2.0,2.0
2434590,21.0,22.0
2434620,10.0,10.0
2434650,2.0,2.0
2434690,2.0,2.0
2434710,1.0,1.0
2434720,6.0,6.0
2434730,19.0,20.0
2434760,91.0,93.0
2434810,2.0,2.0
2434860,20.0,20.0
2435010,4.0,5.0
2435020,5.0,5.0
2435050,4.0,4.0
2435090,481.0,518.0
2435130,57.0,57.0
2435150,1.0,1.0
2435180,238.0,249.0
2435230,7.0,8.0
2435240,14.0,15.0
2435310,82.0,83.0
2435320,15.0,16.0
2435330,4.0,4.0
2435450,29.0,33.0
2435470,1.0,1.0
2435490,1.0,1.0
2435560,36.0,44.0
2435590,11.0,12.0
2435600,8.0,10.0
2435620,4.0,4.0
2435630,35.0,41.0
2435730,5.0,5.0
2435750,1.0,1.0
2435770,1.0,1.0
2435800,4.0,4.0
2435840,1.0,1.0
2435890,35.0,45.0
2435900,1086.0,1135.0
2435910,27.0,29.0
2435920,21.0,22.0
2435960,597.0,633.0
2435990,1.0,1.0
2436150,4.0,4.0
2436160,9.0,9.0
2436230,2.0,2.0
2436280,113.0,115.0
2436330,15.0,19.0
2436340,15.0,18.0
2436380,1.0,1.0
2436440,7.0,7.0
2436480,10.0,13.0
2436570,307.0,344.0
2437000,71.0,72.0
2437080,29.0,33.0
2437110,3.0,3.0
2437160,33.0,33.0
2437230,20.0,21.0
2437270,7.0,7.0
2437300,21.0,26.0
2437400,8.0,8.0
2437430,24.0,31.0
2437510,18.0,22.0
2437560,21.0,26.0
2437640,5.0,5.0
2437660,1.0,1.0
2437680,6.0,6.0
2437690,54.0,62.0
2437700,4.0,4.0
2437750,73.0,75.0
2437760,20.0,23.0
2437780,1.0,1.0
2437800,5.0,5.0
2437870,4.0,4.0
2437890,189.0,199.0
2437910,6.0,6.0
2437950,10.0,10.0
2438010,2.0,2.0
2438020,4.0,4.0
2438050,3.0,3.0
2438090,47.0,49.0
2438170,13.0,13.0
2438190,7.0,7.0
2438210,6.0,6.0
2438340,4.0,4.0
2438440,3.0,3.0
2438460,2.0,2.0
2438760,7.0,8.0
2438770,23.0,24.0
2438930,5.0,5.0
2438950,17.0,17.0
2439000,10.0,13.0
2439010,14.0,16.0
2439100,118.0,137.0
2439120,7.0,8.0
2439180,2.0,2.0
2439350,1.0,1.0
2439530,5.0,6.0
2439540,1.0,1.0
2439550,1.0,1.0
2439620,55.0,72.0
2439640,12.0,13.0
2439680,1.0,1.0
2439700,8.0,8.0
2439710,513.0,640.0
2439730,11.0,13.0
2439740,10.0,12.0
2439760,609.0,731.0
2439780,98.0,101.0
2439810,3.0,3.0
2439830,32.0,35.0
2439870,15.0,16.0
2439900,2.0,2.0
2439920,1.0,1.0
2439930,9.0,9.0
2440060,15.0,15.0
2440080,18.0,18.0
2440200,751.0,887.0
2440210,8.0,10.0
2440220,7.0,8.0
2440320,1.0,1.0
2440380,1805.0,2357.0
2440400,6.0,6.0
2440520,9.0,9.0
2440620,5.0,5.0
2440630,2.0,2.0
2440730,35.0,44.0
2440810,1.0,1.0
2440950,2.0,2.0
2441070,32.0,36.0
2441080,75.0,85.0
2441090,2.0,2.0
2441100,94.0,106.0
2441120,9.0,10.0
2441170,63.0,69.0
2441190,1.0,1.0
2441260,14.0,14.0
2441270,1419.0,1503.0
2441470,1.0,1.0
2441500,6.0,6.0
2441580,1.0,1.0
2441610,25.0,27.0
2441630,23.0,23.0
2441700,1259.0,1283.0
2441750,1.0,1.0
2441830,1.0,1.0
2441890,4.0,4.0
2441960,2.0,2.0
2442020,467.0,473.0
2442040,24.0,26.0
2442050,12.0,14.0
2442060,54.0,55.0
2442120,1.0,1.0
2442130,1.0,1.0
2442260,25.0,29.0
2442380,252.0,288.0
2442390,264.0,302.0
2442410,271.0,306.0
2442440,45.0,46.0
2442500,17.0,18.0
2442520,39.0,41.0
2442530,29.0,37.0
2442620,1.0,1.0
2442660,19.0,23.0
2442670,9.0,10.0
2442760,35.0,39.0
2442830,2.0,2.0
2442860,6.0,6.0
2442880,24.0,30.0
2442970,4.0,4.0
2443000,13.0,13.0
2443030,1.0,1.0
2443110,1199.0,1207.0
2443120,1.0,1.0
2443150,14.0,15.0
2443160,24.0,24.0
2443190,4.0,5.0
2443210,5.0,5.0
2443270,2.0,2.0
2443320,5.0,5.0
2443360,981.0,1002.0
2443370,40.0,46.0
2443400,3.0,3.0
2443410,23.0,25.0
2443500,4.0,4.0
2443510,2.0,2.0
2443520,36.0,41.0
2443550,36.0,41.0
2443640,3.0,3.0
2443660,2.0,2.0
2443700,18.0,19.0
2443780,190.0,213.0
2443790,32.0,39.0
2443910,34.0,37.0
2443960,22.0,22.0
2443980,9.0,10.0
2443990,25.0,26.0
2444000,164.0,196.0
2444010,13.0,13.0
2444170,1.0,1.0
2444180,1.0,1.0
2444210,77.0,83.0
2444250,1.0,1.0
2444290,47.0,47.0
2444330,3.0,3.0
2444420,1.0,1.0
2444470,210.0,217.0
2444480,2.0,2.0
2444610,13.0,17.0
2444660,32.0,33.0
2444710,43.0,46.0
2444790,2.0,2.0
2444810,2.0,2.0
2444840,39.0,49.0
2444890,10.0,12.0
2444900,10.0,10.0
2444960,3.0,3.0
2444980,4.0,4.0
2445060,17.0,19.0
2445090,7.0,8.0
2445130,30.0,38.0
2445140,97.0,103.0
2445160,9.0,10.0
2445210,10.0,12.0
2445340,859.0,924.0
2445350,5.0,5.0
2445390,216.0,268.0
2445460,1.0,1.0
2445470,4.0,4.0
2445490,11.0,11.0
2445540,30.0,37.0
2445640,14.0,14.0
2445680,39.0,45.0
2445700,27.0,33.0
2445990,438.0,511.0
2446030,59.0,70.0
2446070,3.0,3.0
2446080,23.0,23.0
2446140,1.0,1.0
2446170,5.0,5.0
2446190,164.0,189.0
2446250,1.0,1.0
2446270,64.0,67.0
2446330,11.0,12.0
2446490,3.0,3.0
2446560,3.0,3.0
2446680,110.0,119.0
2446700,20.0,23.0
2446710,64.0,67.0
2446740,24.0,24.0
2446890,4.0,5.0
2446920,90.0,104.0
2446960,13.0,17.0
2447010,1.0,1.0
2447020,1.0,1.0
2447030,52.0,60.0
2447060,350.0,425.0
2447190,31.0,34.0
2447230,6.0,6.0
2447260,150.0,157.0
2447290,7.0,8.0
2447310,114.0,132.0
2447510,4.0,4.0
2447540,7.0,8.0
2447720,32.0,35.0
2447800,1.0,1.0
2447820,42.0,46.0
2447840,6.0,6.0
2447920,13.0,13.0
2448140,41.0,54.0
2448340,1010.0,1049.0
2448420,26.0,28.0
2448490,1.0,1.0
2448540,6.0,7.0
2448620,12.0,15.0
2448680,71.0,89.0
2448710,1.0,1.0
2448760,5.0,5.0
2448810,9.0,11.0
2448830,8.0,9.0
2448930,402.0,461.0
2448940,1.0,1.0
2449040,690.0,796.0
2449060,6.0,6.0
2449070,18.0,20.0
2449080,57.0,58.0
2449360,6.0,6.0
2449410,2.0,2.0
2449430,118.0,157.0
2449490,1.0,1.0
2449510,6.0,7.0
2449630,1.0,1.0
2449680,18.0,18.0
2449820,553.0,671.0
2449840,10.0,10.0
2449900,6.0,6.0
2450030,9.0,10.0
2450100,337.0,411.0
2450250,6.0,6.0
2450270,2.0,2.0
2450360,29.0,30.0
2450380,7.0,7.0
2450400,203.0,208.0
2450430,13.0,15.0
2450450,474.0,589.0
2450570,134.0,175.0
2450660,7.0,8.0
2450700,657.0,746.0
2450820,136.0,148.0
2450830,6.0,7.0
2450870,1.0,1.0
2450930,5.0,5.0
2451110,26.0,26.0
2451140,21.0,21.0
2451200,2.0,2.0
2451230,17.0,19.0
2451250,6.0,7.0
2451280,1.0,1.0
2451460,14.0,15.0
2451470,18.0,19.0
2451530,51.0,52.0
2451640,81.0,94.0
2451720,32.0,32.0
2451730,41.0,45.0
2451740,271.0,277.0
2451820,26.0,29.0
2451860,53.0,53.0
2451880,6.0,6.0
2451940,1.0,1.0
2451980,1.0,1.0
2452070,5.0,5.0
2452220,21.0,23.0
2452240,62.0,68.0
2452430,67.0,69.0
2452650,15.0,15.0
2452720,11.0,11.0
2452760,25.0,30.0
2452800,15.0,17.0
2452810,1.0,1.0
2452850,115.0,137.0
2452890,12.0,13.0
2452900,63.0,76.0
2452920,156.0,162.0
2452930,12.0,12.0
2452940,4.0,4.0
2453260,2.0,2.0
2453310,366.0,415.0
2453360,2121.0,2403.0
2453400,117.0,122.0
2453530,6.0,7.0
2453550,2.0,2.0
2453570,35.0,45.0
2453580,7.0,7.0
2453600,7.0,7.0
2453610,125.0,159.0
2453690,8.0,9.0
2453700,7.0,7.0
2453710,7.0,7.0
2453720,2.0,2.0
2453740,5.0,5.0
2453770,23.0,23.0
2453920,73.0,95.0
2453980,3.0,3.0
2454020,23.0,23.0
2454030,5.0,5.0
2454060,32.0,38.0
2454140,1.0,1.0
2454230,1.0,1.0
2454400,4.0,4.0
2454420,46.0,47.0
2454480,12.0,14.0
2454710,1.0,1.0
2454820,1.0,1.0
2454850,1.0,1.0
2454890,169.0,172.0
2455060,1303.0,1538.0
2455070,29.0,37.0
2455110,50.0,55.0
2455140,464.0,483.0
2455180,182.0,192.0
2455190,7.0,7.0
2455370,777.0,890.0
2455430,37.0,44.0
2455480,13.0,13.0
2455500,128.0,157.0
2455790,8.0,9.0
2455860,9.0,9.0
2455920,355.0,360.0
2455940,19.0,23.0
2456020,2.0,2.0
2456090,48.0,56.0
2456100,1.0,1.0
2456110,7.0,7.0
2456120,126.0,133.0
2456130,11.0,11.0
2456160,17.0,17.0
2456190,1.0,1.0
2456240,2.0,2.0
2456260,6.0,6.0
2456280,102.0,129.0
2456320,276.0,311.0
2456330,59.0,68.0
2456340,9.0,11.0
2456350,37.0,41.0
2456430,72.0,78.0
2456620,15.0,17.0
2456660,1.0,1.0
2456860,239.0,243.0
2456960,367.0,393.0
2456970,9.0,9.0
2456980,6.0,7.0
2457000,20.0,22.0
2457010,1.0,1.0
2457280,3.0,3.0
2457350,1.0,1.0
2457430,1.0,1.0
2457580,102.0,108.0
2457610,4.0,4.0
2457630,1.0,1.0
2457700,2.0,2.0
2457730,11.0,12.0
2457780,10.0,11.0
2457870,43.0,47.0
2457890,41.0,42.0
2457970,28.0,29.0
2458060,22.0,24.0
2458120,25.0,31.0
2458210,445.0,536.0
2458230,1.0,1.0
2458250,11.0,12.0
2458410,6.0,6.0
2458490,639.0,690.0
2458530,6526.0,6609.0
2458540,16.0,16.0
2458700,9.0,10.0
2458830,408.0,503.0
2458860,4051.0,4118.0
2458940,319.0,347.0
2459100,40.0,50.0
2459110,1.0,1.0
2459150,1.0,1.0
2459180,64.0,75.0
2459280,38.0,50.0
2459350,99.0,123.0
2459430,46.0,59.0
2459490,76.0,82.0
2459550,1529.0,1575.0
2459610,10.0,10.0
2459620,58.0,59.0
2459750,382.0,414.0
2459850,1.0,1.0
2459860,78.0,86.0
2459870,81.0,98.0
2459960,7.0,7.0
2460060,3.0,3.0
2460190,1.0,1.0
2460210,4.0,4.0
2460270,14.0,14.0
2460310,11.0,12.0
2460360,13.0,13.0
2460450,1.0,1.0
2460470,6.0,6.0
2460480,77.0,96.0
2460640,2.0,2.0
2460660,30.0,33.0
2460680,19.0,21.0
2460770,9.0,10.0
2460880,30.0,31.0
2460920,131.0,158.0
2460940,12.0,12.0
2461000,6.0,6.0
2461010,1.0,1.0
2461070,17.0,21.0
2461110,23.0,23.0
2461120,3.0,3.0
2461130,3.0,3.0
2461140,6.0,6.0
2461290,2.0,2.0
2461430,229.0,253.0
2461450,10.0,11.0
2461500,20.0,21.0
2461570,3.0,3.0
2461600,11.0,13.0
2461710,16.0,21.0
2461750,5.0,6.0
2461780,371.0,381.0
2461840,41.0,46.0
2461850,4202.0,4803.0
2461890,13.0,15.0
2461930,1.0,1.0
2462000,19.0,19.0
2462050,2.0,2.0
2462090,7.0,7.0
2462260,6.0,6.0
2462310,2.0,2.0
2462320,84.0,88.0
2462340,4.0,4.0
2462380,3.0,3.0
2462450,4.0,4.0
2462520,18.0,19.0
2462580,10.0,10.0
2462660,15.0,17.0
2462790,16.0,19.0
2462830,58.0,58.0
2462840,6.0,6.0
2462880,28.0,28.0
2462890,4.0,4.0
2463000,2.0,2.0
2463110,16.0,21.0
2463150,2.0,2.0
2463260,15.0,18.0
2463290,1.0,1.0
2463360,5.0,6.0
2463420,70.0,75.0
2463600,10.0,13.0
2463660,17.0,17.0
2463710,3.0,3.0
2463720,2.0,2.0
2463730,5.0,5.0
2463760,1.0,1.0
2463820,14.0,18.0
2463930,3.0,3.0
2463980,47.0,59.0
2464090,180.0,183.0
2464100,1.0,1.0
2464120,277.0,348.0
2464190,1.0,1.0
2464220,11.0,11.0
2464330,32.0,34.0
2464480,22.0,25.0
2464500,7.0,9.0
2464630,8.0,8.0
2464660,12.0,13.0
2464670,20.0,20.0
2464690,9.0,9.0
2464800,128.0,142.0
2464880,500.0,581.0
2464950,17.0,17.0
2464970,33.0,33.0
2464980,16.0,17.0
2465080,10.0,11.0
2465090,40.0,41.0
2465160,33.0,38.0
2465240,9.0,9.0
2465260,1.0,1.0
2465530,2.0,2.0
2465670,13.0,13.0
2465770,3.0,3.0
2465830,846.0,1009.0
2465870,9.0,9.0
2465880,8.0,9.0
2465950,33.0,33.0
2466010,13.0,13.0
2466160,29.0,29.0
2466230,8.0,9.0
2466240,50.0,56.0
2466450,2.0,2.0
2466520,12.0,14.0
2466780,1.0,1.0
2466820,2.0,2.0
2466830,1.0,1.0
2466920,19.0,20.0
2466970,2.0,2.0
2467000,38.0,39.0
2467030,1.0,1.0
2467190,115.0,138.0
2467210,3.0,3.0
2467220,5.0,6.0
2467280,7.0,7.0
2467310,4.0,4.0
2467400,24.0,24.0
2467410,4.0,5.0
2467510,12.0,14.0
2467570,17.0,18.0
2467630,15.0,17.0
2467650,32.0,33.0
2467720,32.0,37.0
2467730,63.0,64.0
2467770,15.0,17.0
2467800,8.0,8.0
2467830,30.0,33.0
2467910,2.0,2.0
2467930,1.0,1.0
2468030,5.0,6.0
2468060,41.0,43.0
2468080,1.0,1.0
2468100,368.0,389.0
2468110,12.0,12.0
2468120,4.0,5.0
2468390,2.0,2.0
2468450,1.0,1.0
2468470,80.0,92.0
2468490,7.0,7.0
2468670,57.0,59.0
2468680,31.0,32.0
2468780,12.0,14.0
2468800,16.0,20.0
2468940,11.0,13.0
2468980,4.0,4.0
2469030,4.0,5.0
2469050,13.0,14.0
2469080,77.0,80.0
2469190,5.0,6.0
2469240,14.0,15.0
2469260,59.0,61.0
2469290,95.0,101.0
2469320,4.0,4.0
2469330,50.0,59.0
2469360,2.0,2.0
2469370,12.0,13.0
2469490,7.0,9.0
2469570,24.0,25.0
2469590,4.0,5.0
2469610,40.0,53.0
2469710,11.0,12.0
2469880,4.0,5.0
2469950,39.0,39.0
2469990,17.0,22.0
2470020,1.0,1.0
2470130,107.0,129.0
2470200,41.0,49.0
2470270,3.0,3.0
2470290,41.0,50.0
2470300,674.0,731.0
2470420,7.0,7.0
2470440,1.0,1.0
2470530,7.0,8.0
2470630,4.0,4.0
2470650,27.0,29.0
2470690,3.0,3.0
2470700,20.0,25.0
2470710,8.0,8.0
2470860,63.0,77.0
2470980,70.0,73.0
2471060,21.0,21.0
2471090,36.0,36.0
2471100,1704.0,1842.0
2471110,6.0,7.0
2471120,21.0,22.0
2471130,20.0,22.0
2471150,2.0,2.0
2471160,3.0,3.0
2471170,4.0,4.0
2471250,2.0,2.0
2471290,2.0,2.0
2471340,10.0,10.0
2471350,1.0,1.0
2471360,3.0,3.0
2471480,24.0,28.0
2471560,1.0,1.0
2471620,18.0,22.0
2471630,2.0,2.0
2471650,38.0,43.0
2471660,31.0,40.0
2471690,35.0,44.0
2471770,5.0,5.0
2471780,54.0,56.0
2471890,3.0,3.0
2471900,9.0,10.0
2471930,3.0,3.0
2471940,6.0,6.0
2471960,6.0,7.0
2472000,8.0,9.0
2472060,1.0,1.0
2472110,1.0,1.0
2472120,1.0,1.0
2472140,35.0,41.0
2472200,8.0,8.0
2472390,113.0,139.0
2472610,3.0,3.0
2472630,22.0,25.0
2472690,3.0,3.0
2472740,5.0,6.0
2472840,447.0,462.0
2472870,7.0,7.0
2472970,2.0,2.0
2472990,14.0,14.0
2473000,1.0,1.0
2473030,10.0,10.0
2473050,1.0,1.0
2473070,57.0,72.0
2473090,2.0,2.0
2473310,16.0,16.0
2473340,7.0,7.0
2473400,8.0,9.0
2473470,7.0,7.0
2473490,252.0,309.0
2473500,1.0,1.0
2473640,157.0,196.0
2473650,10.0,10.0
2473710,496.0,555.0
2473750,1.0,1.0
2473790,4.0,4.0
2473830,2.0,2.0
2473870,2.0,2.0
2473950,3.0,3.0
2473980,416.0,431.0
2474020,35.0,35.0
2474030,201.0,211.0
2474050,7.0,7.0
2474140,5.0,6.0
2474190,1.0,1.0
2474290,3.0,3.0
2474320,8.0,8.0
2474360,4.0,4.0
2474460,18.0,22.0
2474550,2.0,2.0
2474680,1.0,1.0
2474690,71.0,72.0
2474700,25.0,25.0
2474790,4.0,4.0
2474820,8.0,8.0
2474880,1.0,1.0
2474900,28.0,32.0
2474940,131.0,139.0
2475020,19.0,19.0
2475040,296.0,309.0
2475220,13.0,17.0
2475290,14.0,15.0
2475330,6.0,6.0
2475460,480.0,595.0
2475480,27.0,35.0
2475490,4110.0,4240.0
2475510,7.0,7.0
2475610,13.0,13.0
2475720,2.0,2.0
2475730,2.0,2.0
2475790,87.0,94.0
2475800,3.0,3.0
2475810,4.0,5.0
2475860,6.0,6.0
2475980,51.0,54.0
2476020,13.0,16.0
2476100,310.0,330.0
2476170,2.0,2.0
2476190,12.0,12.0
2476200,15.0,15.0
2476310,1.0,1.0
2476330,36.0,47.0
2476440,3.0,3.0
2476460,1.0,1.0
2476490,18.0,21.0
2476600,4.0,4.0
2476620,1.0,1.0
2476640,11.0,14.0
2476670,6.0,6.0
2476710,7.0,9.0
2476730,17.0,21.0
2476760,17.0,17.0
2476840,48.0,56.0
2476850,5.0,6.0
2476950,7.0,9.0
2477000,23.0,29.0
2477020,1.0,1.0
2477030,1.0,1.0
2477090,1212.0,1276.0
2477130,13.0,13.0
2477140,148.0,157.0
2477160,2.0,2.0
2477170,24.0,25.0
2477300,21.0,24.0
2477350,19.0,21.0
2477480,12.0,13.0
2477630,11.0,12.0
2477690,5.0,6.0
2477720,3.0,3.0
2477740,20.0,23.0
2477780,17.0,17.0
2477790,4.0,4.0
2477930,14.0,18.0
2477950,400.0,465.0
2478020,55.0,62.0
2478040,11.0,12.0
2478180,1.0,1.0
2478240,7.0,7.0
2478270,87.0,91.0
2478340,7.0,7.0
2478420,17.0,18.0
2478430,1.0,1.0
2478450,102.0,130.0
2478580,18.0,19.0
2478640,44.0,47.0
2478730,84.0,98.0
2478850,18.0,18.0
2478870,3.0,3.0
2478910,5.0,6.0
2478970,4270.0,4876.0
2479000,59.0,74.0
2479010,1.0,1.0
2479020,5.0,5.0
2479030,56.0,56.0
2479170,14.0,15.0
2479210,4.0,4.0
2479220,14.0,14.0
2479230,3.0,3.0
2479300,15.0,15.0
2479320,467.0,493.0
2479340,46.0,51.0
2479390,33.0,34.0
2479420,1.0,1.0
2479440,5.0,5.0
2479510,2.0,2.0
2479530,1.0,1.0
2479580,6.0,6.0
2479610,6.0,7.0
2479620,2.0,2.0
2479780,87.0,100.0
2479840,89.0,105.0
2479920,2.0,2.0
2479950,11.0,13.0
2479960,49.0,50.0
2479970,53.0,53.0
2480000,42.0,45.0
2480010,12.0,13.0
2480170,1.0,1.0
2480180,14.0,17.0
2480200,266.0,348.0
2480210,5.0,6.0
2480260,7.0,7.0
2480280,34.0,45.0
2480560,137.0,140.0
2480660,19.0,20.0
2480710,1.0,1.0
2480740,11.0,11.0
2480780,7.0,7.0
2480820,5.0,5.0
2480850,11.0,11.0
2480950,28.0,30.0
2480970,13.0,13.0
2481020,265.0,273.0
2481220,5.0,6.0
2481230,2.0,2.0
2481260,4.0,5.0
2481400,9.0,10.0
2481440,19.0,19.0
2481520,3.0,3.0
2481580,1.0,1.0
2481610,6.0,7.0
2481650,4.0,4.0
2481710,8.0,8.0
2481780,3.0,3.0
2481790,4.0,5.0
2481920,13.0,16.0
2481930,54.0,57.0
2481960,2.0,2.0
2482000,10.0,11.0
2482010,5.0,6.0
2482030,16.0,21.0
2482130,36.0,39.0
2482150,46.0,48.0
2482190,139.0,165.0
2482270,14.0,16.0
2482350,2.0,2.0
2482360,82.0,85.0
2482380,1.0,1.0
2482420,7.0,7.0
2482440,441.0,447.0
2482640,7.0,8.0
2482660,17.0,19.0
2482670,15.0,15.0
2482810,11.0,11.0
2482820,9.0,9.0
2482900,18.0,19.0
2482930,1.0,1.0
2482950,2.0,2.0
2483070,8.0,9.0
2483110,43.0,53.0
2483150,57.0,59.0
2483250,33.0,34.0
2483290,13.0,15.0
2483300,7.0,7.0
2483370,3.0,3.0
2483380,29.0,33.0
2483400,3.0,3.0
2483420,4.0,5.0
2483630,3.0,3.0
2483680,14.0,16.0
2483760,51.0,55.0
2483770,2.0,2.0
2483900,21.0,26.0
2483920,9.0,11.0
2483950,16.0,16.0
2483970,142.0,170.0
2484060,41.0,47.0
2484100,66.0,75.0
2484160,289.0,359.0
2484180,6.0,6.0
2484230,32.0,37.0
2484260,3.0,3.0
2484270,4.0,4.0
2484340,5.0,6.0
2484370,32.0,37.0
2484410,1.0,1.0
2484500,81.0,99.0
2484570,22.0,25.0
2484610,10.0,12.0
2484660,3.0,3.0
2484670,4.0,5.0
2484760,5.0,5.0
2484790,13.0,16.0
2484810,7.0,8.0
2484860,8.0,10.0
2484960,4.0,5.0
2484990,694.0,806.0
2485060,6.0,6.0
2485070,38.0,39.0
2485080,26.0,27.0
2485090,36.0,40.0
2485120,3.0,3.0
2485180,555.0,601.0
2485190,58.0,76.0
2485340,7.0,8.0
2485520,2.0,2.0
2485540,22.0,24.0
2485550,1.0,1.0
2485620,33.0,38.0
2485640,4080.0,4445.0
2485660,4.0,5.0
2485750,139.0,144.0
2485890,13.0,13.0
2485950,25.0,27.0
2485980,25.0,28.0
2486000,6.0,6.0
2486020,7.0,8.0
2486030,15.0,19.0
2486240,3.0,3.0
2486280,14.0,14.0
2486400,19.0,25.0
2486430,42.0,52.0
2486510,2.0,2.0
2486520,5.0,5.0
2486570,13.0,13.0
2486620,4.0,4.0
2486700,7.0,7.0
2486730,8.0,8.0
2486740,1884.0,1962.0
2486750,1701.0,1824.0
2486760,5.0,5.0
2486930,98.0,112.0
2486970,8.0,8.0
2487000,6.0,6.0
2487060,386.0,449.0
2487070,1713.0,1878.0
2487080,6.0,6.0
2487350,1396.0,1503.0
2487390,160.0,162.0
2487490,44.0,44.0
2487560,13.0,14.0
2487640,60.0,77.0
2487680,51.0,66.0
2487930,3.0,3.0
2487940,5.0,5.0
2487950,2.0,2.0
2488050,37.0,49.0
2488190,8.0,9.0
2488240,3.0,3.0
2488300,14.0,16.0
2488340,243.0,250.0
2488350,279.0,365.0
2488360,1.0,1.0
2488390,5.0,5.0
2488470,74.0,79.0
2488530,333.0,354.0
2488590,370.0,382.0
2488630,152.0,180.0
2488650,24.0,30.0
2488660,8.0,8.0
2488690,76.0,85.0
2488770,1.0,1.0
2488780,4.0,4.0
2488890,29.0,33.0
2488930,4.0,4.0
2489010,64.0,81.0
2489040,6.0,6.0
2489090,4.0,4.0
2489200,1.0,1.0
2489270,6.0,7.0
2489310,4.0,5.0
2489430,3.0,3.0
2489460,37.0,42.0
2489510,71.0,88.0
2489560,129.0,139.0
2489650,38.0,42.0
2489710,2.0,2.0
2489820,2.0,2.0
2489850,29.0,34.0
2489880,31.0,39.0
2489970,8.0,8.0
2489990,125.0,132.0
2490020,47.0,50.0
2490080,21.0,21.0
2490090,1.0,1.0
2490100,14.0,16.0
2490140,5.0,5.0
2490300,4.0,5.0
2490440,6.0,6.0
2490510,20.0,21.0
2490530,2.0,2.0
2490690,7.0,7.0
2490740,1.0,1.0
2490750,14.0,14.0
2490760,16.0,16.0
2490820,14.0,17.0
2490850,7.0,8.0
2490990,1446.0,1777.0
2491040,82.0,90.0
2491130,18.0,20.0
2491360,1165.0,1294.0
2491380,5.0,5.0
2491460,3.0,3.0
2491540,6.0,7.0
2491580,2.0,2.0
2491620,11.0,13.0
2491640,356.0,369.0
2491660,29.0,32.0
2491670,37.0,48.0
2491720,197.0,217.0
2491790,7.0,9.0
2491820,3.0,3.0
2491860,1.0,1.0
2491880,1.0,1.0
2491890,6.0,6.0
2492010,6.0,7.0
2492030,23.0,24.0
2492050,1.0,1.0
2492290,271.0,279.0
2492300,2.0,2.0
2492350,9.0,11.0
2492370,3.0,3.0
2492380,10.0,11.0
2492390,219.0,227.0
2492410,21.0,26.0
2492560,7.0,7.0
2492600,86.0,110.0
2492730,33.0,38.0
2492740,38.0,43.0
2492780,120.0,149.0
2492800,22.0,24.0
2492990,4.0,5.0
2493100,117.0,134.0
2493140,10.0,10.0
2493160,56.0,57.0
2493180,36.0,37.0
2493220,47.0,61.0
2493240,1.0,1.0
2493250,16.0,20.0
2493340,49.0,50.0
2493360,17.0,20.0
2493510,17.0,20.0
2493630,2.0,2.0
2493670,5.0,6.0
2493710,19.0,22.0
2493910,18.0,20.0
2493930,1.0,1.0
2493980,26.0,27.0
2494110,5.0,5.0
2494270,7.0,7.0
2494360,15.0,15.0
2494400,1.0,1.0
2494440,61.0,64.0
2494450,370.0,448.0
2494480,86.0,94.0
2494720,300.0,309.0
2494780,139.0,167.0
2494790,10.0,10.0
2494830,8.0,9.0
2494870,15.0,17.0
2494920,4.0,4.0
2494930,282.0,287.0
2494990,2.0,2.0
2495000,2.0,2.0
2495010,2.0,2.0
2495050,98.0,127.0
2495080,1.0,1.0
2495180,28.0,29.0
2495270,17.0,17.0
2495300,1.0,1.0
2495340,1.0,1.0
2495350,1.0,1.0
2495380,27.0,27.0
2495450,6112.0,6297.0
2495500,2.0,2.0
2495570,20.0,20.0
2495620,1.0,1.0
2495740,1.0,1.0
2495950,2.0,2.0
2495960,16.0,16.0
2495970,1.0,1.0
2495980,14839.0,15290.0
2495990,14.0,17.0
2496160,12.0,12.0
2496340,4.0,4.0
2496550,8.0,8.0
2496640,127.0,154.0
2496690,1.0,1.0
2496850,27.0,33.0
2496900,1.0,1.0
2496930,2.0,2.0
2496940,4.0,4.0
2497040,6.0,6.0
2497210,90.0,102.0
2497310,33.0,37.0
2497380,4.0,5.0
2497390,94.0,108.0
2497430,118.0,131.0
2497450,1.0,1.0
2497480,13.0,16.0
2497500,10.0,10.0
2497510,4.0,4.0
2497520,42.0,46.0
2497560,216.0,276.0
2497610,298.0,330.0
2497850,15.0,15.0
2497890,1.0,1.0
2497920,3307.0,3757.0
2497930,134.0,166.0
2497940,7.0,7.0
2498080,2.0,2.0
2498270,5.0,5.0
2498300,12.0,14.0
2498340,1.0,1.0
2498350,4.0,4.0
2498370,4.0,5.0
2498480,285.0,299.0
2498570,348.0,369.0
2498620,15.0,19.0
2498630,17.0,21.0
2498680,26.0,29.0
2498730,10.0,10.0
2498870,25.0,25.0
2498910,19.0,21.0
2498940,7.0,8.0
2499150,19.0,22.0
2499180,25.0,25.0
2499210,7.0,8.0
2499270,4.0,4.0
2499330,2.0,2.0
2499420,269.0,331.0
2499470,1187.0,1283.0
2499520,485.0,552.0
2499590,8.0,8.0
2499650,4.0,4.0
2499670,42.0,55.0
2499680,37.0,47.0
2499700,8.0,10.0
2499710,4.0,4.0
2499730,1.0,1.0
2499770,21.0,22.0
2499800,811.0,1074.0
2499880,53.0,63.0
2499930,3.0,3.0
2499970,1.0,1.0
2500030,7.0,7.0
2500400,61.0,62.0
2500410,53.0,53.0
2500420,70.0,77.0
2500450,34.0,34.0
2500470,66.0,68.0
2500530,103.0,104.0
2500570,13.0,14.0
2500620,1.0,1.0
2500680,25.0,30.0
2500710,47.0,52.0
2500760,116.0,123.0
2500780,8.0,8.0
2501400,1.0,1.0
2501550,49.0,50.0
2501590,11.0,14.0
2501600,1324.0,1368.0
2501980,11.0,12.0
2502040,5.0,5.0
2502210,1.0,1.0
2502390,9.0,10.0
2502420,1.0,1.0
2502580,2.0,2.0
2502600,42.0,49.0
2502660,24.0,26.0
2502750,5.0,5.0
2502760,720.0,867.0
2502790,5.0,6.0
2502940,60.0,71.0
2502980,42.0,52.0
2503100,1.0,1.0
2503150,67.0,78.0
2503190,4.0,4.0
2503220,220.0,250.0
2503240,1.0,1.0
2503250,73.0,74.0
2503260,6.0,7.0
2503690,60.0,75.0
2503780,56.0,61.0
2503900,8.0,10.0
2504060,5.0,6.0
2504400,19.0,22.0
2504470,4.0,4.0
2504480,17358.0,18170.0
2504540,51.0,53.0
2504630,13.0,13.0
2504740,3.0,3.0
2505080,1.0,1.0
2505090,11.0,12.0
2505100,4.0,4.0
2505120,263.0,270.0
2505250,47.0,50.0
2505330,112.0,132.0
2505400,6.0,7.0
2505440,20.0,22.0
2505560,9.0,11.0
2505570,303.0,311.0
2505700,12.0,14.0
2505800,6.0,6.0
2505820,4.0,4.0
2505940,1.0,1.0
2505950,1.0,1.0
2506080,4.0,5.0
2506110,116.0,147.0
2506130,1.0,1.0
2506160,3385.0,3662.0
2506360,10.0,13.0
2506410,4.0,5.0
2506450,47.0,49.0
2506460,8.0,10.0
2506470,7.0,8.0
2506480,166.0,187.0
2506510,17.0,20.0
2506580,207.0,214.0
2506640,1.0,1.0
2506690,9.0,10.0
2506730,97.0,101.0
2506740,7.0,8.0
2506790,18.0,20.0
2506830,18.0,21.0
2506850,13.0,16.0
2506860,11.0,14.0
2506900,55.0,57.0
2507130,3.0,3.0
2507400,60.0,65.0
2507510,1.0,1.0
2507540,7.0,7.0
2507570,2.0,2.0
2507590,4.0,4.0
2507610,77.0,82.0
2507620,110.0,113.0
2507630,101.0,129.0
2507640,952.0,1035.0
2507700,3.0,3.0
2507710,7.0,9.0
2507840,107.0,116.0
2507850,14.0,14.0
2507870,22.0,26.0
2507890,13.0,17.0
2507900,11.0,14.0
2507920,1.0,1.0
2508060,3.0,3.0
2508070,5.0,5.0
2508210,90.0,116.0
2508410,3.0,3.0
2508610,15.0,19.0
2508660,13.0,13.0
2508680,11.0,11.0
2508870,63.0,76.0
2508880,42.0,53.0
2508890,182.0,198.0
2508940,35.0,36.0
2508950,2.0,2.0
2508960,28.0,31.0
2508970,3.0,3.0
2508980,111.0,132.0
2509050,4.0,4.0
2509070,7.0,8.0
2509120,22.0,23.0
2509130,4.0,5.0
2509210,4.0,5.0
2509320,21.0,26.0
2509330,5.0,6.0
2509420,1.0,1.0
2509550,42.0,43.0
2509700,17.0,18.0
2509830,30.0,38.0
2509840,2.0,2.0
2509850,4.0,5.0
2509920,1.0,1.0
2509940,1.0,1.0
2510050,28.0,32.0
2510130,261.0,322.0
2510160,4.0,4.0
2510170,5.0,5.0
2510670,6.0,7.0
2510680,19.0,19.0
2510710,1363.0,1486.0
2510730,1.0,1.0
2510760,37.0,37.0
2510770,1631.0,1666.0
2510810,620.0,635.0
2510820,1.0,1.0
2510830,19.0,23.0
2510850,146.0,155.0
2510950,6.0,7.0
2511050,53.0,64.0
2511230,4.0,4.0
2511290,108.0,110.0
2511350,11.0,13.0
2511440,17.0,18.0
2511450,28.0,29.0
2511500,852.0,955.0
2511620,1.0,1.0
2511770,1.0,1.0
2511780,24.0,28.0
2511870,1.0,1.0
2511880,1.0,1.0
2511900,6.0,7.0
2511960,7.0,8.0
2512010,2.0,2.0
2512040,1.0,1.0
2512080,28.0,32.0
2512160,74.0,75.0
2512190,225.0,298.0
2512250,5.0,5.0
2512280,5.0,5.0
2512370,9.0,9.0
2512430,54.0,61.0
2512460,11.0,12.0
2512500,15.0,15.0
2512510,2.0,2.0
2512540,1.0,1.0
2512630,2.0,2.0
2512680,1.0,1.0
2512690,9.0,11.0
2512700,5.0,6.0
2512750,16.0,19.0
2512820,328.0,344.0
2512830,106.0,112.0
2512840,3046.0,3099.0
2512860,17.0,20.0
2512920,44.0,45.0
2512930,177.0,222.0
2513080,50.0,54.0
2513090,16.0,16.0
2513110,1.0,1.0
2513140,106.0,128.0
2513170,17.0,19.0
2513180,1.0,1.0
2513280,2446.0,2518.0
2513360,3.0,3.0
2513380,24.0,25.0
2513510,1.0,1.0
2513580,83.0,94.0
2513660,3.0,3.0
2513810,21.0,23.0
2513890,559.0,618.0
2514140,2.0,2.0
2514470,28.0,33.0
2514540,1.0,1.0
2514650,12.0,12.0
2514680,48.0,53.0
2514850,37.0,47.0
2514950,1.0,1.0
2514960,2112.0,2439.0
2515020,8124.0,10514.0
2515030,97.0,105.0
2515070,445.0,451.0
2515130,2.0,2.0
2515240,1131.0,1383.0
2515270,1.0,1.0
2515310,19.0,22.0
2515500,9.0,10.0
2515530,5.0,5.0
2515790,12.0,13.0
2515860,3.0,3.0
2515910,5.0,6.0
2516090,5.0,6.0
2516240,7.0,7.0
2516270,11.0,11.0
2516280,3.0,3.0
2516360,167.0,169.0
2516390,3.0,3.0
2516430,27.0,30.0
2516540,2.0,2.0
2516550,16.0,20.0
2516590,108.0,125.0
2516610,1.0,1.0
2516700,3.0,3.0
2516810,46.0,50.0
2516820,414.0,433.0
2516870,3.0,3.0
2516890,31.0,33.0
2516980,20.0,25.0
2517000,10.0,10.0
2517090,2.0,2.0
2517180,10.0,13.0
2517190,23.0,23.0
2517200,389.0,445.0
2517220,39.0,42.0
2517330,5.0,5.0
2517340,2.0,2.0
2517500,8.0,8.0
2517560,18.0,18.0
2517670,3.0,3.0
2517680,10.0,11.0
2517770,90.0,91.0
2517800,11.0,12.0
2517810,277.0,316.0
2517850,1094.0,1154.0
2517860,38.0,38.0
2517910,2.0,2.0
2517920,2.0,2.0
2518000,3.0,3.0
2518010,2.0,2.0
2518050,4.0,4.0
2518250,8.0,8.0
2518350,20.0,22.0
2518360,20.0,23.0
2518400,4.0,4.0
2518540,16.0,18.0
2518550,12.0,13.0
2518560,10.0,12.0
2518600,3.0,3.0
2518660,15.0,15.0
2518770,17.0,19.0
2518810,4.0,4.0
2518900,494.0,521.0
2518940,2.0,2.0
2518960,598.0,748.0
2519010,19.0,20.0
2519220,23.0,26.0
2519240,2.0,2.0
2519260,1.0,1.0
2519370,17.0,17.0
2519380,30.0,33.0
2519420,68.0,88.0
2519470,7.0,7.0
2519520,6.0,7.0
2519550,2.0,2.0
2519560,227.0,265.0
2519580,1.0,1.0
2519830,899.0,1084.0
2519850,39.0,43.0
2519890,3.0,3.0
2520000,67.0,67.0
2520280,51.0,59.0
2520310,8.0,8.0
2520410,106.0,133.0
2520530,5.0,5.0
2520560,11.0,12.0
2520570,10.0,11.0
2520580,59.0,71.0
2520590,51.0,62.0
2520610,5.0,6.0
2520630,19.0,22.0
2520650,1.0,1.0
2520770,4.0,4.0
2520820,30.0,37.0
2520890,93.0,108.0
2520920,2.0,2.0
2520950,26.0,30.0
2520960,4.0,4.0
2521100,6.0,6.0
2521110,16.0,19.0
2521150,6.0,6.0
2521180,828.0,898.0
2521250,10.0,10.0
2521310,8.0,8.0
2521350,6.0,6.0
2521450,4.0,5.0
2521460,1.0,1.0
2521470,1.0,1.0
2521480,13.0,13.0
2521530,5.0,6.0
2521550,8.0,8.0
2521560,9.0,9.0
2521600,506.0,540.0
2521630,215.0,238.0
2521650,6.0,7.0
2521730,27.0,28.0
2521910,3.0,3.0
2521940,5.0,5.0
2521970,4.0,4.0
2522060,20.0,24.0
2522160,39.0,42.0
2522190,1.0,1.0
2522200,1.0,1.0
2522260,97.0,98.0
2522270,48.0,51.0
2522280,8.0,8.0
2522450,28.0,29.0
2522620,10.0,10.0
2522660,35.0,35.0
2522850,37.0,39.0
2522940,12.0,13.0
2522970,5.0,5.0
2523120,560.0,589.0
2523160,7.0,8.0
2523250,220.0,288.0
2523320,1.0,1.0
2523340,1.0,1.0
2523360,1.0,1.0
2523390,25.0,26.0
2523440,9.0,9.0
2523500,4.0,4.0
2523530,1.0,1.0
2523620,49.0,63.0
2523640,5.0,5.0
2523650,2.0,2.0
2523910,130.0,150.0
2524150,38.0,44.0
2524170,5.0,5.0
2524180,2.0,2.0
2524340,10.0,12.0
2524360,269.0,277.0
2524400,21.0,23.0
2524440,1.0,1.0
2524480,236.0,265.0
2524510,4.0,4.0
2524530,2.0,2.0
2524590,17.0,18.0
2524610,127.0,156.0
2524720,3.0,3.0
2524750,6.0,6.0
2524980,70.0,74.0
2525120,74.0,82.0
2525190,21.0,22.0
2525490,16.0,17.0
2525550,8.0,10.0
2525560,2.0,2.0
2525680,119.0,134.0
2525690,28.0,31.0
2525830,28.0,31.0
2525880,78.0,99.0
2525950,1.0,1.0
2526010,22.0,26.0
2526060,5.0,5.0
2526080,9.0,10.0
2526120,1.0,1.0
2526140,1.0,1.0
2526150,1.0,1.0
2526170,1.0,1.0
2526210,13.0,16.0
2526270,11.0,12.0
2526320,4.0,4.0
2526390,4.0,4.0
2526400,8.0,8.0
2526450,13.0,13.0
2526500,36.0,39.0
2526610,5.0,5.0
2526670,5.0,6.0
2526860,6.0,7.0
2526880,67.0,70.0
2526940,2.0,2.0
2527030,4.0,4.0
2527050,11.0,13.0
2527080,1.0,1.0
2527140,29.0,30.0
2527320,7.0,9.0
2527350,64.0,65.0
2527360,40.0,46.0
2527370,18.0,20.0
2527390,2366.0,2855.0
2527420,18.0,21.0
2527450,108.0,139.0
2527460,177.0,181.0
2527560,6.0,7.0
2527640,7.0,9.0
2527660,150.0,194.0
2527690,766.0,816.0
2527700,11.0,13.0
2527740,1.0,1.0
2527750,8.0,8.0
2527870,1425.0,1519.0
2528580,28.0,31.0
2528600,3.0,3.0
2528640,5.0,6.0
2528710,11.0,12.0
2528730,4.0,4.0
2528820,18.0,20.0
2528840,23.0,29.0
2528850,1.0,1.0
2528860,57.0,66.0
2528880,5.0,6.0
2528890,2.0,2.0
2528930,2.0,2.0
2528940,6.0,6.0
2528980,4.0,4.0
2529080,207.0,266.0
2529090,12.0,12.0
2529110,6.0,6.0
2529120,314.0,369.0
2529130,1140.0,1179.0
2529170,814.0,1068.0
2529180,18.0,20.0
2529190,3.0,3.0
2529220,13.0,17.0
2529230,3.0,3.0
2529340,16.0,17.0
2529400,6.0,6.0
2529460,4.0,4.0
2529510,125.0,130.0
2529580,10.0,12.0
2529590,18.0,20.0
2529610,92.0,102.0
2529740,7.0,8.0
2529770,162.0,177.0
2529820,3076.0,3414.0
2529830,25.0,25.0
2529880,13.0,13.0
2530010,1.0,1.0
2530120,13.0,13.0
2530150,1.0,1.0
2530170,86.0,90.0
2530310,3.0,3.0
2530420,391.0,465.0
2530430,195.0,218.0
2530500,44.0,45.0
2530670,440.0,467.0
2530700,14.0,14.0
2530810,14.0,15.0
2530860,2.0,2.0
2530890,56.0,69.0
2530930,4.0,4.0
2530950,350.0,388.0
2530960,1.0,1.0
2531010,13.0,13.0
2531050,5.0,6.0
2531060,1.0,1.0
2531300,19.0,24.0
2531340,34.0,38.0
2531360,4.0,4.0
2531370,159.0,198.0
2531410,5.0,5.0
2531440,6.0,6.0
2531460,12.0,12.0
2531550,9.0,10.0
2531560,1.0,1.0
2531760,5.0,5.0
2531790,6.0,6.0
2531930,4.0,5.0
2531970,23.0,23.0
2532020,5.0,5.0
2532050,620.0,712.0
2532140,4.0,4.0
2532180,1.0,1.0
2532300,78.0,98.0
2532310,5.0,5.0
2532340,35.0,38.0
2532500,5.0,5.0
2532550,24477.0,25278.0
2532620,1.0,1.0
2532660,3.0,3.0
2532720,21.0,21.0
2532770,8.0,10.0
2532780,16.0,16.0
2532990,3.0,3.0
2533020,69.0,91.0
2533060,6.0,6.0
2533180,66.0,75.0
2533260,10.0,10.0
2533280,1.0,1.0
2533320,4.0,4.0
2533430,8.0,10.0
2533470,35.0,37.0
2533950,207.0,233.0
2533960,1754.0,1863.0
2534010,5.0,5.0
2534020,9.0,10.0
2534060,11.0,13.0
2534120,370.0,430.0
2534190,3.0,3.0
2534250,15.0,15.0
2534300,10.0,10.0
2534310,1.0,1.0
2534370,76.0,81.0
2534450,21.0,23.0
2534490,6.0,6.0
2534550,9.0,10.0
2534620,16.0,16.0
2534630,9.0,11.0
2534650,23.0,25.0
2534660,27.0,28.0
2534670,8.0,8.0
2534930,23.0,24.0
2534980,7.0,7.0
2535010,2.0,2.0
2535490,7.0,8.0
2535600,14.0,14.0
2535640,3.0,3.0
2535670,131.0,132.0
2535770,1006.0,1124.0
2535810,38.0,44.0
2535830,1330.0,1379.0
2535860,4.0,5.0
2535890,1.0,1.0
2535910,2.0,2.0
2535920,8.0,9.0
2535970,62.0,66.0
2536070,4.0,5.0
2536120,13.0,14.0
2536130,72.0,75.0
2536310,3.0,3.0
2536530,508.0,548.0
2536570,7.0,8.0
2536600,10.0,10.0
2536650,159.0,171.0
2536660,13.0,13.0
2536730,20.0,21.0
2536750,6.0,6.0
2536840,2253.0,2471.0
2536890,7.0,8.0
2537050,2.0,2.0
2537120,21.0,26.0
2537330,3.0,3.0
2537360,10.0,10.0
2537510,8.0,9.0
2537550,4.0,4.0
2537730,38.0,41.0
2537750,34.0,38.0
2537870,2.0,2.0
2537920,183.0,190.0
2537960,2.0,2.0
2538000,107.0,112.0
2538090,17.0,19.0
2538110,4.0,5.0
2538150,136.0,141.0
2538160,4.0,5.0
2538280,6.0,7.0
2538330,31.0,37.0
2538380,2.0,2.0
2538390,173.0,184.0
2538430,35.0,37.0
2538480,1.0,1.0
2538580,5.0,5.0
2538730,28.0,30.0
2538780,12.0,12.0
2539070,11.0,11.0
2539090,25.0,26.0
2539120,28.0,32.0
2539180,22.0,25.0
2539200,2.0,2.0
2539230,27.0,33.0
2539330,7.0,8.0
2539350,800.0,891.0
2539440,14.0,15.0
2539520,96.0,110.0
2539540,1.0,1.0
2539620,12.0,12.0
2539730,6.0,7.0
2539800,7.0,7.0
2539820,81.0,98.0
2539840,5.0,5.0
2539890,4.0,5.0
2539910,82.0,91.0
2539960,1203.0,1214.0
2540000,3.0,3.0
2540040,1.0,1.0
2540060,5.0,6.0
2540100,4351.0,4531.0
2540110,21.0,21.0
2540160,9.0,10.0
2540230,117.0,141.0
2540270,6.0,6.0
2540370,3.0,3.0
2540420,6.0,6.0
2540460,17.0,20.0
2540490,8.0,8.0
2540510,8.0,8.0
2540690,11.0,13.0
2540800,28.0,31.0
2540810,38.0,44.0
2540820,11.0,11.0
2540840,21.0,21.0
2541100,4.0,5.0
2541150,5.0,6.0
2541160,65.0,81.0
2541170,26.0,27.0
2541190,2.0,2.0
2541210,2.0,2.0
2541310,34.0,37.0
2541320,3.0,3.0
2541360,25.0,27.0
2541380,2.0,2.0
2541400,9.0,10.0
2541580,9.0,10.0
2541620,11.0,13.0
2541740,27.0,28.0
2541820,1.0,1.0
2541990,27.0,28.0
2542050,2.0,2.0
2542080,7.0,7.0
2542110,5.0,5.0
2542190,17.0,22.0
2542320,13.0,15.0
2542330,2.0,2.0
2542340,7.0,7.0
2542380,10.0,11.0
2542430,258.0,292.0
2542450,62.0,67.0
2542460,15.0,19.0
2542470,1.0,1.0
2542530,70.0,77.0
2542550,30.0,30.0
2542600,10.0,13.0
2542710,38.0,40.0
2542940,30.0,35.0
2542950,2.0,2.0
2543030,169.0,171.0
2543040,22.0,28.0
2543050,239.0,308.0
2543150,142.0,151.0
2543210,11.0,13.0
2543300,138.0,174.0
2543310,5.0,6.0
2543350,84.0,87.0
2543410,18.0,18.0
2543490,8.0,8.0
2543540,2.0,2.0
2543560,12.0,12.0
2543610,4.0,4.0
2543750,1.0,1.0
2543760,315.0,416.0
2543770,39.0,51.0
2543840,5.0,6.0
2544090,370.0,461.0
2544100,21.0,21.0
2544110,384.0,395.0
2544120,14.0,15.0
2544280,1.0,1.0
2544300,8.0,9.0
2544330,4.0,4.0
2544470,40.0,50.0
2544550,31.0,33.0
2544590,13.0,15.0
2544620,43.0,47.0
2544720,756.0,879.0
2544760,108.0,128.0
2544880,11.0,13.0
2544900,66.0,69.0
2544990,161.0,208.0
2545020,6.0,7.0
2545090,12.0,12.0
2545130,1.0,1.0
2545220,27.0,27.0
2545320,15.0,19.0
2545340,4.0,5.0
2545560,16.0,19.0
2545650,80.0,83.0
2545740,79.0,87.0
2545810,12.0,15.0
2545830,64.0,69.0
2545920,1.0,1.0
2546090,69.0,73.0
2546110,37.0,40.0
2546310,115.0,124.0
2546350,7.0,7.0
2546480,5.0,6.0
2546620,1.0,1.0
2546630,17.0,20.0
2546640,74.0,83.0
2546680,3.0,3.0
2546710,21.0,26.0
2546720,2.0,2.0
2546750,4.0,4.0
2546940,11.0,11.0
2546970,206.0,208.0
2547030,19.0,19.0
2547140,3.0,3.0
2547160,2.0,2.0
2547180,6.0,6.0
2547200,58.0,63.0
2547210,28.0,34.0
2547240,1.0,1.0
2547330,59.0,59.0
2547400,22.0,22.0
2547410,1.0,1.0
2547570,24.0,27.0
2547610,16.0,16.0
2547660,2.0,2.0
2547750,55.0,70.0
2547760,11.0,11.0
2547860,62.0,69.0
2547930,16.0,19.0
2547980,3.0,3.0
2548050,10.0,11.0
2548070,99.0,113.0
2548130,1.0,1.0
2548200,22.0,22.0
2548330,26.0,33.0
2548370,122.0,147.0
2548400,6.0,6.0
2548580,5.0,5.0
2548650,7.0,8.0
2548680,14.0,17.0
2548720,6.0,7.0
2548920,1.0,1.0
2548940,3.0,3.0
2548950,44.0,52.0
2549020,1.0,1.0
2549090,24.0,26.0
2549150,1.0,1.0
2549200,63.0,80.0
2549260,2.0,2.0
2549440,7.0,8.0
2549580,41.0,48.0
2549600,16.0,19.0
2549630,1.0,1.0
2549700,2.0,2.0
2549720,6.0,7.0
2549760,57.0,63.0
2549780,9.0,11.0
2549870,10.0,11.0
2549880,3.0,3.0
2549940,29.0,33.0
2549950,16.0,17.0
2549960,40.0,51.0
2550030,20.0,25.0
2550040,261.0,267.0
2550090,28.0,30.0
2550100,20.0,22.0
2550120,2.0,2.0
2550130,58.0,60.0
2550230,25.0,25.0
2550240,37.0,42.0
2550330,18.0,18.0
2550340,6.0,6.0
2550370,10.0,13.0
2550460,1.0,1.0
2550630,54.0,55.0
2550660,2.0,2.0
2550690,1.0,1.0
2550700,1.0,1.0
2550730,4.0,5.0
2550860,7.0,8.0
2550930,6.0,7.0
2551020,22549.0,24958.0
2551030,16.0,21.0
2551110,55.0,64.0
2551170,998.0,1020.0
2551200,117.0,146.0
2551260,11.0,13.0
2551290,55.0,67.0
2551430,1.0,1.0
2551500,5751.0,5876.0
2551600,56.0,62.0
2551660,7.0,9.0
2551780,78.0,81.0
2551800,2.0,2.0
2551810,1.0,1.0
2551830,1.0,1.0
2551850,1.0,1.0
2551920,41.0,51.0
2552200,10.0,10.0
2552330,38.0,40.0
2552410,88.0,95.0
2552420,46.0,46.0
2552430,4085.0,5232.0
2552440,219.0,271.0
2552450,827.0,905.0
2552560,16.0,16.0
2552570,4.0,4.0
2552620,70.0,71.0
2552680,18.0,22.0
2552820,1.0,1.0
2552850,278.0,326.0
2552900,24.0,24.0
2553050,397.0,517.0
2553180,8.0,8.0
2553210,6.0,7.0
2553240,7.0,8.0
2553250,8.0,8.0
2553260,8.0,8.0
2553290,8.0,9.0
2553350,3.0,3.0
2553410,7.0,7.0
2553420,15.0,15.0
2553440,8.0,10.0
2553530,9.0,9.0
2553550,83.0,85.0
2553590,37.0,37.0
2553640,11.0,12.0
2553690,4.0,4.0
2553710,359.0,455.0
2553780,11.0,14.0
2553790,5.0,6.0
2553800,14.0,15.0
2553830,1.0,1.0
2553840,34.0,36.0
2553870,1140.0,1295.0
2553910,72.0,76.0
2553930,8.0,8.0
2553960,228.0,263.0
2553980,11.0,11.0
2554000,2.0,2.0
2554690,20.0,21.0
2554780,8.0,8.0
2554800,26.0,27.0
2554820,17.0,19.0
2554950,16.0,16.0
2554990,33.0,40.0
2555030,11.0,14.0
2555180,1.0,1.0
2555260,30.0,32.0
2555320,2525.0,2699.0
2555370,1.0,1.0
2555430,630.0,773.0
2555460,6.0,7.0
2555570,45.0,47.0
2555580,85.0,89.0
2555910,14.0,18.0
2555970,21.0,24.0
2556030,19.0,19.0
2556040,1.0,1.0
2556100,8.0,9.0
2556160,102.0,104.0
2556180,78.0,90.0
2556210,1.0,1.0
2556450,248.0,280.0
2556660,10.0,10.0
2556670,3.0,3.0
2556730,8.0,8.0
2556740,8.0,10.0
2556750,9.0,10.0
2556830,1.0,1.0
2556840,4.0,4.0
2556930,2.0,2.0
2556990,637.0,797.0
2557370,11.0,11.0
2557460,12.0,15.0
2557480,13.0,13.0
2557510,1.0,1.0
2557520,17.0,21.0
2557580,16.0,18.0
2557590,5.0,5.0
2557600,8.0,10.0
2557610,5.0,6.0
2557640,2.0,2.0
2557660,10.0,10.0
2557700,4.0,5.0
2557730,3.0,3.0
2557750,22.0,26.0
2557870,23.0,29.0
2558070,1.0,1.0
2558090,2.0,2.0
2558120,3.0,3.0
2558180,1.0,1.0
2558200,145.0,177.0
2558240,8.0,10.0
2558320,5.0,6.0
2558330,2.0,2.0
2558390,22.0,23.0
2558440,15.0,15.0
2558480,8.0,9.0
2558500,2.0,2.0
2558520,17.0,19.0
2558560,6.0,6.0
2558570,45.0,46.0
2558580,355.0,472.0
2558650,1.0,1.0
2558660,2.0,2.0
2558670,2.0,2.0
2558680,2.0,2.0
2558690,1.0,1.0
2558750,25.0,28.0
2558930,22.0,26.0
2559060,8.0,8.0
2559070,14.0,14.0
2559170,2.0,2.0
2559250,24.0,24.0
2559270,1656.0,1898.0
2559280,7.0,7.0
2559350,10.0,10.0
2559360,47.0,51.0
2559400,34.0,34.0
2559420,6.0,7.0
2559470,71.0,81.0
2559500,1.0,1.0
2559530,25.0,26.0
2559540,10.0,12.0
2559550,21.0,21.0
2559630,4.0,5.0
2559820,14.0,16.0
2559860,23.0,24.0
2559900,5.0,5.0
2559950,13.0,14.0
2559980,7.0,9.0
2560020,6.0,6.0
2560040,29.0,30.0
2560120,19.0,22.0
2560200,1.0,1.0
2560260,13.0,15.0
2560320,2.0,2.0
2560390,8.0,8.0
2560460,241.0,245.0
2560490,26.0,29.0
2560520,28.0,28.0
2560530,192.0,195.0
2560590,27.0,30.0
2560620,10.0,10.0
2560660,10.0,10.0
2560680,29.0,31.0
2560740,2.0,2.0
2560750,2.0,2.0
2560790,2.0,2.0
2560820,51.0,55.0
2560850,4.0,4.0
2560870,27.0,27.0
2560940,1.0,1.0
2561050,1.0,1.0
2561080,2.0,2.0
2561090,15.0,15.0
2561170,2.0,2.0
2561180,8.0,8.0
2561190,15.0,15.0
2561200,13.0,15.0
2561210,7.0,7.0
2561230,20.0,22.0
2561270,437.0,506.0
2561330,7.0,7.0
2561360,49.0,55.0
2561470,13.0,15.0
2561500,38.0,41.0
2561560,9.0,10.0
2561570,1.0,1.0
2561610,1.0,1.0
2561770,19.0,21.0
2561860,2.0,2.0
2561920,7.0,8.0
2561950,4.0,4.0
2561990,42.0,48.0
2562000,1.0,1.0
2562040,19.0,19.0
2562100,4.0,4.0
2562290,14.0,16.0
2562350,46.0,53.0
2562460,158.0,167.0
2562470,22.0,22.0
2562550,48.0,55.0
2562610,8.0,9.0
2562620,39.0,39.0
2562900,86.0,90.0
2562980,18.0,22.0
2563120,5.0,6.0
2563140,15.0,16.0
2563160,25.0,28.0
2563180,26.0,26.0
2563270,4.0,4.0
2563300,24.0,29.0
2563340,123.0,125.0
2563350,64.0,70.0
2563410,4.0,5.0
2563570,6.0,6.0
2563690,31.0,34.0
2563740,12.0,15.0
2563800,46.0,47.0
2563850,5.0,6.0
2563920,46.0,53.0
2563930,4.0,4.0
2563960,11.0,12.0
2563980,26.0,28.0
2564140,7.0,8.0
2564240,4.0,4.0
2564260,5.0,5.0
2564460,102.0,125.0
2564700,20.0,21.0
2564720,1.0,1.0
2564810,11.0,13.0
2564820,3.0,3.0
2564870,4.0,4.0
2564880,207.0,228.0
2564940,47.0,51.0
2564950,9.0,9.0
2565000,8.0,9.0
2565190,11.0,12.0
2565200,9.0,9.0
2565260,19.0,19.0
2565310,12.0,13.0
2565340,34.0,42.0
2565440,21.0,26.0
2565450,3.0,3.0
2565470,3.0,3.0
2565480,9.0,9.0
2565490,6.0,7.0
2565520,11.0,11.0
2565550,207.0,241.0
2565560,6.0,6.0
2565600,84.0,94.0
2565730,11.0,11.0
2566020,26.0,27.0
2566030,8.0,8.0
2566090,27.0,27.0
2566130,1.0,1.0
2566140,18.0,20.0
2566190,2.0,2.0
2566230,8.0,9.0
2566240,3.0,3.0
2566350,52.0,68.0
2566430,22.0,25.0
2566470,1.0,1.0
2566520,25.0,25.0
2566580,4.0,4.0
2566970,3.0,3.0
2567170,52.0,57.0
2567190,841.0,875.0
2567210,1.0,1.0
2567340,1.0,1.0
2567400,1.0,1.0
2567410,11.0,12.0
2567530,4.0,4.0
2567550,1.0,1.0
2567570,21.0,21.0
2567590,4.0,4.0
2567620,43.0,46.0
2567630,1.0,1.0
2567670,3.0,3.0
2567680,4.0,5.0
2567690,1.0,1.0
2567730,28.0,28.0
2567750,4.0,5.0
2567800,11.0,12.0
2567870,29736.0,33424.0
2567880,3.0,3.0
2567950,4.0,5.0
2568000,5.0,5.0
2568050,12.0,15.0
2568060,16.0,21.0
2568410,9.0,9.0
2568510,8.0,9.0
2568540,6.0,7.0
2568600,10.0,10.0
2568610,1.0,1.0
2568620,6.0,7.0
2568700,4.0,5.0
2568710,1.0,1.0
2568810,1.0,1.0
2568870,47.0,52.0
2568880,262.0,327.0
2568930,7.0,7.0
2569030,3.0,3.0
2569170,87.0,115.0
2569220,1.0,1.0
2569250,1.0,1.0
2569320,6.0,6.0
2569330,72.0,84.0
2569410,11.0,12.0
2569440,5.0,5.0
2569520,2.0,2.0
2569560,7.0,7.0
2569610,33.0,35.0
2569710,13.0,15.0
2569830,3.0,3.0
2569850,1.0,1.0
2569910,7.0,8.0
2569990,2.0,2.0
2570040,1.0,1.0
2570130,2.0,2.0
2570150,19.0,20.0
2570210,270.0,302.0
2570230,18.0,19.0
2570280,12.0,14.0
2570390,497.0,574.0
2570450,30.0,36.0
2570460,1.0,1.0
2570630,5848.0,5919.0
2570710,38.0,38.0
2570740,19.0,23.0
2570830,3.0,3.0
2570870,3.0,3.0
2570900,1.0,1.0
2570950,43.0,46.0
2571140,5.0,6.0
2571170,13.0,15.0
2571200,8.0,10.0
2571240,12.0,13.0
2571290,5.0,6.0
2571330,2.0,2.0
2571400,75.0,75.0
2571420,2.0,2.0
2571490,13.0,13.0
2571500,17.0,17.0
2571530,1.0,1.0
2571540,3.0,3.0
2571650,14.0,14.0
2571670,7.0,8.0
2571710,1.0,1.0
2571780,12.0,14.0
2571800,1.0,1.0
2571810,1.0,1.0
2571880,133.0,137.0
2571900,1.0,1.0
2572200,1.0,1.0
2572280,44.0,48.0
2572340,121.0,123.0
2572360,15.0,15.0
2572370,122.0,144.0
2572400,84.0,100.0
2572560,191.0,225.0
2572670,32.0,35.0
2572990,5.0,5.0
2573010,4.0,4.0
2573050,57.0,65.0
2573150,3.0,3.0
2573200,31.0,38.0
2573320,135.0,152.0
2573350,19.0,25.0
2573420,2.0,2.0
2573430,6.0,6.0
2573470,41.0,52.0
2573490,7.0,7.0
2573530,5.0,5.0
2573540,2.0,2.0
2573610,37.0,41.0
2573620,2.0,2.0
2573640,5.0,5.0
2573670,37.0,39.0
2573770,1.0,1.0
2573790,21.0,21.0
2573910,1.0,1.0
2573950,117.0,128.0
2574000,75.0,86.0
2574030,105.0,116.0
2574040,1.0,1.0
2574260,3.0,3.0
2574370,2.0,2.0
2574420,16.0,16.0
2574430,201.0,209.0
2574460,16.0,18.0
2574520,10.0,10.0
2574550,3.0,3.0
2574590,1.0,1.0
2574690,1.0,1.0
2574720,3.0,3.0
2574800,51.0,59.0
2574820,3.0,3.0
2574840,119.0,154.0
2575060,157.0,168.0
2575070,40.0,44.0
2575100,10.0,13.0
2575110,30.0,34.0
2575120,14.0,18.0
2575150,3.0,3.0
2575230,6.0,6.0
2575360,117.0,124.0
2575450,5.0,5.0
2575770,1.0,1.0
2575790,6.0,6.0
2575900,1166.0,1228.0
2575960,28.0,29.0
2576000,1.0,1.0
2576160,23.0,27.0
2576170,36.0,37.0
2576440,4.0,4.0
2576460,79.0,81.0
2576470,1.0,1.0
2576550,18.0,18.0
2576580,17.0,21.0
2576600,67.0,73.0
2576710,1.0,1.0
2576910,17.0,17.0
2577140,2.0,2.0
2577150,1.0,1.0
2577180,131.0,139.0
2577250,1.0,1.0
2577320,10.0,12.0
2577410,43.0,46.0
2577520,10.0,13.0
2577550,31.0,37.0
2577640,75.0,80.0
2577660,23.0,25.0
2577760,163.0,174.0
2577770,7.0,7.0
2577860,38.0,39.0
2577890,12.0,14.0
2577970,7.0,7.0
2578010,3.0,3.0
2578110,161.0,167.0
2578240,33.0,36.0
2578250,11.0,13.0
2578270,14.0,18.0
2578400,7.0,9.0
2578690,7.0,7.0
2578700,1.0,1.0
2578710,5.0,5.0
2578750,7.0,8.0
2578790,3.0,3.0
2578800,13.0,13.0
2578810,39.0,40.0
2578820,6.0,6.0
2578860,9.0,11.0
2578880,182.0,214.0
2578900,2.0,2.0
2578910,453.0,513.0
2578940,32.0,37.0
2578950,3.0,3.0
2579000,13.0,13.0
2579020,72.0,84.0
2579270,451.0,483.0
2579280,379.0,421.0
2579380,1.0,1.0
2579430,41.0,43.0
2579470,40.0,50.0
2579540,25.0,26.0
2579550,53.0,53.0
2579570,7.0,8.0
2579600,1.0,1.0
2579710,26.0,27.0
2579840,79.0,83.0
2579860,8.0,8.0
2579870,1.0,1.0
2579890,7.0,7.0
2580000,34.0,38.0
2580100,11.0,13.0
2580300,5.0,5.0
2580370,1.0,1.0
2580390,123.0,136.0
2581160,3.0,3.0
2581210,2.0,2.0
2581280,1.0,1.0
2581290,9.0,11.0
2581310,1.0,1.0
2581510,3.0,3.0
2581560,11.0,11.0
2581570,222.0,233.0
2581590,14.0,16.0
2581600,5.0,5.0
2581610,29.0,31.0
2581700,571.0,683.0
2581810,8.0,10.0
2581960,32.0,32.0
2581980,2.0,2.0
2582240,30.0,31.0
2582260,14.0,15.0
2582300,10.0,13.0
2582410,1.0,1.0
2582500,9.0,10.0
2582530,2.0,2.0
2582540,71.0,72.0
2582650,525.0,609.0
2582660,244.0,269.0
2582730,37.0,48.0
2582740,3.0,3.0
2582900,60.0,76.0
2583030,53.0,54.0
2583290,1.0,1.0
2583300,159.0,169.0
2583330,41.0,42.0
2583370,15.0,15.0
2583430,184.0,215.0
2583460,7.0,8.0
2583540,26.0,26.0
2583620,17.0,18.0
2583640,8.0,10.0
2583680,6.0,6.0
2583690,1.0,1.0
2583760,36.0,46.0
2583830,48.0,58.0
2583930,32.0,35.0
2584050,21.0,26.0
2584260,78.0,86.0
2584310,3.0,3.0
2584340,41.0,44.0
2584370,32.0,36.0
2584480,4.0,4.0
2584500,21.0,21.0
2584550,2.0,2.0
2584570,5.0,5.0
2584590,10.0,12.0
2584630,5.0,5.0
2584650,125.0,149.0
2584680,10.0,10.0
2584700,8.0,8.0
2584850,14.0,14.0
2584970,1.0,1.0
2585020,12.0,13.0
2585050,133.0,152.0
2585110,101.0,101.0
2585160,3.0,3.0
2585180,1.0,1.0
2585260,14.0,14.0
2585270,135.0,146.0
2585560,9.0,9.0
2585570,1.0,1.0
2585700,11.0,13.0
2585840,7.0,8.0
2586090,6.0,7.0
2586110,6.0,7.0
2586140,33.0,36.0
2586160,23.0,27.0
2586250,16.0,18.0
2586310,1.0,1.0
2586330,12.0,12.0
2586500,25.0,27.0
2586540,22.0,25.0
2586640,6.0,7.0
2586670,6.0,7.0
2586820,2.0,2.0
2587030,19.0,19.0
2587050,1.0,1.0
2587070,15.0,17.0
2587130,7.0,7.0
2587170,20.0,23.0
2587250,6.0,6.0
2587260,7.0,7.0
2587360,10.0,10.0
2587450,395.0,429.0
2587670,4.0,4.0
2587770,193.0,209.0
2587780,1.0,1.0
2587790,7.0,8.0
2587830,4.0,5.0
2587840,17.0,18.0
2587870,7.0,7.0
2587890,50.0,54.0
2587930,1.0,1.0
2587950,18.0,23.0
2587960,16.0,16.0
2587980,7.0,8.0
2588160,14.0,15.0
2588180,4.0,5.0
2588230,5.0,5.0
2588240,23.0,24.0
2588280,12.0,12.0
2588390,5.0,5.0
2588580,50.0,58.0
2588590,134.0,165.0
2588690,3.0,3.0
2588760,14.0,14.0
2588780,1.0,1.0
2588890,1.0,1.0
2588990,12.0,15.0
2589100,6.0,6.0
2589110,12.0,12.0
2589120,6.0,7.0
2589200,71.0,74.0
2589280,3.0,3.0
2589290,3.0,3.0
2589320,3.0,3.0
2589340,3.0,3.0
2589350,3.0,3.0
2589470,16.0,19.0
2589510,22.0,27.0
2589630,2.0,2.0
2589710,9.0,10.0
2589730,1.0,1.0
2589820,9.0,11.0
2589910,14.0,16.0
2589990,12.0,13.0
2590020,9.0,10.0
2590050,11.0,12.0
2590080,33.0,33.0
2590120,3.0,3.0
2590220,13.0,17.0
2590250,387.0,414.0
2590300,5.0,6.0
2590370,1.0,1.0
2590600,7.0,9.0
2590710,1.0,1.0
2590720,7.0,9.0
2590770,24.0,29.0
2590790,29.0,29.0
2590810,31.0,38.0
2590830,7.0,8.0
2590910,23.0,24.0
2590920,7.0,8.0
2590940,1.0,1.0
2591070,51.0,60.0
2591090,4.0,4.0
2591120,13.0,13.0
2591270,8.0,9.0
2591290,39.0,49.0
2591380,146.0,148.0
2591520,47.0,55.0
2591670,2.0,2.0
2591760,4.0,4.0
2591810,15.0,15.0
2591840,5.0,6.0
2591880,3.0,3.0
2591910,335.0,347.0
2591950,10.0,11.0
2591970,45.0,54.0
2592040,42.0,42.0
2592060,29.0,38.0
2592070,36.0,43.0
2592170,66.0,69.0
2592330,5.0,5.0
2592560,31.0,32.0
2592710,23.0,24.0
2592940,4.0,4.0
2593070,19.0,22.0
2593080,4.0,4.0
2593130,3.0,3.0
2593140,3.0,3.0
2593370,37327.0,38601.0
2593410,10.0,11.0
2593440,40.0,42.0
2593450,268.0,289.0
2593650,13.0,14.0
2593680,9.0,9.0
2593850,106.0,116.0
2593900,361.0,437.0
2594020,71.0,74.0
2594110,7.0,7.0
2594280,1.0,1.0
2594430,5.0,5.0
2594470,24.0,24.0
2594480,13.0,13.0
2594540,607.0,668.0
2594560,16.0,18.0
2594580,25.0,25.0
2594640,1733.0,1970.0
2594690,5.0,5.0
2594730,2.0,2.0
2595040,19.0,25.0
2595080,11.0,12.0
2595210,6.0,6.0
2595230,44.0,50.0
2595300,35.0,38.0
2595370,4.0,4.0
2595420,2.0,2.0
2595430,1.0,1.0
2595440,9.0,9.0
2595540,25.0,25.0
2595570,29.0,29.0
2595630,15.0,15.0
2595770,17.0,17.0
2595780,13.0,14.0
2595850,4.0,4.0
2595860,644.0,705.0
2596100,182.0,193.0
2596250,14.0,16.0
2596330,2.0,2.0
2596420,155.0,165.0
2596460,10.0,10.0
2596480,26.0,27.0
2596630,21.0,24.0
2596650,7.0,7.0
2596670,51.0,55.0
2596710,3.0,3.0
2596880,177.0,198.0
2597070,4.0,4.0
2597080,1403.0,1556.0
2597110,11.0,12.0
2597190,19.0,22.0
2597210,10.0,11.0
2597220,1.0,1.0
2597260,59.0,64.0
2597280,3.0,3.0
2597290,11.0,13.0
2597300,10.0,11.0
2597330,5.0,6.0
2597460,292.0,349.0
2597470,14.0,14.0
2597480,23.0,25.0
2597520,2.0,2.0
2597560,27.0,31.0
2597600,1.0,1.0
2597710,18.0,23.0
2598030,1.0,1.0
2598050,13.0,13.0
2598080,19.0,20.0
2598090,1.0,1.0
2598110,7.0,8.0
2598120,41.0,43.0
2598190,40.0,41.0
2598290,1.0,1.0
2598340,29.0,31.0
2598410,55.0,59.0
2598480,62.0,65.0
2598490,35.0,35.0
2598660,10.0,13.0
2598690,50.0,55.0
2598710,5.0,5.0
2598860,15.0,15.0
2598890,8.0,9.0
2598930,156.0,186.0
2598940,56.0,61.0
2598960,2.0,2.0
2598970,6.0,7.0
2598980,91.0,106.0
2599130,5.0,5.0
2599220,2.0,2.0
2599270,351.0,365.0
2599300,742.0,828.0
2599370,198.0,211.0
2599420,11.0,11.0
2599450,358.0,467.0
2599480,4.0,4.0
2599560,9.0,11.0
2599620,35.0,36.0
2599660,1.0,1.0
2599680,1.0,1.0
2599700,21.0,25.0
2599780,11.0,11.0
2599800,16.0,19.0
2599860,42.0,46.0
2599890,18.0,18.0
2599900,12.0,12.0
2599950,143.0,151.0
2600030,5.0,5.0
2600050,9.0,9.0
2600100,1.0,1.0
2600140,3377.0,3399.0
2600180,88.0,112.0
2600570,424.0,491.0
2600580,11.0,11.0
2600600,495.0,627.0
2600640,77.0,85.0
2600670,10.0,10.0
2600710,5.0,5.0
2600770,8.0,9.0
2600790,17.0,17.0
2600830,46.0,61.0
2601000,4.0,4.0
2601010,1.0,1.0
2601030,211.0,248.0
2601120,16.0,17.0
2601130,4.0,4.0
2601190,60.0,63.0
2601240,15.0,17.0
2601600,54.0,63.0
2601620,19.0,21.0
2601640,5.0,6.0
2601690,7.0,7.0
2601700,27.0,29.0
2601750,23.0,24.0
2601850,5.0,6.0
2601870,9.0,9.0
2601890,3.0,3.0
2601940,129.0,147.0
2602000,29.0,36.0
2602050,9.0,11.0
2602110,4.0,4.0
2602170,6.0,6.0
2602270,25.0,27.0
2602290,17.0,17.0
2602300,15.0,15.0
2602310,2.0,2.0
2602380,29.0,36.0
2602450,65.0,85.0
2602530,2.0,2.0
2602540,56.0,59.0
2602550,14.0,17.0
2602720,2.0,2.0
2602730,155.0,202.0
2602770,59.0,64.0
2602780,111.0,125.0
2602790,10.0,12.0
2602910,3.0,3.0
2603020,192.0,232.0
2603030,21.0,25.0
2603080,1.0,1.0
2603130,1.0,1.0
2603190,17.0,21.0
2603230,32.0,34.0
2603260,32.0,32.0
2603280,39.0,41.0
2603290,9.0,9.0
2603300,44.0,47.0
2603410,29.0,33.0
2603440,5.0,6.0
2603450,13.0,13.0
2603480,6.0,6.0
2603590,4.0,4.0
2603650,5.0,5.0
2603680,4.0,4.0
2603740,7.0,7.0
2603860,18.0,18.0
2603880,2.0,2.0
2603950,34.0,43.0
2604030,15.0,15.0
2604240,25.0,27.0
2604300,24.0,24.0
2604450,37.0,38.0
2604580,8.0,10.0
2604600,21.0,25.0
2604620,1.0,1.0
2604660,9.0,11.0
2604880,3.0,3.0
2604920,23.0,26.0
2604940,113.0,141.0
2604950,1.0,1.0
2604980,6.0,7.0
2605100,2.0,2.0
2605140,1.0,1.0
2605210,7.0,7.0
2605260,34.0,38.0
2605340,9.0,9.0
2605350,13.0,13.0
2605410,2.0,2.0
2605600,72.0,77.0
2605640,254.0,322.0
2605670,9.0,10.0
2605690,4.0,4.0
2605700,8.0,9.0
2605880,13.0,13.0
2605920,135.0,138.0
2605980,7.0,8.0
2605990,2.0,2.0
2606190,19.0,20.0
2606240,4.0,4.0
2606270,94.0,105.0
2606550,24.0,25.0
2606580,1.0,1.0
2606610,1.0,1.0
2606630,8.0,9.0
2606760,31.0,32.0
2606790,4.0,4.0
2606820,18.0,20.0
2606920,80.0,83.0
2607050,8.0,8.0
2607060,493.0,526.0
2607090,5.0,5.0
2607120,26.0,27.0
2607150,24.0,30.0
2607200,11.0,11.0
2607310,6.0,6.0
2607320,97.0,113.0
2607330,49.0,49.0
2607470,5.0,5.0
2607480,1.0,1.0
2607610,12.0,14.0
2607620,21.0,24.0
2607760,16.0,16.0
2607780,10.0,11.0
2607790,9.0,9.0
2607920,16.0,21.0
2607950,4.0,4.0
2607970,5.0,5.0
2608040,410.0,416.0
2608050,9191.0,9233.0
2608060,1.0,1.0
2608140,4.0,4.0
2608210,26.0,31.0
2608270,1141.0,1194.0
2608290,1.0,1.0
2608300,12.0,15.0
2608350,1340.0,1388.0
2608400,13.0,14.0
2608440,60.0,68.0
2608680,1.0,1.0
2609130,3.0,3.0
2609240,3.0,3.0
2609270,2.0,2.0
2609320,24.0,24.0
2609390,12.0,12.0
2609410,19.0,19.0
2609420,2.0,2.0
2609490,21.0,26.0
2609500,73.0,78.0
2609540,16.0,17.0
2609610,566.0,687.0
2609720,4.0,5.0
2609800,5.0,5.0
2609810,6.0,7.0
2609860,7.0,7.0
2610030,1.0,1.0
2610080,35.0,46.0
2610090,689.0,713.0
2610230,17.0,21.0
2610250,2.0,2.0
2610280,8.0,10.0
2610320,15.0,15.0
2610350,10.0,10.0
2610500,6.0,7.0
2610710,23.0,23.0
2610830,59.0,74.0
2610970,3.0,3.0
2611110,1.0,1.0
2611200,3.0,3.0
2611230,2.0,2.0
2611280,4.0,4.0
2611340,2.0,2.0
2611550,1.0,1.0
2611570,1.0,1.0
2611580,159.0,162.0
2611590,20.0,22.0
2611630,1.0,1.0
2611750,11.0,12.0
2611800,15.0,15.0
2611860,2.0,2.0
2611890,113.0,126.0
2612250,1.0,1.0
2612270,6.0,6.0
2612380,1.0,1.0
2612420,4.0,5.0
2612430,2.0,2.0
2612660,24.0,26.0
2612670,1.0,1.0
2612680,1957.0,1989.0
2612720,6.0,7.0
2612760,9.0,10.0
2612800,1.0,1.0
2612960,77.0,100.0
2613010,134.0,164.0
2613120,21.0,21.0
2613240,5.0,5.0
2613370,6.0,6.0
2613430,4.0,4.0
2613510,16.0,16.0
2613530,5.0,5.0
2613610,201.0,214.0
2613720,73.0,82.0
2613800,40.0,40.0
2613830,65.0,69.0
2613850,11.0,11.0
2613930,2.0,2.0
2613960,19.0,20.0
2614000,21.0,21.0
2614070,1367.0,1382.0
2614080,6.0,6.0
2614200,18.0,21.0
2614210,4.0,5.0
2614240,24.0,25.0
2614360,19.0,20.0
2614480,36.0,36.0
2614540,17.0,20.0
2614640,5.0,6.0
2614670,98.0,116.0
2614690,5.0,5.0
2614700,11.0,12.0
2614720,61.0,70.0
2614790,31.0,33.0
2614800,42.0,48.0
2614820,3.0,3.0
2614970,21.0,22.0
2614980,45.0,46.0
2615090,5.0,6.0
2615100,2.0,2.0
2615120,6.0,6.0
2615130,16.0,16.0
2615200,2.0,2.0
2615290,32.0,33.0
2615300,34.0,35.0
2615410,8.0,8.0
2615440,1.0,1.0
2615500,1.0,1.0
2615580,30.0,36.0
2615610,2.0,2.0
2615670,182.0,187.0
2615810,12.0,12.0
2615880,2.0,2.0
2616040,3.0,3.0
2616050,14.0,16.0
2616090,24.0,28.0
2616170,22.0,22.0
2616260,2.0,2.0
2616420,653.0,722.0
2616440,1.0,1.0
2616460,663.0,692.0
2616550,19.0,25.0
2616630,3.0,3.0
2616720,48.0,52.0
2616730,23.0,23.0
2616760,2.0,2.0
2616810,2.0,2.0
2616890,1.0,1.0
2616900,7.0,9.0
2616930,4.0,5.0
2617030,18.0,18.0
2617090,62.0,62.0
2617100,4.0,4.0
2617110,2.0,2.0
2617190,10.0,10.0
2617400,858.0,899.0
2617500,16.0,18.0
2617740,13.0,13.0
2617930,4.0,4.0
2617950,4.0,4.0
2618050,10.0,10.0
2618060,1.0,1.0
2618180,64.0,74.0
2618260,10.0,12.0
2618270,13.0,14.0
2618350,1.0,1.0
2618370,65.0,69.0
2618380,41.0,44.0
2618420,9.0,9.0
2618560,1.0,1.0
2618710,24.0,27.0
2618830,39.0,43.0
2618850,26.0,27.0
2618880,5.0,5.0
2618890,2.0,2.0
2619000,14.0,14.0
2619090,5.0,6.0
2619160,1.0,1.0
2619180,5.0,5.0
2619210,18.0,21.0
2619220,3.0,3.0
2619250,48.0,51.0
2619450,17.0,20.0
2619520,2.0,2.0
2619640,1.0,1.0
2619790,12.0,13.0
2619860,13.0,13.0
2619900,44.0,49.0
2619940,18.0,22.0
2619950,7.0,7.0
2620000,49.0,53.0
2620020,19.0,20.0
2620110,5.0,5.0
2620120,1.0,1.0
2620140,4.0,4.0
2620200,63.0,74.0
2620240,478.0,581.0
2620290,15.0,17.0
2620310,39.0,49.0
2620330,4.0,4.0
2620380,16.0,17.0
2620420,15.0,15.0
2620500,181.0,210.0
2620530,6.0,6.0
2620610,11.0,14.0
2620710,10.0,10.0
2620750,11.0,11.0
2620940,63.0,69.0
2621150,1117.0,1287.0
2621160,26.0,32.0
2621330,1.0,1.0
2621380,6.0,7.0
2621420,110.0,114.0
2621440,36.0,38.0
2621460,16.0,20.0
2621860,6.0,7.0
2621890,21.0,26.0
2621900,22.0,24.0
2621950,37.0,39.0
2621960,1.0,1.0
2622140,16.0,16.0
2622170,1.0,1.0
2622200,7.0,9.0
2622220,21.0,21.0
2622260,36.0,39.0
2622500,54.0,55.0
2622750,37.0,41.0
2622770,12.0,13.0
2622850,23.0,28.0
2623100,1.0,1.0
2623150,30.0,35.0
2623310,5.0,6.0
2623400,17.0,18.0
2623430,6.0,6.0
2623560,13.0,17.0
2623570,16.0,21.0
2623650,1.0,1.0
2623670,9.0,9.0
2623690,2.0,2.0
2623730,27.0,30.0
2624060,2.0,2.0
2624230,3.0,3.0
2624320,14.0,17.0
2624360,2.0,2.0
2624410,25.0,33.0
2624560,4.0,5.0
2624640,7.0,7.0
2624660,6.0,6.0
2624690,25.0,26.0
2624760,86.0,111.0
2624950,101.0,111.0
2625040,1.0,1.0
2625170,37.0,40.0
2625300,5.0,5.0
2625330,6.0,6.0
2625430,18.0,20.0
2625480,2.0,2.0
2625650,27.0,35.0
2625960,13.0,15.0
2626050,16.0,18.0
2626090,1.0,1.0
2626120,17.0,21.0
2626240,78.0,91.0
2626360,8.0,8.0
2626410,24.0,29.0
2626450,1.0,1.0
2626530,12.0,12.0
2626690,4.0,4.0
2626780,11.0,13.0
2626860,94.0,120.0
2626890,5.0,5.0
2626910,998.0,1330.0
2626920,2.0,2.0
2626940,839.0,987.0
2626960,14.0,14.0
2627030,192.0,195.0
2627140,4.0,4.0
2627150,11.0,11.0
2627210,32.0,36.0
2627270,42.0,46.0
2627340,35.0,45.0
2627380,7.0,9.0
2627500,6.0,6.0
2627540,53.0,67.0
2627550,44.0,45.0
2627570,124.0,144.0
2627600,56.0,58.0
2627650,1.0,1.0
2627680,1.0,1.0
2627740,1.0,1.0
2627770,4.0,5.0
2627780,136.0,140.0
2628070,21.0,22.0
2628190,45.0,49.0
2628230,30.0,38.0
2628370,7.0,7.0
2628390,7.0,7.0
2628400,31.0,39.0
2628420,302.0,324.0
2628560,15.0,16.0
2628570,341.0,409.0
2628600,29.0,37.0
2628870,4.0,4.0
2628930,7.0,8.0
2628950,3.0,3.0
2628960,4.0,5.0
2629070,8.0,9.0
2629180,4.0,4.0
2629190,18.0,19.0
2629200,3.0,3.0
2629260,5.0,5.0
2629270,5.0,5.0
2629330,709.0,761.0
2629340,55.0,59.0
2629410,14.0,18.0
2629610,6.0,6.0
2629640,1.0,1.0
2629650,18.0,19.0
2629660,3.0,3.0
2629700,1.0,1.0
2629840,2.0,2.0
2630000,13.0,13.0
2630010,3.0,3.0
2630030,93.0,121.0
2630080,294.0,322.0
2630090,5.0,5.0
2630140,10.0,10.0
2630160,7.0,8.0
2630260,6.0,7.0
2630300,57.0,59.0
2630920,54.0,61.0
2630960,1.0,1.0
2630970,5.0,5.0
2631010,3.0,3.0
2631020,1.0,1.0
2631170,19.0,22.0
2631220,9.0,9.0
2631240,49.0,54.0
2631330,1.0,1.0
2631380,11.0,11.0
2631520,13.0,17.0
2631570,10.0,11.0
2631580,307.0,320.0
2631610,8.0,8.0
2631800,72.0,93.0
2631910,2.0,2.0
2631960,177.0,181.0
2632000,1.0,1.0
2632080,27.0,30.0
2632120,16.0,17.0
2632140,4.0,4.0
2632180,6.0,7.0
2632190,2.0,2.0
2632460,3.0,3.0
2632480,12.0,12.0
2632490,23.0,24.0
2632620,1.0,1.0
2632630,20.0,20.0
2632650,4.0,4.0
2632720,45.0,46.0
2632800,107.0,120.0
2632850,20.0,20.0
2632930,156.0,183.0
2633110,5.0,6.0
2633150,32.0,41.0
2633170,107.0,135.0
2633180,2.0,2.0
2633210,36.0,37.0
2633300,9.0,9.0
2633330,6.0,6.0
2633480,11.0,12.0
2633490,7.0,9.0
2633500,94.0,116.0
2633640,235.0,256.0
2633690,4.0,4.0
2633890,88.0,114.0
2633950,22.0,26.0
2633970,10.0,13.0
2634140,19.0,23.0
2634300,1.0,1.0
2634320,2.0,2.0
2634330,5.0,6.0
2634470,12.0,12.0
2634510,2.0,2.0
2634560,56.0,59.0
2634610,62.0,69.0
2634760,3.0,3.0
2634770,17.0,19.0
2634820,2.0,2.0
2634890,1465.0,1562.0
2635030,3.0,3.0
2635070,18.0,18.0
2635120,56.0,58.0
2635340,521.0,579.0
2635350,218.0,283.0
2635360,491.0,552.0
2635410,3.0,3.0
2635510,31.0,36.0
2635530,76.0,80.0
2635680,5.0,5.0
2635690,1.0,1.0
2635700,3.0,3.0
2635720,3.0,3.0
2635750,211.0,218.0
2635770,2.0,2.0
2635930,61.0,62.0
2635980,172.0,183.0
2636030,6.0,7.0
2636200,12.0,12.0
2636260,23.0,25.0
2636310,33.0,33.0
2636320,41.0,44.0
2636340,55.0,55.0
2636380,11.0,11.0
2636390,4.0,5.0
2636410,26.0,31.0
2636450,2.0,2.0
2636510,10.0,10.0
2636570,4.0,5.0
2636670,29.0,30.0
2636930,6.0,7.0
2636990,20.0,20.0
2637050,13.0,13.0
2637070,411.0,489.0
2637100,8.0,10.0
2637180,1.0,1.0
2637900,28.0,28.0
2637950,82.0,90.0
2637960,13.0,14.0
2637990,3450.0,3614.0
2638100,92.0,116.0
2638110,1.0,1.0
2638150,23.0,24.0
2638180,153.0,159.0
2638340,49.0,50.0
2638370,7525.0,7857.0
2638440,1.0,1.0
2638600,1.0,1.0
2638610,4.0,4.0
2638670,4.0,4.0
2638680,7.0,8.0
2638790,25.0,25.0
2638830,1.0,1.0
2638870,1.0,1.0
2638880,11.0,11.0
2638900,8.0,9.0
2639100,818.0,887.0
2639340,4.0,4.0
2639350,33.0,39.0
2639380,71.0,76.0
2639420,251.0,290.0
2639440,12.0,14.0
2639480,7.0,8.0
2639590,1.0,1.0
2639600,1.0,1.0
2639610,2.0,2.0
2639780,15.0,15.0
2639810,442.0,575.0
2639840,49.0,56.0
2639860,12.0,12.0
2639870,14.0,14.0
2639880,1.0,1.0
2639910,2.0,2.0
2639950,35.0,42.0
2639980,10.0,11.0
2640010,4.0,4.0
2640050,1.0,1.0
2640100,34.0,41.0
2640170,3.0,3.0
2640360,1.0,1.0
2640370,17.0,17.0
2640380,1.0,1.0
2640520,73.0,90.0
2640560,504.0,574.0
2640570,3.0,3.0
2640580,9.0,10.0
2640600,21.0,22.0
2640650,1.0,1.0
2640710,1.0,1.0
2640800,6.0,7.0
2640910,22.0,22.0
2640930,7.0,8.0
2641000,11.0,13.0
2641050,4.0,4.0
2641060,2.0,2.0
2641070,39.0,40.0
2641090,1.0,1.0
2641230,3.0,3.0
2641350,32.0,36.0
2641420,9.0,9.0
2641430,2.0,2.0
2641460,12.0,12.0
2641480,8.0,10.0
2641500,11.0,13.0
2641530,42.0,49.0
2641550,1.0,1.0
2641590,1.0,1.0
2641630,28.0,36.0
2641710,30.0,30.0
2641740,58.0,66.0
2641810,21.0,21.0
2641830,1.0,1.0
2641890,40.0,44.0
2642020,8.0,9.0
2642040,4.0,4.0
2642080,3.0,3.0
2642100,16.0,21.0
2642170,14.0,18.0
2642230,45.0,47.0
2642330,7.0,8.0
2642460,79.0,92.0
2642600,2.0,2.0
2642640,48.0,57.0
2642680,1.0,1.0
2642720,1.0,1.0
2642860,4.0,5.0
2642890,1404.0,1437.0
2642990,8.0,9.0
2643090,8.0,8.0
2643480,4.0,4.0
2643700,3.0,3.0
2643780,8.0,9.0
2643810,133.0,170.0
2643930,44.0,44.0
2643960,34.0,35.0
2644000,8.0,9.0
2644010,155.0,176.0
2644020,15.0,15.0
2644040,23.0,23.0
2644130,12.0,13.0
2644300,2.0,2.0
2644320,3.0,3.0
2644330,25.0,32.0
2644360,304.0,382.0
2644470,932.0,1094.0
2644490,11.0,12.0
2644550,1.0,1.0
2644580,4.0,4.0
2644620,15.0,19.0
2644670,23.0,23.0
2644700,1.0,1.0
2644750,2.0,2.0
2644820,25.0,27.0
2644910,2.0,2.0
2644970,3.0,3.0
2645000,6.0,6.0
2645070,4.0,4.0
2645100,49.0,52.0
2645150,5.0,6.0
2645180,56.0,56.0
2645190,23.0,26.0
2645260,8.0,10.0
2645280,2.0,2.0
2645580,273.0,280.0
2645650,4.0,4.0
2645740,1.0,1.0
2646000,1.0,1.0
2646050,16.0,16.0
2646060,29.0,36.0
2646070,13.0,15.0
2646120,48.0,61.0
2646200,19.0,21.0
2646240,43.0,46.0
2646300,27.0,29.0
2646350,4.0,5.0
2646460,8199.0,10415.0
2646500,4.0,5.0
2646510,2.0,2.0
2646660,27.0,29.0
2646740,5.0,5.0
2646760,8.0,8.0
2646800,35.0,36.0
2646840,11.0,13.0
2646970,2.0,2.0
2647120,2.0,2.0
2647230,897.0,1064.0
2647300,261.0,269.0
2647510,16.0,16.0
2647560,1.0,1.0
2647700,2.0,2.0
2647820,227.0,240.0
2647920,28.0,33.0
2647930,10.0,11.0
2647980,1.0,1.0
2648050,189.0,190.0
2648060,6.0,6.0
2648080,13.0,17.0
2648300,2.0,2.0
2648370,17.0,22.0
2648510,6.0,6.0
2648560,10.0,10.0
2648600,4.0,4.0
2648640,62.0,64.0
2648660,48.0,51.0
2648830,1.0,1.0
2648870,39.0,40.0
2648890,31.0,39.0
2648920,6.0,7.0
2648990,58.0,65.0
2649000,1.0,1.0
2649040,2.0,2.0
2649080,582.0,634.0
2649090,1.0,1.0
2649170,21.0,24.0
2649190,99.0,118.0
2649220,62.0,67.0
2649230,112.0,141.0
2649460,2.0,2.0
2649780,49.0,55.0
2649790,7.0,8.0
2649800,60.0,61.0
2649820,1.0,1.0
2649910,3.0,3.0
2649970,655.0,735.0
2649990,96.0,104.0
2650010,22.0,23.0
2650080,1.0,1.0
2650190,17.0,21.0
2650200,7.0,7.0
2650240,1.0,1.0
2650370,9.0,9.0
2650450,9.0,11.0
2650570,3.0,3.0
2650590,166.0,195.0
2650630,139.0,147.0
2650720,3.0,3.0
2650800,57.0,64.0
2650840,17.0,21.0
2650850,4.0,5.0
2651070,3.0,3.0
2651190,2.0,2.0
2651230,37.0,43.0
2651500,131.0,148.0
2651570,126.0,154.0
2651580,20.0,24.0
2651680,9.0,10.0
2651760,9.0,11.0
2651800,74.0,76.0
2651860,11.0,11.0
2652050,1.0,1.0
2652110,4.0,4.0
2652180,2.0,2.0
2652480,110.0,136.0
2652490,148.0,170.0
2652500,183.0,191.0
2652690,2.0,2.0
2652820,16.0,18.0
2652930,11.0,14.0
2653080,14.0,15.0
2653240,304.0,351.0
2653340,12.0,12.0
2653460,55.0,68.0
2653480,79.0,80.0
2653530,52.0,52.0
2653720,8.0,8.0
2653790,6619.0,7074.0
2653810,12.0,13.0
2653830,4.0,4.0
2653860,40.0,49.0
2653910,12.0,12.0
2653940,1298.0,1434.0
2653970,2.0,2.0
2654120,17.0,17.0
2654160,26.0,26.0
2654220,54.0,65.0
2654250,85.0,96.0
2654290,1.0,1.0
2654360,1.0,1.0
2654390,1.0,1.0
2654420,10.0,13.0
2654450,28.0,29.0
2654470,837.0,896.0
2654520,13.0,16.0
2654570,7.0,8.0
2654580,8.0,9.0
2654590,11.0,12.0
2654670,22.0,23.0
2654680,8.0,8.0
2654700,1.0,1.0
2654860,419.0,424.0
2654870,1.0,1.0
2654910,52.0,54.0
2654960,2.0,2.0
2654970,1.0,1.0
2655010,14.0,15.0
2655020,14.0,14.0
2655040,1.0,1.0
2655130,15.0,16.0
2655150,1.0,1.0
2655190,34.0,42.0
2655220,22.0,23.0
2655390,22.0,25.0
2655470,33.0,34.0
2655570,6.0,6.0
2655580,98.0,103.0
2655610,5.0,6.0
2655620,31.0,33.0
2655660,7.0,7.0
2655710,3.0,3.0
2655720,16.0,19.0
2655740,20.0,21.0
2655760,12.0,12.0
2655770,6.0,6.0
2655790,5.0,5.0
2655840,150.0,155.0
2655920,13.0,13.0
2655930,3.0,3.0
2655960,238.0,274.0
2656180,19.0,24.0
2656350,9.0,9.0
2656410,40.0,52.0
2656430,1.0,1.0
2656600,6.0,7.0
2656610,1.0,1.0
2656640,4.0,4.0
2656690,32.0,32.0
2656700,1.0,1.0
2656740,5.0,6.0
2656750,1.0,1.0
2656900,161.0,207.0
2656930,7.0,7.0
2656980,46.0,61.0
2657030,220.0,291.0
2657130,2.0,2.0
2657200,3.0,3.0
2657220,4.0,4.0
2657230,5.0,5.0
2657310,249.0,262.0
2657480,41.0,43.0
2657600,85.0,109.0
2657610,29.0,29.0
2657620,9.0,9.0
2657710,51.0,64.0
2657720,56.0,72.0
2657730,42.0,54.0
2657750,6.0,6.0
2657840,5.0,5.0
2657850,254.0,260.0
2657890,16.0,20.0
2657930,30.0,30.0
2658010,3.0,3.0
2658080,96.0,116.0
2658140,2.0,2.0
2658180,17.0,19.0
2658260,5.0,5.0
2658290,2.0,2.0
2658330,5.0,5.0
2658450,1034.0,1212.0
2658520,1.0,1.0
2658530,48.0,54.0
2658560,7.0,7.0
2658590,19.0,20.0
2658640,20.0,22.0
2658770,11.0,11.0
2658780,24.0,24.0
2658810,15.0,17.0
2658820,974.0,1066.0
2658840,53.0,57.0
2658920,520.0,537.0
2658960,6.0,7.0
2658980,5.0,6.0
2658990,60.0,61.0
2659020,6.0,6.0
2659150,72.0,83.0
2659190,5.0,5.0
2659200,25.0,27.0
2659230,10.0,12.0
2659340,12.0,13.0
2659520,4.0,4.0
2659650,20.0,20.0
2659700,1.0,1.0
2659710,26.0,28.0
2659720,10.0,10.0
2659750,2.0,2.0
2659910,3.0,3.0
2659960,121.0,150.0
2659970,75.0,93.0
2660090,38.0,38.0
2660130,6.0,6.0
2660300,1.0,1.0
2660400,7.0,8.0
2660410,13.0,17.0
2660500,14.0,15.0
2660560,15.0,19.0
2660610,22.0,23.0
2660650,37.0,38.0
2660700,3.0,3.0
2660710,1.0,1.0
2660750,29.0,32.0
2660760,19.0,19.0
2660850,16.0,17.0
2660870,2.0,2.0
2660970,107.0,111.0
2660980,4.0,4.0
2661040,11.0,11.0
2661160,78.0,80.0
2661210,83.0,89.0
2661290,1.0,1.0
2661410,2.0,2.0
2661430,5.0,5.0
2661470,8.0,9.0
2661520,29.0,31.0
2661620,70.0,78.0
2661630,4.0,4.0
2661690,1.0,1.0
2661720,6.0,7.0
2661770,1.0,1.0
2661780,19.0,21.0
2661840,24.0,25.0
2661890,4.0,4.0
2661900,39.0,43.0
2661920,1.0,1.0
2661930,4.0,4.0
2662200,1.0,1.0
2662330,4.0,4.0
2662590,20.0,21.0
2662620,8.0,10.0
2663130,2.0,2.0
2663270,4.0,4.0
2663300,1.0,1.0
2663310,1.0,1.0
2663450,90.0,106.0
2663510,1.0,1.0
2663520,2.0,2.0
2663530,2957.0,3124.0
2663600,66.0,68.0
2663780,22.0,25.0
2663790,11.0,11.0
2663800,29.0,30.0
2663830,10.0,12.0
2663870,13.0,15.0
2663910,1.0,1.0
2664190,9.0,10.0
2664300,11.0,12.0
2664460,1.0,1.0
2664720,31.0,33.0
2664850,1.0,1.0
2664880,49.0,54.0
2664890,58.0,68.0
2664910,26.0,30.0
2664920,1.0,1.0
2664930,59.0,67.0
2665150,12.0,13.0
2665170,39.0,48.0
2665180,5.0,6.0
2665210,13.0,14.0
2665370,5.0,5.0
2665400,1.0,1.0
2665490,10.0,10.0
2665530,1.0,1.0
2665630,10.0,10.0
2665940,5.0,6.0
2666250,22.0,22.0
2666260,6.0,6.0
2666290,4.0,4.0
2666350,93.0,106.0
2666360,15.0,15.0
2666370,11.0,14.0
2666410,30.0,32.0
2666440,1.0,1.0
2666490,4.0,5.0
2666510,7797.0,8068.0
2666530,43.0,57.0
2666590,37.0,39.0
2667000,7.0,7.0
2667010,5.0,5.0
2667020,3.0,3.0
2667080,1.0,1.0
2667100,9.0,9.0
2667160,51.0,52.0
2667270,10.0,10.0
2667350,6.0,7.0
2667410,381.0,455.0
2667430,3030.0,3092.0
2667480,11.0,11.0
2667680,42.0,43.0
2667690,665.0,726.0
2667750,11.0,13.0
2667790,14.0,14.0
2667880,9.0,9.0
2667970,5965.0,6138.0
2667980,27.0,28.0
2668020,6.0,6.0
2668050,576.0,641.0
2668080,4723.0,5905.0
2668090,1.0,1.0
2668110,12.0,15.0
2668130,6.0,6.0
2668150,3.0,3.0
2668230,7.0,7.0
2668300,5.0,6.0
2668330,14.0,16.0
2668440,9.0,9.0
2668450,16.0,17.0
2668460,5.0,5.0
2668470,2.0,2.0
2668580,60.0,63.0
2668710,10.0,11.0
2668770,2.0,2.0
2668840,17.0,19.0
2668870,25.0,26.0
2669000,8.0,9.0
2669080,4.0,4.0
2669100,16.0,19.0
2669120,3.0,3.0
2669240,4.0,4.0
2669380,67.0,68.0
2669390,3.0,3.0
2669440,44.0,45.0
2669520,17.0,21.0
2669580,5.0,5.0
2669600,15.0,15.0
2669620,1.0,1.0
2669660,6.0,6.0
2669730,1.0,1.0
2669820,13.0,13.0
2669830,3.0,3.0
2669860,762.0,783.0
2669910,38.0,41.0
2669960,6.0,7.0
2669970,2.0,2.0
2670250,29.0,31.0
2670280,10.0,10.0
2670340,8.0,8.0
2670360,25.0,27.0
2670370,1.0,1.0
2670400,29.0,29.0
2670470,3.0,3.0
2670550,6.0,6.0
2670580,1.0,1.0
2670630,49079.0,52610.0
2670670,2.0,2.0
2670730,14.0,17.0
2670740,14.0,18.0
2670770,11.0,12.0
2670800,17.0,17.0
2670890,17.0,19.0
2670920,224.0,232.0
2671050,4.0,5.0
2671210,34.0,38.0
2671310,2.0,2.0
2671350,205.0,254.0
2671550,10.0,10.0
2671710,8.0,8.0
2671730,18.0,21.0
2671740,7.0,8.0
2671770,3.0,3.0
2671780,1.0,1.0
2671790,1.0,1.0
2671800,2.0,2.0
2671970,1216.0,1336.0
2672030,2.0,2.0
2672060,64.0,84.0
2672070,6.0,7.0
2672090,1476.0,1500.0
2672110,46.0,57.0
2672130,20.0,26.0
2672230,2.0,2.0
2672290,43.0,53.0
2672300,7.0,7.0
2672350,5.0,5.0
2672430,424.0,456.0
2672550,2.0,2.0
2672680,1.0,1.0
2672770,29.0,29.0
2672790,3.0,3.0
2672880,9.0,9.0
2672900,84.0,103.0
2672990,7.0,8.0
2673010,21.0,21.0
2673060,44.0,50.0
2673070,9.0,10.0
2673080,54.0,69.0
2673170,1.0,1.0
2673240,7.0,9.0
2673310,76.0,77.0
2673330,6.0,6.0
2673430,4.0,4.0
2673450,2.0,2.0
2673460,10.0,12.0
2673490,363.0,450.0
2673660,134.0,158.0
2673690,1.0,1.0
2673700,13.0,13.0
2673760,35.0,39.0
2673840,1.0,1.0
2673950,17.0,20.0
2673990,1.0,1.0
2674040,4.0,4.0
2674080,7.0,7.0
2674120,27.0,29.0
2674140,7.0,7.0
2674190,145.0,164.0
2674230,21.0,22.0
2674270,22.0,26.0
2674300,4.0,4.0
2674370,24.0,24.0
2674420,3.0,3.0
2674580,38.0,48.0
2674590,810.0,859.0
2674720,124.0,128.0
2674760,5.0,6.0
2674810,1462.0,1835.0
2674820,60.0,69.0
2674930,40.0,46.0
2674990,2.0,2.0
2675070,1.0,1.0
2675270,26.0,28.0
2675350,10.0,10.0
2675390,23.0,25.0
2675400,7.0,7.0
2675410,7.0,7.0
2675420,5.0,6.0
2675430,2.0,2.0
2675610,6.0,7.0
2675630,214.0,248.0
2675800,50.0,50.0
2675850,26.0,27.0
2675890,2.0,2.0
2676000,30.0,35.0
2676100,5.0,6.0
2676180,87.0,104.0
2676210,13.0,14.0
2676390,27.0,29.0
2676440,34.0,34.0
2676470,5.0,6.0
2676520,3.0,3.0
2676540,48.0,56.0
2676790,1.0,1.0
2676840,4756.0,4891.0
2676860,2.0,2.0
2676910,11.0,12.0
2676920,1.0,1.0
2676980,15.0,16.0
2677000,1.0,1.0
2677040,121.0,121.0
2677140,17.0,17.0
2677280,12.0,13.0
2677290,12.0,15.0
2677310,185.0,221.0
2677350,1.0,1.0
2677400,1.0,1.0
2677490,1.0,1.0
2677650,2.0,2.0
2677680,10.0,10.0
2677690,22.0,28.0
2677800,6.0,6.0
2677910,1.0,1.0
2677920,7.0,7.0
2677950,2.0,2.0
2677960,4.0,4.0
2678140,4.0,4.0
2678160,24.0,31.0
2678290,6.0,6.0
2678350,3.0,3.0
2678480,6.0,6.0
2678520,7.0,9.0
2678590,1.0,1.0
2678700,10.0,10.0
2678760,3.0,3.0
2678800,6.0,6.0
2678880,1.0,1.0
2678940,3.0,3.0
2678960,8.0,8.0
2678990,3486.0,3557.0
2679130,1.0,1.0
2679140,2.0,2.0
2679200,110.0,135.0
2679210,1.0,1.0
2679260,4.0,4.0
2679270,5.0,5.0
2679310,1.0,1.0
2679340,6.0,6.0
2679460,10105.0,11137.0
2679500,7.0,8.0
2679520,10.0,11.0
2679610,73.0,82.0
2679640,13.0,15.0
2679650,29.0,33.0
2679690,221.0,233.0
2679760,7.0,8.0
2679780,1.0,1.0
2679980,2.0,2.0
2680040,2.0,2.0
2680250,31.0,35.0
2680330,85.0,95.0
2680370,14.0,15.0
2680400,1.0,1.0
2680410,13.0,13.0
2680420,29.0,29.0
2680630,27.0,28.0
2680680,215.0,226.0
2680700,11.0,12.0
2680800,2.0,2.0
2680810,14.0,18.0
2680830,4.0,5.0
2680840,56.0,60.0
2681060,11.0,12.0
2681120,15.0,15.0
2681180,117.0,153.0
2681220,19.0,23.0
2681230,2.0,2.0
2681240,15.0,18.0
2681260,22.0,26.0
2681310,14.0,16.0
2681500,3.0,3.0
2681530,80.0,89.0
2681640,10.0,10.0
2681660,6.0,7.0
2681890,13.0,16.0
2681920,1.0,1.0
2681980,2.0,2.0
2682120,131.0,146.0
2682220,3.0,3.0
2682280,1.0,1.0
2682450,9.0,9.0
2682460,7.0,7.0
2682470,11.0,11.0
2682510,8.0,9.0
2682570,85.0,89.0
2682580,1073.0,1361.0
2682600,17.0,17.0
2682800,14.0,18.0
2682820,13.0,14.0
2682860,22.0,23.0
2682910,4.0,4.0
2682960,3.0,3.0
2683020,1.0,1.0
2683030,73.0,83.0
2683110,9.0,9.0
2683150,2094.0,2441.0
2683180,10.0,11.0
2683200,20.0,20.0
2683210,38.0,40.0
2683330,6.0,7.0
2683490,16.0,17.0
2683550,1.0,1.0
2683570,17.0,17.0
2683630,1.0,1.0
2683720,8.0,8.0
2683730,18.0,18.0
2683760,12.0,13.0
2683800,11.0,11.0
2683940,1.0,1.0
2683960,5.0,6.0
2683970,4.0,4.0
2684010,24.0,26.0
2684030,2.0,2.0
2684100,5.0,5.0
2684120,4.0,4.0
2684290,18.0,23.0
2684310,1.0,1.0
2684360,3.0,3.0
2684420,5.0,5.0
2684450,2.0,2.0
2684500,616.0,760.0
2684520,31.0,32.0
2684560,4.0,4.0
2684660,72.0,87.0
2684720,7.0,7.0
2684780,57.0,59.0
2684790,141.0,145.0
2684800,24.0,27.0
2684830,24.0,25.0
2684930,61.0,70.0
2684940,2.0,2.0
2685060,22.0,25.0
2685090,79.0,84.0
2685150,10.0,10.0
2685170,2.0,2.0
2685200,100.0,102.0
2685210,311.0,317.0
2685220,80.0,83.0
2685230,83.0,87.0
2685240,136.0,142.0
2685250,78.0,84.0
2685260,37.0,41.0
2685270,24.0,25.0
2685280,32.0,35.0
2685290,33.0,34.0
2685300,10.0,10.0
2685360,224.0,260.0
2685380,87.0,88.0
2685410,10.0,11.0
2685450,2.0,2.0
2685490,155.0,158.0
2685550,2.0,2.0
2685590,17.0,19.0
2685610,54.0,55.0
2685620,819.0,1087.0
2685630,11.0,11.0
2685670,9.0,9.0
2685810,77.0,99.0
2686060,17.0,20.0
2686250,57.0,63.0
2686330,32.0,41.0
2686480,4.0,4.0
2686500,32.0,34.0
2686580,239.0,317.0
2686590,4.0,4.0
2686640,6.0,6.0
2686690,77.0,79.0
2686740,27.0,33.0
2686750,19.0,21.0
2686850,10.0,11.0
2686900,390.0,425.0
2686940,41.0,41.0
2686950,5.0,5.0
2686960,11.0,11.0
2686980,10.0,10.0
2686990,2.0,2.0
2687000,9.0,9.0
2687130,2.0,2.0
2687140,13.0,16.0
2687150,5.0,5.0
2687160,454.0,537.0
2687190,1987.0,2432.0
2687300,41.0,43.0
2687410,5.0,5.0
2687490,4.0,4.0
2687500,8.0,9.0
2687510,16.0,16.0
2687530,41.0,43.0
2687540,7.0,8.0
2687590,8.0,8.0
2687600,42.0,42.0
2687680,7.0,7.0
2687820,1.0,1.0
2687850,9.0,9.0
2687940,30.0,33.0
2687960,17.0,17.0
2688000,1.0,1.0
2688100,4.0,4.0
2688110,9.0,9.0
2688180,4.0,5.0
2688210,3.0,3.0
2688370,1.0,1.0
2688390,4.0,4.0
2688400,7.0,7.0
2688440,10.0,10.0
2688570,27.0,27.0
2688600,16.0,18.0
2688610,4.0,4.0
2688650,145.0,180.0
2688680,458.0,528.0
2688900,135.0,144.0
2688940,9.0,10.0
2689220,7.0,7.0
2689370,5.0,6.0
2689480,4.0,4.0
2689630,7.0,9.0
2689640,17.0,17.0
2689870,16.0,21.0
2689880,6.0,6.0
2690090,9.0,10.0
2690290,24.0,26.0
2690580,42.0,43.0
2690610,13.0,14.0
2690700,11.0,12.0
2690760,21.0,22.0
2690770,25.0,31.0
2690780,1.0,1.0
2690790,11.0,13.0
2690960,12.0,12.0
2690970,1222.0,1263.0
2690980,1.0,1.0
2691010,23.0,27.0
2691050,5.0,6.0
2691280,3.0,3.0
2691340,1.0,1.0
2691350,551.0,577.0
2691390,44.0,49.0
2691430,1.0,1.0
2691450,4.0,4.0
2691470,30.0,35.0
2691490,4.0,4.0
2691560,6.0,6.0
2691580,10.0,10.0
2691760,3.0,3.0
2691790,10.0,11.0
2691830,18.0,22.0
2691900,13.0,13.0
2691980,18.0,18.0
2692210,14.0,15.0
2692300,30.0,32.0
2692360,6.0,6.0
2692430,14.0,15.0
2692440,493.0,655.0
2692450,36.0,40.0
2692570,296.0,331.0
2692720,1.0,1.0
2692750,1.0,1.0
2692800,107.0,109.0
2692850,1.0,1.0
2692860,5.0,6.0
2692890,8.0,9.0
2692960,6.0,6.0
2693060,970.0,1159.0
2693070,12.0,13.0
2693120,219.0,280.0
2693340,19.0,20.0
2693350,7.0,7.0
2693360,6.0,6.0
2693380,19.0,24.0
2693460,177.0,200.0
2693470,2.0,2.0
2693530,72.0,76.0
2693680,1.0,1.0
2693690,9.0,10.0
2693700,2.0,2.0
2693730,370.0,378.0
2693810,2.0,2.0
2693840,4.0,4.0
2693860,26.0,32.0
2693890,1.0,1.0
2693930,1767.0,2080.0
2693940,223.0,264.0
2693960,10.0,12.0
2694140,21.0,22.0
2694180,4.0,4.0
2694210,6.0,7.0
2694230,7.0,7.0
2694290,5.0,5.0
2694360,8.0,9.0
2694390,3.0,3.0
2694420,807.0,856.0
2694460,14.0,15.0
2694480,3.0,3.0
2694520,3.0,3.0
2694530,3.0,3.0
2694600,70.0,90.0
2694720,7.0,9.0
2694730,2.0,2.0
2694860,2.0,2.0
2694900,6.0,7.0
2694920,10.0,12.0
2694970,1.0,1.0
2695030,11.0,12.0
2695040,9.0,9.0
2695080,77.0,79.0
2695230,2.0,2.0
2695270,731.0,900.0
2695290,21.0,25.0
2695350,18.0,19.0
2695390,2.0,2.0
2695480,3.0,3.0
2695530,1.0,1.0
2695780,57.0,57.0
2695830,25.0,25.0
2695870,2.0,2.0
2695910,65.0,74.0
2695940,4521.0,5761.0
2695960,10.0,11.0
2696030,391.0,436.0
2696050,1228.0,1375.0
2696070,147.0,165.0
2696080,19.0,19.0
2696100,3.0,3.0
2696120,77.0,99.0
2696170,11.0,11.0
2696310,1.0,1.0
2696320,336.0,394.0
2696390,15.0,15.0
2696400,453.0,497.0
2696480,6656.0,7067.0
2696520,82.0,87.0
2696570,2.0,2.0
2696660,19.0,19.0
2696670,3.0,3.0
2696780,71.0,86.0
2696850,25.0,27.0
2696970,47.0,54.0
2697060,76.0,82.0
2697070,38.0,48.0
2697200,31.0,41.0
2697380,4.0,4.0
2697390,26.0,27.0
2697470,63.0,80.0
2697640,7.0,7.0
2697810,1.0,1.0
2698090,4.0,5.0
2698110,39.0,39.0
2698160,2.0,2.0
2698190,14.0,17.0
2698200,7.0,7.0
2698230,30.0,32.0
2698300,15.0,15.0
2698550,35.0,42.0
2698590,22.0,22.0
2698600,11.0,11.0
2698620,1.0,1.0
2698680,7.0,7.0
2698690,3.0,3.0
2698700,8.0,8.0
2698730,10.0,10.0
2698780,1583.0,2005.0
2698840,1.0,1.0
2698910,13.0,13.0
2698990,7.0,8.0
2699000,38.0,45.0
2699240,24.0,29.0
2699250,20.0,23.0
2699260,3.0,3.0
2699290,25.0,27.0
2699340,30.0,36.0
2699510,51.0,64.0
2699520,6.0,6.0
2699580,4.0,5.0
2699600,6.0,6.0
2699610,6.0,6.0
2699620,6.0,6.0
2699660,59.0,75.0
2699670,30.0,32.0
2699690,34.0,35.0
2699780,2.0,2.0
2699820,4.0,4.0
2700010,2.0,2.0
2700090,10.0,12.0
2700100,65.0,78.0
2700120,9.0,10.0
2700220,1.0,1.0
2700230,109.0,120.0
2700240,45.0,49.0
2700250,8.0,8.0
2700260,3.0,3.0
2700380,13.0,14.0
2700420,1.0,1.0
2700470,1.0,1.0
2700510,50.0,58.0
2700570,43.0,48.0
2700620,35.0,45.0
2700650,4.0,4.0
2700660,2.0,2.0
2700780,352.0,425.0
2700910,22.0,24.0
2701020,11.0,11.0
2701050,13.0,15.0
2701060,15.0,15.0
2701080,655.0,776.0
2701100,4.0,4.0
2701170,16.0,16.0
2701210,169.0,204.0
2701340,7.0,7.0
2701350,149.0,191.0
2701360,7.0,9.0
2701390,8.0,9.0
2701400,3.0,3.0
2701410,33.0,33.0
2701510,542.0,611.0
2701590,19.0,23.0
2701610,8.0,10.0
2701630,5.0,6.0
2701670,8.0,8.0
2701700,36.0,36.0
2701730,17.0,20.0
2701760,4.0,4.0
2701770,7.0,7.0
2701840,7.0,7.0
2701910,269.0,289.0
2701950,1.0,1.0
2702030,3.0,3.0
2702080,8.0,10.0
2702090,5.0,5.0
2702220,20.0,21.0
2702230,4.0,5.0
2702270,3.0,3.0
2702470,78.0,103.0
2702570,37.0,38.0
2702660,23.0,30.0
2702680,9.0,9.0
2702810,1.0,1.0
2702920,4.0,4.0
2702960,5.0,6.0
2703000,1.0,1.0
2703030,1.0,1.0
2703070,16.0,20.0
2703100,11.0,11.0
2703170,1.0,1.0
2703180,46.0,51.0
2703190,16.0,20.0
2703200,16.0,20.0
2703220,16.0,21.0
2703230,11.0,14.0
2703240,22.0,28.0
2703260,13.0,15.0
2703280,13.0,15.0
2703290,2.0,2.0
2703340,21.0,22.0
2703350,2.0,2.0
2703370,1.0,1.0
2703400,1.0,1.0
2703750,12.0,12.0
2703790,6.0,6.0
2703810,5.0,5.0
2703850,3757.0,3872.0
2703890,3.0,3.0
2703910,25.0,26.0
2703930,1.0,1.0
2703940,2.0,2.0
2704020,6.0,6.0
2704070,2.0,2.0
2704110,2036.0,2065.0
2704120,13.0,15.0
2704230,4.0,5.0
2704250,2.0,2.0
2704280,68.0,69.0
2704290,6.0,7.0
2704360,10.0,10.0
2704460,8.0,9.0
2704580,8.0,8.0
2704660,41.0,42.0
2704720,18.0,20.0
2704790,3.0,3.0
2704910,2.0,2.0
2705230,124.0,128.0
2705370,75.0,91.0
2705380,3.0,3.0
2705500,4.0,4.0
2705560,2.0,2.0
2705670,2.0,2.0
2705800,38.0,38.0
2705900,5.0,6.0
2706050,5.0,6.0
2706210,14.0,16.0
2706290,24.0,25.0
2706340,1.0,1.0
2706390,27.0,34.0
2706450,46.0,48.0
2706460,11.0,11.0
2706710,3.0,3.0
2706750,1.0,1.0
2706810,1.0,1.0
2706900,39.0,46.0
2706940,25.0,25.0
2706990,7.0,7.0
2707040,143.0,162.0
2707090,13.0,13.0
2707100,2.0,2.0
2707200,3.0,3.0
2707260,3.0,3.0
2707280,14.0,15.0
2707300,79.0,79.0
2707320,2.0,2.0
2707340,33.0,36.0
2707350,14.0,16.0
2707360,98.0,104.0
2707390,95.0,117.0
2707400,27.0,34.0
2707410,15.0,19.0
2707420,3.0,3.0
2707500,34.0,35.0
2707520,50.0,54.0
2707610,14.0,14.0
2707740,1.0,1.0
2707860,16.0,18.0
2707900,12234.0,12927.0
2707930,13872.0,16919.0
2707940,5209.0,5878.0
2707960,5.0,5.0
2707970,46.0,49.0
2707990,12.0,14.0
2708030,4.0,5.0
2708140,8.0,8.0
2708180,4.0,4.0
2708200,2.0,2.0
2708210,268.0,287.0
2708280,502.0,628.0
2708320,15.0,15.0
2708450,1273.0,1505.0
2708460,3.0,3.0
2708480,14.0,14.0
2708570,27.0,31.0
2708710,26.0,31.0
2708720,45.0,45.0
2708740,2.0,2.0
2708750,1.0,1.0
2708800,11.0,13.0
2708940,3.0,3.0
2708990,10.0,10.0
2709060,26.0,26.0
2709190,25.0,25.0
2709380,2.0,2.0
2709390,5.0,5.0
2709400,5.0,5.0
2709440,897.0,1119.0
2709530,4.0,4.0
2709550,3.0,3.0
2709570,23381.0,25071.0
2709590,39.0,42.0
2709660,3.0,3.0
2709700,21.0,21.0
2709730,4.0,5.0
2709800,30.0,32.0
2709870,8.0,8.0
2709980,14.0,14.0
2709990,7.0,7.0
2710010,49.0,65.0
2710080,5.0,6.0
2710090,4.0,4.0
2710120,1.0,1.0
2710260,11.0,11.0
2710290,80.0,86.0
2710320,100.0,120.0
2710380,59.0,66.0
2710450,18.0,19.0
2710560,37.0,42.0
2710580,11.0,11.0
2710890,9.0,9.0
2710930,1.0,1.0
2710950,233.0,258.0
2710970,86.0,110.0
2710980,4.0,4.0
2711230,12.0,14.0
2711350,435.0,512.0
2711590,95.0,95.0
2711610,11.0,11.0
2711620,1.0,1.0
2711630,13.0,15.0
2712340,21.0,25.0
2712360,3.0,3.0
2712410,4.0,5.0
2712420,4.0,5.0
2712450,12.0,13.0
2712470,6.0,7.0
2712480,61.0,70.0
2712550,286.0,293.0
2712580,656.0,703.0
2712650,5.0,5.0
2712720,4.0,4.0
2712730,7.0,8.0
2712750,13.0,13.0
2712810,12.0,14.0
2712880,4.0,5.0
2712900,1.0,1.0
2712920,8.0,8.0
2712930,16.0,17.0
2713070,182.0,230.0
2713130,1.0,1.0
2713430,3.0,3.0
2713460,556.0,628.0
2713520,1.0,1.0
2713640,6.0,6.0
2713650,3.0,3.0
2713740,6.0,6.0
2713750,7.0,8.0
2713760,19.0,21.0
2713770,2.0,2.0
2713920,1.0,1.0
2713940,1.0,1.0
2713990,21.0,22.0
2714100,5.0,5.0
2714210,52.0,58.0
2714260,4.0,4.0
2714270,6.0,6.0
2714410,1.0,1.0
2714440,2.0,2.0
2714560,4.0,4.0
2714600,93.0,94.0
2714910,6.0,7.0
2715020,26.0,30.0
2715060,122.0,126.0
2715090,17.0,21.0
2715280,89.0,98.0
2715290,4.0,4.0
2715640,8.0,8.0
2715650,1690.0,1806.0
2715680,10.0,11.0
2715700,26.0,28.0
2715720,8.0,10.0
2715780,4.0,4.0
2715810,52.0,63.0
2715960,20.0,25.0
2715980,34.0,40.0
2716140,692.0,742.0
2716230,19.0,19.0
2716270,16.0,16.0
2716540,101.0,115.0
2716550,10.0,10.0
2716600,2.0,2.0
2716690,33.0,34.0
2716720,5.0,5.0
2716730,6.0,7.0
2716750,9.0,10.0
2716800,4.0,4.0
2716900,2.0,2.0
2716940,40.0,48.0
2716970,4.0,4.0
2717010,224.0,248.0
2717050,97.0,104.0
2717080,270.0,272.0
2717110,3.0,3.0
2717120,9.0,10.0
2717130,7.0,8.0
2717250,1.0,1.0
2717260,397.0,461.0
2717310,77.0,102.0
2717450,120.0,141.0
2717480,45.0,47.0
2717570,175.0,192.0
2717610,10.0,10.0
2717630,1.0,1.0
2717710,38.0,40.0
2717750,117.0,125.0
2717800,15.0,15.0
2717810,47.0,47.0
2717880,818.0,958.0
2717930,12.0,13.0
2718010,69.0,70.0
2718070,7.0,7.0
2718150,32.0,38.0
2718200,15.0,18.0
2718440,1.0,1.0
2718470,6.0,7.0
2718510,5.0,5.0
2718560,3.0,3.0
2718700,3.0,3.0
2718720,14.0,16.0
2718730,614.0,634.0
2718820,1.0,1.0
2719020,12.0,12.0
2719060,1191.0,1201.0
2719150,1875.0,2215.0
2719160,771.0,1024.0
2719190,187.0,217.0
2719200,232.0,265.0
2719250,55.0,60.0
2719290,1233.0,1411.0
2719300,6.0,6.0
2719400,16.0,19.0
2719460,1.0,1.0
2719580,6.0,6.0
2719610,1.0,1.0
2719650,16.0,16.0
2719710,39.0,42.0
2719730,11.0,11.0
2719820,2.0,2.0
2719830,47.0,59.0
2719840,186.0,245.0
2719920,12.0,14.0
2719950,37.0,42.0
2719960,3.0,3.0
2719980,7.0,8.0
2720010,113.0,121.0
2720070,5.0,5.0
2720140,1.0,1.0
2720210,7.0,7.0
2720270,165.0,176.0
2720340,2.0,2.0
2720360,12.0,13.0
2720430,81.0,85.0
2720440,6.0,6.0
2720540,1.0,1.0
2720600,3.0,3.0
2720720,2.0,2.0
2720740,15.0,16.0
2720950,398.0,403.0
2720980,7.0,9.0
2721040,4.0,4.0
2721090,7.0,8.0
2721150,21.0,25.0
2721170,1.0,1.0
2721240,86.0,113.0
2721260,7.0,9.0
2721300,1.0,1.0
2721530,34.0,35.0
2721680,6.0,6.0
2721710,11.0,11.0
2721800,1.0,1.0
2721860,5.0,5.0
2721880,8.0,8.0
2721980,1.0,1.0
2722020,20.0,20.0
2722130,4.0,5.0
2722200,50.0,50.0
2722210,47.0,51.0
2722260,6.0,6.0
2722310,37.0,38.0
2722330,2.0,2.0
2722360,125.0,133.0
2722480,9.0,10.0
2722490,2.0,2.0
2722570,40.0,44.0
2722600,8.0,8.0
2722630,4.0,4.0
2722640,14.0,14.0
2722760,1.0,1.0
2722820,13.0,15.0
2722860,21.0,22.0
2723170,1.0,1.0
2723190,1.0,1.0
2723220,11.0,14.0
2723270,9.0,10.0
2723450,41.0,46.0
2723460,81.0,84.0
2723470,4.0,4.0
2723480,19.0,21.0
2723520,238.0,275.0
2723540,9.0,10.0
2723590,8.0,9.0
2723610,1.0,1.0
2723620,4.0,5.0
2723680,10.0,11.0
2723730,39.0,40.0
2723820,11.0,14.0
2723880,31.0,35.0
2723910,1.0,1.0
2723980,7.0,8.0
2724020,1.0,1.0
2724130,5.0,6.0
2724500,4.0,4.0
2724530,2.0,2.0
2724540,86.0,99.0
2724600,4.0,4.0
2724630,14.0,14.0
2724640,2.0,2.0
2724660,1.0,1.0
2724770,5.0,5.0
2724780,4.0,4.0
2724810,8.0,10.0
2725020,6.0,6.0
2725030,1.0,1.0
2725080,13.0,17.0
2725090,155.0,162.0
2725190,29.0,32.0
2725200,283.0,371.0
2725240,32.0,34.0
2725260,4021.0,4110.0
2725320,83.0,90.0
2725330,8.0,8.0
2725410,1.0,1.0
2725420,17.0,17.0
2725460,33.0,38.0
2725500,1.0,1.0
2725520,6.0,6.0
2725530,24.0,24.0
2725560,465.0,604.0
2725650,12.0,15.0
2725700,87.0,98.0
2725770,35.0,35.0
2725930,16.0,21.0
2726020,30.0,31.0
2726120,11.0,11.0
2726180,46.0,47.0
2726200,7.0,7.0
2726230,9.0,9.0
2726320,108.0,113.0
2726450,1893.0,1965.0
2726460,1.0,1.0
2726470,1.0,1.0
2726490,224.0,242.0
2726560,90.0,93.0
2726680,12.0,12.0
2726720,13.0,13.0
2726740,7.0,8.0
2726750,7.0,8.0
2726760,1.0,1.0
2726810,5.0,5.0
2726830,5.0,6.0
2726870,194.0,224.0
2726910,28.0,32.0
2726920,4.0,4.0
2727210,302.0,339.0
2727350,10.0,10.0
2727390,1.0,1.0
2727440,91.0,121.0
2727470,29.0,35.0
2727550,10.0,10.0
2727570,14.0,17.0
2727650,295.0,341.0
2727670,10.0,12.0
2727770,3.0,3.0
2727810,8.0,10.0
2727850,16.0,16.0
2728040,26.0,29.0
2728080,15.0,15.0
2728090,4.0,5.0
2728170,5.0,5.0
2728240,2.0,2.0
2728340,6.0,6.0
2728380,4.0,4.0
2728460,7.0,8.0
2728750,9.0,10.0
2728910,27.0,30.0
2728950,103.0,107.0
2728990,36.0,40.0
2729000,147.0,147.0
2729050,2.0,2.0
2729250,20.0,25.0
2729360,55.0,62.0
2729380,7.0,7.0
2729390,3.0,3.0
2729400,2.0,2.0
2729410,5.0,6.0
2729420,3.0,3.0
2729480,139.0,148.0
2729500,1.0,1.0
2729520,20.0,20.0
2729570,1.0,1.0
2729640,31.0,31.0
2729740,2.0,2.0
2729770,6.0,6.0
2729940,13.0,13.0
2730020,14.0,17.0
2730090,21.0,22.0
2730120,1.0,1.0
2730170,4.0,5.0
2730220,4.0,4.0
2730270,291.0,329.0
2730290,4.0,4.0
2730350,60.0,63.0
2730440,9.0,10.0
2730480,12.0,13.0
2730540,7.0,7.0
2730550,31.0,34.0
2730580,12.0,12.0
2730590,13.0,16.0
2730650,67.0,73.0
2730680,21.0,22.0
2730790,2.0,2.0
2730800,10.0,11.0
2730890,88.0,107.0
2730990,2.0,2.0
2731010,2.0,2.0
2731230,14.0,15.0
2731300,32.0,34.0
2731340,1.0,1.0
2731400,10.0,10.0
2731410,1.0,1.0
2731530,17.0,20.0
2731640,27.0,30.0
2731650,32.0,33.0
2731740,9.0,11.0
2731790,1.0,1.0
2731830,7.0,9.0
2731900,8.0,9.0
2731910,2.0,2.0
2731920,18.0,19.0
2732020,45.0,48.0
2732080,1.0,1.0
2732100,35.0,37.0
2732240,41.0,44.0
2732490,109.0,129.0
2732620,1.0,1.0
2732630,8.0,8.0
2732640,37.0,43.0
2732730,219.0,248.0
2732820,467.0,474.0
2732870,7.0,8.0
2732910,6.0,6.0
2732920,1.0,1.0
2732960,2130.0,2382.0
2732970,15.0,15.0
2733080,34.0,37.0
2733100,1.0,1.0
2733190,3.0,3.0
2733260,1.0,1.0
2733270,1.0,1.0
2733310,1.0,1.0
2733610,1.0,1.0
2733640,1.0,1.0
2733660,3.0,3.0
2733680,1.0,1.0
2733690,18.0,20.0
2733780,4.0,4.0
2733820,12.0,12.0
2733920,56.0,58.0
2734020,3.0,3.0
2734150,5.0,5.0
2734310,818.0,1081.0
2734440,2.0,2.0
2734450,1219.0,1354.0
2734460,7.0,7.0
2734750,8.0,8.0
2734760,2.0,2.0
2734780,5.0,5.0
2734790,2.0,2.0
2734800,1.0,1.0
2734920,37.0,41.0
2735090,5.0,5.0
2735150,1.0,1.0
2735190,7.0,7.0
2735220,13.0,14.0
2735510,78.0,100.0
2735540,16.0,16.0
2735620,708.0,720.0
2735630,1936.0,2069.0
2735670,4.0,4.0
2735690,96.0,105.0
2735700,27.0,29.0
2735760,5.0,6.0
2735870,663.0,714.0
2735880,1.0,1.0
2735930,20.0,22.0
2735950,78.0,91.0
2736020,293.0,315.0
2736190,2.0,2.0
2736220,42.0,46.0
2736230,9.0,11.0
2736290,15.0,18.0
2736360,7.0,7.0
2736390,19.0,23.0
2736480,156.0,157.0
2736490,45.0,58.0
2736550,1.0,1.0
2736580,2.0,2.0
2736600,1.0,1.0
2736650,20.0,21.0
2736700,1.0,1.0
2736720,3.0,3.0
2736740,13.0,15.0
2736780,17.0,22.0
2736910,11.0,11.0
2737130,2.0,2.0
2737160,5.0,6.0
2737260,35.0,42.0
2737300,514.0,521.0
2737310,4.0,4.0
2737580,341.0,372.0
2737960,16.0,16.0
2737970,192.0,225.0
2737980,186.0,211.0
2737990,3.0,3.0
2738080,524.0,546.0
2738130,2.0,2.0
2738210,2.0,2.0
2738380,594.0,712.0
2738400,8.0,9.0
2738430,196.0,251.0
2738440,9.0,9.0
2738460,3.0,3.0
2738480,36.0,37.0
2738520,4.0,5.0
2738670,128.0,139.0
2738680,6.0,6.0
2738690,8.0,8.0
2738710,16.0,17.0
2738750,39.0,47.0
2738940,162.0,167.0
2739120,12.0,15.0
2739130,8.0,8.0
2739140,4.0,4.0
2739170,5.0,5.0
2739260,8.0,8.0
2739270,5.0,5.0
2739350,1.0,1.0
2739500,1.0,1.0
2739590,2047.0,2167.0
2739620,221.0,231.0
2739680,1.0,1.0
2739700,124.0,138.0
2739900,18.0,18.0
2739920,1.0,1.0
2739960,1.0,1.0
2739980,128.0,142.0
2739990,1093.0,1221.0
2740000,31.0,34.0
2740060,1.0,1.0
2740080,52.0,58.0
2740090,57.0,59.0
2740190,6.0,7.0
2740210,1.0,1.0
2740280,148.0,192.0
2740290,5.0,5.0
2740350,10.0,13.0
2740780,5.0,5.0
2741000,6.0,6.0
2741060,5.0,5.0
2741070,33.0,33.0
2741090,17.0,19.0
2741230,13.0,15.0
2741260,46.0,47.0
2741290,44.0,48.0
2741300,5.0,5.0
2741350,3.0,3.0
2741400,8.0,8.0
2741490,120.0,146.0
2741560,297.0,347.0
2741620,195.0,209.0
2741810,2.0,2.0
2741840,4.0,4.0
2741950,34.0,36.0
2742020,1.0,1.0
2742040,79.0,88.0
2742140,249.0,320.0
2742150,80.0,101.0
2742160,1.0,1.0
2742180,11.0,12.0
2742190,7.0,8.0
2742250,57.0,74.0
2742490,2.0,2.0
2742500,6.0,6.0
2742550,3.0,3.0
2742620,36.0,37.0
2742750,98.0,112.0
2742800,4.0,5.0
2742940,12.0,13.0
2743030,178.0,218.0
2743040,2.0,2.0
2743060,10.0,10.0
2743080,2623.0,2695.0
2743220,68.0,77.0
2743320,13.0,13.0
2743350,1.0,1.0
2743540,30.0,30.0
2743580,3.0,3.0
2743650,139.0,154.0
2743700,15.0,15.0
2743860,9.0,11.0
2743970,59.0,61.0
2744000,7.0,8.0
2744070,9.0,9.0
2744080,55.0,64.0
2744150,1087.0,1294.0
2744230,80.0,99.0
2744260,104.0,104.0
2744390,1.0,1.0
2744510,3.0,3.0
2744530,2.0,2.0
2744620,5.0,5.0
2744640,15.0,15.0
2744650,11.0,12.0
2744670,1.0,1.0
2744730,4.0,4.0
2744840,10.0,11.0
2744870,1.0,1.0
2744880,168.0,181.0
2744890,66.0,71.0
2744900,16.0,19.0
2745090,9.0,9.0
2745110,32.0,37.0
2745140,5.0,6.0
2745250,5.0,5.0
2745320,2.0,2.0
2745370,4.0,5.0
2745400,6.0,6.0
2745420,9.0,10.0
2745600,4.0,4.0
2745610,8.0,10.0
2745630,1.0,1.0
2745650,2.0,2.0
2745660,13.0,14.0
2745710,198.0,227.0
2745740,212.0,231.0
2745760,1.0,1.0
2745800,228.0,300.0
2745820,5.0,5.0
2745830,5.0,5.0
2745860,6.0,6.0
2745900,21.0,23.0
2745930,3.0,3.0
2746000,48.0,54.0
2746030,74.0,80.0
2746060,3.0,3.0
2746150,2.0,2.0
2746200,19.0,21.0
2746220,32.0,33.0
2746270,3.0,3.0
2746330,5.0,5.0
2746360,1.0,1.0
2746380,2.0,2.0
2746420,41.0,44.0
2746610,12.0,13.0
2746630,14.0,14.0
2746700,99.0,102.0
2746710,8.0,8.0
2746760,47.0,48.0
2746910,104.0,110.0
2746960,23.0,25.0
2747150,1.0,1.0
2747220,8.0,9.0
2747240,8.0,8.0
2747470,42.0,47.0
2747540,1.0,1.0
2747560,9.0,9.0
2747780,344.0,387.0
2748050,28.0,28.0
2748400,9.0,10.0
2748450,9.0,10.0
2748660,1.0,1.0
2748840,44.0,52.0
2748880,20.0,20.0
2748940,5.0,6.0
2749000,244.0,295.0
2749100,81.0,86.0
2749130,6.0,6.0
2749170,6.0,7.0
2749260,1.0,1.0
2749500,2.0,2.0
2749650,18.0,18.0
2749660,13.0,13.0
2749730,19.0,19.0
2749770,686.0,718.0
2750190,1.0,1.0
2750200,1.0,1.0
2750210,34.0,40.0
2750290,8.0,9.0
2750430,6.0,6.0
2750480,26.0,27.0
2750680,30.0,30.0
2750690,28.0,29.0
2750910,1.0,1.0
2750980,7.0,7.0
2751000,1153.0,1373.0
2751020,31.0,35.0
2751050,352.0,419.0
2751220,28.0,28.0
2751230,62.0,79.0
2751270,4.0,4.0
2751310,37.0,40.0
2751320,45.0,47.0
2751330,31.0,32.0
2751340,25.0,30.0
2751350,23.0,24.0
2751370,15.0,18.0
2751580,15.0,16.0
2751610,73.0,86.0
2751720,15.0,15.0
2751770,1.0,1.0
2751800,1.0,1.0
2751810,34.0,36.0
2751870,1.0,1.0
2751920,2.0,2.0
2752110,4.0,5.0
2752230,10.0,10.0
2752370,8.0,9.0
2752380,6.0,6.0
2752490,1.0,1.0
2752530,105.0,129.0
2752680,68.0,69.0
2752720,373.0,404.0
2752750,14.0,18.0
2752770,26.0,34.0
2752780,3.0,3.0
2752850,9.0,10.0
2752860,3.0,3.0
2752930,37.0,47.0
2753100,20.0,23.0
2753130,2.0,2.0
2753220,2.0,2.0
2753240,18.0,18.0
2753330,27.0,27.0
2753420,6.0,6.0
2753430,2.0,2.0
2753450,2.0,2.0
2753520,215.0,232.0
2753570,11.0,13.0
2753620,270.0,274.0
2753720,350.0,359.0
2753730,429.0,485.0
2753810,1.0,1.0
2754120,12.0,12.0
2754170,173.0,198.0
2754340,103.0,104.0
2754530,51.0,57.0
2754560,5.0,5.0
2754690,343.0,370.0
2754840,24.0,28.0
2754920,9.0,9.0
2755020,7.0,8.0
2755070,2.0,2.0
2755130,1.0,1.0
2755200,4.0,4.0
2755210,10.0,11.0
2755240,8.0,8.0
2755320,3.0,3.0
2755330,1281.0,1533.0
2755410,22.0,27.0
2755460,21.0,25.0
2755510,1.0,1.0
2755670,4.0,4.0
2755700,25.0,25.0
2755900,1.0,1.0
2755980,5.0,5.0
2756120,23.0,25.0
2756190,9.0,9.0
2756220,1.0,1.0
2756280,4.0,5.0
2756320,42.0,46.0
2756380,198.0,210.0
2756400,3.0,3.0
2756470,26.0,34.0
2756570,12.0,13.0
2756610,3.0,3.0
2756670,3.0,3.0
2756770,1462.0,1665.0
2756800,7.0,7.0
2756820,429.0,521.0
2756960,1.0,1.0
2757030,53.0,68.0
2757230,4.0,4.0
2757480,8.0,8.0
2757490,357.0,392.0
2757500,14.0,16.0
2757520,85.0,100.0
2757540,10.0,10.0
2757620,1.0,1.0
2757660,7.0,8.0
2757690,1.0,1.0
2757720,119.0,134.0
2757760,3.0,3.0
2757840,73.0,77.0
2757850,15.0,16.0
2758000,3106.0,3495.0
2758180,1.0,1.0
2758260,60.0,63.0
2758270,1.0,1.0
2758290,128.0,158.0
2758320,19.0,24.0
2758350,48.0,55.0
2758490,339.0,404.0
2758510,3.0,3.0
2758540,3099.0,3193.0
2758550,25.0,31.0
2758560,8.0,9.0
2758570,5.0,5.0
2758730,4.0,4.0
2758940,6.0,7.0
2758980,1.0,1.0
2759050,27.0,35.0
2759120,2.0,2.0
2759130,2.0,2.0
2759170,12.0,12.0
2759180,1.0,1.0
2759190,1.0,1.0
2759230,32.0,34.0
2759530,4.0,5.0
2759750,3.0,3.0
2759800,6.0,6.0
2759810,136.0,169.0
2759820,6.0,7.0
2759900,32.0,32.0
2759910,50.0,58.0
2760650,20.0,23.0
2760770,1.0,1.0
2760860,1.0,1.0
2760970,8.0,8.0
2761100,302.0,317.0
2761130,33.0,33.0
2761180,3.0,3.0
2761240,30.0,35.0
2761310,4.0,4.0
2761340,30.0,30.0
2761380,1.0,1.0
2761450,7.0,7.0
2761490,11.0,12.0
2761500,11.0,12.0
2761520,1.0,1.0
2761560,6.0,6.0
2761580,8.0,10.0
2761610,155.0,177.0
2761620,24.0,26.0
2761670,1076.0,1236.0
2761780,4.0,4.0
2761930,8.0,9.0
2761940,120.0,149.0
2761960,20.0,23.0
2761970,170.0,208.0
2762040,3.0,3.0
2762110,15.0,15.0
2762220,5.0,6.0
2762230,1492.0,1551.0
2762270,2.0,2.0
2762290,27.0,27.0
2762310,1.0,1.0
2762400,2.0,2.0
2762440,1.0,1.0
2762480,6.0,6.0
2762490,3.0,3.0
2762520,3.0,3.0
2762530,5.0,5.0
2762560,2.0,2.0
2762610,5.0,6.0
2762710,63.0,66.0
2762810,451.0,506.0
2762830,2.0,2.0
2763000,14.0,14.0
2763020,7.0,7.0
2763030,4.0,4.0
2763200,8.0,8.0
2763240,2.0,2.0
2763260,1.0,1.0
2763370,1.0,1.0
2763420,21.0,21.0
2763510,63.0,76.0
2763590,2.0,2.0
2763610,1.0,1.0
2763670,1768.0,1813.0
2763810,2.0,2.0
2763820,14.0,18.0
2763930,3.0,3.0
2764050,10.0,11.0
2764070,58.0,70.0
2764080,7.0,8.0
2764100,2.0,2.0
2764110,1.0,1.0
2764120,7.0,7.0
2764160,7.0,7.0
2764200,9.0,10.0
2764250,8.0,9.0
2764340,5.0,5.0
2764350,2.0,2.0
2764400,1.0,1.0
2764490,15.0,19.0
2764500,7.0,8.0
2764650,2.0,2.0
2764680,6.0,7.0
2764690,43.0,46.0
2764720,6.0,7.0
2764830,16.0,16.0
2764840,13.0,13.0
2764850,10.0,10.0
2764860,13.0,13.0
2764870,6.0,6.0
2765030,50.0,54.0
2765080,28.0,31.0
2765180,3.0,3.0
2765540,9.0,11.0
2765600,27.0,29.0
2765640,9.0,9.0
2765750,9.0,11.0
2765760,17.0,19.0
2765860,110.0,120.0
2765940,4.0,4.0
2766060,25.0,33.0
2766070,4.0,4.0
2766250,8.0,8.0
2766260,4.0,4.0
2766290,17.0,17.0
2766310,1.0,1.0
2766400,15.0,16.0
2766450,15.0,15.0
2766470,9.0,9.0
2766500,1.0,1.0
2766540,57.0,61.0
2766560,2.0,2.0
2766650,16.0,16.0
2766760,25.0,28.0
2766770,22.0,22.0
2766790,1.0,1.0
2766840,3.0,3.0
2766860,487.0,559.0
2766900,11.0,12.0
2767010,12.0,14.0
2767070,1.0,1.0
2767260,5.0,5.0
2767270,6.0,7.0
2767280,2.0,2.0
2767320,8.0,8.0
2767480,120.0,133.0
2767500,3.0,3.0
2767520,255.0,258.0
2767540,19.0,20.0
2767570,14.0,15.0
2767730,1.0,1.0
2767970,4.0,4.0
2767990,20.0,21.0
2768040,1.0,1.0
2768050,9.0,10.0
2768440,4.0,4.0
2768590,10.0,10.0
2768760,1.0,1.0
2768900,5.0,5.0
2768920,3.0,3.0
2769100,19.0,22.0
2769210,60.0,60.0
2769250,11.0,11.0
2769260,18.0,19.0
2769380,17.0,18.0
2769390,3.0,3.0
2769410,20.0,21.0
2769580,31.0,36.0
2769590,6.0,6.0
2769640,2.0,2.0
2769660,8.0,8.0
2769820,52.0,55.0
2769930,1.0,1.0
2770160,58.0,58.0
2770320,2.0,2.0
2770340,51.0,56.0
2770470,12.0,13.0
2770510,2.0,2.0
2771170,19.0,19.0
2771210,1.0,1.0
2771290,1.0,1.0
2771320,27.0,30.0
2771500,1.0,1.0
2771530,1.0,1.0
2771550,12.0,14.0
2771560,2.0,2.0
2771650,15.0,15.0
2771670,4560.0,4645.0
2771980,18.0,18.0
2772300,23.0,26.0
2772380,8.0,8.0
2772390,10.0,13.0
2772410,13.0,15.0
2772420,8.0,9.0
2772430,192.0,198.0
2772460,21.0,24.0
2772470,9.0,10.0
2772480,8.0,9.0
2772560,2797.0,2965.0
2772590,2.0,2.0
2772600,13.0,14.0
2772630,32.0,33.0
2772640,10.0,12.0
2772650,114.0,139.0
2772750,1435.0,1597.0
2772810,2.0,2.0
2772830,38.0,40.0
2772870,6.0,7.0
2772890,11.0,11.0
2772900,28.0,29.0
2772990,63.0,77.0
2773010,5.0,5.0
2773070,4.0,4.0
2773120,13.0,13.0
2773160,13.0,13.0
2773230,24.0,26.0
2773380,69.0,69.0
2773450,3.0,3.0
2773460,13.0,16.0
2773520,115.0,132.0
2773540,2.0,2.0
2773590,16.0,16.0
2773600,31.0,32.0
2773640,90.0,97.0
2773680,4.0,4.0
2773780,7.0,7.0
2773870,79.0,83.0
2773890,16.0,17.0
2773910,5.0,5.0
2773930,16.0,17.0
2774120,4.0,4.0
2774150,7.0,9.0
2774190,430.0,483.0
2774240,478.0,505.0
2774280,1.0,1.0
2774480,18.0,23.0
2774560,6.0,6.0
2774650,12.0,12.0
2774830,650.0,795.0
2774950,2.0,2.0
2774980,14.0,15.0
2775000,6.0,7.0
2775030,35.0,36.0
2775050,49.0,57.0
2775110,120.0,131.0
2775130,2.0,2.0
2775180,123.0,147.0
2775220,6.0,6.0
2775230,2.0,2.0
2775270,2.0,2.0
2775300,1.0,1.0
2775310,54.0,58.0
2775470,1.0,1.0
2775500,10.0,13.0
2775580,2.0,2.0
2775610,5.0,5.0
2775690,136.0,141.0
2776180,37.0,37.0
2776200,3.0,3.0
2776230,11.0,11.0
2776240,2.0,2.0
2776300,5.0,5.0
2776500,232.0,296.0
2776530,4.0,5.0
2776550,23.0,24.0
2776570,60.0,64.0
2776630,99.0,106.0
2776640,19.0,20.0
2776690,1.0,1.0
2776750,51.0,65.0
2776790,9.0,10.0
2776810,1929.0,1969.0
2776920,2.0,2.0
2777000,20.0,20.0
2777110,4.0,5.0
2777130,5.0,6.0
2777190,134.0,157.0
2777230,298.0,304.0
2777240,3.0,3.0
2777360,7.0,8.0
2777390,69.0,77.0
2777410,5.0,5.0
2777550,19.0,22.0
2777670,10.0,12.0
2777720,21.0,25.0
2777740,56.0,58.0
2777780,15.0,16.0
2777820,32.0,37.0
2777880,3.0,3.0
2777980,1.0,1.0
2778080,17.0,18.0
2778250,73.0,78.0
2778270,7.0,7.0
2778300,1.0,1.0
2778420,274.0,349.0
2778440,3.0,3.0
2778460,63.0,80.0
2778480,32.0,40.0
2778500,67.0,67.0
2778530,9.0,9.0
2778540,7.0,7.0
2778560,7.0,7.0
2778570,8.0,9.0
2778600,32.0,33.0
2778630,6.0,7.0
2778690,7.0,9.0
2778740,38.0,42.0
2778760,40.0,40.0
2778780,8.0,8.0
2778810,6.0,6.0
2778880,7.0,8.0
2778960,3.0,3.0
2778980,8.0,8.0
2779090,16.0,16.0
2779110,7.0,7.0
2779130,17.0,18.0
2779150,2.0,2.0
2779170,18.0,18.0
2779220,51.0,62.0
2779230,35.0,46.0
2779280,1.0,1.0
2779390,61.0,69.0
2779430,91.0,93.0
2779440,223.0,224.0
2779710,7.0,7.0
2779830,1.0,1.0
2779850,9.0,10.0
2779890,23.0,23.0
2779900,7.0,7.0
2779910,31.0,33.0
2779930,2.0,2.0
2780020,1.0,1.0
2780140,26.0,27.0
2780270,80.0,101.0
2780310,10.0,11.0
2780350,14.0,14.0
2780370,1.0,1.0
2780380,1.0,1.0
2780410,9.0,10.0
2780500,1.0,1.0
2780580,1.0,1.0
2780590,1.0,1.0
2780640,20.0,26.0
2780660,19.0,25.0
2780740,27.0,35.0
2780880,31.0,36.0
2780930,11.0,11.0
2780940,10.0,10.0
2780980,5399.0,5948.0
2781000,2.0,2.0
2781010,37.0,43.0
2781020,4.0,5.0
2781170,18.0,21.0
2781210,206.0,207.0
2781230,9.0,9.0
2781250,119.0,134.0
2781370,805.0,949.0
2781430,8.0,8.0
2781490,6.0,6.0
2781670,2.0,2.0
2781720,21.0,21.0
2781730,2.0,2.0
2781740,28.0,29.0
2781750,217.0,258.0
2781960,10.0,10.0
2781980,2.0,2.0
2782100,1.0,1.0
2782230,1.0,1.0
2782250,1.0,1.0
2782260,8.0,8.0
2782270,5.0,5.0
2782290,13.0,14.0
2782380,265.0,270.0
2782400,136.0,139.0
2782480,4.0,4.0
2782520,5.0,5.0
2782530,169.0,193.0
2782540,18.0,18.0
2782650,2.0,2.0
2782720,8.0,8.0
2782730,2.0,2.0
2782820,4.0,4.0
2783170,1.0,1.0
2783290,7.0,8.0
2783300,1.0,1.0
2783690,2.0,2.0
2783730,3.0,3.0
2783750,1.0,1.0
2783840,44.0,48.0
2783880,22.0,28.0
2783920,6.0,6.0
2783990,2.0,2.0
2784080,10.0,11.0
2784160,2.0,2.0
2784250,10.0,11.0
2784290,9.0,9.0
2784640,12.0,12.0
2784660,55.0,57.0
2784770,2.0,2.0
2784840,8156.0,9407.0
2784960,63.0,66.0
2784980,118.0,126.0
2785030,1.0,1.0
2785060,1.0,1.0
2785120,4.0,4.0
2785150,5.0,6.0
2785180,23.0,24.0
2785450,9.0,10.0
2785690,9.0,10.0
2785800,93.0,99.0
2785810,8.0,9.0
2785850,22.0,24.0
2785900,6.0,7.0
2785950,6.0,7.0
2785980,58.0,69.0
2786120,2.0,2.0
2786160,86.0,88.0
2786240,14.0,18.0
2786250,20.0,25.0
2786280,2.0,2.0
2786300,4.0,4.0
2786360,13.0,14.0
2786450,329.0,336.0
2786490,4.0,5.0
2786680,6577.0,6898.0
2786690,21.0,24.0
2786700,57.0,59.0
2786780,36.0,47.0
2786840,15.0,15.0
2786870,10.0,12.0
2786980,1.0,1.0
2786990,32.0,37.0
2787050,110.0,117.0
2787300,175.0,206.0
2787460,47.0,59.0
2787580,8.0,8.0
2787590,56.0,59.0
2787610,37.0,40.0
2787630,16.0,16.0
2787710,4.0,4.0
2787740,1.0,1.0
2787890,16.0,18.0
2787920,58.0,58.0
2788000,5.0,5.0
2788070,8.0,8.0
2788150,23.0,23.0
2788200,17.0,20.0
2788310,508.0,569.0
2788330,6.0,6.0
2788360,127.0,128.0
2788460,7.0,9.0
2788520,322.0,346.0
2788600,41.0,49.0
2788610,1.0,1.0
2788630,1122.0,1200.0
2788870,612.0,686.0
2788960,57.0,60.0
2789300,53.0,57.0
2789380,1.0,1.0
2789400,3.0,3.0
2789420,545.0,568.0
2789510,7.0,8.0
2789650,4.0,4.0
2789770,58.0,61.0
2789810,337.0,394.0
2789870,19.0,24.0
2790010,4.0,5.0
2790180,10.0,12.0
2790320,10.0,11.0
2790530,2.0,2.0
2790580,2.0,2.0
2790780,1.0,1.0
2790790,35.0,35.0
2790820,4.0,4.0
2790830,8.0,8.0
2791010,28.0,34.0
2791020,151.0,185.0
2791180,74.0,76.0
2791210,19.0,21.0
2791240,9.0,11.0
2791290,24.0,24.0
2791360,17.0,18.0
2791380,19.0,21.0
2791530,2.0,2.0
2791560,17.0,18.0
2791570,21.0,25.0
2791620,9.0,9.0
2791650,15.0,17.0
2791700,30.0,32.0
2791740,1.0,1.0
2791880,22.0,25.0
2791890,7.0,8.0
2791990,1.0,1.0
2792080,12.0,15.0
2792160,1.0,1.0
2792270,5.0,5.0
2792340,23.0,24.0
2792370,4.0,4.0
2792400,4.0,5.0
2792530,6.0,6.0
2792660,8.0,8.0
2792680,2.0,2.0
2792740,18.0,19.0
2792760,2.0,2.0
2792820,1.0,1.0
2792830,8.0,8.0
2792900,2.0,2.0
2792960,44.0,47.0
2793030,1.0,1.0
2793110,36.0,39.0
2793150,5.0,5.0
2793200,4.0,5.0
2793220,9.0,10.0
2793240,23.0,23.0
2793250,29.0,38.0
2793280,1.0,1.0
2793290,275.0,332.0
2793300,1.0,1.0
2793310,19.0,19.0
2793320,4.0,4.0
2793370,669.0,786.0
2793380,80.0,93.0
2793460,123.0,149.0
2793470,1.0,1.0
2793480,5.0,6.0
2793560,1.0,1.0
2793680,38.0,44.0
2793690,41.0,44.0
2793720,3.0,3.0
2793790,4.0,4.0
2793810,8.0,10.0
2793860,10.0,11.0
2793940,2.0,2.0
2793980,25.0,28.0
2794030,6.0,6.0
2794140,7.0,7.0
2794180,12.0,13.0
2794290,60.0,61.0
2794300,3.0,3.0
2794320,1.0,1.0
2794620,3.0,3.0
2794910,3.0,3.0
2795000,6134.0,6160.0
2795060,81.0,98.0
2795120,9.0,11.0
2795130,6.0,6.0
2795150,9.0,9.0
2795270,182.0,209.0
2795310,35.0,38.0
2795380,15.0,16.0
2795500,1.0,1.0
2795640,61.0,70.0
2795840,15.0,18.0
2795860,245.0,258.0
2796020,43.0,52.0
2796080,1.0,1.0
2796090,7.0,8.0
2796100,1.0,1.0
2796110,4.0,5.0
2796130,248.0,299.0
2796170,3.0,3.0
2796230,113.0,143.0
2796340,2217.0,2261.0
2796410,11.0,12.0
2796460,13.0,14.0
2796510,9.0,9.0
2796550,3240.0,3463.0
2796590,10.0,10.0
2796650,37.0,40.0
2796680,1.0,1.0
2796880,3.0,3.0
2796920,26.0,27.0
2797000,67.0,85.0
2797050,1.0,1.0
2797100,6.0,6.0
2797120,14.0,15.0
2797170,31.0,32.0
2797180,98.0,103.0
2797310,95.0,123.0
2797340,1000.0,1063.0
2797350,3.0,3.0
2797410,3.0,3.0
2797440,96.0,100.0
2797600,5.0,5.0
2797660,6.0,7.0
2797690,1.0,1.0
2797820,4.0,5.0
2798000,1.0,1.0
2798090,13.0,14.0
2798100,12.0,12.0
2798120,4.0,5.0
2798180,1.0,1.0
2798190,2.0,2.0
2798200,3.0,3.0
2798210,4.0,4.0
2798250,2.0,2.0
2798260,1.0,1.0
2798280,2.0,2.0
2798290,2.0,2.0
2798300,2.0,2.0
2798420,8.0,10.0
2798600,901.0,921.0
2798780,5.0,5.0
2798810,12.0,15.0
2798880,16.0,16.0
2798950,15.0,17.0
2799020,1.0,1.0
2799090,1.0,1.0
2799110,29.0,29.0
2799240,1.0,1.0
2799310,3.0,3.0
2799320,66.0,70.0
2799360,32.0,42.0
2799460,3.0,3.0
2799560,76.0,84.0
2799640,10.0,11.0
2799690,169.0,197.0
2799740,35.0,42.0
2799930,230.0,273.0
2799950,19.0,20.0
2799970,2.0,2.0
2800010,2.0,2.0
2800020,29.0,29.0
2800170,15.0,19.0
2800210,5.0,5.0
2800420,6.0,7.0
2800440,6.0,6.0
2800500,44.0,47.0
2800510,13.0,13.0
2800530,11.0,14.0
2800550,2.0,2.0
2800620,4.0,4.0
2800760,7.0,7.0
2800880,2.0,2.0
2800890,66.0,75.0
2800980,9.0,11.0
2801060,2.0,2.0
2801230,6.0,7.0
2801280,3.0,3.0
2801500,5.0,5.0
2801620,1.0,1.0
2801830,1.0,1.0
2801930,7.0,7.0
2801960,3.0,3.0
2802060,187.0,190.0
2802110,111.0,115.0
2802140,50.0,50.0
2802350,5.0,5.0
2802370,7.0,7.0
2802410,3.0,3.0
2802440,2.0,2.0
2802550,77.0,84.0
2802560,3.0,3.0
2802610,9.0,9.0
2802620,1.0,1.0
2802650,2.0,2.0
2802670,9.0,11.0
2802780,1.0,1.0
2802790,157.0,159.0
2802810,1.0,1.0
2803000,1334.0,1402.0
2803010,707.0,784.0
2803020,1.0,1.0
2803060,394.0,432.0
2803070,1.0,1.0
2803130,1.0,1.0
2803140,27.0,27.0
2803190,2.0,2.0
2803280,209.0,265.0
2803340,5.0,5.0
2803640,27.0,30.0
2803660,38.0,38.0
2803710,3.0,3.0
2803810,348.0,394.0
2803860,14.0,16.0
2803900,11.0,11.0
2803930,3.0,3.0
2803950,19.0,24.0
2804250,48.0,62.0
2804390,20.0,23.0
2804470,16.0,16.0
2804510,313.0,338.0
2804540,19.0,19.0
2804580,27.0,28.0
2804610,29.0,31.0
2804620,9.0,10.0
2804690,10.0,10.0
2804740,11.0,12.0
2804960,37.0,40.0
2805040,12.0,13.0
2805060,393.0,510.0
2805130,18.0,22.0
2805210,52.0,56.0
2805230,34.0,41.0
2805330,16.0,17.0
2805410,2.0,2.0
2805460,5.0,5.0
2805580,2.0,2.0
2805670,2.0,2.0
2805800,6.0,7.0
2805880,1.0,1.0
2805920,3.0,3.0
2805960,9.0,11.0
2805990,4.0,5.0
2806110,6.0,7.0
2806230,121.0,128.0
2806340,7.0,7.0
2806350,26.0,29.0
2806470,2.0,2.0
2806480,1.0,1.0
2806530,23.0,23.0
2806660,31.0,32.0
2806830,17.0,17.0
2806840,2.0,2.0
2806890,39.0,39.0
2806940,7.0,8.0
2807110,3.0,3.0
2807150,227.0,243.0
2807160,3.0,3.0
2807180,11.0,13.0
2807190,8.0,9.0
2807210,164.0,192.0
2807240,19.0,19.0
2807250,12.0,15.0
2807260,5.0,5.0
2807290,37.0,38.0
2807390,22.0,22.0
2807430,10.0,13.0
2807490,81.0,81.0
2807540,8.0,8.0
2807600,25.0,27.0
2807860,2.0,2.0
2807870,7.0,9.0
2808130,45.0,59.0
2808260,4.0,4.0
2808280,1.0,1.0
2808360,3.0,3.0
2808450,4.0,4.0
2808490,19.0,19.0
2808570,232.0,291.0
2808750,1.0,1.0
2808770,11.0,13.0
2808780,10.0,12.0
2808790,10.0,12.0
2809090,15.0,15.0
2809110,8.0,8.0
2809170,15.0,15.0
2809370,15.0,15.0
2809460,5.0,6.0
2809570,16.0,16.0
2809830,16.0,17.0
2810090,57.0,63.0
2810100,2.0,2.0
2810110,13.0,15.0
2810120,10.0,13.0
2810150,1.0,1.0
2810160,3.0,3.0
2810170,16.0,18.0
2810290,2.0,2.0
2810330,23.0,23.0
2810370,1.0,1.0
2810410,2.0,2.0
2810460,3.0,3.0
2810540,2.0,2.0
2810580,84.0,106.0
2810650,11.0,11.0
2810670,3.0,3.0
2810690,12.0,12.0
2810790,1.0,1.0
2810880,8.0,10.0
2810890,1.0,1.0
2811000,61.0,61.0
2811070,2.0,2.0
2811110,11.0,11.0
2811200,142.0,157.0
2811250,9.0,10.0
2811260,1.0,1.0
2811280,1.0,1.0
2811660,17.0,17.0
2811700,1.0,1.0
2811730,6.0,6.0
2811760,9.0,10.0
2811790,1.0,1.0
2811830,3949.0,4304.0
2811860,31.0,41.0
2811910,15.0,19.0
2811940,6.0,6.0
2811960,2.0,2.0
2812040,19.0,19.0
2812180,143.0,155.0
2812240,11.0,14.0
2812380,24.0,30.0
2812430,20.0,23.0
2812480,58.0,60.0
2812490,9.0,10.0
2812530,3.0,3.0
2812720,6.0,6.0
2812750,2.0,2.0
2812820,107.0,142.0
2812850,286.0,329.0
2812900,3.0,3.0
2812910,22.0,25.0
2812930,2.0,2.0
2812980,2.0,2.0
2813170,162.0,180.0
2813280,19.0,21.0
2813290,4.0,5.0
2813330,8.0,8.0
2813340,3.0,3.0
2813380,108.0,127.0
2813440,2.0,2.0
2813460,12.0,13.0
2813710,13.0,16.0
2813720,7.0,7.0
2813750,14.0,14.0
2813760,43.0,49.0
2814000,4.0,5.0
2814060,9.0,9.0
2814080,35.0,41.0
2814270,11.0,12.0
2814280,38.0,42.0
2814340,45.0,56.0
2814370,7.0,8.0
2814540,11.0,13.0
2814610,189.0,227.0
2814650,117.0,143.0
2814660,13.0,13.0
2814710,10.0,11.0
2814760,14.0,17.0
2814790,18.0,19.0
2814810,6.0,7.0
2814870,457.0,595.0
2814910,523.0,537.0
2815110,12.0,12.0
2815120,58.0,63.0
2815150,42.0,43.0
2815210,4.0,4.0
2815500,1.0,1.0
2815530,25.0,28.0
2815600,2.0,2.0
2815680,2.0,2.0
2815690,23.0,25.0
2815750,32.0,34.0
2815770,22.0,22.0
2815800,2.0,2.0
2815830,33.0,35.0
2816120,5.0,5.0
2816140,14.0,15.0
2816260,2.0,2.0
2816420,3.0,3.0
2816530,18.0,23.0
2816550,1.0,1.0
2816570,31.0,34.0
2816580,15.0,17.0
2816590,9.0,10.0
2816600,1.0,1.0
2816940,122.0,141.0
2816950,1753.0,1938.0
2817070,1.0,1.0
2817140,349.0,397.0
2817190,33.0,33.0
2817200,5.0,5.0
2817210,31.0,31.0
2817240,1.0,1.0
2817480,11.0,13.0
2817560,1.0,1.0
2817610,4.0,5.0
2817620,159.0,210.0
2817690,367.0,444.0
2817800,1.0,1.0
2817850,4.0,4.0
2817970,10.0,10.0
2818300,1.0,1.0
2818340,6.0,6.0
2818420,1.0,1.0
2818450,360.0,378.0
2818510,32.0,38.0
2818560,9.0,9.0
2818590,2.0,2.0
2818640,14.0,15.0
2818660,1.0,1.0
2818730,7.0,9.0
2818800,4.0,5.0
2818830,4.0,4.0
2818870,4.0,5.0
2818980,80.0,88.0
2819070,4.0,4.0
2819110,20.0,26.0
2819120,28.0,32.0
2819170,2.0,2.0
2819190,5.0,5.0
2819210,2.0,2.0
2819300,11.0,11.0
2819490,16.0,16.0
2819630,2.0,2.0
2819840,3.0,3.0
2819940,9.0,10.0
2819970,97.0,103.0
2820000,25.0,25.0
2820100,19.0,20.0
2820120,1.0,1.0
2820200,33.0,40.0
2820310,43.0,44.0
2820350,34.0,39.0
2820600,90.0,110.0
2820650,21.0,23.0
2820680,16.0,19.0
2820710,7.0,8.0
2820750,8.0,9.0
2820790,12.0,12.0
2820800,134.0,152.0
2821020,14.0,15.0
2821040,88.0,102.0
2821120,2.0,2.0
2821220,12.0,12.0
2821230,6.0,6.0
2821250,7.0,8.0
2821290,7.0,9.0
2821300,1.0,1.0
2821320,1.0,1.0
2821400,16.0,17.0
2821440,70.0,73.0
2821680,4.0,4.0
2821740,4.0,4.0
2821760,2.0,2.0
2821800,621.0,746.0
2821810,25.0,26.0
2821850,178.0,206.0
2821860,30.0,38.0
2821890,172.0,222.0
2821920,30.0,30.0
2822010,266.0,329.0
2822030,288.0,342.0
2822210,2.0,2.0
2822270,8.0,9.0
2822380,190.0,207.0
2822570,2.0,2.0
2822830,5.0,5.0
2823000,1.0,1.0
2823080,698.0,851.0
2823140,31.0,33.0
2823310,6.0,6.0
2823400,9.0,10.0
2823630,2.0,2.0
2823650,9.0,9.0
2823890,309.0,344.0
2824080,12.0,13.0
2824140,18.0,19.0
2824170,2.0,2.0
2824200,2.0,2.0
2824210,31.0,33.0
2824230,1079.0,1094.0
2824290,50.0,50.0
2824400,3.0,3.0
2824470,12.0,12.0
2824500,9.0,9.0
2824610,1.0,1.0
2824660,727.0,780.0
2824670,11.0,11.0
2824710,29.0,35.0
2824810,5.0,5.0
2824910,4.0,5.0
2824930,17.0,17.0
2824990,5.0,5.0
2825000,7.0,9.0
2825030,4.0,5.0
2825070,31.0,35.0
2825110,42.0,44.0
2825130,5.0,5.0
2825150,6.0,6.0
2825180,492.0,537.0
2825210,113.0,131.0
2825250,43.0,45.0
2825300,195.0,201.0
2825310,10.0,10.0
2825350,7.0,7.0
2825380,6.0,7.0
2825400,23.0,28.0
2825510,13.0,15.0
2825600,34.0,34.0
2825730,84.0,94.0
2825780,5.0,5.0
2825870,23.0,23.0
2825910,2.0,2.0
2826100,1.0,1.0
2826110,12.0,12.0
2826120,7.0,9.0
2826150,1.0,1.0
2826180,1671.0,1761.0
2826240,2.0,2.0
2826250,1.0,1.0
2826410,1.0,1.0
2826540,16.0,18.0
2826650,3.0,3.0
2826690,12.0,12.0
2826730,5.0,5.0
2826800,112.0,146.0
2826860,8.0,9.0
2826910,1.0,1.0
2827050,2.0,2.0
2827060,6.0,6.0
2827180,2.0,2.0
2827190,7.0,7.0
2827240,11.0,11.0
2827310,27.0,29.0
2827350,3.0,3.0
2827430,1.0,1.0
2827450,69.0,82.0
2827460,16.0,16.0
2827490,2.0,2.0
2827500,28.0,33.0
2827520,50.0,54.0
2827530,8.0,8.0
2827580,2.0,2.0
2827780,116.0,153.0
2827810,153.0,183.0
2827860,10.0,12.0
2827910,1.0,1.0
2827920,4.0,4.0
2827950,2.0,2.0
2828140,2.0,2.0
2828210,13.0,13.0
2828290,2.0,2.0
2828300,1.0,1.0
2828320,5.0,6.0
2828610,5.0,5.0
2828890,23.0,28.0
2828930,9.0,10.0
2828940,9.0,9.0
2828960,43.0,52.0
2829210,10.0,10.0
2829240,37.0,39.0
2829300,1.0,1.0
2829470,5.0,5.0
2829480,6.0,6.0
2829510,5.0,6.0
2829600,531.0,565.0
2829760,14.0,17.0
2829790,15.0,16.0
2829890,10.0,10.0
2829990,1.0,1.0
2830080,6.0,7.0
2830250,27.0,30.0
2830430,34.0,34.0
2830450,3.0,3.0
2830540,7.0,7.0
2830620,11.0,13.0
2830670,12.0,14.0
2830680,12.0,13.0
2830690,11.0,14.0
2830700,50.0,63.0
2830720,108.0,119.0
2830870,28.0,29.0
2830890,13.0,13.0
2831030,7.0,8.0
2831060,111.0,141.0
2831190,8.0,8.0
2831200,1.0,1.0
2831330,3.0,3.0
2831340,893.0,991.0
2831540,4.0,4.0
2831550,9.0,9.0
2831570,7.0,7.0
2831590,33.0,34.0
2831700,3.0,3.0
2831730,4.0,4.0
2831910,102.0,110.0
2832020,17.0,22.0
2832170,20.0,20.0
2832220,35.0,45.0
2832320,143.0,179.0
2832330,793.0,1021.0
2832340,7.0,7.0
2832380,85.0,86.0
2832400,108.0,123.0
2832570,3.0,3.0
2832580,23.0,24.0
2832620,32.0,32.0
2832630,18.0,19.0
2832650,14.0,14.0
2832730,1.0,1.0
2832790,10.0,11.0
2832810,14.0,16.0
2832820,2.0,2.0
2833170,15.0,15.0
2833390,2.0,2.0
2833530,211.0,219.0
2833590,55.0,57.0
2833820,14.0,17.0
2833840,5.0,6.0
2833860,112.0,112.0
2833870,1.0,1.0
2833950,13.0,16.0
2833960,18.0,18.0
2834000,4.0,4.0
2834060,3.0,3.0
2834180,87.0,114.0
2834320,30.0,30.0
2834330,34.0,34.0
2834370,30.0,34.0
2834400,143.0,159.0
2834430,9.0,11.0
2834470,3.0,3.0
2834490,4.0,4.0
2834780,78.0,83.0
2834890,1.0,1.0
2835030,79.0,87.0
2835060,16.0,17.0
2835070,4.0,4.0
2835140,5.0,5.0
2835180,14.0,16.0
2835190,26.0,29.0
2835410,27.0,29.0
2835430,3.0,3.0
2835480,16.0,16.0
2835490,5.0,5.0
2835540,32.0,32.0
2835570,31415.0,33061.0
2835590,48.0,57.0
2835670,9.0,9.0
2835720,5.0,5.0
2835750,217.0,288.0
2835960,6.0,6.0
2835970,2.0,2.0
2836010,22.0,23.0
2836120,5.0,5.0
2836180,1.0,1.0
2836270,6.0,6.0
2836290,81.0,85.0
2836450,62.0,70.0
2836530,3.0,3.0
2836550,9.0,10.0
2836630,4.0,4.0
2836680,5.0,5.0
2836810,60.0,63.0
2836820,99.0,108.0
2836830,11.0,12.0
2836890,1.0,1.0
2836910,7.0,8.0
2836940,105.0,125.0
2836960,3.0,3.0
2837160,3.0,3.0
2837240,2.0,2.0
2837280,61.0,68.0
2837310,12.0,13.0
2837330,14.0,16.0
2837340,30.0,31.0
2837350,16.0,18.0
2837360,21.0,21.0
2837470,20.0,23.0
2837580,9.0,9.0
2837600,71.0,74.0
2837640,15.0,16.0
2837760,25.0,26.0
2837810,4.0,5.0
2837870,17.0,19.0
2837880,2.0,2.0
2837920,33.0,36.0
2838040,11.0,11.0
2838220,2.0,2.0
2838360,7.0,7.0
2838400,12.0,13.0
2838410,2.0,2.0
2838450,4.0,5.0
2838460,8.0,8.0
2838500,7.0,8.0
2838510,214.0,270.0
2838870,32.0,40.0
2838910,1.0,1.0
2838930,62.0,69.0
2838960,2.0,2.0
2838970,5.0,5.0
2839000,5.0,5.0
2839040,17.0,17.0
2839050,4.0,4.0
2839090,4.0,4.0
2839200,62.0,67.0
2839220,4.0,4.0
2839230,2.0,2.0
2839280,75.0,76.0
2839290,20.0,20.0
2839450,215.0,231.0
2839670,14.0,14.0
2839940,5.0,6.0
2840020,17.0,19.0
2840120,1.0,1.0
2840180,8.0,8.0
2840210,288.0,351.0
2840230,6.0,6.0
2840250,148.0,169.0
2840430,1.0,1.0
2840460,1.0,1.0
2840480,250.0,264.0
2840530,17.0,21.0
2840690,8.0,10.0
2840800,4.0,5.0
2840890,36.0,36.0
2840900,85.0,87.0
2840960,10.0,11.0
2840990,45.0,50.0
2841000,4.0,4.0
2841010,28.0,37.0
2841050,3.0,3.0
2841060,48.0,48.0
2841070,30.0,38.0
2841110,22.0,27.0
2841130,40.0,50.0
2841200,38.0,45.0
2841470,2.0,2.0
2841610,11.0,11.0
2841720,71.0,76.0
2841730,1.0,1.0
2841760,5.0,5.0
2841780,4.0,5.0
2841800,1.0,1.0
2841830,17.0,21.0
2841870,6.0,6.0
2841950,30.0,31.0
2841960,6.0,6.0
2841990,8.0,9.0
2842090,5.0,5.0
2842190,8.0,8.0
2842200,3.0,3.0
2842260,9.0,9.0
2842280,4.0,4.0
2842360,1.0,1.0
2842380,46.0,53.0
2842420,103.0,119.0
2842430,33.0,42.0
2842520,7.0,7.0
2842570,27.0,32.0
2842580,6.0,7.0
2842600,94.0,96.0
2842790,20.0,22.0
2842870,25.0,30.0
2842880,21.0,22.0
2842890,92.0,120.0
2842950,2.0,2.0
2843030,2.0,2.0
2843050,3.0,3.0
2843090,44.0,54.0
2843100,1.0,1.0
2843130,20.0,24.0
2843170,23.0,26.0
2843200,1.0,1.0
2843240,4.0,5.0
2843340,34.0,43.0
2843410,75.0,77.0
2843520,3.0,3.0
2843530,15.0,19.0
2843540,104.0,105.0
2843550,35.0,35.0
2843560,1.0,1.0
2843710,2.0,2.0
2843750,4.0,5.0
2843820,1.0,1.0
2843830,14.0,14.0
2843970,1.0,1.0
2843980,6.0,6.0
2844070,2.0,2.0
2844240,12.0,12.0
2844250,12.0,13.0
2844300,5.0,6.0
2844310,20.0,20.0
2844320,7.0,7.0
2844450,14.0,14.0
2844530,1.0,1.0
2844620,49.0,51.0
2844700,313.0,376.0
2844710,4.0,5.0
2844810,11.0,12.0
2844940,2.0,2.0
2844980,5.0,5.0
2845030,1.0,1.0
2845120,43.0,44.0
2845130,1.0,1.0
2845140,7.0,8.0
2845200,189.0,196.0
2845250,1079.0,1336.0
2845260,1146.0,1173.0
2845270,1065.0,1127.0
2845320,657.0,667.0
2845360,1.0,1.0
2845400,36.0,38.0
2845510,8.0,9.0
2845580,4.0,4.0
2845620,8.0,10.0
2845630,318.0,375.0
2845720,7.0,7.0
2845840,100.0,108.0
2845860,20.0,21.0
2845970,1.0,1.0
2846040,2.0,2.0
2846050,2.0,2.0
2846060,28.0,28.0
2846070,15.0,15.0
2846110,4.0,4.0
2846210,57.0,62.0
2846290,486.0,544.0
2846580,1.0,1.0
2846590,2.0,2.0
2846660,5.0,5.0
2846680,8.0,9.0
2846690,10.0,11.0
2846740,6.0,7.0
2846750,14.0,15.0
2846790,43.0,50.0
2846810,54.0,59.0
2846860,5.0,6.0
2846980,4.0,4.0
2847020,1.0,1.0
2847110,491.0,546.0
2847250,94.0,110.0
2847280,3.0,3.0
2847310,14.0,15.0
2847400,19.0,25.0
2847420,52.0,54.0
2847430,58.0,61.0
2847600,2.0,2.0
2847640,59.0,66.0
2847830,3.0,3.0
2847980,21.0,25.0
2848070,17.0,17.0
2848080,1.0,1.0
2848110,1.0,1.0
2848140,1.0,1.0
2848150,9.0,9.0
2848260,1.0,1.0
2848390,23.0,25.0
2848420,788.0,803.0
2848430,3.0,3.0
2848460,9.0,9.0
2848590,6.0,7.0
2848660,12.0,13.0
2848770,2.0,2.0
2848880,1.0,1.0
2848950,2.0,2.0
2849010,8.0,8.0
2849070,10.0,12.0
2849080,5242.0,6029.0
2849430,29.0,32.0
2849470,1.0,1.0
2849610,5.0,6.0
2849680,342.0,351.0
2849690,19.0,19.0
2849700,9.0,9.0
2849730,83.0,87.0
2849850,13.0,13.0
2849870,20.0,21.0
2849960,704.0,721.0
2849970,1.0,1.0
2849980,4.0,4.0
2850050,44.0,44.0
2850120,1.0,1.0
2850150,27.0,28.0
2850170,13.0,13.0
2850300,71.0,78.0
2850310,145.0,147.0
2850330,6.0,6.0
2850410,13.0,13.0
2850470,1.0,1.0
2850530,3.0,3.0
2850560,15.0,15.0
2850630,137.0,145.0
2850640,13.0,13.0
2850650,7.0,7.0
2850660,19.0,19.0
2850690,9.0,10.0
2850810,5.0,5.0
2850820,20.0,21.0
2850830,4.0,4.0
2850860,3.0,3.0
2850920,28.0,28.0
2850970,11.0,13.0
2851020,70.0,75.0
2851150,304.0,348.0
2851290,23.0,24.0
2851340,6.0,6.0
2851420,8.0,8.0
2851520,2.0,2.0
2851620,15.0,16.0
2851630,1.0,1.0
2851700,58.0,60.0
2851710,4.0,4.0
2851730,10.0,10.0
2851770,35.0,35.0
2851820,278.0,296.0
2852100,109.0,119.0
2852210,13.0,13.0
2852260,2.0,2.0
2852390,27.0,27.0
2852470,6.0,6.0
2852500,34.0,42.0
2852560,1.0,1.0
2852620,59.0,78.0
2852650,1.0,1.0
2852770,232.0,236.0
2852780,3.0,3.0
2852880,28.0,28.0
2852930,104.0,115.0
2852980,251.0,289.0
2853030,7.0,7.0
2853130,118.0,130.0
2853240,2.0,2.0
2853320,6.0,6.0
2853420,4.0,4.0
2853610,9.0,10.0
2853790,20.0,21.0
2853810,2.0,2.0
2853840,76.0,95.0
2854030,6.0,6.0
2854050,8.0,9.0
2854140,50.0,50.0
2854150,1.0,1.0
2854170,77.0,85.0
2854220,5.0,6.0
2854250,5.0,5.0
2854480,22.0,25.0
2854550,7.0,7.0
2854590,4.0,5.0
2854610,6.0,7.0
2854670,5.0,5.0
2854690,137.0,140.0
2854700,6.0,6.0
2854780,186.0,191.0
2854950,21.0,23.0
2855010,6.0,6.0
2855480,61.0,80.0
2855500,8.0,8.0
2855510,1.0,1.0
2855580,1.0,1.0
2855660,3.0,3.0
2855700,1.0,1.0
2855740,5.0,6.0
2855820,11.0,12.0
2855830,2.0,2.0
2855850,3.0,3.0
2855940,22.0,23.0
2855990,23.0,23.0
2856030,127.0,157.0
2856040,15.0,15.0
2856050,1.0,1.0
2856090,62.0,66.0
2856370,90.0,99.0
2856400,2.0,2.0
2856420,1.0,1.0
2856430,5.0,5.0
2856480,1.0,1.0
2856500,1.0,1.0
2856870,10.0,13.0
2857250,1.0,1.0
2857400,3.0,3.0
2857560,94.0,121.0
2857640,2.0,2.0
2857660,1.0,1.0
2857690,11.0,11.0
2857730,147.0,147.0
2857880,378.0,479.0
2857900,3.0,3.0
2857940,29.0,34.0
2858050,48.0,51.0
2858110,5.0,5.0
2858180,17.0,21.0
2858200,1.0,1.0
2858270,5.0,5.0
2858340,5.0,6.0
2858390,26.0,32.0
2858410,11.0,14.0
2858420,13.0,14.0
2858430,88.0,93.0
2858730,2.0,2.0
2858790,18.0,18.0
2858820,5.0,5.0
2858910,5.0,5.0
2858930,20.0,22.0
2859060,9.0,11.0
2859190,4.0,5.0
2859250,2.0,2.0
2859270,1.0,1.0
2859300,20.0,26.0
2859370,1.0,1.0
2859450,27.0,34.0
2859460,4.0,5.0
2859540,2.0,2.0
2859670,3.0,3.0
2859800,244.0,254.0
2859810,17.0,17.0
2859870,53.0,54.0
2859900,8.0,8.0
2859920,1.0,1.0
2860000,182.0,205.0
2860010,4.0,4.0
2860090,24.0,31.0
2860150,29.0,29.0
2860170,1.0,1.0
2860270,19.0,20.0
2860290,7.0,7.0
2860300,5.0,5.0
2860380,1.0,1.0
2860390,1.0,1.0
2860400,2.0,2.0
2860440,1.0,1.0
2860450,200.0,241.0
2860570,20.0,20.0
2860580,8.0,9.0
2860620,1.0,1.0
2860660,3.0,3.0
2860800,1.0,1.0
2860850,3.0,3.0
2860950,46.0,47.0
2861000,3.0,3.0
2861150,416.0,428.0
2861170,6.0,6.0
2861260,4.0,4.0
2861270,2.0,2.0
2861400,5.0,5.0
2861560,733.0,772.0
2861570,6.0,7.0
2861750,10.0,12.0
2861860,10.0,11.0
2861940,4.0,4.0
2862020,10.0,11.0
2862040,12.0,15.0
2862050,11.0,13.0
2862060,27.0,32.0
2862180,1.0,1.0
2862360,2.0,2.0
2862390,3.0,3.0
2862400,9.0,9.0
2862440,12.0,14.0
2862510,6.0,6.0
2862560,1.0,1.0
2862580,14.0,18.0
2862590,13.0,14.0
2862610,1412.0,1524.0
2862660,28.0,30.0
2862670,54.0,56.0
2862730,41.0,45.0
2862850,7.0,8.0
2862920,1.0,1.0
2862970,35.0,35.0
2862990,80.0,85.0
2863070,10.0,13.0
2863090,45.0,51.0
2863330,9.0,10.0
2863530,8.0,8.0
2863690,61.0,68.0
2863790,21.0,22.0
2863810,12.0,12.0
2863840,646.0,698.0
2864000,2.0,2.0
2864050,1.0,1.0
2864070,1.0,1.0
2864100,12.0,13.0
2864110,9.0,10.0
2864210,98.0,112.0
2864270,1.0,1.0
2864300,10.0,11.0
2864340,3.0,3.0
2864390,13.0,15.0
2864680,59.0,69.0
2864700,12.0,12.0
2864720,5.0,6.0
2864780,1.0,1.0
2864830,99.0,129.0
2864890,305.0,325.0
2864930,5.0,6.0
2865230,21.0,26.0
2865360,46.0,51.0
2865490,1851.0,2241.0
2865580,320.0,410.0
2865590,108.0,111.0
2865640,15.0,15.0
2865660,8.0,8.0
2865700,13.0,13.0
2865790,11.0,12.0
2865800,10.0,12.0
2865810,1.0,1.0
2865840,95.0,107.0
2865870,10.0,11.0
2865890,2.0,2.0
2865900,10.0,11.0
2865910,10.0,13.0
2865920,10.0,11.0
2865930,9.0,10.0
2866000,18.0,18.0
2866120,38.0,41.0
2866410,19.0,19.0
2866550,10.0,11.0
2866560,7.0,8.0
2866640,25.0,30.0
2866700,1.0,1.0
2866710,182.0,231.0
2866780,3.0,3.0
2866830,20.0,20.0
2866870,3.0,3.0
2866910,76.0,79.0
2866990,3.0,3.0
2867000,1.0,1.0
2867230,1.0,1.0
2867250,4.0,4.0
2867380,14.0,14.0
2867410,162.0,188.0
2867440,17.0,22.0
2867510,459.0,506.0
2867520,2.0,2.0
2867600,4.0,5.0
2867610,3.0,3.0
2867730,2.0,2.0
2867740,1.0,1.0
2867840,11.0,11.0
2867980,1.0,1.0
2868060,11.0,11.0
2868110,51.0,51.0
2868210,8.0,9.0
2868240,1.0,1.0
2868260,22.0,24.0
2868270,17.0,18.0
2868380,5.0,6.0
2868430,335.0,434.0
2868580,2.0,2.0
2868600,11.0,12.0
2868700,19.0,24.0
2868740,15.0,15.0
2868760,1.0,1.0
2868800,4.0,4.0
2868820,21.0,25.0
2868950,11.0,12.0
2869000,18.0,19.0
2869020,7.0,8.0
2869050,11.0,14.0
2869310,1.0,1.0
2869320,9.0,9.0
2869500,1.0,1.0
2869520,15.0,16.0
2869530,1.0,1.0
2869610,20.0,22.0
2869690,7.0,9.0
2869750,1.0,1.0
2869760,4.0,4.0
2869800,11.0,12.0
2869960,23.0,23.0
2869970,9.0,9.0
2869990,1.0,1.0
2870010,10.0,10.0
2870050,5.0,5.0
2870110,66.0,80.0
2870280,131.0,139.0
2870360,4.0,4.0
2870420,203.0,261.0
2870470,4.0,5.0
2870510,5.0,5.0
2870560,1.0,1.0
2870570,91.0,121.0
2870580,15.0,15.0
2870610,6.0,6.0
2870660,43.0,44.0
2870710,26.0,26.0
2870750,7.0,7.0
2870810,13.0,16.0
2870840,3696.0,3899.0
2870910,2.0,2.0
2870950,19.0,23.0
2870970,1.0,1.0
2871030,1.0,1.0
2871080,1.0,1.0
2871480,4.0,5.0
2871580,9.0,10.0
2871590,9.0,11.0
2871700,1.0,1.0
2871830,6.0,6.0
2871840,5.0,5.0
2871890,6.0,7.0
2871930,215.0,283.0
2871940,14.0,14.0
2871990,1.0,1.0
2872000,8.0,8.0
2872110,10.0,11.0
2872270,7.0,9.0
2872580,21.0,22.0
2872620,74.0,79.0
2872700,23.0,25.0
2872740,2.0,2.0
2872800,13.0,16.0
2872860,11.0,13.0
2872890,9.0,9.0
2872930,369.0,370.0
2872980,7.0,8.0
2873010,30.0,39.0
2873090,20.0,23.0
2873130,18.0,20.0
2873150,4.0,4.0
2873190,32.0,36.0
2873300,7.0,8.0
2873410,1.0,1.0
2873430,20.0,20.0
2873620,32.0,40.0
2873650,4.0,4.0
2873690,9.0,9.0
2873740,39.0,41.0
2873760,1000.0,1111.0
2873800,46.0,52.0
2874070,1.0,1.0
2874180,7.0,9.0
2874290,24.0,29.0
2874300,27.0,27.0
2874360,12.0,12.0
2874500,5.0,6.0
2874700,3.0,3.0
2874780,11.0,14.0
2874860,10.0,10.0
2874870,7.0,8.0
2874930,6.0,7.0
2874990,6.0,6.0
2875030,23.0,23.0
2875100,15.0,15.0
2875110,87.0,90.0
2875130,1.0,1.0
2875140,1605.0,1843.0
2875280,125.0,125.0
2875300,1.0,1.0
2875370,8.0,8.0
2875400,25.0,31.0
2875490,28.0,28.0
2875520,12.0,12.0
2875630,2.0,2.0
2875740,44.0,51.0
2875900,2.0,2.0
2875910,19.0,21.0
2875920,1.0,1.0
2875980,2.0,2.0
2876070,4.0,5.0
2876090,8.0,8.0
2876210,1.0,1.0
2876240,6.0,6.0
2876250,223.0,251.0
2876350,1.0,1.0
2876440,2.0,2.0
2876510,1.0,1.0
2876600,8.0,8.0
2876650,9.0,9.0
2876790,6.0,6.0
2876800,3.0,3.0
2876850,4.0,4.0
2876880,31.0,32.0
2876900,8.0,8.0
2876920,33.0,34.0
2876970,5.0,5.0
2876980,55.0,65.0
2877020,11.0,11.0
2877030,30.0,30.0
2877110,1.0,1.0
2877130,1.0,1.0
2877240,39.0,50.0
2877340,113.0,119.0
2877640,10.0,11.0
2877800,1.0,1.0
2877950,107.0,132.0
2878000,187.0,210.0
2878040,41.0,44.0
2878060,19.0,20.0
2878100,100.0,113.0
2878120,1.0,1.0
2878140,446.0,462.0
2878160,1.0,1.0
2878170,1.0,1.0
2878180,9.0,10.0
2878230,1.0,1.0
2878270,33.0,41.0
2878280,147.0,149.0
2878310,15.0,19.0
2878320,13.0,16.0
2878330,14.0,18.0
2878340,14.0,16.0
2878350,16.0,18.0
2878410,158.0,174.0
2878420,1000.0,1142.0
2878600,1755.0,2215.0
2878680,13.0,14.0
2878690,1.0,1.0
2878710,195.0,196.0
2878720,126.0,145.0
2879000,149.0,175.0
2879080,2.0,2.0
2879090,59.0,66.0
2879210,1.0,1.0
2879290,7.0,7.0
2879300,28.0,33.0
2879350,1.0,1.0
2879470,2.0,2.0
2879490,19.0,21.0
2879560,69.0,75.0
2879580,1.0,1.0
2879720,37.0,38.0
2879800,7.0,8.0
2879810,4.0,4.0
2880010,45.0,48.0
2880040,4.0,4.0
2880070,7.0,8.0
2880120,26.0,27.0
2880130,9.0,11.0
2880210,9.0,9.0
2880220,16.0,20.0
2880300,3.0,3.0
2880310,31.0,40.0
2880460,534.0,582.0
2880480,7.0,7.0
2880530,33.0,43.0
2880650,11.0,12.0
2880660,6.0,7.0
2880750,85.0,85.0
2880780,10.0,10.0
2880830,5.0,5.0
2880990,34.0,36.0
2881160,5.0,5.0
2881230,1102.0,1127.0
2881270,11.0,12.0
2881430,12.0,12.0
2881650,98479.0,104275.0
2881760,6.0,7.0
2881770,2.0,2.0
2881810,12.0,12.0
2881830,8.0,10.0
2881870,322.0,342.0
2882080,27.0,28.0
2882440,527.0,533.0
2882450,5.0,6.0
2882490,1.0,1.0
2882570,6.0,6.0
2882600,2.0,2.0
2882610,12.0,12.0
2882640,4.0,4.0
2882790,1.0,1.0
2882810,21.0,23.0
2882840,4.0,4.0
2882870,643.0,669.0
2882980,9.0,9.0
2883050,28.0,31.0
2883070,51.0,53.0
2883210,36.0,39.0
2883250,1.0,1.0
2883280,1259.0,1283.0
2883370,1.0,1.0
2883380,3.0,3.0
2883430,20.0,20.0
2883530,1.0,1.0
2883610,12.0,12.0
2883620,11.0,11.0
2883630,10.0,11.0
2883660,13.0,14.0
2883670,3.0,3.0
2883700,6.0,7.0
2883990,5.0,5.0
2884020,40.0,48.0
2884030,5.0,5.0
2884170,8.0,9.0
2884190,50.0,53.0
2884210,52.0,60.0
2884310,1.0,1.0
2884480,15.0,15.0
2884540,3.0,3.0
2884590,64.0,75.0
2884810,1.0,1.0
2885230,29.0,29.0
2885570,4.0,4.0
2885580,285.0,304.0
2885700,8.0,8.0
2885800,3.0,3.0
2885880,19.0,19.0
2885960,1.0,1.0
2885990,16.0,16.0
2886080,5.0,6.0
2886100,2.0,2.0
2886140,1.0,1.0
2886150,2.0,2.0
2886240,6.0,6.0
2886440,12.0,14.0
2886450,12.0,14.0
2886540,2.0,2.0
2886660,81.0,87.0
2886720,25.0,27.0
2886810,2.0,2.0
2886920,10.0,12.0
2887260,34.0,35.0
2887320,52.0,52.0
2887410,21.0,21.0
2887460,43.0,43.0
2887660,11.0,11.0
2887720,4.0,5.0
2887780,79.0,92.0
2887820,1.0,1.0
2887870,21.0,23.0
2887880,2.0,2.0
2887890,18.0,21.0
2888000,15.0,17.0
2888030,30.0,32.0
2888100,3.0,3.0
2888120,48.0,52.0
2888140,1.0,1.0
2888250,2.0,2.0
2888290,9.0,10.0
2888350,5.0,5.0
2888370,80.0,100.0
2888420,4.0,5.0
2888590,4.0,4.0
2888660,1.0,1.0
2888730,7.0,8.0
2888860,144.0,148.0
2888870,41.0,45.0
2888980,1024.0,1064.0
2889270,22.0,26.0
2889300,5.0,5.0
2889380,23.0,23.0
2889460,93.0,111.0
2889490,6.0,7.0
2889750,4.0,4.0
2889830,4.0,5.0
2889840,491.0,654.0
2889870,6.0,6.0
2889980,32.0,33.0
2890000,10.0,10.0
2890020,3.0,3.0
2890130,1.0,1.0
2890180,3.0,3.0
2890230,2.0,2.0
2890300,14.0,14.0
2890440,2.0,2.0
2890580,17.0,19.0
2890800,5.0,5.0
2890990,12.0,13.0
2891040,152.0,174.0
2891160,12.0,14.0
2891210,13.0,15.0
2891280,58.0,60.0
2891310,300.0,317.0
2891600,59.0,60.0
2891690,1.0,1.0
2891770,14.0,15.0
2891900,5.0,5.0
2891930,6.0,6.0
2891950,24.0,28.0
2892000,163.0,185.0
2892090,6.0,6.0
2892170,11.0,11.0
2892220,5.0,6.0
2892230,2.0,2.0
2892250,1.0,1.0
2892260,11.0,11.0
2892270,42.0,52.0
2892290,10.0,11.0
2892300,47.0,48.0
2892310,99.0,115.0
2892350,7.0,9.0
2892510,17.0,19.0
2892530,42.0,46.0
2892590,15.0,15.0
2892600,8.0,8.0
2892660,35.0,40.0
2892770,4.0,4.0
2892780,3.0,3.0
2892830,11.0,12.0
2892840,145.0,165.0
2892850,1.0,1.0
2892880,530.0,641.0
2893010,55.0,65.0
2893130,3.0,3.0
2893310,36.0,38.0
2893580,21.0,25.0
2893650,1.0,1.0
2893830,1120.0,1150.0
2893850,2.0,2.0
2893960,1.0,1.0
2893970,29.0,32.0
2894070,13.0,14.0
2894280,1.0,1.0
2894560,9.0,9.0
2894620,5.0,5.0
2894730,1.0,1.0
2894960,263.0,290.0
2894980,101.0,116.0
2895050,15.0,16.0
2895060,19.0,20.0
2895090,18.0,19.0
2895130,10.0,11.0
2895140,11.0,11.0
2895180,1.0,1.0
2895280,6.0,7.0
2895290,3.0,3.0
2895340,54.0,68.0
2895490,1.0,1.0
2895560,13.0,14.0
2895570,1.0,1.0
2895770,12.0,12.0
2895980,1.0,1.0
2896210,9.0,9.0
2896220,28.0,37.0
2896440,25.0,25.0
2896950,13.0,15.0
2896970,14.0,14.0
2896980,50.0,54.0
2896990,5.0,5.0
2897170,15.0,16.0
2897180,18.0,18.0
2897240,148.0,159.0
2897270,15.0,17.0
2897430,1.0,1.0
2897450,64.0,68.0
2897490,5.0,5.0
2897580,269.0,338.0
2897700,192.0,210.0
2897730,10.0,10.0
2897750,2.0,2.0
2897760,858.0,941.0
2897860,3.0,3.0
2898010,11.0,11.0
2898060,6.0,7.0
2898150,12.0,12.0
2898230,4.0,4.0
2898270,400.0,455.0
2898300,1.0,1.0
2898650,53.0,66.0
2898710,4.0,4.0
2898750,22.0,23.0
2898880,64.0,65.0
2898890,10.0,10.0
2898970,17.0,17.0
2899020,13.0,15.0
2899030,111.0,145.0
2899040,34.0,41.0
2899060,11.0,12.0
2899090,39.0,48.0
2899250,14.0,14.0
2899310,18.0,21.0
2899320,8.0,9.0
2899400,1.0,1.0
2899450,59.0,65.0
2899540,10.0,11.0
2899580,19.0,22.0
2899660,7.0,7.0
2899670,16.0,16.0
2899750,31.0,36.0
2899880,4.0,5.0
2899890,86.0,102.0
2899920,13.0,15.0
2899990,1.0,1.0
2900040,10.0,11.0
2900060,4.0,4.0
2900250,18.0,19.0
2900310,3.0,3.0
2900410,29.0,32.0
2900420,10.0,12.0
2900450,10.0,10.0
2900490,17.0,17.0
2900540,13.0,15.0
2900740,1.0,1.0
2900760,43.0,44.0
2900780,8.0,8.0
2900890,1.0,1.0
2900950,1.0,1.0
2901010,1.0,1.0
2901040,27.0,28.0
2901080,6.0,6.0
2901140,779.0,794.0
2901210,12.0,13.0
2901290,40.0,41.0
2901300,20.0,21.0
2901310,129.0,142.0
2901330,1.0,1.0
2901340,10.0,13.0
2901370,2.0,2.0
2901520,5903.0,7220.0
2901550,386.0,421.0
2901590,2.0,2.0
2901620,6.0,7.0
2901650,60.0,60.0
2901960,16.0,17.0
2902000,254.0,279.0
2902020,1.0,1.0
2902070,145.0,183.0
2902090,2.0,2.0
2902320,34.0,36.0
2902540,671.0,687.0
2902550,9.0,9.0
2902570,17.0,20.0
2902640,3.0,3.0
2902830,7.0,8.0
2903040,1.0,1.0
2903060,21.0,22.0
2903150,4.0,4.0
2903210,2.0,2.0
2903460,88.0,115.0
2903480,5.0,5.0
2903490,4.0,4.0
2903560,1337.0,1546.0
2903660,45.0,50.0
2903780,53.0,66.0
2903950,218.0,260.0
2904000,1233.0,1426.0
2904160,1.0,1.0
2904170,400.0,417.0
2904200,6.0,6.0
2904290,121.0,143.0
2904320,927.0,996.0
2904340,1.0,1.0
2904430,5.0,5.0
2904490,1.0,1.0
2904510,13.0,14.0
2904800,20.0,20.0
2904810,6.0,7.0
2904830,10.0,10.0
2904860,15.0,19.0
2904880,10.0,10.0
2904890,446.0,551.0
2904930,8.0,8.0
2905040,3.0,3.0
2905080,2.0,2.0
2905090,51.0,60.0
2905120,2.0,2.0
2905170,937.0,949.0
2905180,4.0,4.0
2905290,22.0,25.0
2905360,6.0,6.0
2905480,3.0,3.0
2905680,9.0,10.0
2905890,129.0,135.0
2905930,3.0,3.0
2905940,6.0,7.0
2905970,281.0,299.0
2906030,54.0,62.0
2906100,15.0,16.0
2906170,13.0,17.0
2906200,14.0,14.0
2906510,6.0,7.0
2906530,119.0,125.0
2906540,37.0,38.0
2906550,2.0,2.0
2906710,1.0,1.0
2906740,2.0,2.0
2906800,1.0,1.0
2906890,15.0,15.0
2906900,2.0,2.0
2906930,1.0,1.0
2907000,8.0,8.0
2907010,564.0,572.0
2907190,373.0,438.0
2907220,10.0,10.0
2907230,93.0,100.0
2907240,94.0,100.0
2907250,96.0,100.0
2907260,97.0,100.0
2907270,96.0,100.0
2907610,1.0,1.0
2907620,3.0,3.0
2907650,10.0,12.0
2907680,8.0,8.0
2907700,23.0,24.0
2907710,4.0,4.0
2907720,8.0,8.0
2907850,1.0,1.0
2907870,46.0,59.0
2907880,5.0,5.0
2908040,34.0,34.0
2908140,11.0,12.0
2908240,2.0,2.0
2908260,1.0,1.0
2908340,11.0,12.0
2908360,19.0,25.0
2908480,339.0,350.0
2908490,43.0,48.0
2908900,6.0,7.0
2908950,187.0,233.0
2909010,5.0,5.0
2909090,9.0,9.0
2909110,57.0,67.0
2909170,101.0,131.0
2909180,1.0,1.0
2909200,6.0,6.0
2909250,88.0,99.0
2909470,4.0,4.0
2909480,1.0,1.0
2909650,15.0,15.0
2909680,297.0,328.0
2909940,1.0,1.0
2910220,6.0,6.0
2910320,41.0,42.0
2910400,5.0,5.0
2910460,96.0,96.0
2910500,16.0,17.0
2910590,3.0,3.0
2910810,12.0,12.0
2910820,94.0,100.0
2910830,5.0,5.0
2910850,9.0,10.0
2911160,19.0,19.0
2911230,6.0,6.0
2911250,97.0,124.0
2911280,78.0,87.0
2911460,2.0,2.0
2911540,15.0,18.0
2911590,1.0,1.0
2911710,20.0,26.0
2911820,100.0,111.0
2911850,161.0,165.0
2912110,26.0,27.0
2912120,2.0,2.0
2912450,1.0,1.0
2912460,7.0,7.0
2912470,4.0,4.0
2912480,3.0,3.0
2912640,1.0,1.0
2912660,3.0,3.0
2912700,4.0,5.0
2912870,16.0,18.0
2912900,2.0,2.0
2913030,6.0,6.0
2913040,233.0,288.0
2913520,8.0,8.0
2913680,18.0,22.0
2913770,5.0,5.0
2914050,17.0,18.0
2914060,1.0,1.0
2914090,7.0,7.0
2914190,4.0,4.0
2914320,286.0,294.0
2914420,8.0,8.0
2914470,100.0,121.0
2914740,16.0,20.0
2914850,2.0,2.0
2914870,5.0,6.0
2914960,29.0,30.0
2915020,3.0,3.0
2915050,12.0,12.0
2915070,5.0,5.0
2915190,21.0,22.0
2915290,4.0,4.0
2915420,7.0,7.0
2915460,911.0,931.0
2915480,20.0,20.0
2915880,2.0,2.0
2915910,1.0,1.0
2915920,12.0,12.0
2915950,45.0,49.0
2915980,2.0,2.0
2916040,1.0,1.0
2916160,4.0,4.0
2916170,16.0,16.0
2916180,9.0,11.0
2916210,15.0,15.0
2916220,31.0,34.0
2916250,12.0,15.0
2916270,10.0,12.0
2916440,2.0,2.0
2916460,19.0,22.0
2916470,3.0,3.0
2916580,18.0,23.0
2916620,15.0,19.0
2916710,6.0,6.0
2916750,6.0,7.0
2916780,21.0,24.0
2917100,8.0,8.0
2917310,1.0,1.0
2917350,259.0,318.0
2917430,4.0,4.0
2917480,18.0,20.0
2917620,34.0,44.0
2917850,5.0,5.0
2917900,6.0,6.0
2917950,4.0,4.0
2918020,9.0,9.0
2918120,8.0,8.0
2918190,6.0,6.0
2918230,8.0,8.0
2918430,11.0,11.0
2918520,75.0,76.0
2918600,11.0,12.0
2918630,4.0,4.0
2918710,4.0,4.0
2918810,5.0,5.0
2918850,6.0,6.0
2918890,10.0,11.0
2918940,16.0,16.0
2918950,6.0,6.0
2919080,1.0,1.0
2919240,11.0,11.0
2919260,1.0,1.0
2919290,39.0,42.0
2919300,7.0,7.0
2919340,1.0,1.0
2919480,3.0,3.0
2919650,1217.0,1250.0
2919660,338.0,401.0
2919710,5.0,5.0
2919770,4.0,4.0
2919780,2.0,2.0
2919980,24.0,25.0
2920040,2.0,2.0
2920070,7.0,7.0
2920160,3.0,3.0
2920390,26.0,27.0
2920440,7.0,7.0
2920490,5.0,6.0
2920500,1.0,1.0
2920510,101.0,113.0
2920570,4034.0,4350.0
2920580,22.0,22.0
2920600,11.0,11.0
2920690,178.0,202.0
2920950,5.0,5.0
2920970,15.0,16.0
2920980,44.0,46.0
2921020,2.0,2.0
2921100,4.0,5.0
2921140,17.0,18.0
2921380,32.0,33.0
2921420,1.0,1.0
2921430,1.0,1.0
2921600,134.0,141.0
2921650,93.0,99.0
2921740,94.0,101.0
2921760,94.0,100.0
2921770,94.0,100.0
2921780,96.0,100.0
2921790,98.0,100.0
2921800,96.0,100.0
2921810,94.0,100.0
2921820,94.0,100.0
2921830,94.0,100.0
2921840,96.0,101.0
2921850,94.0,100.0
2921860,98.0,100.0
2921870,12.0,14.0
2921890,118.0,119.0
2922030,2.0,2.0
2922040,4.0,4.0
2922050,18.0,18.0
2922460,10.0,11.0
2922610,11.0,14.0
2922680,11.0,12.0
2922710,19.0,24.0
2922720,16.0,17.0
2922740,24.0,29.0
2922760,1.0,1.0
2923110,11.0,11.0
2923180,11.0,12.0
2923210,8.0,8.0
2923220,34.0,34.0
2923260,8.0,9.0
2923300,38164.0,46591.0
2923380,4.0,4.0
2923390,795.0,850.0
2923420,44.0,52.0
2923450,41.0,42.0
2923690,1.0,1.0
2923860,1.0,1.0
2923910,1.0,1.0
2923930,4.0,5.0
2924000,6.0,6.0
2924030,33.0,36.0
2924040,29.0,30.0
2924050,182.0,211.0
2924160,35.0,37.0
2924650,23.0,23.0
2924810,6.0,6.0
2924820,7.0,9.0
2924880,53.0,55.0
2924890,18.0,21.0
2924920,2.0,2.0
2925270,16.0,16.0
2925280,62.0,69.0
2925300,1.0,1.0
2925310,43.0,44.0
2925410,124.0,163.0
2925430,40.0,41.0
2925450,142.0,142.0
2925510,466.0,517.0
2925730,28.0,31.0
2926080,1.0,1.0
2926110,23.0,29.0
2926230,10.0,10.0
2926270,11.0,13.0
2926550,69.0,72.0
2926810,35.0,35.0
2926890,8.0,9.0
2926910,3.0,3.0
2926950,2.0,2.0
2927080,1.0,1.0
2927260,10.0,10.0
2927290,18.0,18.0
2927310,1.0,1.0
2927470,4.0,4.0
2927480,7.0,7.0
2927550,8.0,9.0
2927570,4.0,4.0
2927650,5.0,6.0
2927820,4.0,4.0
2927830,1.0,1.0
2927860,1.0,1.0
2927880,187.0,235.0
2927960,8.0,8.0
2928020,14.0,15.0
2928140,4.0,4.0
2928200,4.0,4.0
2928330,70.0,70.0
2928340,1.0,1.0
2928390,13.0,13.0
2928480,15.0,15.0
2928490,11.0,12.0
2928510,5.0,6.0
2928520,527.0,617.0
2928610,63.0,79.0
2928650,222.0,276.0
2928670,94.0,101.0
2928700,151.0,162.0
2928750,5.0,5.0
2928790,5.0,5.0
2928830,5.0,5.0
2928920,10.0,10.0
2928950,12.0,13.0
2929030,6.0,6.0
2929060,4.0,4.0
2929070,40.0,41.0
2929180,7.0,7.0
2929200,4.0,5.0
2929240,22.0,24.0
2929260,2.0,2.0
2929410,7.0,7.0
2929440,1.0,1.0
2929510,1.0,1.0
2929540,146.0,155.0
2929610,2.0,2.0
2929670,10.0,11.0
2929730,500.0,513.0
2929760,10.0,10.0
2929820,10.0,11.0
2929960,2.0,2.0
2930070,1.0,1.0
2930080,11.0,14.0
2930120,1044.0,1189.0
2930140,13.0,16.0
2930160,4832.0,4966.0
2930290,13.0,13.0
2930380,24.0,25.0
2930550,32.0,32.0
2930570,1.0,1.0
2930650,1.0,1.0
2930660,13.0,14.0
2930720,38.0,40.0
2930890,19.0,19.0
2930900,8.0,8.0
2931040,11.0,11.0
2931160,5.0,5.0
2931260,1.0,1.0
2931280,7.0,8.0
2931340,4.0,4.0
2931390,3.0,3.0
2931680,25.0,31.0
2931710,1.0,1.0
2931790,11.0,11.0
2931850,2.0,2.0
2931920,4.0,5.0
2932020,7.0,7.0
2932070,11.0,12.0
2932140,15.0,15.0
2932430,3.0,3.0
2932550,10.0,10.0
2932560,25.0,31.0
2932570,21.0,25.0
2932640,2.0,2.0
2932880,11.0,13.0
2932900,18.0,22.0
2932920,50.0,55.0
2933130,2261.0,2760.0
2933290,2612.0,2706.0
2933350,5.0,5.0
2933470,14.0,15.0
2933490,11.0,11.0
2933530,2.0,2.0
2933700,515.0,520.0
2933810,2.0,2.0
2933870,27.0,32.0
2934010,1.0,1.0
2934110,35.0,45.0
2934150,13.0,13.0
2934230,1.0,1.0
2934400,5.0,5.0
2934550,5.0,5.0
2934620,25.0,28.0
2934630,1.0,1.0
2934640,3.0,3.0
2934650,1.0,1.0
2934680,8.0,8.0
2934990,33.0,38.0
2935040,20.0,20.0
2935160,17.0,18.0
2935360,10.0,11.0
2935610,2.0,2.0
2935700,72.0,83.0
2935730,79.0,86.0
2935840,173.0,187.0
2935910,40.0,53.0
2935940,1.0,1.0
2936020,4.0,5.0
2936030,1.0,1.0
2936060,10.0,11.0
2936120,847.0,936.0
2936180,157.0,157.0
2936200,1.0,1.0
2936260,85.0,101.0
2936310,135.0,177.0
2936370,2.0,2.0
2936420,15.0,15.0
2936720,1.0,1.0
2936940,1.0,1.0
2936990,8.0,10.0
2937280,10.0,12.0
2937340,55.0,59.0
2937490,6.0,6.0
2937670,9.0,11.0
2937710,336.0,382.0
2937810,17.0,17.0
2937930,11.0,13.0
2938020,9.0,10.0
2938060,1.0,1.0
2938210,5.0,5.0
2938300,5.0,6.0
2938490,1.0,1.0
2938550,1.0,1.0
2938610,67.0,67.0
2938620,94.0,102.0
2938770,7.0,7.0
2938890,1.0,1.0
2939180,24.0,26.0
2939290,1.0,1.0
2939420,5.0,5.0
2939460,7.0,7.0
2939470,24.0,24.0
2939550,75.0,83.0
2939570,12.0,12.0
2939670,8.0,9.0
2939780,7.0,7.0
2939970,3.0,3.0
2940020,20.0,20.0
2940070,5.0,5.0
2940210,2.0,2.0
2940250,14.0,15.0
2940310,5.0,6.0
2940370,8.0,8.0
2940380,3.0,3.0
2940410,12.0,13.0
2940450,14.0,14.0
2940490,443.0,469.0
2940660,8.0,8.0
2940750,1.0,1.0
2940820,4.0,4.0
2940870,108.0,133.0
2940890,36.0,46.0
2940970,5.0,6.0
2941000,4.0,4.0
2941140,1.0,1.0
2941170,20.0,22.0
2941260,17.0,21.0
2941310,27.0,27.0
2941350,208.0,231.0
2941410,2.0,2.0
2941580,154.0,157.0
2941600,18.0,22.0
2941640,6.0,6.0
2941660,108.0,119.0
2941750,10.0,11.0
2941810,4.0,4.0
2941820,1.0,1.0
2941860,6.0,7.0
2941890,2.0,2.0
2941930,7.0,7.0
2942010,5.0,5.0
2942030,3.0,3.0
2942070,22.0,24.0
2942130,2.0,2.0
2942150,1.0,1.0
2942180,14.0,15.0
2942190,6.0,7.0
2942420,28.0,29.0
2942430,2.0,2.0
2942470,3.0,3.0
2942670,11.0,12.0
2942690,11.0,12.0
2942700,104.0,131.0
2942730,1.0,1.0
2942780,141.0,151.0
2942810,31.0,33.0
2942840,9.0,9.0
2942930,23.0,25.0
2942980,8.0,9.0
2943010,1.0,1.0
2943100,3.0,3.0
2943260,4.0,4.0
2943280,400.0,442.0
2943350,10.0,10.0
2943380,10.0,12.0
2943390,10.0,12.0
2943440,12.0,14.0
2943520,4.0,4.0
2943550,4.0,4.0
2943620,7.0,8.0
2943640,54.0,64.0
2943730,472.0,580.0
2943850,2.0,2.0
2943930,81.0,102.0
2943950,29.0,33.0
2944180,25.0,27.0
2944190,1.0,1.0
2944240,1.0,1.0
2944370,4.0,4.0
2944430,5.0,5.0
2944550,5.0,5.0
2944670,3.0,3.0
2944680,17.0,17.0
2944920,15.0,15.0
2944940,17.0,17.0
2944950,21.0,21.0
2944960,21.0,21.0
2944990,13.0,16.0
2945090,7.0,8.0
2945180,13.0,13.0
2945240,2.0,2.0
2945260,25.0,31.0
2945270,13.0,13.0
2945350,15.0,17.0
2945360,3.0,3.0
2945380,11.0,11.0
2945410,10.0,10.0
2945420,9.0,9.0
2945430,15.0,15.0
2945510,1.0,1.0
2945540,2.0,2.0
2945760,1.0,1.0
2945800,9.0,9.0
2945900,19.0,19.0
2945990,46.0,55.0
2946010,15.0,15.0
2946030,43.0,57.0
2946040,10.0,10.0
2946060,10.0,11.0
2946070,11.0,11.0
2946100,32.0,39.0
2946130,3.0,3.0
2946150,1.0,1.0
2946170,7.0,7.0
2946260,21.0,23.0
2946490,1.0,1.0
2946690,1.0,1.0
2946720,18.0,18.0
2946740,2.0,2.0
2946870,1.0,1.0
2946880,293.0,361.0
2947050,2.0,2.0
2947060,5.0,5.0
2947140,5.0,5.0
2947200,1.0,1.0
2947210,32.0,38.0
2947220,226.0,249.0
2947230,202.0,204.0
2947240,249.0,260.0
2947350,2.0,2.0
2947450,1.0,1.0
2947470,4.0,4.0
2947530,31.0,32.0
2947590,39.0,46.0
2947640,16.0,17.0
2947740,15.0,19.0
2947750,13.0,16.0
2947760,12.0,12.0
2947780,3.0,3.0
2947800,36.0,47.0
2948010,10.0,11.0
2948040,2.0,2.0
2948070,4.0,4.0
2948170,3.0,3.0
2948290,4.0,4.0
2948420,3.0,3.0
2948460,13.0,15.0
2948630,2.0,2.0
2948750,5.0,5.0
2948940,4.0,5.0
2948980,7.0,9.0
2949020,39.0,43.0
2949110,4.0,5.0
2949230,18.0,20.0
2949250,64.0,73.0
2949260,16.0,17.0
2949290,57.0,58.0
2949300,13.0,13.0
2949350,1.0,1.0
2949480,9.0,11.0
2949580,217.0,261.0
2949740,60.0,62.0
2949810,17.0,18.0
2949840,2.0,2.0
2949950,4.0,4.0
2949980,9.0,9.0
2950000,16.0,20.0
2950030,19.0,22.0
2950040,6.0,6.0
2950100,34.0,36.0
2950320,2.0,2.0
2950720,70.0,89.0
2950770,2.0,2.0
2950820,16.0,18.0
2950890,2.0,2.0
2951170,1.0,1.0
2951340,89.0,97.0
2951420,19.0,24.0
2951460,47.0,48.0
2951520,219.0,224.0
2951560,1.0,1.0
2951630,2849.0,3276.0
2951710,40.0,42.0
2951770,830.0,842.0
2951780,41.0,48.0
2951890,149.0,184.0
2951920,3.0,3.0
2952000,1.0,1.0
2952060,5.0,5.0
2952090,12.0,12.0
2952120,8.0,8.0
2952140,28.0,28.0
2952210,4.0,4.0
2952310,4.0,4.0
2952370,8.0,9.0
2952470,5.0,5.0
2952530,7.0,7.0
2952540,1.0,1.0
2952580,21.0,23.0
2952590,26.0,28.0
2952820,1.0,1.0
2952830,21.0,21.0
2952860,5.0,6.0
2952910,16.0,17.0
2953030,15.0,17.0
2953180,4.0,4.0
2953210,9.0,11.0
2953230,55.0,59.0
2953240,4.0,4.0
2953280,2.0,2.0
2953430,3.0,3.0
2953440,119.0,140.0
2953560,107.0,112.0
2953590,2.0,2.0
2953600,13.0,15.0
2953640,1.0,1.0
2953790,8.0,8.0
2953810,7.0,7.0
2953830,7.0,7.0
2954000,17.0,17.0
2954020,3.0,3.0
2954070,6.0,7.0
2954120,67.0,72.0
2954130,1.0,1.0
2954190,14.0,17.0
2954260,103.0,107.0
2954300,6.0,6.0
2954370,7.0,7.0
2954420,26.0,27.0
2954600,79.0,84.0
2954810,14.0,14.0
2954830,49.0,58.0
2954840,9.0,10.0
2955020,3.0,3.0
2955050,13.0,15.0
2955060,15.0,17.0
2955070,6.0,6.0
2955100,59.0,69.0
2955130,3.0,3.0
2955160,3.0,3.0
2955200,14.0,17.0
2955300,156.0,205.0
2955340,2.0,2.0
2955410,11.0,12.0
2955460,2.0,2.0
2955500,12.0,13.0
2955600,3.0,3.0
2955650,9.0,9.0
2955740,3.0,3.0
2955850,3.0,3.0
2955960,9.0,9.0
2956130,1.0,1.0
2956150,1.0,1.0
2956200,10.0,10.0
2956280,189.0,200.0
2956310,11.0,11.0
2956390,14.0,15.0
2956400,2.0,2.0
2956420,31.0,40.0
2956450,3.0,3.0
2956480,5.0,6.0
2956580,2.0,2.0
2956820,565.0,661.0
2957010,1.0,1.0
2957140,5.0,5.0
2957200,4.0,5.0
2957280,8.0,8.0
2957290,1.0,1.0
2957370,1.0,1.0
2957560,7.0,8.0
2957580,1.0,1.0
2957590,1.0,1.0
2957690,2.0,2.0
2957860,9.0,9.0
2957910,17.0,19.0
2957940,31.0,39.0
2958170,6.0,6.0
2958250,7.0,7.0
2958420,2.0,2.0
2958700,215.0,245.0
2958770,25.0,27.0
2958780,55.0,72.0
2958960,1.0,1.0
2959110,5.0,5.0
2959120,72.0,73.0
2959150,9.0,10.0
2959180,1.0,1.0
2959220,1.0,1.0
2959230,1.0,1.0
2959310,47.0,54.0
2959450,64.0,64.0
2959670,269.0,314.0
2959740,4.0,4.0
2960010,7.0,7.0
2960080,2.0,2.0
2960090,34.0,34.0
2960120,1.0,1.0
2960150,3.0,3.0
2960320,155.0,162.0
2960430,488.0,582.0
2960480,12.0,12.0
2960500,25.0,25.0
2960540,9.0,11.0
2960560,229.0,277.0
2960590,63.0,69.0
2960610,31.0,35.0
2960650,1.0,1.0
2960700,10.0,12.0
2960710,1.0,1.0
2960770,62.0,70.0
2960850,17.0,19.0
2960980,1.0,1.0
2961000,4.0,4.0
2961060,35.0,39.0
2961110,6.0,6.0
2961230,14.0,16.0
2961290,4.0,4.0
2961310,41.0,52.0
2961320,38.0,41.0
2961340,37.0,39.0
2961530,1478.0,1742.0
2961840,5.0,5.0
2961880,3354.0,3555.0
2961970,1.0,1.0
2961990,400.0,404.0
2962000,26.0,27.0
2962150,3.0,3.0
2962220,14.0,14.0
2962250,1.0,1.0
2962270,8.0,8.0
2962290,4.0,4.0
2962390,4.0,5.0
2962580,3.0,3.0
2962620,31.0,39.0
2962650,50.0,50.0
2962810,218.0,288.0
2963070,2.0,2.0
2963120,1.0,1.0
2963130,11.0,11.0
2963310,20.0,20.0
2963510,174.0,206.0
2963560,2.0,2.0
2963570,4.0,4.0
2963670,3.0,3.0
2963730,1.0,1.0
2963880,2080.0,2343.0
2963990,5.0,6.0
2964030,7.0,7.0
2964070,5.0,5.0
2964180,21.0,24.0
2964190,17.0,18.0
2964280,228.0,238.0
2964390,3.0,3.0
2964410,342.0,386.0
2964580,5.0,5.0
2964640,7.0,9.0
2964680,6.0,6.0
2964720,1.0,1.0
2964980,1.0,1.0
2965250,1.0,1.0
2965340,1.0,1.0
2965380,23.0,23.0
2965420,1.0,1.0
2965430,1.0,1.0
2965550,1.0,1.0
2965660,1600.0,1909.0
2965790,14.0,14.0
2965870,2.0,2.0
2966110,31.0,36.0
2966120,1.0,1.0
2966150,12.0,13.0
2966190,30.0,31.0
2966270,22.0,29.0
2966470,126.0,153.0
2966490,4.0,4.0
2966620,5.0,5.0
2966680,2.0,2.0
2966710,3.0,3.0
2966720,8.0,8.0
2966790,16.0,16.0
2966890,2.0,2.0
2966970,7.0,7.0
2966990,8.0,8.0
2967000,6.0,6.0
2967100,5.0,6.0
2967180,18.0,19.0
2967190,19.0,19.0
2967280,1.0,1.0
2967330,6.0,6.0
2967380,1.0,1.0
2967420,5.0,5.0
2967500,1.0,1.0
2967570,9.0,9.0
2967590,18.0,20.0
2967640,3.0,3.0
2967870,5.0,6.0
2968050,11.0,12.0
2968140,3.0,3.0
2968160,9.0,11.0
2968180,50.0,54.0
2968250,19.0,19.0
2968390,6.0,7.0
2968400,5.0,6.0
2968410,1.0,1.0
2968430,170.0,190.0
2968460,18.0,18.0
2968510,22.0,27.0
2968520,3.0,3.0
2968600,6.0,7.0
2968690,1.0,1.0
2968840,19.0,21.0
2968870,2.0,2.0
2968900,34.0,38.0
2969060,23.0,24.0
2969070,3.0,3.0
2969160,342.0,426.0
2969380,127.0,133.0
2969710,8.0,8.0
2969960,2.0,2.0
2970080,10.0,11.0
2971010,2.0,2.0
2971110,16.0,16.0
2971280,4.0,5.0
2971360,26.0,30.0
2971440,58.0,61.0
2971450,3.0,3.0
2971660,1.0,1.0
2971680,7.0,8.0
2971820,12.0,13.0
2971870,13.0,14.0
2971980,6.0,7.0
2972090,8.0,8.0
2972120,8.0,8.0
2972300,5.0,6.0
2972330,3.0,3.0
2972350,30.0,30.0
2972370,2.0,2.0
2972530,3.0,3.0
2972630,3.0,3.0
2972640,6.0,6.0
2972660,3.0,3.0
2972700,3.0,3.0
2972710,4.0,4.0
2972730,5.0,6.0
2972770,5.0,6.0
2972810,10.0,10.0
2972900,6.0,6.0
2972930,2.0,2.0
2972990,414.0,422.0
2973050,1.0,1.0
2973120,100.0,104.0
2973240,72.0,77.0
2973390,1006.0,1061.0
2973500,93.0,115.0
2973520,9.0,10.0
2973550,14.0,18.0
2973580,12.0,13.0
2973700,15.0,16.0
2973820,33.0,43.0
2973950,92.0,106.0
2974060,156.0,171.0
2974190,2.0,2.0
2974270,4.0,4.0
2974290,44.0,52.0
2974430,7.0,8.0
2974650,3.0,3.0
2974740,3.0,3.0
2975040,3.0,3.0
2975110,1.0,1.0
2975160,29.0,34.0
2975180,13.0,13.0
2975270,2.0,2.0
2975280,7.0,8.0
2975310,3.0,3.0
2975350,16.0,20.0
2975480,16.0,16.0
2975660,5.0,5.0
2975690,5.0,6.0
2975720,41.0,46.0
2975730,3.0,3.0
2976160,29.0,32.0
2976190,11.0,11.0
2976400,379.0,488.0
2976450,2.0,2.0
2976500,5.0,6.0
2976700,29.0,31.0
2976720,1371.0,1442.0
2976910,927.0,1150.0
2977130,6.0,6.0
2977510,5.0,5.0
2977570,83.0,88.0
2977590,8.0,10.0
2977660,1901.0,2483.0
2977800,16.0,16.0
2977960,2.0,2.0
2977990,14.0,15.0
2978070,11.0,11.0
2978220,5.0,5.0
2978270,5.0,5.0
2978430,12.0,13.0
2978470,2.0,2.0
2978510,7.0,7.0
2978540,64.0,72.0
2978600,11.0,13.0
2978710,18.0,18.0
2978840,19.0,20.0
2979070,9.0,11.0
2979300,8.0,8.0
2979520,19.0,24.0
2979580,4.0,5.0
2979690,9.0,10.0
2979710,2.0,2.0
2979720,1.0,1.0
2979760,14.0,17.0
2979780,38.0,45.0
2979830,1.0,1.0
2979840,23.0,25.0
2979890,2.0,2.0
2979950,15.0,16.0
2980050,34.0,34.0
2980190,1.0,1.0
2980220,8.0,9.0
2980410,2.0,2.0
2980490,3.0,3.0
2980560,5.0,6.0
2980580,5.0,6.0
2980610,1.0,1.0
2980660,5.0,5.0
2980670,6.0,6.0
2980850,1.0,1.0
2980880,4.0,4.0
2980970,4.0,4.0
2981030,26.0,30.0
2981150,22.0,27.0
2981210,38.0,39.0
2981530,31.0,37.0
2981590,291.0,348.0
2981620,2.0,2.0
2981640,11.0,14.0
2981650,108.0,116.0
2981690,1.0,1.0
2981750,2.0,2.0
2981760,4.0,4.0
2981790,7.0,8.0
2981800,78.0,78.0
2981890,3.0,3.0
2981910,7.0,7.0
2982010,1.0,1.0
2982250,18.0,19.0
2982280,10.0,11.0
2982290,44.0,48.0
2982480,11.0,11.0
2982500,3.0,3.0
2982570,1.0,1.0
2982590,13.0,14.0
2982600,13.0,16.0
2982650,3.0,3.0
2982730,6.0,6.0
2982820,2.0,2.0
2983040,30.0,32.0
2983070,75.0,77.0
2983130,3.0,3.0
2983260,58.0,58.0
2983270,89.0,100.0
2983300,11.0,12.0
2983370,1.0,1.0
2983500,2.0,2.0
2983510,280.0,353.0
2983630,27.0,28.0
2983770,36.0,40.0
2983780,7.0,9.0
2983940,61.0,67.0
2984030,17.0,17.0
2984110,3.0,3.0
2984130,6.0,6.0
2984170,3.0,3.0
2984200,8.0,8.0
2984220,10.0,10.0
2984300,1.0,1.0
2984400,1.0,1.0
2984780,15.0,15.0
2985030,5.0,6.0
2985050,41.0,42.0
2985090,12.0,12.0
2985240,1.0,1.0
2985510,2.0,2.0
2985530,1.0,1.0
2985610,1772.0,1959.0
2985640,1.0,1.0
2985840,25.0,32.0
2985900,7.0,8.0
2985910,20.0,25.0
2985930,170.0,220.0
2986010,6.0,7.0
2986170,1.0,1.0
2986260,564.0,572.0
2986280,13.0,14.0
2986390,1.0,1.0
2986400,53.0,66.0
2986600,14.0,14.0
2986640,15.0,19.0
2986650,2.0,2.0
2986720,1.0,1.0
2986790,9.0,10.0
2986830,1.0,1.0
2986940,4.0,4.0
2987150,5.0,6.0
2987250,4.0,4.0
2987410,4.0,4.0
2987480,2.0,2.0
2987510,2.0,2.0
2987530,1.0,1.0
2987620,10.0,12.0
2987640,78.0,82.0
2987660,19.0,21.0
2987670,24.0,30.0
2987680,6.0,6.0
2987720,3.0,3.0
2987730,14.0,16.0
2987740,2.0,2.0
2987830,30.0,30.0
2987860,77.0,84.0
2988130,17.0,20.0
2988290,49.0,62.0
2988470,1.0,1.0
2988770,3.0,3.0
2988780,3.0,3.0
2988830,8.0,8.0
2988850,13.0,14.0
2988880,27.0,27.0
2989060,67.0,70.0
2989360,13.0,13.0
2989390,17.0,18.0
2989400,8.0,8.0
2989450,6.0,6.0
2989820,623.0,637.0
2989860,104.0,118.0
2989940,3.0,3.0
2989950,629.0,687.0
2990140,1.0,1.0
2990210,30.0,32.0
2990300,4.0,4.0
2990340,11.0,11.0
2990390,4.0,4.0
2990420,4.0,4.0
2990510,394.0,477.0
2990550,6.0,6.0
2990560,11.0,12.0
2990570,2.0,2.0
2990640,274.0,292.0
2990730,1.0,1.0
2990860,4.0,4.0
2990970,6.0,6.0
2991070,1.0,1.0
2991150,1.0,1.0
2991250,19.0,19.0
2991290,39.0,42.0
2991320,2.0,2.0
2991400,233.0,303.0
2991470,69.0,69.0
2991730,98.0,103.0
2991740,96.0,101.0
2991910,11.0,11.0
2991970,1.0,1.0
2991990,16.0,20.0
2992050,11.0,14.0
2992180,98.0,103.0
2992200,98.0,103.0
2992210,9.0,9.0
2992220,8.0,9.0
2992230,98.0,103.0
2992440,17.0,17.0
2992460,3.0,3.0
2992500,78.0,93.0
2992550,5.0,5.0
2992570,94.0,101.0
2992730,3.0,3.0
2992740,23.0,23.0
2993140,18.0,18.0
2993180,4.0,5.0
2993440,2.0,2.0
2993480,16.0,16.0
2993650,22.0,24.0
2993660,14.0,16.0
2993680,360.0,371.0
2993740,4.0,4.0
2993810,3.0,3.0
2993970,35.0,38.0
2994080,6.0,6.0
2994260,50.0,60.0
2994320,5.0,5.0
2994430,1160.0,1299.0
2994660,5.0,6.0
2994680,7.0,7.0
2994800,19.0,20.0
2994810,55.0,69.0
2994870,97.0,98.0
2994880,51.0,60.0
2994900,1.0,1.0
2994930,1.0,1.0
2994940,1.0,1.0
2995170,1.0,1.0
2995190,62.0,65.0
2995230,143.0,169.0
2995390,27.0,28.0
2995420,4.0,4.0
2995480,98.0,103.0
2995500,98.0,103.0
2995530,98.0,103.0
2995550,95.0,100.0
2995710,1.0,1.0
2995830,3.0,3.0
2996090,295.0,313.0
2996100,29.0,30.0
2996170,23.0,23.0
2996200,468.0,521.0
2996280,46.0,48.0
2996370,2.0,2.0
2996570,684.0,782.0
2996770,7.0,8.0
2996850,9.0,9.0
2997070,1.0,1.0
2997310,6.0,6.0
2997320,1.0,1.0
2997430,5.0,5.0
2997600,3.0,3.0
2997620,1.0,1.0
2997670,4.0,5.0
2997890,20.0,21.0
2997980,314.0,361.0
2998030,28.0,32.0
2998040,29.0,31.0
2998050,5.0,6.0
2998250,1.0,1.0
2998380,3.0,3.0
2998590,4.0,4.0
2998650,2.0,2.0
2998850,28.0,28.0
2998880,82.0,93.0
2999090,32.0,37.0
2999230,6.0,6.0
2999240,9.0,11.0
2999250,76.0,81.0
2999260,10.0,11.0
2999270,58.0,71.0
2999280,10.0,11.0
2999680,21.0,22.0
2999710,27.0,29.0
2999720,24.0,26.0
2999760,13.0,17.0
2999770,13.0,15.0
2999790,10.0,11.0
2999810,10.0,10.0
2999860,32.0,37.0
2999910,10.0,10.0
2999940,1.0,1.0
3000030,52.0,59.0
3000070,1.0,1.0
3000140,1.0,1.0
3000420,21.0,26.0
3000490,24.0,24.0
3000570,17.0,17.0
3000850,1.0,1.0
3000990,7.0,7.0
3001050,8.0,9.0
3001060,138.0,145.0
3001100,6.0,6.0
3001160,6.0,7.0
3001200,87.0,88.0
3001340,34.0,35.0
3001370,9.0,9.0
3001590,11.0,11.0
3001650,1.0,1.0
3001730,184.0,211.0
3001750,1.0,1.0
3001760,3.0,3.0
3001810,6.0,7.0
3001820,1.0,1.0
3001830,4.0,4.0
3001920,20.0,25.0
3002090,189.0,227.0
3002310,1.0,1.0
3002340,6.0,6.0
3002560,49.0,55.0
3002620,126.0,133.0
3002650,2.0,2.0
3002780,2.0,2.0
3002920,7.0,7.0
3002930,209.0,259.0
3003030,1.0,1.0
3003060,16.0,16.0
3003280,1.0,1.0
3003300,135.0,164.0
3003390,1.0,1.0
3003410,4.0,4.0
3003530,15.0,16.0
3003550,3.0,3.0
3003580,7.0,7.0
3003650,3.0,3.0
3003660,4.0,4.0
3003850,3.0,3.0
3003970,29.0,29.0
3004050,2.0,2.0
3004070,8.0,8.0
3004090,21.0,21.0
3004180,8.0,8.0
3004270,1.0,1.0
3004340,1.0,1.0
3004500,5.0,5.0
3004600,9.0,9.0
3004790,24.0,26.0
3004920,6.0,6.0
3004940,2.0,2.0
3004950,14.0,18.0
3004980,1.0,1.0
3005100,1.0,1.0
3005110,6.0,6.0
3005230,1.0,1.0
3005250,11.0,11.0
3005260,2.0,2.0
3005350,16.0,18.0
3005360,5.0,6.0
3005370,22.0,23.0
3005430,4.0,4.0
3005590,4.0,4.0
3005640,14.0,17.0
3005690,7.0,8.0
3005740,7.0,7.0
3005850,2.0,2.0
3005990,40.0,40.0
3006100,8.0,8.0
3006310,14.0,15.0
3006350,10.0,10.0
3006420,7.0,8.0
3006450,10.0,13.0
3006530,7.0,7.0
3006550,10.0,11.0
3006630,75.0,81.0
3006760,6.0,7.0
3006780,2.0,2.0
3006960,1.0,1.0
3007130,17.0,18.0
3007170,22.0,23.0
3007270,30.0,33.0
3007360,8.0,8.0
3007500,6.0,6.0
3007570,3.0,3.0
3007660,97.0,101.0
3007710,7.0,8.0
3007840,3.0,3.0
3008050,140.0,180.0
3008190,6.0,7.0
3008240,18.0,19.0
3008280,4.0,4.0
3008300,5.0,5.0
3008320,3.0,3.0
3008410,2.0,2.0
3008520,51.0,57.0
3008530,7.0,7.0
3008570,11.0,11.0
3008610,1.0,1.0
3008660,1.0,1.0
3009070,5.0,6.0
3009080,4.0,4.0
3009320,10.0,10.0
3009330,3.0,3.0
3009340,6.0,6.0
3009360,3.0,3.0
3009460,14.0,14.0
3009520,17.0,19.0
3009540,4.0,4.0
3009600,6.0,6.0
3009770,12.0,15.0
3009780,14.0,14.0
3009790,13.0,15.0
3009800,14.0,17.0
3009820,13.0,17.0
3009830,102.0,123.0
3009850,347.0,409.0
3009960,17.0,17.0
3010070,145.0,148.0
3010250,10.0,13.0
3010320,5.0,5.0
3010450,17.0,17.0
3010480,19.0,19.0
3010670,12.0,13.0
3010810,2.0,2.0
3010830,1.0,1.0
3011160,10.0,10.0
3011200,12.0,12.0
3011340,1.0,1.0
3011370,11.0,11.0
3011380,5.0,5.0
3011440,966.0,1131.0
3011470,4.0,4.0
3011550,6.0,7.0
3011560,331.0,351.0
3011770,5.0,5.0
3011850,58.0,71.0
3012000,5.0,5.0
3012210,31.0,35.0
3012310,1.0,1.0
3012370,23.0,25.0
3012420,439.0,454.0
3012510,79.0,97.0
3012550,1.0,1.0
3012630,59.0,61.0
3012660,4.0,4.0
3012670,3.0,3.0
3012690,1.0,1.0
3012810,18.0,18.0
3012820,34.0,40.0
3013070,5.0,5.0
3013140,3.0,3.0
3013260,9.0,11.0
3013280,17.0,17.0
3013700,95.0,106.0
3013740,42.0,48.0
3013830,3.0,3.0
3013840,2.0,2.0
3013880,10.0,10.0
3013900,4.0,4.0
3013970,1.0,1.0
3014070,18.0,19.0
3014090,5.0,5.0
3014150,56.0,66.0
3014240,7.0,7.0
3014380,21.0,21.0
3014540,2.0,2.0
3014590,17.0,17.0
3014610,7.0,8.0
3014910,2.0,2.0
3015100,48.0,55.0
3015110,43.0,50.0
3015120,49.0,57.0
3015130,50.0,57.0
3015140,47.0,57.0
3015180,1.0,1.0
3015190,47.0,55.0
3015400,16.0,17.0
3015460,51.0,65.0
3015650,1.0,1.0
3015840,6.0,7.0
3015850,1.0,1.0
3016090,111.0,115.0
3016100,5.0,6.0
3016120,7.0,7.0
3016170,87.0,90.0
3016480,25.0,25.0
3016490,2.0,2.0
3016500,7.0,7.0
3016610,35.0,38.0
3016730,1.0,1.0
3016750,16.0,19.0
3016780,47.0,62.0
3016800,633.0,760.0
3016810,1.0,1.0
3016980,18.0,19.0
3016990,2.0,2.0
3017000,2.0,2.0
3017030,1.0,1.0
3017090,25.0,29.0
3017160,12.0,15.0
3017210,1.0,1.0
3017250,13.0,14.0
3017410,2.0,2.0
3017540,13.0,14.0
3017550,2.0,2.0
3017790,2.0,2.0
3018130,2.0,2.0
3018140,19.0,23.0
3018290,5.0,5.0
3018300,4.0,5.0
3018600,3.0,3.0
3018700,7.0,8.0
3018760,22.0,22.0
3018830,112.0,148.0
3018880,21.0,21.0
3018890,1.0,1.0
3018910,104.0,132.0
3019030,10.0,11.0
3019270,12.0,12.0
3019290,5.0,5.0
3019370,716.0,814.0
3019380,12.0,12.0
3019520,32.0,33.0
3019570,1.0,1.0
3019610,4.0,4.0
3019780,27.0,28.0
3019930,5.0,6.0
3020020,16.0,18.0
3020040,1.0,1.0
3020240,2.0,2.0
3020260,3.0,3.0
3020270,1.0,1.0
3020570,11.0,11.0
3020620,2.0,2.0
3020650,24.0,25.0
3020670,1.0,1.0
3020870,8.0,10.0
3021100,1014.0,1169.0
3021150,35.0,35.0
3021200,4.0,4.0
3021320,3.0,3.0
3021340,656.0,679.0
3021370,8.0,9.0
3021390,3.0,3.0
3021440,1.0,1.0
3021720,10.0,11.0
3021730,33.0,40.0
3021890,5.0,5.0
3021900,9.0,10.0
3021940,62.0,65.0
3021970,1.0,1.0
3022040,10.0,11.0
3022060,16.0,19.0
3022110,494.0,537.0
3022140,109.0,115.0
3022320,73.0,86.0
3022340,2.0,2.0
3022500,6.0,6.0
3022510,8.0,8.0
3022640,68.0,90.0
3022680,10.0,11.0
3022690,10.0,10.0
3022750,10.0,10.0
3022780,14.0,15.0
3022840,17.0,17.0
3022860,1.0,1.0
3022880,1.0,1.0
3023050,1.0,1.0
3023100,6.0,7.0
3023170,32.0,33.0
3023190,37.0,39.0
3023380,6.0,6.0
3023440,3.0,3.0
3023660,1.0,1.0
3023680,4.0,4.0
3023740,7.0,7.0
3023780,85.0,86.0
3023800,11.0,11.0
3023890,14.0,14.0
3023940,21.0,23.0
3023990,1.0,1.0
3024050,1.0,1.0
3024090,2.0,2.0
3024490,1.0,1.0
3024540,606.0,635.0
3024640,110.0,127.0
3024690,12.0,13.0
3024760,5.0,5.0
3024830,136.0,178.0
3024920,2.0,2.0
3024940,1.0,1.0
3024950,2.0,2.0
3024960,2.0,2.0
3025020,70.0,70.0
3025140,4.0,4.0
3025150,10.0,10.0
3025240,6.0,6.0
3025320,14.0,15.0
3025330,4.0,5.0
3025730,10.0,10.0
3025740,10.0,10.0
3025760,10.0,10.0
3025770,10.0,10.0
3025790,72.0,85.0
3025800,10.0,10.0
3025820,10.0,10.0
3025860,4.0,4.0
3025910,14.0,16.0
3026130,7.0,7.0
3026160,1.0,1.0
3026350,4.0,4.0
3026460,76.0,85.0
3026480,48.0,49.0
3026620,5.0,5.0
3026710,3.0,3.0
3026720,4.0,4.0
3026830,1.0,1.0
3026980,67.0,78.0
3027000,15.0,15.0
3027160,97.0,102.0
3027170,99.0,103.0
3027220,8.0,8.0
3027380,6.0,6.0
3027490,1.0,1.0
3027580,5.0,5.0
3027620,92.0,98.0
3027630,4.0,4.0
3027740,2.0,2.0
3027750,2.0,2.0
3027780,193.0,202.0
3027820,15.0,16.0
3027830,5.0,5.0
3027850,22.0,22.0
3027900,5.0,6.0
3027940,40.0,51.0
3027950,5.0,5.0
3027970,27.0,28.0
3027980,17.0,18.0
3028060,11.0,11.0
3028070,1.0,1.0
3028130,2.0,2.0
3028170,27.0,33.0
3028220,1.0,1.0
3028280,45.0,52.0
3028290,67.0,73.0
3028300,43.0,50.0
3028390,11.0,11.0
3028540,2.0,2.0
3028600,98.0,104.0
3028610,2.0,2.0
3028660,7.0,9.0
3028680,99.0,103.0
3028700,2.0,2.0
3028840,6.0,6.0
3028920,3.0,3.0
3028990,22.0,22.0
3029150,186.0,189.0
3029210,4.0,4.0
3029450,5.0,6.0
3029520,4.0,4.0
3029610,1.0,1.0
3029680,1.0,1.0
3029820,245.0,271.0
3029830,109.0,115.0
3029840,5.0,5.0
3029870,1.0,1.0
3029950,3.0,3.0
3029960,22.0,28.0
3029990,363.0,417.0
3030000,2.0,2.0
3030020,2.0,2.0
3030160,2.0,2.0
3030210,201.0,202.0
3030450,14.0,14.0
3030490,11.0,11.0
3030530,3.0,3.0
3030550,98.0,103.0
3030580,114.0,143.0
3030590,9.0,9.0
3030700,1.0,1.0
3030740,4.0,5.0
3030860,8.0,8.0
3030880,1.0,1.0
3030930,1.0,1.0
3031020,5.0,5.0
3031080,5.0,6.0
3031110,11.0,12.0
3031130,10.0,13.0
3031150,33.0,43.0
3031360,12.0,12.0
3031590,60.0,62.0
3031650,1.0,1.0
3031780,6.0,6.0
3032080,6.0,6.0
3032230,6.0,6.0
3032250,4.0,4.0
3032350,20.0,23.0
3032450,5.0,5.0
3032470,1.0,1.0
3032560,44.0,52.0
3032580,66.0,75.0
3032590,41.0,50.0
3032600,46.0,57.0
3032610,41.0,51.0
3032630,103.0,103.0
3032640,98.0,103.0
3032650,94.0,100.0
3032660,63.0,73.0
3032670,2.0,2.0
3032700,12.0,12.0
3032740,7.0,7.0
3032810,7.0,7.0
3032930,3.0,3.0
3032950,150.0,176.0
3032980,17.0,21.0
3033050,2.0,2.0
3033160,6.0,6.0
3033180,2.0,2.0
3033220,2.0,2.0
3033230,3.0,3.0
3033410,11.0,11.0
3033490,17.0,17.0
3033510,1.0,1.0
3033620,63.0,64.0
3033660,21.0,24.0
3033820,5.0,5.0
3033880,13.0,13.0
3033900,6.0,6.0
3033960,3.0,3.0
3034130,119.0,126.0
3034140,35.0,43.0
3034160,6.0,7.0
3034220,2.0,2.0
3034240,1.0,1.0
3034280,2.0,2.0
3034310,2.0,2.0
3034360,80.0,83.0
3034390,98.0,103.0
3034400,98.0,103.0
3034450,97.0,104.0
3034460,23.0,23.0
3034520,49.0,52.0
3034560,87.0,105.0
3034590,5.0,6.0
3034710,2.0,2.0
3034720,102.0,107.0
3034780,20.0,21.0
3034970,9.0,9.0
3035000,1.0,1.0
3035020,41.0,53.0
3035180,13.0,14.0
3035190,94.0,100.0
3035400,1.0,1.0
3035500,1298.0,1428.0
3035530,4.0,5.0
3035640,1.0,1.0
3035920,4.0,4.0
3036080,2838.0,3040.0
3036170,1.0,1.0
3036240,1.0,1.0
3036380,94.0,101.0
3036390,1.0,1.0
3036410,10.0,10.0
3036480,215.0,220.0
3036520,4.0,4.0
3036580,1.0,1.0
3036650,5.0,5.0
3036710,2.0,2.0
3036760,1.0,1.0
3036810,2.0,2.0
3036820,2.0,2.0
3036880,53.0,66.0
3036970,139.0,159.0
3037000,8.0,8.0
3037060,163.0,170.0
3037120,5.0,6.0
3037130,2.0,2.0
3037180,33.0,38.0
3037200,5.0,5.0
3037310,4.0,5.0
3037330,7.0,8.0
3037370,2.0,2.0
3037380,1.0,1.0
3037470,2.0,2.0
3037780,96.0,117.0
3037790,2.0,2.0
3037900,4.0,4.0
3038070,18.0,21.0
3038080,18.0,21.0
3038590,22.0,26.0
3038790,21.0,21.0
3038840,3.0,3.0
3038850,1.0,1.0
3039340,4.0,4.0
3039350,11.0,13.0
3039550,15.0,16.0
3039780,1.0,1.0
3039820,12.0,12.0
3039990,4.0,4.0
3040150,4.0,5.0
3040280,1.0,1.0
3040390,110.0,117.0
3040400,4.0,4.0
3040570,6.0,7.0
3040590,25.0,26.0
3040690,2.0,2.0
3040820,57.0,58.0
3040870,1.0,1.0
3041000,1.0,1.0
3041070,5.0,5.0
3041110,13.0,15.0
3041160,2.0,2.0
3041330,1.0,1.0
3041420,4.0,4.0
3041530,3.0,3.0
3041700,2.0,2.0
3041880,15.0,15.0
3041890,18.0,19.0
3041920,28.0,28.0
3041960,14.0,16.0
3041970,12.0,12.0
3042010,30.0,34.0
3042060,3.0,3.0
3042130,23.0,28.0
3042250,20.0,23.0
3042280,7.0,9.0
3042370,13.0,13.0
3042450,37.0,43.0
3042480,93.0,105.0
3042690,3.0,3.0
3042710,6.0,6.0
3042720,91.0,116.0
3042990,16.0,20.0
3043010,1.0,1.0
3043160,8.0,8.0
3043210,13.0,14.0
3043370,4.0,4.0
3043540,5.0,5.0
3043600,1.0,1.0
3043740,95.0,113.0
3043870,185.0,196.0
3044030,121.0,122.0
3044040,1.0,1.0
3044070,34.0,38.0
3044120,3.0,3.0
3044400,3.0,3.0
3044540,71.0,71.0
3044560,102.0,127.0
3044800,1.0,1.0
3044810,10.0,10.0
3044960,17.0,18.0
3045000,1.0,1.0
3045020,5.0,5.0
3045050,2.0,2.0
3045060,19.0,21.0
3045080,28.0,28.0
3045150,7.0,7.0
3045440,2.0,2.0
3045490,1.0,1.0
3045510,14.0,14.0
3045540,1.0,1.0
3045560,5.0,5.0
3045650,1.0,1.0
3045770,20.0,26.0
3046060,5.0,5.0
3046080,15.0,15.0
3046140,1.0,1.0
3046190,11.0,11.0
3046270,17.0,18.0
3046280,16.0,17.0
3046290,2.0,2.0
3046350,21.0,25.0
3046500,1.0,1.0
3046510,1.0,1.0
3046520,2.0,2.0
3046530,2.0,2.0
3046660,16.0,21.0
3046670,1.0,1.0
3046760,9.0,9.0
3047180,3.0,3.0
3047220,25.0,25.0
3047240,261.0,280.0
3047290,3.0,3.0
3047460,18.0,18.0
3047490,6.0,6.0
3047520,1.0,1.0
3047570,1.0,1.0
3047580,10.0,10.0
3047600,7.0,8.0
3047610,57.0,71.0
3047680,6.0,6.0
3047740,26.0,26.0
3047760,10.0,10.0
3047810,34.0,34.0
3048110,1.0,1.0
3048140,81.0,83.0
3048200,5.0,6.0
3048210,7.0,7.0
3048280,38.0,42.0
3048430,1.0,1.0
3048540,1.0,1.0
3048650,7.0,9.0
3048660,109.0,122.0
3048670,4.0,5.0
3048790,1.0,1.0
3048980,2.0,2.0
3049080,4.0,4.0
3049090,4.0,4.0
3049150,29.0,29.0
3049400,1.0,1.0
3049460,76.0,87.0
3049550,15.0,18.0
3049610,2.0,2.0
3049710,5.0,5.0
3049850,98.0,104.0
3049900,1.0,1.0
3050010,9.0,10.0
3050120,2.0,2.0
3050180,32.0,35.0
3050480,22.0,25.0
3050530,87.0,104.0
3050600,38.0,38.0
3050690,4.0,5.0
3050800,5.0,5.0
3050830,2.0,2.0
3051180,4.0,4.0
3051540,4.0,4.0
3051560,108.0,129.0
3051700,13.0,13.0
3051960,5.0,5.0
3052140,1.0,1.0
3052190,5.0,5.0
3052520,16.0,20.0
3052650,6.0,6.0
3052700,8.0,8.0
3053210,17.0,17.0
3053300,6.0,6.0
3053370,15.0,15.0
3053390,82.0,87.0
3053420,23.0,23.0
3053510,10.0,10.0
3053750,1.0,1.0
3053810,1.0,1.0
3054120,1.0,1.0
3054140,2.0,2.0
3054180,4.0,5.0
3054200,2.0,2.0
3054350,17.0,19.0
3054460,36.0,37.0
3054480,2.0,2.0
3054520,1.0,1.0
3054610,357.0,426.0
3054670,15.0,16.0
3054720,11.0,13.0
3054760,1.0,1.0
3055050,1.0,1.0
3055160,2.0,2.0
3055330,13.0,13.0
3055370,15.0,18.0
3055400,6.0,6.0
3055420,86.0,113.0
3055460,11.0,11.0
3055550,2.0,2.0
3055690,1.0,1.0
3055780,12.0,12.0
3055980,1.0,1.0
3056070,8.0,9.0
3056110,25.0,26.0
3056280,22.0,25.0
3056310,2.0,2.0
3056420,61.0,81.0
3056610,2.0,2.0
3056720,8.0,8.0
3056730,10.0,10.0
3056810,1.0,1.0
3056880,287.0,358.0
3056890,1.0,1.0
3056940,23.0,23.0
3057060,4.0,4.0
3057080,2.0,2.0
3057170,1.0,1.0
3057180,162.0,166.0
3057350,29.0,32.0
3057410,4.0,5.0
3057470,10.0,13.0
3057760,71.0,80.0
3057890,4.0,4.0
3057960,1.0,1.0
3058000,1.0,1.0
3058080,3.0,3.0
3058090,82.0,90.0
3058130,11.0,12.0
3058160,155.0,160.0
3058180,7.0,9.0
3058200,4.0,4.0
3058210,4.0,5.0
3058310,12.0,14.0
3058550,3.0,3.0
3058620,11.0,12.0
3058820,1.0,1.0
3058890,129.0,134.0
3058940,26.0,26.0
3059010,701.0,714.0
3059240,3.0,3.0
3059270,3.0,3.0
3059350,14.0,14.0
3059400,44.0,48.0
3059410,3.0,3.0
3059470,1.0,1.0
3059480,18.0,18.0
3059820,1.0,1.0
3060130,3.0,3.0
3060260,28.0,28.0
3060580,2.0,2.0
3060590,2.0,2.0
3060790,2.0,2.0
3060850,5.0,5.0
3061040,4.0,5.0
3061200,26.0,28.0
3061250,1.0,1.0
3061330,2.0,2.0
3061480,6.0,6.0
3061550,7.0,9.0
3061580,7.0,8.0
3061590,1.0,1.0
3061680,8.0,8.0
3061700,2.0,2.0
3061760,13.0,13.0
3061900,62.0,70.0
3061910,6.0,6.0
3061920,13.0,16.0
3061980,1.0,1.0
3061990,1.0,1.0
3062100,1.0,1.0
3062270,126.0,143.0
3062320,4.0,5.0
3062370,12.0,13.0
3062380,12.0,14.0
3062420,14.0,14.0
3062440,45.0,45.0
3062490,6.0,6.0
3062620,6.0,6.0
3062720,2.0,2.0
3062790,1.0,1.0
3062970,96.0,103.0
3062980,1.0,1.0
3063050,109.0,110.0
3063060,13.0,13.0
3063120,7.0,7.0
3063150,17.0,22.0
3063410,23.0,30.0
3063450,5.0,5.0
3063460,2.0,2.0
3063620,1.0,1.0
3063740,2.0,2.0
3063900,5.0,5.0
3063920,14.0,15.0
3064020,53.0,56.0
3064050,2.0,2.0
3064190,2.0,2.0
3064220,1.0,1.0
3064370,1893.0,2229.0
3064420,98.0,129.0
3064430,3.0,3.0
3064470,4.0,4.0
3064540,13.0,15.0
3064560,5.0,5.0
3064610,6.0,7.0
3064660,6.0,7.0
3064670,50.0,53.0
3064750,65.0,73.0
3064850,5.0,5.0
3064870,8.0,8.0
3064990,101.0,134.0
3065150,1.0,1.0
3065160,11.0,14.0
3065250,1.0,1.0
3065260,3.0,3.0
3065310,7.0,8.0
3065390,1.0,1.0
3065470,1307.0,1361.0
3065590,1.0,1.0
3065700,9.0,10.0
3065720,39.0,39.0
3065880,3.0,3.0
3066060,83.0,91.0
3066080,11.0,12.0
3066440,62.0,64.0
3066660,33.0,36.0
3066840,2.0,2.0
3066910,91.0,112.0
3066920,60.0,60.0
3066950,60.0,60.0
3066970,60.0,60.0
3067010,60.0,60.0
3067020,60.0,60.0
3067030,60.0,60.0
3067040,60.0,60.0
3067060,62.0,62.0
3067070,60.0,60.0
3067080,60.0,60.0
3067180,32.0,32.0
3067330,60.0,60.0
3067340,60.0,60.0
3067350,60.0,60.0
3067360,60.0,60.0
3067370,60.0,60.0
3067380,60.0,60.0
3067390,60.0,60.0
3067400,60.0,60.0
3067410,60.0,60.0
3067420,60.0,60.0
3067960,2.0,2.0
3068030,13.0,13.0
3068210,3.0,3.0
3068300,1851.0,1872.0
3068310,102.0,123.0
3068430,209.0,239.0
3068680,8.0,8.0
3069190,15.0,17.0
3069200,6.0,7.0
3069230,25.0,32.0
3069310,15.0,15.0
3069320,16.0,18.0
3069390,3.0,3.0
3069470,473.0,551.0
3069490,7.0,8.0
3069690,11.0,11.0
3069870,37.0,37.0
3069880,34.0,37.0
3069890,5.0,6.0
3069900,5.0,5.0
3070070,17680.0,18229.0
3070240,103.0,108.0
3070260,3.0,3.0
3070370,50.0,51.0
3070380,73.0,74.0
3070400,4.0,5.0
3070490,11.0,11.0
3070530,1.0,1.0
3070550,1.0,1.0
3070570,19.0,19.0
3070580,3.0,3.0
3071030,2.0,2.0
3071120,23.0,23.0
3071210,11.0,11.0
3071250,1.0,1.0
3071290,11.0,11.0
3071310,2.0,2.0
3071370,1.0,1.0
3071500,1.0,1.0
3071750,4.0,5.0
3071880,29.0,30.0
3072060,36.0,41.0
3072280,10.0,12.0
3072350,3.0,3.0
3072490,1.0,1.0
3072520,2.0,2.0
3072680,20.0,20.0
3072790,1.0,1.0
3072990,10.0,10.0
3073290,25.0,26.0
3073320,2.0,2.0
3073370,83.0,102.0
3073720,5.0,6.0
3073860,23.0,27.0
3073930,6.0,7.0
3074050,28.0,35.0
3074170,5.0,6.0
3074190,2.0,2.0
3074200,51.0,52.0
3074260,2.0,2.0
3074340,208.0,256.0
3074380,2.0,2.0
3074550,4.0,4.0
3074660,6.0,6.0
3074770,5.0,5.0
3074780,1.0,1.0
3074790,3.0,3.0
3074830,5.0,6.0
3075040,4.0,5.0
3075050,27.0,27.0
3075140,10.0,11.0
3075170,5.0,5.0
3075720,4.0,4.0
3075730,2.0,2.0
3075800,24.0,25.0
3076120,5.0,5.0
3076420,6.0,6.0
3076430,1.0,1.0
3076640,23.0,23.0
3076750,2.0,2.0
3076770,4.0,5.0
3076850,1.0,1.0
3076950,3.0,3.0
3076960,6.0,6.0
3077180,10.0,11.0
3077200,21.0,27.0
3077230,6.0,6.0
3077260,9.0,10.0
3077670,55.0,64.0
3077810,9.0,9.0
3077930,1.0,1.0
3077990,4.0,5.0
3078110,1.0,1.0
3078190,14.0,14.0
3078290,38.0,42.0
3078310,6.0,6.0
3078390,74.0,98.0
3078460,1.0,1.0
3078530,54.0,54.0
3078590,20.0,20.0
3078650,10.0,11.0
3078690,3.0,3.0
3078700,19.0,20.0
3078710,14.0,14.0
3078850,2.0,2.0
3078960,2.0,2.0
3079030,11.0,11.0
3079110,4.0,4.0
3079230,1.0,1.0
3079400,11.0,13.0
3079410,11.0,13.0
3079420,11.0,13.0
3079460,11.0,14.0
3079500,12.0,12.0
3079680,1.0,1.0
3080100,3.0,3.0
3080170,7.0,8.0
3080240,255.0,265.0
3080300,4.0,4.0
3080310,33.0,38.0
3080380,223.0,249.0
3080410,1.0,1.0
3080670,1.0,1.0
3080790,1.0,1.0
3080880,51.0,64.0
3080920,97.0,115.0
3080930,35.0,35.0
3081030,1.0,1.0
3081040,4.0,4.0
3081210,6.0,6.0
3081270,13.0,13.0
3081330,3.0,3.0
3081340,143.0,152.0
3081810,172.0,183.0
3081850,1.0,1.0
3081940,9.0,10.0
3082030,12.0,12.0
3082110,5.0,5.0
3082140,3.0,3.0
3082170,134.0,152.0
3082200,1.0,1.0
3082290,2.0,2.0
3082310,8.0,9.0
3082490,2.0,2.0
3082580,1.0,1.0
3082610,8.0,8.0
3082620,32.0,34.0
3082750,1.0,1.0
3082950,1.0,1.0
3083120,4.0,4.0
3083240,5.0,6.0
3083260,2.0,2.0
3083520,85.0,85.0
3083650,7.0,7.0
3083660,13.0,17.0
3083880,22.0,29.0
3083890,7.0,9.0
3083960,2.0,2.0
3084000,1.0,1.0
3084090,1.0,1.0
3084130,9.0,10.0
3084150,42.0,45.0
3084290,8.0,9.0
3084310,12.0,12.0
3084580,12.0,13.0
3084620,8.0,8.0
3084680,9.0,9.0
3084790,8.0,9.0
3084900,12.0,12.0
3085180,10.0,13.0
3085230,4.0,5.0
3085300,1.0,1.0
3085690,37.0,45.0
3085700,10.0,11.0
3085770,19.0,19.0
3085890,93.0,99.0
3086010,4.0,4.0
3086170,1.0,1.0
3086510,497.0,522.0
3086630,29.0,33.0
3086690,1.0,1.0
3086760,19.0,19.0
3086820,1.0,1.0
3086850,52.0,54.0
3086870,4.0,4.0
3086910,1.0,1.0
3086940,9.0,10.0
3087450,7.0,7.0
3087480,3.0,3.0
3087590,3.0,3.0
3087680,16.0,19.0
3087810,43.0,43.0
3087820,2.0,2.0
3087990,6.0,6.0
3088000,4.0,4.0
3088040,22.0,23.0
3088050,6.0,6.0
3088120,4.0,5.0
3088370,5.0,5.0
3088410,204.0,247.0
3088420,59.0,67.0
3088450,2.0,2.0
3088560,3.0,3.0
3088660,1.0,1.0
3088680,1.0,1.0
3088790,1.0,1.0
3088820,3.0,3.0
3089050,83.0,92.0
3089130,347.0,370.0
3089150,403.0,452.0
3089450,125.0,129.0
3089570,8.0,10.0
3089800,4.0,5.0
3090030,1.0,1.0
3090070,4.0,4.0
3090500,4.0,5.0
3090510,1.0,1.0
3090540,3.0,3.0
3090600,1.0,1.0
3090630,12.0,12.0
3090840,35.0,43.0
3090920,5.0,5.0
3090940,4.0,5.0
3090980,315.0,326.0
3091060,20.0,20.0
3091150,10.0,10.0
3091310,16.0,16.0
3091320,74.0,74.0
3091390,115.0,135.0
3091510,11.0,11.0
3091540,14.0,15.0
3091630,1.0,1.0
3091770,218.0,235.0
3091940,121.0,148.0
3092000,2.0,2.0
3092040,28.0,35.0
3092370,11.0,11.0
3092380,31.0,35.0
3092540,20.0,21.0
3092660,593.0,634.0
3092680,18.0,19.0
3092760,7.0,9.0
3092820,19.0,19.0
3092860,80.0,90.0
3092960,1.0,1.0
3093090,2.0,2.0
3093270,1.0,1.0
3093310,2.0,2.0
3093360,2.0,2.0
3093370,10.0,13.0
3093380,20.0,20.0
3093460,1.0,1.0
3093520,1.0,1.0
3093570,7.0,8.0
3093590,60.0,61.0
3093600,11.0,11.0
3093860,8.0,8.0
3093870,2.0,2.0
3093960,1.0,1.0
3094180,6.0,6.0
3094240,10.0,10.0
3094330,3.0,3.0
3094380,2.0,2.0
3094550,6.0,7.0
3094610,3.0,3.0
3094630,3.0,3.0
3094740,6.0,6.0
3094810,10.0,10.0
3094840,82.0,92.0
3095030,1.0,1.0
3095170,45.0,52.0
3095200,6.0,6.0
3095260,3.0,3.0
3095270,21.0,26.0
3095550,80.0,83.0
3095560,11.0,12.0
3095570,10.0,10.0
3095680,2.0,2.0
3095720,25.0,27.0
3095890,25.0,25.0
3095920,2.0,2.0
3096050,26.0,26.0
3096120,3.0,3.0
3096190,10.0,11.0
3096330,23.0,29.0
3096400,4.0,4.0
3096560,63.0,64.0
3096570,3.0,3.0
3096620,135.0,145.0
3096700,27.0,32.0
3096730,75.0,96.0
3097330,60.0,73.0
3097450,4.0,4.0
3097470,1.0,1.0
3097560,7867.0,9006.0
3097590,5.0,5.0
3097760,1.0,1.0
3097920,10.0,11.0
3097960,2.0,2.0
3098020,4.0,5.0
3098370,2.0,2.0
3098490,1.0,1.0
3098700,11.0,12.0
3098760,8.0,9.0
3099020,1418.0,1574.0
3099360,18.0,18.0
3099370,6.0,7.0
3099430,8.0,9.0
3099530,4.0,5.0
3099750,25.0,27.0
3099840,3.0,3.0
3099870,6.0,7.0
3100110,947.0,959.0
3100210,22.0,22.0
3100330,10.0,12.0
3100340,4.0,4.0
3100610,4.0,5.0
3100790,6.0,6.0
3100910,47.0,51.0
3100990,18.0,20.0
3101050,14.0,15.0
3101110,36.0,41.0
3101330,2.0,2.0
3101340,5.0,5.0
3101350,1.0,1.0
3101510,2.0,2.0
3101620,18.0,22.0
3101640,13.0,13.0
3101670,14.0,16.0
3101700,3.0,3.0
3101710,6.0,6.0
3101720,957.0,1001.0
3101730,727.0,727.0
3101770,63.0,79.0
3101830,2.0,2.0
3101920,2.0,2.0
3101950,8.0,10.0
3102020,19.0,21.0
3102130,17.0,17.0
3102270,2.0,2.0
3102410,7.0,7.0
3102430,2.0,2.0
3102440,15.0,16.0
3102460,4.0,4.0
3102540,4.0,5.0
3102650,7.0,7.0
3102770,2.0,2.0
3102800,23.0,23.0
3102820,36.0,44.0
3103010,20.0,21.0
3103180,1.0,1.0
3103230,4.0,5.0
3103330,88.0,107.0
3103340,5.0,5.0
3103380,18.0,19.0
3103390,17.0,20.0
3103470,4.0,4.0
3103590,3.0,3.0
3103660,9.0,9.0
3103700,2.0,2.0
3103830,75.0,78.0
3103840,2900.0,3029.0
3103910,2.0,2.0
3103950,1.0,1.0
3104030,34.0,34.0
3104040,5.0,5.0
3104110,8.0,9.0
3104150,1.0,1.0
3104310,5.0,5.0
3104510,26.0,27.0
3104550,14.0,17.0
3104680,2.0,2.0
3104770,1.0,1.0
3104840,5.0,5.0
3104860,5.0,5.0
3105050,14.0,18.0
3105220,10.0,10.0
3105390,1.0,1.0
3105490,3.0,3.0
3105570,88.0,93.0
3105680,6.0,6.0
3105690,1.0,1.0
3106260,5.0,5.0
3106510,73.0,86.0
3106750,7.0,7.0
3106770,13.0,13.0
3106880,1.0,1.0
3107110,1.0,1.0
3107150,11.0,14.0
3107250,28.0,30.0
3107270,3.0,3.0
3107330,5199.0,5300.0
3107440,56.0,58.0
3107460,4.0,4.0
3107510,30.0,37.0
3107560,1.0,1.0
3107590,23.0,24.0
3107680,17.0,18.0
3107730,13.0,13.0
3107740,10.0,10.0
3107790,8.0,8.0
3107820,9.0,10.0
3107840,1.0,1.0
3107850,2.0,2.0
3107860,4.0,5.0
3107880,158.0,185.0
3107990,10.0,10.0
3108000,12.0,14.0
3108060,19.0,19.0
3108490,12.0,15.0
3108580,5.0,5.0
3108760,12.0,12.0
3108900,23.0,26.0
3109080,1.0,1.0
3109270,14.0,15.0
3109370,40.0,50.0
3109480,2.0,2.0
3109640,4.0,4.0
3109720,2.0,2.0
3109730,1.0,1.0
3109780,2.0,2.0
3109840,3.0,3.0
3109960,1.0,1.0
3110000,16.0,19.0
3110080,39.0,40.0
3110130,190.0,204.0
3110150,3.0,3.0
3110270,29.0,31.0
3110310,1.0,1.0
3110410,1.0,1.0
3110430,3.0,3.0
3110490,33.0,36.0
3110500,13.0,14.0
3110520,31.0,33.0
3110740,23.0,25.0
3110820,16.0,16.0
3110830,38.0,38.0
3111020,4.0,4.0
3111040,1.0,1.0
3111100,2.0,2.0
3111140,23.0,25.0
3111290,3.0,3.0
3111440,17.0,18.0
3111480,6.0,6.0
3111510,70.0,80.0
3111680,91.0,110.0
3111730,4.0,4.0
3111910,36.0,42.0
3112400,3.0,3.0
3112690,1.0,1.0
3112780,8.0,8.0
3113060,16.0,17.0
3113160,6.0,6.0
3113320,1.0,1.0
3113500,46.0,50.0
3113510,47.0,50.0
3113550,3.0,3.0
3113640,3.0,3.0
3113660,10.0,10.0
3113710,5.0,6.0
3113780,68.0,73.0
3113820,1.0,1.0
3113870,21.0,21.0
3113980,1.0,1.0
3114000,14.0,14.0
3114010,70.0,71.0
3114150,5.0,5.0
3114350,1.0,1.0
3114360,7.0,7.0
3114440,2.0,2.0
3114510,4.0,4.0
3114750,1.0,1.0
3114760,22.0,28.0
3114990,8.0,9.0
3115060,9.0,9.0
3115290,60.0,61.0
3115340,4.0,4.0
3115360,16.0,17.0
3115440,17.0,17.0
3115500,20.0,20.0
3115510,97.0,102.0
3115580,1.0,1.0
3115650,2.0,2.0
3115880,16.0,19.0
3116050,1.0,1.0
3116170,1.0,1.0
3116180,8.0,8.0
3116190,1.0,1.0
3116220,14.0,14.0
3116260,2.0,2.0
3116310,1.0,1.0
3116400,9.0,9.0
3116410,2.0,2.0
3117670,2.0,2.0
3117680,10.0,11.0
3117710,1.0,1.0
3117770,1.0,1.0
3117780,70.0,73.0
3118020,9.0,9.0
3118070,2.0,2.0
3118160,110.0,114.0
3118200,2.0,2.0
3118250,3.0,3.0
3118310,15.0,15.0
3118450,15.0,15.0
3118570,1.0,1.0
3118580,30.0,33.0
3118620,1.0,1.0
3118730,15.0,15.0
3118760,2.0,2.0
3119150,1.0,1.0
3119390,16.0,17.0
3119470,37.0,49.0
3119490,53.0,54.0
3119560,75.0,75.0
3119660,1.0,1.0
3119820,1.0,1.0
3119930,1.0,1.0
3119940,35.0,36.0
3119950,2.0,2.0
3120070,1.0,1.0
3120140,10.0,10.0
3120160,1.0,1.0
3120190,1.0,1.0
3120250,22.0,24.0
3120290,11.0,14.0
3120300,12.0,14.0
3120310,11.0,12.0
3120320,10.0,12.0
3120560,1.0,1.0
3120600,4.0,5.0
3120730,4.0,5.0
3120740,11.0,12.0
3120800,2.0,2.0
3120820,4.0,4.0
3120860,4.0,4.0
3120980,4.0,4.0
3121120,15.0,15.0
3121220,3.0,3.0
3121320,1.0,1.0
3121560,1.0,1.0
3121640,1.0,1.0
3121650,45.0,49.0
3122100,11.0,11.0
3122120,2.0,2.0
3122150,93.0,109.0
3122240,2.0,2.0
3122270,1.0,1.0
3122360,18.0,18.0
3122530,63.0,67.0
3122720,2.0,2.0
3122750,1.0,1.0
3122840,4.0,4.0
3122850,1.0,1.0
3122940,5.0,5.0
3122950,31.0,36.0
3122960,3.0,3.0
3123050,13.0,13.0
3123080,1.0,1.0
3123170,1.0,1.0
3123250,28.0,31.0
3123320,42.0,44.0
3123460,15.0,16.0
3123480,2.0,2.0
3123630,10.0,11.0
3123640,17.0,17.0
3124050,6.0,6.0
3124210,1.0,1.0
3124480,5.0,5.0
3124660,1.0,1.0
3124740,1.0,1.0
3124880,15.0,15.0
3125050,91.0,111.0
3125070,2.0,2.0
3125120,48.0,48.0
3125490,4.0,5.0
3125530,15.0,18.0
3125550,10.0,10.0
3125590,1.0,1.0
3125600,3.0,3.0
3125640,6.0,6.0
3125650,3.0,3.0
3125830,8.0,10.0
3126130,3.0,3.0
3126240,1.0,1.0
3126280,8.0,9.0
3126520,3.0,3.0
3126560,1.0,1.0
3126860,1.0,1.0
3126870,7.0,7.0
3127070,7.0,8.0
3127270,24.0,27.0
3127380,2.0,2.0
3127440,27.0,29.0
3127460,11.0,11.0
3127500,1.0,1.0
3127540,2.0,2.0
3127640,1.0,1.0
3127650,23.0,25.0
3127810,1.0,1.0
3127870,6.0,6.0
3127880,1.0,1.0
3127970,31.0,35.0
3128140,8.0,8.0
3128150,4.0,4.0
3128230,2.0,2.0
3128310,3.0,3.0
3128560,3.0,3.0
3128780,14.0,14.0
3128840,1.0,1.0
3128880,1.0,1.0
3129590,2.0,2.0
3129650,26.0,28.0
3129760,40.0,45.0
3129810,101.0,108.0
3129820,1.0,1.0
3129890,3.0,3.0
3130120,1.0,1.0
3130330,1201.0,1454.0
3130340,15.0,15.0
3130540,1.0,1.0
3130670,18.0,22.0
3130700,3.0,3.0
3130730,45.0,57.0
3130980,1.0,1.0
3131400,1.0,1.0
3131560,1.0,1.0
3131910,27.0,27.0
3131950,11.0,11.0
3131970,1.0,1.0
3132000,2.0,2.0
3132040,14.0,14.0
3132090,4.0,4.0
3132100,18.0,18.0
3132110,8.0,8.0
3132180,12.0,15.0
3132190,1.0,1.0
3132230,1.0,1.0
3132240,3.0,3.0
3132320,1.0,1.0
3132470,5.0,5.0
3132630,4.0,4.0
3132750,4.0,4.0
3132850,66.0,66.0
3132990,4411.0,4780.0
3133340,26.0,27.0
3133480,5.0,5.0
3133570,12.0,13.0
3133580,15.0,16.0
3133750,15.0,16.0
3133810,1.0,1.0
3133930,2.0,2.0
3133950,2.0,2.0
3134050,28.0,28.0
3134120,6.0,6.0
3134200,10.0,10.0
3134220,2.0,2.0
3134270,1.0,1.0
3134540,17.0,19.0
3134560,5.0,6.0
3134750,5.0,6.0
3134840,8.0,8.0
3134890,15.0,15.0
3134950,1.0,1.0
3135100,18.0,18.0
3135170,14.0,14.0
3135250,4.0,4.0
3135390,4.0,4.0
3135400,1.0,1.0
3135530,82.0,88.0
3135580,2.0,2.0
3135640,16.0,18.0
3135800,2.0,2.0
3135930,27.0,31.0
3136020,37.0,38.0
3136030,22.0,22.0
3136050,31.0,32.0
3136190,3.0,3.0
3136220,16.0,17.0
3136230,13.0,16.0
3136260,2.0,2.0
3136270,5.0,5.0
3136300,4.0,5.0
3136310,4.0,4.0
3136370,2.0,2.0
3136410,6.0,6.0
3136430,42.0,43.0
3136450,2.0,2.0
3136550,1.0,1.0
3136590,10.0,10.0
3136890,2.0,2.0
3136910,29.0,38.0
3136950,2.0,2.0
3137130,114.0,127.0
3137150,5.0,5.0
3137200,1.0,1.0
3137320,5.0,5.0
3137640,1.0,1.0
3137690,19.0,20.0
3137790,1.0,1.0
3138270,5.0,5.0
3138280,2.0,2.0
3138360,10.0,10.0
3138490,1.0,1.0
3138500,12.0,15.0
3138570,114.0,126.0
3138600,2.0,2.0
3138640,5.0,5.0
3138690,1.0,1.0
3138980,4.0,4.0
3139140,47.0,50.0
3139180,1.0,1.0
3139190,23.0,25.0
3139370,4.0,4.0
3139580,3.0,3.0
3139620,191.0,205.0
3139690,10.0,10.0
3139730,7.0,7.0
3139740,17.0,17.0
3140540,21.0,25.0
3140750,9.0,9.0
3140810,14.0,15.0
3140980,5.0,5.0
3141020,18.0,18.0
3141170,37.0,37.0
3141210,4.0,5.0
3141320,1.0,1.0
3141450,2.0,2.0
3141510,3.0,3.0
3141730,4.0,5.0
3142060,3.0,3.0
3142310,11.0,12.0
3142400,16.0,20.0
3142450,43.0,44.0
3142460,1.0,1.0
3142530,1.0,1.0
3142570,15.0,15.0
3142630,5.0,5.0
3142660,5.0,6.0
3142920,5.0,5.0
3143140,1.0,1.0
3143240,2.0,2.0
3143440,16.0,16.0
3143480,4.0,4.0
3143590,45.0,53.0
3143690,1.0,1.0
3143840,6.0,7.0
3143920,1.0,1.0
3143970,4.0,4.0
3143980,33.0,36.0
3144120,4.0,4.0
3144130,17.0,18.0
3144160,17.0,22.0
3144240,4.0,4.0
3144250,24.0,24.0
3144360,4.0,4.0
3144590,78.0,84.0
3144640,304.0,360.0
3144660,1.0,1.0
3144720,1.0,1.0
3144800,1.0,1.0
3145210,4.0,4.0
3145380,19.0,19.0
3145500,2.0,2.0
3145510,7.0,8.0
3145550,3.0,3.0
3145560,1.0,1.0
3145580,6.0,6.0
3145800,5.0,6.0
3145860,8.0,9.0
3146050,1.0,1.0
3146130,5.0,5.0
3146230,1.0,1.0
3146280,28.0,32.0
3146320,1.0,1.0
3146360,5.0,5.0
3146460,8.0,9.0
3146510,10.0,10.0
3146520,7167.0,7252.0
3146540,4.0,4.0
3146590,4.0,4.0
3146640,109.0,109.0
3146730,6.0,6.0
3146740,3.0,3.0
3146800,37.0,37.0
3146840,4.0,5.0
3147020,7.0,7.0
3147260,4.0,4.0
3147280,1.0,1.0
3147300,2.0,2.0
3147380,17.0,17.0
3147420,3.0,3.0
3147430,4.0,4.0
3147480,5.0,6.0
3147610,4.0,4.0
3147760,16.0,16.0
3147770,3.0,3.0
3147890,12.0,12.0
3147900,22.0,22.0
3147930,1.0,1.0
3147950,3.0,3.0
3148000,2.0,2.0
3148070,28.0,29.0
3148120,31.0,32.0
3148180,5.0,5.0
3148240,3.0,3.0
3148530,7.0,7.0
3148570,2.0,2.0
3148600,9.0,9.0
3148670,2.0,2.0
3148810,6.0,6.0
3148840,2.0,2.0
3148920,2.0,2.0
3149010,1.0,1.0
3149050,4.0,4.0
3149270,14.0,14.0
3149460,1.0,1.0
3149810,2.0,2.0
3149840,36.0,36.0
3149880,10.0,11.0
3149960,4.0,4.0
3150020,2.0,2.0
3150050,10.0,11.0
3150120,9.0,10.0
3150230,12.0,13.0
3150240,10.0,12.0
3150580,1.0,1.0
3150630,2.0,2.0
3150660,20.0,21.0
3150720,85.0,107.0
3151020,12.0,13.0
3151030,1.0,1.0
3151090,19.0,19.0
3151110,12.0,12.0
3151160,10.0,12.0
3151290,16.0,18.0
3151410,1.0,1.0
3151750,7.0,7.0
3151820,2.0,2.0
3151830,67.0,69.0
3151930,29.0,30.0
3152080,3.0,3.0
3152090,5.0,5.0
3152170,2.0,2.0
3152370,28.0,31.0
3152510,21.0,23.0
3152590,12.0,15.0
3152650,2.0,2.0
3152890,1.0,1.0
3153010,13.0,13.0
3153190,5.0,5.0
3153610,25.0,30.0
3153620,29.0,29.0
3153890,5.0,6.0
3153910,5.0,5.0
3154220,6.0,6.0
3154260,3.0,3.0
3154450,5.0,6.0
3154590,12.0,14.0
3154600,1.0,1.0
3154850,4.0,5.0
3154870,3.0,3.0
3154940,2.0,2.0
3154950,112.0,122.0
3155230,50.0,55.0
3155320,5.0,5.0
3155610,10.0,11.0
3155710,1.0,1.0
3155810,21.0,22.0
3155890,1.0,1.0
3155950,9.0,9.0
3156040,145.0,189.0
3156310,19.0,19.0
3156480,11.0,12.0
3156770,3617.0,3910.0
3156930,1.0,1.0
3157220,6.0,6.0
3157260,10.0,11.0
3157740,4.0,4.0
3157770,2.0,2.0
3157790,48.0,58.0
3157850,43.0,43.0
3157910,74.0,75.0
3158010,1.0,1.0
3158260,119.0,143.0
3158780,1.0,1.0
3158950,3.0,3.0
3158960,12.0,12.0
3158980,3.0,3.0
3159050,6.0,6.0
3159130,7.0,8.0
3159370,5.0,5.0
3159380,1.0,1.0
3159570,46.0,50.0
3159780,2.0,2.0
3159840,9.0,9.0
3159870,3.0,3.0
3159930,13.0,13.0
3160240,18.0,18.0
3160260,5.0,5.0
3160280,17.0,20.0
3160290,42.0,42.0
3160350,4.0,4.0
3160400,71.0,73.0
3160520,8.0,8.0
3160710,16.0,16.0
3160720,2.0,2.0
3160730,12.0,13.0
3160750,32.0,33.0
3160770,4.0,4.0
3160850,1.0,1.0
3160980,1.0,1.0
3161010,5.0,6.0
3161050,3.0,3.0
3161180,7.0,7.0
3161190,5.0,6.0
3161290,3.0,3.0
3161510,24.0,25.0
3161780,1.0,1.0
3161850,146.0,150.0
3161920,23.0,24.0
3162000,2.0,2.0
3162060,22.0,23.0
3162140,6.0,6.0
3162170,3.0,3.0
3162260,4.0,4.0
3162290,1.0,1.0
3162350,13.0,14.0
3162550,2.0,2.0
3162630,1.0,1.0
3162780,20.0,22.0
3162840,1.0,1.0
3163060,53.0,54.0
3163250,35.0,36.0
3163450,68.0,69.0
3163550,1.0,1.0
3163580,2.0,2.0
3163600,5.0,5.0
3163610,5.0,6.0
3163670,1.0,1.0
3163690,3.0,3.0
3163820,4.0,5.0
3163910,3.0,3.0
3164060,20.0,23.0
3164240,25.0,31.0
3164300,336.0,356.0
3164490,1.0,1.0
3164520,1.0,1.0
3164640,16.0,18.0
3164650,14.0,18.0
3164900,75.0,78.0
3164950,7.0,9.0
3164970,18.0,18.0
3165040,4.0,4.0
3165060,50.0,56.0
3165120,3.0,3.0
3165130,2.0,2.0
3165150,1.0,1.0
3165230,10.0,10.0
3165280,10.0,10.0
3165290,11.0,13.0
3165300,12.0,13.0
3165420,3.0,3.0
3165610,6.0,6.0
3165730,5.0,5.0
3165810,1.0,1.0
3166020,1.0,1.0
3166060,11.0,11.0
3166080,1.0,1.0
3166420,9.0,9.0
3166480,1.0,1.0
3166520,8.0,9.0
3166530,2013.0,2037.0
3166540,1.0,1.0
3166830,43.0,43.0
3166950,4.0,4.0
3167230,31.0,31.0
3167410,1.0,1.0
3167530,2.0,2.0
3167560,4.0,4.0
3167750,7.0,9.0
3167800,1.0,1.0
3167820,1.0,1.0
3168180,4.0,4.0
3168320,11.0,11.0
3168370,19.0,21.0
3168470,22.0,26.0
3168790,1.0,1.0
3168820,14.0,15.0
3168890,6.0,6.0
3168900,1.0,1.0
3168920,14.0,14.0
3169000,2.0,2.0
3169040,29.0,30.0
3169270,6.0,7.0
3169290,1.0,1.0
3169340,19.0,19.0
3169430,5.0,6.0
3169610,3.0,3.0
3169680,307.0,324.0
3169740,23.0,23.0
3170140,7.0,7.0
3170170,2.0,2.0
3170450,7.0,7.0
3170540,715.0,736.0
3170620,3.0,3.0
3170630,1.0,1.0
3170730,56.0,61.0
3170830,14.0,18.0
3170880,8.0,8.0
3171310,5.0,5.0
3171410,3.0,3.0
3171440,2.0,2.0
3171530,14.0,15.0
3171590,4.0,5.0
3171670,14.0,14.0
3171880,3.0,3.0
3172040,3.0,3.0
3172060,38.0,45.0
3172180,51.0,54.0
3172430,2.0,2.0
3172500,2.0,2.0
3172510,1.0,1.0
3172640,4.0,4.0
3172700,66.0,71.0
3172770,2.0,2.0
3172790,23.0,29.0
3173110,1.0,1.0
3173130,51.0,51.0
3173150,2.0,2.0
3173470,2.0,2.0
3173620,9.0,9.0
3173630,2.0,2.0
3173640,1.0,1.0
3173770,3.0,3.0
3173840,2.0,2.0
3173890,378.0,473.0
3173930,34.0,37.0
3173940,5.0,5.0
3173950,1.0,1.0
3174080,27.0,29.0
3174640,33.0,42.0
3174720,2.0,2.0
3174790,1.0,1.0
3174870,4.0,4.0
3174970,13.0,17.0
3174980,2.0,2.0
3175000,4.0,4.0
3175040,8.0,9.0
3175150,10.0,10.0
3175300,1.0,1.0
3175540,33.0,37.0
3175700,2.0,2.0
3175900,1.0,1.0
3175910,12.0,12.0
3175930,25.0,25.0
3176020,45.0,50.0
3176210,1.0,1.0
3176280,1.0,1.0
3176370,3.0,3.0
3176580,4.0,4.0
3176700,1.0,1.0
3176750,90.0,101.0
3176760,6.0,7.0
3176800,12.0,14.0
3176810,7.0,7.0
3176820,18.0,20.0
3176880,91.0,103.0
3176950,5.0,5.0
3177000,6.0,6.0
3177050,12.0,13.0
3177120,8.0,8.0
3177180,5.0,5.0
3177220,1.0,1.0
3177400,3.0,3.0
3177590,1.0,1.0
3177630,4.0,5.0
3177690,1.0,1.0
3177840,26.0,27.0
3177870,4.0,4.0
3178660,7.0,7.0
3178830,2.0,2.0
3178840,8.0,8.0
3178910,22.0,22.0
3179010,7.0,9.0
3179020,16.0,16.0
3179070,1.0,1.0
3179110,23.0,23.0
3179130,6.0,7.0
3179270,20.0,20.0
3179280,14.0,14.0
3179410,3.0,3.0
3179470,1.0,1.0
3179560,2.0,2.0
3179570,1.0,1.0
3180060,10.0,10.0
3180120,1.0,1.0
3180400,4.0,5.0
3180620,1.0,1.0
3180750,1.0,1.0
3181330,1.0,1.0
3181350,4.0,4.0
3181900,5.0,6.0
3182230,3.0,3.0
3182240,23.0,24.0
3182280,3.0,3.0
3182330,14.0,14.0
3182390,2.0,2.0
3182550,1.0,1.0
3182800,7.0,9.0
3183000,1.0,1.0
3183050,17.0,17.0
3183260,1.0,1.0
3183270,30.0,33.0
3183800,16.0,17.0
3183960,1.0,1.0
3183980,10.0,10.0
3184060,7.0,7.0
3184130,4.0,4.0
3184160,68.0,68.0
3184370,3.0,3.0
3184570,1.0,1.0
3184850,2.0,2.0
3185070,5.0,5.0
3185140,15.0,15.0
3185260,9.0,9.0
3185430,3.0,3.0
3185600,16.0,17.0
3185680,10.0,10.0
3185760,149.0,157.0
3185840,1.0,1.0
3185930,148.0,150.0
3186000,1.0,1.0
3186100,7.0,8.0
3186190,27.0,30.0
3186220,3.0,3.0
3186310,7.0,7.0
3186340,2.0,2.0
3186370,1.0,1.0
3186380,1.0,1.0
3186420,1.0,1.0
3186450,8.0,10.0
3186480,3.0,3.0
3186680,36.0,39.0
3186760,3.0,3.0
3186930,5.0,5.0
3187030,207.0,217.0
3187180,4.0,4.0
3187430,12.0,12.0
3187590,3.0,3.0
3187690,1.0,1.0
3187710,4.0,5.0
3187760,2.0,2.0
3187770,27.0,29.0
3188430,1.0,1.0
3188440,8.0,8.0
3188480,1.0,1.0
3188750,6.0,6.0
3188810,2.0,2.0
3188900,9.0,10.0
3188920,1.0,1.0
3188940,1.0,1.0
3189110,9.0,9.0
3189140,17.0,19.0
3189150,4.0,4.0
3189460,6.0,7.0
3189680,94.0,108.0
3189820,25.0,25.0
3190720,8.0,9.0
3190780,1.0,1.0
3190820,8.0,8.0
3190880,3.0,3.0
3190930,4.0,4.0
3190960,1.0,1.0
3190970,6.0,6.0
3191040,3.0,3.0
3191050,364.0,367.0
3191320,4.0,5.0
3191400,4.0,4.0
3191710,11.0,12.0
3191850,10.0,10.0
3191880,18.0,19.0
3191940,7.0,7.0
3191950,1.0,1.0
3191970,7.0,7.0
3192060,1.0,1.0
3192070,1.0,1.0
3192360,408.0,449.0
3192580,1.0,1.0
3192760,11.0,12.0
3192850,39.0,40.0
3192950,10.0,11.0
3192990,10.0,11.0
3193000,5.0,5.0
3193050,77.0,77.0
3193100,3.0,3.0
3193390,8.0,8.0
3193470,1.0,1.0
3193500,1.0,1.0
3193520,31.0,31.0
3193640,10.0,11.0
3193770,14.0,17.0
3193800,12.0,12.0
3194140,14.0,14.0
3194220,3.0,3.0
3194310,14.0,17.0
3194350,12.0,14.0
3194640,1.0,1.0
3194750,4.0,4.0
3194800,1.0,1.0
3195070,3.0,3.0
3195080,4.0,4.0
3195260,4.0,4.0
3195370,9.0,9.0
3195680,13.0,13.0
3195810,28.0,28.0
3195830,14.0,14.0
3195960,12.0,12.0
3196000,16.0,16.0
3196030,1.0,1.0
3196230,3.0,3.0
3196460,5.0,6.0
3196560,5.0,5.0
3197110,138.0,170.0
3197370,1.0,1.0
3197550,1.0,1.0
3197570,3.0,3.0
3197770,1.0,1.0
3197920,2.0,2.0
3197930,2.0,2.0
3197950,3.0,3.0
3198100,6.0,6.0
3198170,9.0,9.0
3198260,4.0,4.0
3198290,6.0,6.0
3198360,3.0,3.0
3198540,139.0,156.0
3199000,9.0,9.0
3199040,54.0,56.0
3199290,43.0,46.0
3199440,15.0,15.0
3199480,3.0,3.0
3199560,11.0,11.0
3200160,1.0,1.0
3200480,8.0,8.0
3200580,1.0,1.0
3201310,1.0,1.0
3201320,1.0,1.0
3201330,1.0,1.0
3201420,4.0,4.0
3201460,31.0,32.0
3201570,15.0,17.0
3201610,21.0,23.0
3201630,5.0,5.0
3201670,2.0,2.0
3201680,6.0,7.0
3201700,1.0,1.0
3201860,8.0,9.0
3201880,23.0,24.0
3201940,1.0,1.0
3202450,69.0,71.0
3202460,1.0,1.0
3202810,6.0,6.0
3203300,1.0,1.0
3203320,7.0,8.0
3203510,5.0,6.0
3203560,1.0,1.0
3203570,2.0,2.0
3203860,13.0,16.0
3204160,1.0,1.0
3204270,3.0,3.0
3204390,9.0,9.0
3204440,15.0,19.0
3204650,12.0,12.0
3204840,87.0,105.0
3204900,1.0,1.0
3204940,2.0,2.0
3205080,618.0,633.0
3205140,1.0,1.0
3205190,21.0,22.0
3205290,65.0,66.0
3205350,3.0,3.0
3205390,2.0,2.0
3205430,9.0,9.0
3205470,5.0,5.0
3205540,1.0,1.0
3205550,15.0,17.0
3205820,1.0,1.0
3205900,5.0,5.0
3206090,91.0,106.0
3206330,2.0,2.0
3206520,80.0,93.0
3206640,3.0,3.0
3206790,4.0,5.0
3206810,1.0,1.0
3206830,2.0,2.0
3207090,20.0,21.0
3207110,6.0,6.0
3207280,5.0,6.0
3207290,1.0,1.0
3207330,1.0,1.0
3207390,3.0,3.0
3207460,1.0,1.0
3207490,1.0,1.0
3207570,1.0,1.0
3207580,4.0,4.0
3207710,24.0,25.0
3207740,3.0,3.0
3207820,2.0,2.0
3207860,5.0,5.0
3208030,1.0,1.0
3208060,2.0,2.0
3208300,4.0,4.0
3208360,9.0,9.0
3208420,7.0,8.0
3208470,4.0,5.0
3208480,1.0,1.0
3208510,13.0,13.0
3208550,10.0,10.0
3208770,3.0,3.0
3208860,1.0,1.0
3208980,2.0,2.0
3209280,1.0,1.0
3209350,1.0,1.0
3209400,44.0,49.0
3209430,2.0,2.0
3209810,1.0,1.0
3209890,5.0,5.0
3209990,1.0,1.0
3210190,3.0,3.0
3210340,1.0,1.0
3210390,1.0,1.0
3210520,9.0,9.0
3210580,5.0,5.0
3210820,12.0,12.0
3210870,3.0,3.0
3210900,3.0,3.0
3210930,6.0,7.0
3211010,2.0,2.0
3211030,3.0,3.0
3211270,2.0,2.0
3211370,1.0,1.0
3211510,13.0,15.0
3211700,2.0,2.0
3211760,1.0,1.0
3211780,4.0,4.0
3211790,14.0,16.0
3211900,23.0,28.0
3211940,8.0,8.0
3211970,1.0,1.0
3212240,6.0,7.0
3212420,8.0,8.0
3212510,10.0,10.0
3212530,92.0,92.0
3212570,114.0,123.0
3212640,2.0,2.0
3213090,84.0,109.0
3213300,3.0,3.0
3213460,5.0,5.0
3213550,1.0,1.0
3213720,23.0,25.0
3213810,2.0,2.0
3213880,18.0,18.0
3213920,18.0,18.0
3213990,23.0,27.0
3214000,55.0,59.0
3214030,1.0,1.0
3214170,5.0,5.0
3214250,2.0,2.0
3214620,1.0,1.0
3214780,11.0,11.0
3214790,2.0,2.0
3214800,1.0,1.0
3214810,7.0,7.0
3214880,119.0,122.0
3214910,21.0,21.0
3214970,1.0,1.0
3215030,6.0,6.0
3215350,1.0,1.0
3215680,4.0,4.0
3215810,1.0,1.0
3216260,2.0,2.0
3216430,12.0,15.0
3217020,2.0,2.0
3217070,4.0,4.0
3217120,30.0,34.0
3217200,29.0,29.0
3217240,22.0,28.0
3217260,12.0,13.0
3217500,2.0,2.0
3217580,1.0,1.0
3217590,1.0,1.0
3217650,2.0,2.0
3217690,2.0,2.0
3217990,3.0,3.0
3218090,12.0,13.0
3218150,22.0,25.0
3218170,4.0,4.0
3218260,13.0,13.0
3218290,1.0,1.0
3218320,15.0,15.0
3218490,6.0,6.0
3218700,9.0,10.0
3218750,1.0,1.0
3218820,66.0,71.0
3218830,4.0,5.0
3218860,9.0,9.0
3219020,10.0,10.0
3219660,1.0,1.0
3220090,13.0,15.0
3220420,11.0,11.0
3220670,5.0,5.0
3220760,1.0,1.0
3220850,3.0,3.0
3221180,31.0,35.0
3221200,6.0,6.0
3221490,3.0,3.0
3221510,1.0,1.0
3221660,1.0,1.0
3221800,1.0,1.0
3221840,7.0,7.0
3221850,2.0,2.0
3221870,2.0,2.0
3221930,117.0,117.0
3221960,2.0,2.0
3222070,1.0,1.0
3222340,2.0,2.0
3222410,2.0,2.0
3222430,2.0,2.0
3222520,1.0,1.0
3222600,7.0,7.0
3222660,12.0,14.0
3222680,1.0,1.0
3223090,4.0,5.0
3223190,1.0,1.0
3223720,17.0,17.0
3223830,15.0,15.0
3224150,2.0,2.0
3224340,1.0,1.0
3224560,1.0,1.0
3224660,18.0,19.0
3224700,13.0,13.0
3224960,92.0,93.0
3225260,67.0,85.0
3225490,2.0,2.0
3225520,1.0,1.0
3225930,91.0,109.0
3226010,5.0,5.0
3226040,1.0,1.0
3226190,54.0,57.0
3226250,12.0,13.0
3226270,1.0,1.0
3226960,2.0,2.0
3226980,1.0,1.0
3227300,9.0,10.0
3227310,1.0,1.0
3227520,14.0,16.0
3227870,119.0,126.0
3228100,4.0,5.0
3228150,4.0,4.0
3228380,3.0,3.0
3228570,2.0,2.0
3228600,1.0,1.0
3228680,2.0,2.0
3229170,200.0,201.0
3229320,2.0,2.0
3229380,35.0,37.0
3229580,7.0,7.0
3229620,24.0,24.0
3230290,15.0,16.0
3230830,9.0,9.0
3230870,7.0,7.0
3230890,1.0,1.0
3231030,3.0,3.0
3231090,588.0,690.0
3231120,1.0,1.0
3231280,4.0,5.0
3231460,2.0,2.0
3231640,1.0,1.0
3231760,1.0,1.0
3231900,79.0,97.0
3231910,78.0,92.0
3232080,1.0,1.0
3232240,1.0,1.0
3232460,5.0,5.0
3232500,7.0,8.0
3232540,1.0,1.0
3232680,16.0,17.0
3232700,3.0,3.0
3232820,1.0,1.0
3232970,17.0,19.0
3232990,14.0,14.0
3233080,4.0,5.0
3233230,8.0,9.0
3233650,16.0,21.0
3233680,6.0,7.0
3233710,2.0,2.0
3233870,4.0,4.0
3234050,1.0,1.0
3234080,22.0,26.0
3234300,2.0,2.0
3234550,1.0,1.0
3234730,6.0,6.0
3234740,8.0,8.0
3234760,18.0,18.0
3235020,16.0,17.0
3235080,5.0,5.0
3235430,3.0,3.0
3235640,2.0,2.0
3235650,1.0,1.0
3235970,6.0,6.0
3236070,1.0,1.0
3236460,9.0,9.0
3236520,1.0,1.0
3236540,3.0,3.0
3236770,6.0,6.0
3237130,2.0,2.0
3237150,21.0,21.0
3237190,10.0,11.0
3237350,4.0,4.0
3237440,1.0,1.0
3237980,1.0,1.0
3238120,48.0,50.0
3238160,10.0,12.0
3238270,109.0,143.0
3238710,1.0,1.0
3238740,18.0,22.0
3238770,5.0,6.0
3238950,30.0,32.0
3239020,1.0,1.0
3239100,8.0,9.0
3239280,9.0,10.0
3239380,14.0,14.0
3239630,6.0,6.0
3239860,1.0,1.0
3239870,8.0,8.0
3239890,1.0,1.0
3240280,5.0,5.0
3240360,2.0,2.0
3240600,3.0,3.0
3240730,138.0,142.0
3240740,2.0,2.0
3240910,1.0,1.0
3240930,8.0,9.0
3241040,2.0,2.0
3241060,2.0,2.0
3241210,5.0,5.0
3241480,6.0,6.0
3241700,5.0,5.0
3241710,1.0,1.0
3241800,11.0,13.0
3241860,1.0,1.0
3241910,3.0,3.0
3242000,9.0,10.0
3242040,1.0,1.0
3242230,19.0,23.0
3242370,14.0,16.0
3242410,4.0,5.0
3242420,43.0,43.0
3242440,2.0,2.0
3242630,3.0,3.0
3242910,4.0,4.0
3243300,1.0,1.0
3243360,17.0,17.0
3243500,2.0,2.0
3243840,14.0,15.0
3244090,14.0,14.0
3244240,3.0,3.0
3244460,11.0,12.0
3244490,19.0,20.0
3244540,3.0,3.0
3244840,1.0,1.0
3244930,38.0,39.0
3245090,3.0,3.0
3245210,2.0,2.0
3245240,4.0,4.0
3245380,5.0,6.0
3245590,7.0,7.0
3245630,17.0,21.0
3245790,6.0,6.0
3246410,2.0,2.0
3246570,9.0,10.0
3246740,4.0,4.0
3246770,3.0,3.0
3247010,5.0,5.0
3247090,1.0,1.0
3247280,1.0,1.0
3247440,12.0,13.0
3247490,13.0,13.0
3247870,1.0,1.0
3248210,5.0,6.0
3248320,13.0,13.0
3248750,17.0,17.0
3248830,9.0,9.0
3249060,22.0,22.0
3249090,7.0,7.0
3249120,3.0,3.0
3249180,46.0,46.0
3249480,14.0,14.0
3249580,7.0,7.0
3249680,17.0,20.0
3249790,4.0,5.0
3249800,2.0,2.0
3249890,1.0,1.0
3250070,13.0,13.0
3250090,11.0,11.0
3250380,2.0,2.0
3250600,2.0,2.0
3250620,4.0,4.0
3250760,1.0,1.0
3250940,8.0,9.0
3251080,2.0,2.0
3251680,9.0,9.0
3251730,5.0,5.0
3251810,2.0,2.0
3251830,5.0,5.0
3251880,4.0,4.0
3252210,1.0,1.0
3252410,5.0,5.0
3252500,4.0,4.0
3252730,1.0,1.0
3252850,2.0,2.0
3253000,14.0,14.0
3253160,35.0,38.0
3253650,7.0,7.0
3253740,3.0,3.0
3253750,2.0,2.0
3253820,3.0,3.0
3254100,11.0,12.0
3255400,2.0,2.0
3255600,1.0,1.0
3255990,1.0,1.0
3256300,1.0,1.0
3256480,43.0,48.0
3256490,2.0,2.0
3256570,1.0,1.0
3256750,16.0,16.0
3257370,1.0,1.0
3258130,11.0,11.0
3258340,3.0,3.0
3258610,2.0,2.0
3258630,3.0,3.0
3258970,3.0,3.0
3259160,61.0,62.0
3259360,1.0,1.0
3259810,6.0,7.0
3259820,7.0,8.0
3259940,2.0,2.0
3260050,1.0,1.0
3260200,8.0,9.0
3260290,3.0,3.0
3260360,10.0,10.0
3260490,7.0,7.0
3260510,26.0,29.0
3260590,1.0,1.0
3260770,1.0,1.0
3260780,6.0,7.0
3260800,14.0,14.0
3260860,2.0,2.0
3261010,83.0,96.0
3261260,6.0,7.0
3261330,1.0,1.0
3261400,6.0,7.0
3261510,1.0,1.0
3261560,10.0,11.0
3261580,11.0,14.0
3261690,52.0,55.0
3261870,1.0,1.0
3261900,15.0,15.0
3262410,8.0,8.0
3262680,1.0,1.0
3263370,1.0,1.0
3263900,15.0,15.0
3264030,1.0,1.0
3264210,22.0,22.0
3264240,3.0,3.0
3265350,1.0,1.0
3265630,17.0,18.0
3265740,8.0,9.0
3265780,1.0,1.0
3266000,1.0,1.0
3266040,4.0,4.0
3266100,4.0,4.0
3266160,15.0,16.0
3266280,12.0,12.0
3266320,3.0,3.0
3266490,5.0,5.0
3266780,10.0,10.0
3266850,2.0,2.0
3266980,1.0,1.0
3266990,4.0,5.0
3267330,3.0,3.0
3267350,1.0,1.0
3269530,5.0,5.0
3269890,98.0,103.0
3270040,3.0,3.0
3270310,16.0,16.0
3270360,14.0,15.0
3270630,12.0,13.0
3270710,2.0,2.0
3271010,6.0,6.0
3271270,1.0,1.0
3271940,1.0,1.0
3272130,4.0,4.0
3272240,1.0,1.0
3273110,23.0,23.0
3273120,7.0,8.0
3273450,2.0,2.0
3273470,112.0,132.0
3274020,2.0,2.0
3274270,1.0,1.0
3274480,1.0,1.0
3274760,1.0,1.0
3276210,7.0,7.0
3276460,11.0,11.0
3276890,4.0,4.0
3277160,1.0,1.0
3278200,4.0,4.0
3279110,2.0,2.0
3280930,1.0,1.0
3281870,93.0,94.0
3282590,1.0,1.0
3282750,70.0,70.0
3282810,12.0,12.0
3283100,1.0,1.0
3283400,10.0,11.0
3286590,15.0,16.0
3286980,4.0,4.0
3287160,1.0,1.0
3289180,5.0,5.0
3289990,6.0,6.0
3294470,1.0,1.0
3296020,2.0,2.0
