app_id,user_id,review,does_recommend,funny,helpful,weight,playtime_at_review
499910,76561199187891556,"To be completely honest, I didn't really think this game would be that good at first. I just wanted to see it through to pass some time and say that I finished yet another game, since I made it this year's goal to play some games I never touched before.

However, Shinrai made me eat my words.

Once the story *truly* picks up, Shinrai becomes an amazing story that makes you second guess the things that even you thought you knew about the game. The characters react in a somewhat-realistic way to high-stress situations, given that all of them are teenagers, and seeing how they act towards one another, given their circumstance, is really fun to see.

Again, even if the mystery itself is good, the characters are the true stars of the game. Even if they are somewhat ""trope-ey"", I can't say I truly disliked any of them. Their speech patterns get annoying at times, but all of them play an important role to the story at large, and you can feel that all of them know each other and have realistic relationships to one-another.

I'm not the best at this recommendation thing, but all in all, Shinrai is a great game with a good story and characters that I would very much recommend playing if you want to spend a couple hours of your weekend figuring out a mystery.",1,0,0,0.5,675
499910,76561198219836375,"decent mystery, even if my eyes were glazing over the text by the end.",1,0,0,0.5,464
499910,76561198086224967,"The game is a decent murder mystery that'll scratch that whodunit itch. I've seen a lot of comparisons to Danganronpa, or Ace Attorney, but I don't think Shinrai: Broken Beyond Despair is quite at that level. It feels more like a shoujo manga-esque ""Murder, She Wrote"" with Raiko Shinpuku taking the center stage as our sardonic protagonist. She reluctantly goes to Rie Miyamoto's Halloween party, in which a series of harmless pranks turns into the sudden death of one of their classmates. Bodies start piling up, and it's up to Raiko to figure out whodunnit before the wrong person goes to jail. The mystery itself is challenging, and requires a keen eye to skim the clues and the text in order to discern who the culprit is. 

There is one flaw to this game: Kotoba.
It's bad enough he's more perverted than Minoru Mineta from My Hero Academia. It's bad enough that he mixes languages like an american twelve year old weeb who's trying to learn japanese from poorly subbed anime. It's both traits that make Kotoba into an intolerable cringelord.
In spite of Kotoba, I am going to give this game a recommended because I did have a fun time with it.",1,0,0,0.5,593
499910,76561198037932769,"Neat murder mystery game. The opening is a bit slow, but once things get going there's a good mystery to be had. I was fooled by several twists!",1,0,0,0.5,362
499910,76561198019626503,"More Visual Novel than investigation game, wouldn't mind more investigation stages, however I liked the plot and characters. Enjoyable game, would recommend!",1,0,0,0.5,529
499910,76561198092137267,"Short but fun murder mystery game. I had a good time.

However, I do have some issues and, since I don't want to say anything about the mystery itself or the characters, this will sadly take up the majority of the text in my review:

The art might take some time to get used to but I did get used to it.
A select few tracks in the soundtrack sounded a little too messy for my taste, however.

My greatest issue with the game is the lack of an important quality of life feature. From other mystery games, I value the option to look through your evidence while prompted to answer a question (that does not involve presenting evidence itself). However, in Shinrai, when prompted to name a culprit or answer a multiple-choice question, you can not look through your evidence and notes, which I found to be pretty frustrating.",1,0,0,0.5,612
499910,76561198301395575,"Gostei do jogo, os gráficos são ok e começa um pouco lento mas vale bastante a pena, os personagens, a história e o mistério do jogo me agradaram bastante. Recomendo.",1,0,0,0.5,767
499910,76561198244006316,"I thought the mystery was well written. There were multiple times where I was sure I knew what was going on, just for me to be wrong. You're rewarded for remembering seemingly insignificant things which is very satisfying. 

The character dialogue can be a bit cringey at times in the sense that they're speaking like teens would in 2010. Not sure if that's intentional or it's just a product of its time. Not a big issue to me.

Character art is not the greatest but it serves it's purpose; I think it's mostly just how the art is shaded for me. I thought the background art was actually quite nice. Ex.: The dining hall & the breaker room specifically I thought looked really good. I also liked the music quite a bit too. 

Overall, would recommend if you're looking for a short mystery / detective VN. [spoiler] Lets go lesbians!! 🏳️‍🌈 [/spoiler]",1,0,0,0.4761904776096344,564
499910,76561198007676234,"This is one of those games you can´t flatly recommend. The enjoyment you will get depends heavily on your tolerance to certains aspects of it and if you can get through the first two chapters.

The start is just bad: slow and pointless scenes, frustrating dialog, padded with anime tropes and pop culture references. The art, which is something I was worried about coming in, is actually the first thing I got used to.

After the ball starts rolling, it improves a lot. The mystery and suspense are quite well done. You always have enough information to put some things together, but not enough to get the full picture. As I was playing, I was creating and discarding my own theories in my head. The dialog improved too now that the characters were too busy to pander to their own stereotypes and had to rely on personality traits.

The ending was ok. The deductions roughly made sense, and the amount of stuff to mentally track was well balanced. It did lack a certain excitement to it. In narrative terms, it almost felt more like a catharsis than a climax.

For whatever is worth, I did end up enjoying it and look forward to future works of this dev.
",1,0,0,0.5,696
499910,76561198069319318,Danganronpa at home. But sometimes home cooking is pretty ok.,1,0,0,0.5,551
499910,76561198012070434,"Despite its ostensibly dark tone, a consistently fun, if somewhat amateurish, visual novel.

7/10",1,0,0,0.5,338
499910,76561198167778242,Henjin <3<3,1,0,0,0.5,663
499910,76561197995866138,A fun spooky murder mystery,1,0,1,0.5185185670852661,454
499910,76561198255225340,epic,1,0,1,0.523809552192688,578
499910,76561198121763570,"This game looks worse than a free flash game, is weirdly perverted towards kids.  Has some of the worst writing I've read in a game, incredibly overwritten.
Sure, I did not play a whole lot.  Maybe the mystery itself is compelling, but the true mystery is why I bought this game in the first place.",0,0,3,0.4967578053474426,43
499910,76561198004842640,"Fiquei um bom tempo pensando se deveria recomendar esse jogo ou não. 

Para ser bem sincera, não é um jogo péssimo. Diria que está um pouco abaixo de medíocre. Um jogo nota 4. 

Só que existem jogos com defeitos horríveis - que têm qualidades que ao menos compensam ou fazem valer um pouco a pena. Tipo ser grátis, ser muito barato, ter uma história boa apesar de ser feio/ter uma jogabilidade estranha/ser bugado. 

Esse jogo tem defeitos em todo o espectro - de pequenos a grandes - e nenhuma qualidade grande o suficiente para salvá-lo.

1 - Trilha sonora repetitiva e pouco inspirada; 

2 - Arte...meh. Os cenários são melhores que os personagens, mas nada chega a ser lindo. Em uma VN de terror isso é um defeito significativo, porque a ambientação visual é uma das partes mais importantes do mood geral. 

3 - Ritmo bizarro. Começa com aquele monte de ladainha/besteirol típicos de anime, fica uns 30% do jogo nisso, aí morre um, morre outro, morre mais um e puf, acabou. Aí tem um epílogo com mais ladainha de anime e aparições sem nexo de personagens que nem foram mencionados na história principal. Tá, entendi que provavelmente isso referencia outro jogo da mesma desenvolvedora, mas parece o Multiverso da Loucura, é o puro caos. 

4 - Personagens: é aqui onde o jogo mais peca. O cast é simplesmente horrível. A única personagem realmente interessante é a principal (Raiko). O resto vai de sem graça a desgraça. Sabe a outra menina ali nas imagens de divulgação? Parece uma segunda protagonista ou deuteragonista né? Saiba que ela não faz nada de útil o jogo todo, só fica se escondendo apavorada atrás da Raiko. Pra não dizer que ela não tem função nenhuma, a função dela é dar álibis à protagonista e fazer a trama rodar sem os outros personagens ficarem questionando. Tem outra cuja função é ser a genki girl louca, não acrescenta absolutamente nada à trama. Os personagens masculinos são um pior que o outro (com uma única exceção) - em qualquer jogo do tipo você torce (mesmo sabendo que é em vão) para os personagens se salvarem, nesse você só consegue falar ""bem feito"" porque é só o esgoto. A motivação do assassino é a mais besta que já vi em qualquer VN do tipo, terminou e fiquei ""ué, só isso? surtou só por isso?"". Todos eles são estereótipos, o que por si só não é um demérito - Danganronpa não apenas trabalha com estereótipos como os glorifica com títulos de Ultimate, mas os personagens ali transbordam carisma, vão além do seu exterior extravagante. Aqui, tenha certeza, isso não ocorre. 

5 - História e mecânica de jogo: A maneira como os assassinatos se desenrolam é bem sacada. As áreas de investigação também, apesar de sempre simples - não dá pra dizer que tem um puzzle nesse jogo. A exploração nos ambientes escuros foi bem feita também, pena que não focaram tanto nessa parte. Senti falta de mais gente mentirosa, mais contradição, de botar a palavra de um personagem contra o outro. 

Enfim, é um jogo mediano pra ruim. Se você gostar muito do gênero e estiver SEDENTO por algo do tipo (foi assim que comprei, já joguei praticamente tudo o que existe de murder game na Terra e precisava de algo para satisfazer meu vício), vale se estiver tipo com 90% de desconto. Do contrário...tem muita coisa melhor por aí.",0,2,2,0.5222295522689819,669
499910,76561198098570390,A solidly built and set up murder mystery. Excited for what the creator's do next,1,0,0,0.5,370
499910,76561199071007453,"SHINRAI does start off a bit slow, and some players may be put off by the anime like gimmicks certain characters have. However, it's more than worth sticking with it for the central mystery and how it unfolds. It is presented in a very compelling way, one that keeps you guessing about the true culprit. I went from thinking I had it figured out, to suspecting a completely different character later on multiple times. 

As many other reviewers have already stated, the mystery is logical and very much grounded in reality. There aren't any wild jumps in plausibility or over the top revelations. Once you learn the entire truth, everything makes perfect sense. 

I really enjoy how the progression system in SHINRAI works as well. At first, accusing a character, then presenting your argument/evidence seems a bit odd. But it actually works quite well here and makes you thoroughly consider each piece of evidence, every witness account you have. I had a lot of fun with these accusation/debate sections where you go through the mystery, choosing potential culprits and then defending your accusations by presenting arguments and evidence as proof. It's a very thorough process that takes you through each part of the mystery, one step at a time. It breaks down the entire series of events and how it all happened. 

Another aspect of SHINRAI I enjoy is the characters. A few of them are a little obnoxious, maybe too much in some cases, with their respective gimmicks. However, most of the characters are likable and garner sympathy for the situation they're in. In particular, Kamen ended up being my favorite. I think Raiko is also great as the protagonist though, and while having a unique personality of her own, is often neutral enough you can feel as if you're truly solving the mystery and coming to these conclusions yourself. I appreciate all the puns throughout the game too, many of which are from Raiko. 

As I said before, the game does start off a bit slow, but I'd recommend at least staying with it for the first couple chapters. That's around the point where the game's pace starts to pick up, so I think it's a good indicator of whether you'll enjoy the game as a whole. SHINRAI is fairly reminiscent of games like the Danganronpa and Zero Escape series, so if you've enjoyed those, you'll most likely have a good time with it as well.",1,0,0,0.5,684
499910,76561198041184915,"Short and sweet. Looking for a dark mystery that isn't going to consume countless hours like Umineko, and without the massive scale of the Zero Escape series? Something more intimate and grounded? Shinrai (meaning ""trust"" in Japanese) is for you.

The VN is quite short, with an intro which serves to introduce all of the characters but doesn't outstay its welcome, and then begins the wild ride that is its main plot. You are treated with the feeling that is the hallmark of a fantastic mystery story - overwhelmed, but with enough breadcrumbs to construct some idea of what is going on, only to have your assumptions challenged again and again. Eventually, you will have to construct the full truth, and while the game does poke you in the right direction, you're required to make a lot of the deductions for yourself.

The mystery itself is logical and doesn't require any absurd or unreasonable leaps of faith - it is very well crafted with lots of little details that will reward the perceptive reader. There are no Deus Ex Machinae and for those seeking an intricate and challenging but very satisfying mystery, I will happily recommend this game.

It's not without its issues - a couple of the characters feel like somewhat absurd caricatures - and I find it annoying how you cannot review your evidence once you're forced to make a decision (so if one is suddenly sprung at you, hope your memory is good!) - but overall, I'd say it's a very satisfying VN.

Also, there are lots of references to other games which adds to the fun factor - if you're able to read Japanese, you'll find some things very amusing too.",1,0,1,0.5,558
499910,76561198011762763,"A lot of love put into this game, but it was not my cup of tea; I knew going into it that I didn't like the art style or the sound design, but I could forgive that if the writing and narrative were engrossing.   At best this was an ok VN with a few choices leading to a finale that asks you to walk through the mystery point by point, Danganronpa-style, but without the twists and interesting visual style or colorful characters.  

I did like that it required some attention to solve the mystery, but it was not a particularly difficult mystery.  While the mystery at the heart of this story was fine, it was not interesting enough to make up for everything else.  I didn't especially care for any of the characters; the prose style (at least of the English translation) was stiff and repetitive; moments of humor were really, really bad--perhaps they simply don't translate well--and the pacing of the story was rather slow.   I could not recommend this to a lover of VNs or kinetic novels.",0,0,1,0.48686903715133667,558
499910,76561198029328534,"Short, but good murder mystery. Not most mind blowing thing, but its written well enough and characters are enjoyable enough even if bit archetypical. Definitely would like to see cast again in another story",1,0,0,0.5,463
499910,76561198275726435,"This game isn't perfect. There's a lot of flaws, and a lot. But despite all of them, it's still an enjoyable little murder mystery. The cast isn't great and the majority are insufferable, or are attached by the hip to the protagonist; not letting them breathe on their own merits, and suffocating them over 90% of the runtime. The leash she puts on the protagonist sometimes feels more like a plot device than a friendship.

As negative as that sounds, if you can get over the hurdle and enjoy the atmosphere and mystery then it's a good game. Recommended if there's a sale.",1,0,0,0.5,1563
499910,76561198088218475,"My favourite part was when Raiko sed ""It's Raikoin Time"" and Raikoed all over the killer",1,0,0,0.48275864124298096,667
499910,76561198801170048,kamen >,1,0,1,0.4414893388748169,627
499910,76561198963367985,"It's kinda weird the characters are all so young (14-15 years old) but the murder mystery was really good and kept you thinking. You could actually figure everything out yourself without having to rely on weird logic jumps or baseless assumptions from the protagonist (yeah I'm looking at you Danganronpa and Ace Attorney). Game was not too short, nor too long. Sure, it had a slow start but most visual novels do, so it was to be expected. 
Overall, it was a pretty impressive game from a small team. I want more.",1,0,1,0.52173912525177,691
499910,76561198004684789,"An okay mystery hurt by pacing issues and the worst cast of characters I've ever experienced in a VN. So let's go through them:

- Nobara, your best friend. She has an extremely strong and persistent written accent. [url=https://i.imgur.com/lTfm7E6.png]Here's one example[/url]. [url=https://i.imgur.com/ryIV5Js.jpg]Here's another[/url]. It's not fun to read, it's just distracting and so heavy that I can't actually tell what her accent is supposed to be - in my mind she sounds like Joey from YuGiOh?? Also one of Nobara's biggest character traits is that she's terrified of everything and is EXTREMELY clingy with the protagonist, meaning you never really get away from her and her absolute ♥♥♥♥♥♥♥♥♥. I don't feel like Nobara has any arc or changes at all during the story - in the after credits scene, you see that she's still easily scared so....what's the point of her?

- Kotaba. OH BOY, ANOTHER VISUAL NOVEL WHERE A CHARACTER'S ENTIRE PERSONALITY REVOLVES AROUND BEING A [url=https://i.imgur.com/IrkXvmO.png]PERVERT AND SEXUALLY HARRASSING PEOPLE[/url], DIDN'T FIND THAT OBNOXIOUS IN THE 20 OTHER GAMES THAT HAVE DONE IT ZZZZZ. Like I'm sorry but in one of the first scenes he's in, he's talking about hentai and the protagonist finds a magazine of his that has sticky white stuff on it. Haha get it, it's ♥♥♥ XDDD Every character is cannonically stated to be 14-15 years old by the way! No one would tolerate someone who talks about their jacking off habits like this in real life and I'm so sick of this nonce ♥♥♥♥ in every visual novel I come across. Oh yeah, he has a second personality trait - [url=https://cdn.discordapp.com/attachments/758474111147311154/935764403280830494/unknown.png]he can speak multiple languages[/url].....and guess what, it's not fun to read either. Both of these traits are competiting each other to make the most unenjoyable experience possible. Also if the game wanted me to dislike this character, then his ♥♥♥♥ actions would have consequences but all the characters just brush it off and don't think it's a big deal that this dude has stalked women at school

- Mika. This character spends the ENTIRE game, both before and after a murder has taken place, speaking in [url=https://cdn.discordapp.com/attachments/789568210885541920/936790454576484422/unknown.png]third person[/url]. Why? I don't know. If the production values on the whole visual novel weren't quite so good, I would have to assume that Shinrai was written by a 14 year old from from Deviantart in 2009 (no offense to anyone here, I was that kid) because you can really tell they wanted to make characters sound unique and stand out, and do so in the most obnoxious way ever. Also says ""Aku"" a lot? Like ""akuakuaku"" and at the end of sentences. Not sure what that was supposed to be, a laugh I guess? Also this character contribues essentially nothing to the plot and could be scrapped. I assume she's only here to pad out suspects

- Runa. This character is supposed to be posh and well spoken. She refers to the characters as Surname-chan, instead of first name like everyone else. This isn't ergergious but it is annoying to be like ""wait who does she mean?"", pause the game, open up the character profiles and look through them

The rest of the characters aren't awful but no one is very well developed either. The characters I mostly tolerated were the protagonist (because she is quite stoic/calculating and doesn't have an annoying quirk outside of saying ""curses"" at least 30 times in chapters 3 and 4), Taiko, Rei and I guess Karmen but she's missing from most scenes.

Besides that though, the rest is okay I guess. The pacing of the beginning is extremely slow - Shinrai spends the first hour and 30 introducing characters and setting stuff up, even though all characters feel underdeveloped regardless. Since I was quickly not into the characters, I didn't enjoy the beginning at all which I think just soured my perception on the rest of it. I didn't care about the mystery as much as I should've, because it's character driven and I didn't care about the characters

As I write this review, I'm honestly kinda mad at myself for not dropping this in chapters 2-3 where I could tell I wasn't enjoying it. I kept telling myself, there's a ton of posititve steam reviews! I'm sure it gets better! The mystery will probably get going and make everything worth it!....and it just absolutely didn't",0,2,3,0.5010880827903748,321
499910,76561198107152716,"Bom jogo, dá pra completar em um dia, umas 8 horas de gameplay. Sinto falta de mais investigação, mas o jogo é bem legal e da pra se divertir com o desenrolar da história.",1,0,0,0.5,749
499910,76561198174430435,Good game if you are into danganronpa and zero escape types.,1,0,0,0.5,909
499910,76561199121029493,"Reminds me of detective conan - you can solve the first few mysteries easily until you get more clues and realised you have no idea who is the real culprit until the game leads you so that you would understand how each clue piece together. 

Like the rest of the reviews the beginning does take quite a while to build up but it's reasonable in the sense that it's building the premise and introducing the characters. it would be safe to skim through the story till you reach the hotel(resort?) but the mystery after that would build up faster so it's quite worth the wait. Relatively easy and fast to get all the achievements since the game skipping speed is super fast. some characters are a bit plain and surface though in the sense that they would mostly do that action so it's quite predicable how they would act(annoying too) and don't really serve much purpose but entertainment i guess. 

despite so it is an enjoyable experience indeed for it's price as well it's quite worth when you get it on sale",1,0,1,0.5,669
499910,76561198125235157,"I remember reading Branson Reese reviews on letterboxd and there was a particular quote that stuck with me. ""High school productions are often better than professional ones, because you know EVERYONE wants to be there."" And that's a sentence that kept coming back to me here.

Shinrai REALLY wants to be about how lack of communication can destroy relationships. And it wants you to KNOW that's the story from beginning to end. I don't really want to be mean to an indie project, but this really feels like a game made in 2008 rather than 2016. It almost screams American middle schooler trying to write an anime, with memes and quirky archetypes and so on and so forth. Its all-encompassing and if that drives you up a tree, you're gonna have a bad time.

But I can't really work up a dislike for it.

And so I keep coming back to that Branson Reese quote. Its not always well-written or engaging, but you can really feel how much the creators cared about what they were writing. They worked really hard to write a complicated mystery, tying together different character motives so it all made sense. You can feel how they all laughed amongst themselves writing a goofy old Castlevania reference or hentai joke. Or how they committed to their protagonist wearing cat ears and had to write situations where she would keep forgetting to take them off during a murder investigation. I dunno! It was weird! It was embarrassing! It was ambitious and earnest! I had to keep skipping text because I just got overwhelmed with the sheer Middle School Energy of the dialogue. The theme is heavy-handed, but you totally buy that these are the mistakes these children were making because they didn't know how to communicate! I think I liked it a lot! Maybe!

I had more to say about this four hour murder mystery vn than the 70 hours/six months I spent on (the unquestioningly good!) Dragon Quest XI. I don't know if that's damning of me or the games, but it says SOMETHING.",1,1,6,0.6109839677810669,280
499910,76561198097574387,"[WITHOUT SPOILERS]

""HEPPY HELLOWEEN""
I think most people look to VNs trying to find wonderful stories and deep characters, and you should be aware that you will not find any of those here. HOWEVER, if you enjoy Christie, Doyle or any other whodunit AND howdunit stories, you can be sure that you will be well-served here.

It really is a fair mystery. I can see how much those two guys (yeah, just two people on the development) paid attention to details and how the story rewards you when you pay attention as well. I think the art it's fine, but even if some people are not fond of it, will you really let it prevent you from enjoying a so much well constructed plot? Just buy it! It's cheap, short, has a lot of references to other great visual novels as well, and you will probably finish it wanting to (re)watch Case Closed.",1,0,3,0.54356849193573,787
499910,76561198000126326,"If you can tolerate some 2000s era cringe (in particular in the first couple hours), there's a decent mystery here. The ending sequence is pretty good and you will probably mess up the first time.",1,0,0,0.5,562
499910,76561198197428582,"[spoiler] There is 1 impostor among us [/spoiler]

Good mystery, decent plot. Overall an enjoyable read.

Mika best girl.",1,0,0,0.5,356
499910,76561198208725185,"ótima vn com uma história muito boa, se tu curte jogo de detetive e assassinato é um prato cheio, adorei a experiência e gostaria que tivesse mais jogos desse gênero tão bem feitos quanto esse ^_^",1,0,0,0.5,715
499910,76561198272688989,"I am not going to lie. At first I didn't have high hopes for this game, but man... I was completely wrong. This game is a fantastic bite sized mystery. I see people complaining about the intro and while it dragged on a bit, I feel it was a solid length and was needed to set up all the main characters. Also this is one of the few games where you can properly accuse the wrong person and ride your wrong train of thought all the way to the end, and I admit I was wrong multiple times in this thing. This game did a great job of making several characters likely suspects in a way that felt natural. Though you can still logic your way through the case, especially if you pay attention and keep notes. The murder case makes complete logical sense when you put it together, but its all on you to figure it out without the game holding your hand. 
Also Raiko is a very enjoyable protag. Grumpy daughter",1,0,1,0.5,739
499910,76561197980449859,"Dreadful, D Tier Ace Attorney / Danganronpa style murder mystery visual novel. 

I gave this chance after chance but it just doesn't work. The artwork doesn't fit at all, it's not even an acquired taste. The writing is full of absolutely cringe-worthy puns and references, and some of the most awkward dialogue and internal monologue you've ever read.

You might find some enjoyment in solving the mystery, and I guess it is possible to figure it out properly with the facts provided, but I wouldn't call it rewarding.",0,0,4,0.5131558775901794,595
499910,76561198026419608,"On a affaire ici à un Visual Novel de style ambiance halloween/horreur/enquête.

Les choix que nous faisons ont un impact sur les résultats de l'enquête, ce qui est un plus.

Il faudra compter environ une dizaine d'heures en prenant son temps pour parvenir au bout.

Dans l'ensemble, c'est ok, mais sans plus pour ma part (il s'agit cependant d'un jeu à faible budget).",1,0,2,0.523809552192688,529
499910,76561198802820952,"Definitely not the longest visual novel around (looking at you Danganronpa), but this game feels wholesome for the low price and dynamic characters. Although the visuals may not be as fluid for many of our standards, the twists in this game will make you realize how well this was written. Highly recommend this for anyone urging to play something similar to Danganronpa, Ace Attorney, or Zero Escape.",1,0,2,0.523809552192688,460
499910,76561198033212829,"Truly disappointed by this game. It couldn't even redeem itself by its mystery - though, truth be told, it was of acceptable quality. But those, I'd say, reversed cliches ruined all the fun (which wasn't that great to begin with) for me.  

Making elaborate plans to seduce a clueless boy into spending the night together? Oh, how sweet, go for it, girl!  
Planning to watch hentai with a sexually confused and emotionally unstable girl? Oh, how romantic, go for it, girl! 
Making crude jokes about the sexually confused girl's sexuality? Oh, how funny, go for it, girl! 
[spoiler]A female murderer claims two male victims in cold blood?[/spoiler] Oh, you surely had your reasons, girl!  

In the end, all this just makes some of the female characters as disturbing as some of the male characters, and the rest of them - annoying to the point of ""cringe"".",0,0,1,0.39383140206336975,808
499910,76561198144427989,I bought this game some time ago but due to life I never finished it till today. I've played the first two chapters at least three times over the years and I gotta be honest they always feel really slow. But once you get to Ch3 the plot really picks up and the mystery is actually pretty good and takes a lot of thinking to figure out fairly. I didn't do it fairly tho...well that's what guides are for. Overall good mystery vn with nice cgs tho I always felt the character sprites felt a little plastic-y.,1,0,1,0.5,1359
499910,76561198976584284,"The mystery itself stumped me (and might stump you too), but everything else was subpar. The dialogue and interactions between characters like the MC and her best friend or her mother are cringy and overly padded out. Some characters feel shallow, as if they are there just to fulfill certain archetypes. A few could be removed and the story literally would not change by any meaningful amount. By the end, I was skipping through dialogue just to finish the VN and get the answers. 

The art is... questionable. I'm not a big fan of it and never really got used to it even by the epilogue. 

Also... there is literally a character whose entire personality is masturbating and sexually harassing people. What makes him think that is a socially acceptable way to behave? Why do people tolerate his presence in the first place? How does he even have friends? How did he turn out this way at 15 years old? I think his backstory would have been a more ""interesting"" one than the one I just read.",0,1,11,0.6174357533454895,1010
499910,76561198143242233,"Great characters, and loved the mystery. Can't say I didn't fail a few times, but it was for the best. Really paid off in the end with every hunch that I had being proved dead wrong by small details that I shouldn't have forgotten. If there's any criticism I would have, it's that when you get your guess wrong, the game doesn't give you much of a hint as to why it's wrong, or point you towards the right answer. However, things are explained very well after the fact.",1,0,1,0.5,490
499910,76561198837695020,Really great short mystery game.,1,0,1,0.5,772
499910,76561198268497994,"The biggest con for me was the appearance of the characters, but you do kind of get used to it after a while. Other than that, if you like closed circle mysteries and detective games, I would recommend this game. The mystery was good, the dialogue was decent, and there were enough twists and turns to keep things interesting.",1,0,1,0.5,345
499910,76561198365657008,"-Spoiler Free Review-
Right so let's begin with how I found this game. I looked up ""Games Similar To Danganronpa"" online and found an article with this game on the list. It looked interesting, so I decided to pick it up, and I don't regret that decision at all. This game is honestly great. 

Being a visual novel game, obviously a lot of the gameplay is reading to progress the story. There are also times where you must investigate areas in order to find evidence and clues. This gameplay is aided by a really nice UI that was extremely easy to figure out and use. 

While only clocking in at 6 hours, not the longest game in the world, those 6 hours were never wasted for a second. There was never a point where the game felt like it dragged a point on for too long, which is key in a visual novel game like this. The writing in the story is great in my opinion, despite most of the characters being based around a simple personality trait, the game can still use them well and establish a good murder mystery. Speaking of the murder mystery, I'm not going to go into that too much as to avoid spoilers, but there are no massive stretches of logic in it, nothing feels impossible to pull off in the context of the situation,  which is really nice.

The art is nice looking, while it's not the most stand out art you're going to see, it fits really well and all of the sprites are well drawn and proportionate. Same goes for the CGs which appear at key points in the story. To expand on this topic, the music is beautiful. There isn't a single track in this game that I disliked, and a couple of them I see myself listening to in my free time.

All in all, this game obviously isn't going to be everyone's cup of tea, but if you love murder mystery visual novels, this is a really great sleeper hit. I would highly recommend this game to everyone who enjoys the genre. And even if you don't enjoy visual novels that much, I would still give it a try if you can find the time. It's worth it.",1,0,2,0.523809552192688,393
499910,76561198076415850,"I loved it so much!
The characters are so lovable and it was a really fun read, thanks so much for this amazing visual novel!",1,0,1,0.5,2561
499910,76561198828273186,nice,1,0,0,0.5,412
499910,76561198059007608,"I am a few hours into the game (Chapter 4) and so far, I am reminded very favourably of the Danganronpa games. The writing is very detailed and flows well; the characters are well written and distinct from one another and the plot contains a lot of twists and turns and mysteries to ponder. Highly recommended - am really enjoying so far.",1,0,0,0.5,1002
499910,76561198967837256,"This game was very enjoyable!
I truly like mystery stories and Halloween atmospehere was great choice. VN is thrilling and fun to read, detective elements are well done and make whole game really interesting. Soundtrack is also great and art is fitting to story. 
Overall I´m happy that I bought the game and for all who like mystery and entertaining stories it is recommended to play.
",1,0,0,0.5,1318
499910,76561198030627535,"Very fun little visual novel, with some great detective elements. 

The ending had lots of red herrings, very interesting.

I was a little confused by how the accusations worked at the end, but great game overall.",1,0,1,0.4782291352748871,577
499910,76561198027754215,It's a pretty fun detective game. A great choice to pick up for Halloween (or helloween?) in another 364 days from now.,1,0,1,0.5041004419326782,765
499910,76561198027958778,"I bought this game because a lot of people said it was like Phoenix Wright et al and. hoo boy. We have different standards for writing quality, I suppose.

I'll give the devs kudos in that I was taken for a ride with a red herring and the actual mystery was interesting/surprising (if... kind of implausible and convoluted), but that's one of the few positive things I can say.

First off, several of the characters are incredibly obnoxious to listen to and/or terrible human beings. The intro of the game has you sit through the protagonist (Raiko) being sexually harassed by her mother. You might be like, ""Hey, that's a little harsh, she didn't sexually harass her just because she made her take her clothes off and put on a cat outfit for Halloween, repeatedly ignoring her complaints and discomfort."" It's okay! Just to provide zero doubt for you, the game has comments about how the protagonist struggles to keep a diary because her mother keeps violating her boundaries. And her mother steals her newest diary to write about how boring it is that her daughter isn't writing about her juicy crushes and perverted fantasies.

You know, the kind of thing that is totally appropriate for a mother to think about or say to her 14 year old daughter, and was completely necessary to put in the game because (crickets)

Shortly after, you are introduced to her best friend who, in an apparent attempt to make a funny endearing sidekick a la Maya from Ace Attorney, just talks like a teenager on Gaia Online in the year 2008. She even writes out text emojis in Raiko's journal! It's Soooo Wacky!!! Here is a verbatim quote for you:

""We found a window an' let in sum moonlight, so we can see ♥♥♥♥ now! (makin' me wonder how she jotted down dat last entry in 'at darkness O_o;)""

Wow! Isn't that fun to read and listen to? Now imagine being subjected to pages of this for most of the game because she's glued to Raiko at the hip. I started skimming most of the dialogue and it made it a lot more bearable.

So you're like, okay, well, maybe that's a little obnoxious. But wait! There's a guy in here whose entire existence is to sexually harass everyone, talk about how much he wants to and/or has jerked off to them, spends all night jerking off to porno, and there's even a part where you pick up his ♥♥♥-stained pornography!! Let's not mention the part where he snuck into the room of some female students on a past school trip and put on their panties while sniffing a different girl's panties!

But they invited him and tolerate his presence in their friend group because (crickets)

And he hasn't yet been suspended from school because (crickets)

And the Good Guy character considers him his best friend and tolerates his behavior because (crickets)

He also [spoiler]stalked a girl and the good guy is like 'wow I can't believe he would have done something like that!' as if it's a mystery that the guy who constantly sexually harasses women with escalating acts of aggression could have possibly done such a thing, his other behavior was so... uh... harmless?[/spoiler]

Genuinely a lot of the dialogue is frustrating or annoying to read and often feels padded out for length. Like, you examine one thing and Nobara (your best friend) goes off on an insane tangent about it being a sci-fi cryogenic chamber or something. There is also a character who is constantly obsessed with scaring people so badly they literally pee themselves, and wants to do it to the protagonist. Like, using the words ""soaked panties"" and insisting she take off her underwear in public to prove it. Because that is definitely the sort of thing I want to read about a 14 year old girl and definitely the kind of normal dialogue someone would say to another person.

I'm not sure if they were supposed to be interesting, compelling characters who grow on you, but the only characters I ended up liking were Raiko and Kamen, because they (mostly) act like normal human beings.

Also - the references. Good god, the references. This game is self-indulgent in the worst way. It feels like the developers are constantly elbowing you in the ribs saying ""Hey remember that one game?"". A major plot point is that two of the characters dress up as twins from a horror video game... and the plot synapsis is a massive, obvious reference to a Fatal Frame game. In case you didn't get the more subtle reference, it's okay! They have a hotel room with instructions to use a camera to scare away ghosts on the wall and an ancient camera in front. Do you get it? DO- DO YOU GET IT?

No, it's okay. Maybe you never played Fatal Frame. Don't worry. There's also multiple Phoenix Wright references! Oh, and one of the characters makes a Castlevania reference that wasn't already hideously dated by the time the game released, or anything! What about a Dragon Ball reference that makes no sense? And Raiko's epilogue outfit is one massive visual reference to the iconic outfit Heather wears in Silent Hill 3!

But when you reference a piece of good media purely for the sake of ""ha ha, remember that thing? we also liked that thing!"", the problem is that people then remember that thing, and the things they felt playing that thing, and it causes them to directly contrast that with your own mediocre game and the feelings they are having while playing it.

So when you reference something, you expect the audience to be like ""ha ha! wow! I too enjoyed that video game! What a funny and clever reference!"" but instead it's just me being reminded that between Nobara saying ""cray-cray"" and ""aw nutbunnies"" every 5 seconds I could be playing an actual good video game that I enjoy.

They also shove in two cameos of completely unrelated-looking people at the very end, which I'm guessing are either dev self-inserts or supposed to be from a different game they have. Either way, not sure why they're here or why we're supposed to care about them but it sure feels masturbatory to shoehorn them in!

The thing that gets me is that there are some redeeming parts to this game. The art isn't terrible - the backgrounds are lovingly detailed, and the sprites are expressive, though the artist DESPERATELY NEEDS TO LEARN HOW TO SHADE WITH A COLOR THAT IS NOT BLACK, OH MY GOD, I'M BEGGING YOU. SHADE YELLOW WITH ORANGE. SHADE ORANGE WITH RED. SHADE BLUE WITH PURPLE. SHADE WHITE WITH BLUE. SHADE GREEN WITH BLUE AND HIGHLIGHT WITH YELLOW. The UI is a lot different from the standard Ren'py layout and there's a neat little trivia section. There's a lot of care in here.

The mystery, like I said, was genuinely interesting and at points stumping. And once they stopped irritatingly padding out every interaction, the character interactions weren't terrible. I almost walked out of it thinking it was a good game until I got hit with the epilogue with more sexual harassment from the protagonist's mother, more pointless references, and baffling cameos.

This team has definite potential, they just... need to stop being so self-indulgent, focus on getting a second writer and/or editor to focus on characterization (and do a sanity check with some of the lines - yeesh), and polish up the art a bit.

Also please don't make me ever read a line about an adult woman commenting enthusiastically on her 14 year old daughter's sex fantasies ever again, what is wrong with you, Jesus Christ",0,3,19,0.5999910235404968,576
499910,76561198089548904,Interesting,1,0,0,0.5,882
499910,76561198257346600,"A very well written and compelling murder mystery! There is just one mystery to solve, but the characters and storyline draw you in. The gameplay involves some visual novel style choices; some light investigation sequences and some parts where you try to pick the correct suspect/evidence.",1,0,0,0.4954499304294586,628
499910,76561198202262789,"Soo my only complaint is that my achievements are glitched so I wasn't rewarded any :( However this game was a lot of fun and if you've played Danganronpa you'll really appreciate this game. Most VN's do start out slowly and this is absolutely true here as well but worth sticking it out. I felt that the characters in this were a lot easier to read and predict than Danganronpa and although the twists are definitely exciting it was still more rational and predictable than DR twists, which I personally liked rather than just being completely blindsided. I bought it on sale however I would definitely say the original price tag will give you your moneys worth if you don't want to put it on your wishlist and wait.",1,0,0,0.4954499304294586,3083
499910,76561198308550731,"Nice mystery/detective visual novel. While seeing word ""Despair"" in title and seeing investigation and negotiations mechanics you can already guess this game is inspired by such titles as Ace Attorney and Danganronpa. However, unlike many Danganronpa fan games and clones or Ace Attorney fan-made cases or parodies, this project really feels as original thing, even if there are few references to japanese games thrown in.

Game gives you a lot of information, but keeps being logical for most part and intriguing. Tutorial are justified. There are horror themes in events, [spoiler] but nothing like this even comes up.[/spoiler] Characters are interesting and different, even if somewhat cliched. Detective part is solid and I had fun checking out all nook and crannies. In the end there is hard sequence of quizes in which you need to determine mastermind behind all events happened during 5 hour long game. Honestly, I saw true guilty party from afar, but [spoiler]fell into not one, but two traps then I didn't figured out method they did it and picked wrong person.[/spoiler] And I'm looking forward for next games in this series, since there are spin-off and sequel in works.",1,0,2,0.5176056027412415,413
499910,76561198014471504,"A genuinely really solid murder mystery game, with a very satisfying true ending.
If you're like me and you've only played mysteries like Phoenix Wright and Danganronpa, you might be pleasantly surprised that this game lets you be someone smart and cool instead of an absolute buffoon, 9/10",1,0,0,0.4954499304294586,388
499910,76561198094695169,"A lot of fun. I think the character ages were sometimes a bit jarring compared to their behavior, and the music sometimes seemed to disappear for no apparent reason, but other than that, I have no complaints. The story was especially entertaining - I tried to play without a walkthrough first, and I fell for some red herrings and picked the wrong murderer - and the game let me accidentally frame the wrong person which I definitely enjoyed. It is technically a linear game, but the good mystery plot and the diversity of the endings makes it worth it.",1,0,0,0.4954499304294586,502
499910,76561198418968116,idk man just... no.,0,0,2,0.33985376358032227,664
499910,76561198132822374,"This game is underrated. Even after 1 year, the mystery still manages to creep me out whenever I recall it.
-good plot (very detailed and I failed on the first try, really.)
-good and memorable ost
-likable characters, which where you actually merge within the protagonist.
Probably the best visual novel I ever played. May the author create more games like this.",1,0,1,0.41736528277397156,6
499910,76561198004553140,"Why isn't this better known?

This was great! I'm buying it for my best friend next chance I get. More people should play this! I'm a big fan of murder mysteries, wasn't sure what to expect from an indie entry in the genre like this. The result was exceptional. I'm really glad I took a chance on this game.

Here's hoping it gets a ton of buzz! I'd love another game with the same characters, or even just anything else by these devs! Need to look into that ASAP",1,0,0,0.452140748500824,1535
499910,76561198150881863,"Good game!
It has bit of a slow start and it's somewhat short but the story is absorbing and the ""mystery"" part is all right.
Its (true) ending is satisfying and, despite its ""amateurish"" art style, there are some elaborate details.
I'd recommend it to murder-mystery fans (specially when it's 50% off)",1,0,0,0.5,559
499910,76561198881279948,"For an indie game, the writing and artwork is great. There are very few good anime murder mystery games - this is definitely one of the better ones, well worth it's money if you're into the genre.",1,0,0,0.5,1408
499910,76561198009047826,A pretty fun VN with a murder mystery focus and a nice varied cast of characters. There's some clever little twists here and there and I came out of it feeling pretty satisfied. Would recommend if you want a somewhat short little mystery to keep yourself busy with!,1,0,0,0.5,416
499910,76561198086547051,"Just making a simple review, I'd definitely recommend Shinrai to anyone who hasn't played it and is considering picking it up. It's a simple murder mystery but it's really enjoyable. There are investigating and questioning sequences along the way, which function very well and leave little to no confusion for the player trying to solve them. As some other reviews stated, maybe there could have been more opportunities to investigate thrown in, but for what we got, it's good. The art isn't super fantastic compared to some other western and/or eastern visual novels, but it does get the point across and isn't too shabby in doing so, including multiple facial expressions and such. The characters are also pretty easy to remember, and funny enough some of the characters are a lot more relatable due to their speech patterns being more realistic.

tl;dr get it if you like murder mystery and visual novels, you won't be disappointed",1,0,0,0.5,370
499910,76561198857884339,I love this game.,1,0,0,0.5,770
499910,76561198808961839,"Hello Steam user who is wondering if this little visual novel is worth their time. I'm going to tell you right now that the answer is a definite yes especially if you're a mystery lover. It's also perfect for this Halloween season considering its setting.

Pros
– the story/mystery. Honestly the mystery is the best part about this game as well the characters but we'll get to that. It starts out pretty clichéd. You play as Raiko, a grumpy glasses wearing fourteen-year-old who's been dragged to a Halloween party by her best friend Nobara. Naturally it seems all fun and games until someone actually dies and it's up to Raiko to find the truth. You've seen the setup before but as with everything concept is not the be-all and end-all when it comes to quality. Even something that's clichéd can still be good as long as its execution is good. Thankfully the game takes it set up and uses it to its full advantage to give a worthwhile story that really explores the themes of trust, betrayal, and communication. I would explain more about the mystery by to do so would ruin the game so I will reframe.
– The characters. The mystery would not merely be as good is if it didn't have relatable and sympathetic characters. When you figure out the true ending it really hits home and can be quite an emotional experience when you realize the true tragedy that's at the heart of this game. The characters[spoiler]Momoko and Kamen[/spoiler]really get hit with this hard and I think I actually shed a few tears for both of them. And besides those two all the other characters from our grumpy protagonist to Mika the prankster extraordinaire all have easily memorable personalities to like, even if there's a few you probably want to bash in the head a few times but will get to him.
– The humor. Yes people die in this game and it has a pretty hard-hitting tragedy but when it wants to it can deliver some surprising laughs.
– The clue finding mechanic it's pretty simple but easy to grasp. Also prevents you from leaving a room until you found all the clues which is good because I imagine that can be frustrating when you get to the end and realize you've missed something and it be impossible to go back.

Cons
– [spoiler]Kotoba.[/spoiler]Remember how I said you would probably want to bash a few the characters heads in, he is who I'm talking about. Well... him and[spoiler]Hiro but unlike Hiro who's jackassory has plot relevance, Kotoba's[/spoiler]perverted tendencies are jacked up to eleven for no ♥♥♥♥♥♥♥♥ reason. He's like a poorly written Issei from high school DXD. It's fine to have him be a pervert but they could've down significantly and it would've not change a thing in the plot.
– Rie and Taiko's character designs. Okay this is probably only something that really bugs me and it's not like there's anything particularly wrong with their designs when you look at them individually, it's when you put them together that's the problem. It's very obvious from the moment she shows up on screen that Rie is head over heels for Taiko which is fine except for the fact that Taiko looks like a male version of her. I'm not kidding! When I first saw the steam trailer I thought they were brother and sister and since this is an anime inspired game... It just brings up the unfortunate thoughts. Of course they're not related in the game so there is no creepy incest ♥♥♥♥ going on but they just looks so much like each other that my brain is just screaming ""NO!"" Honestly it would be an easy fix just to change the coloring on one of them so they don't look as similar or give Rie a longer hairstyle so it doesn't look identical to Taiko's. Just something.
– [spoiler]Who those random characters that just showed up in the epilogue for no reason? They contributed absolutely nothing to the plot except for teasing may be a sequel. If there is not going to be a sequel for this game then they should of been removed because that's just being trollich.[/spoiler]

Neutral
– the art. Minus my gripe as mentioned above, I actually felt the art style was charming. It gave off a 90s feel which made it feel delightfully retro but I understand some people will think it's tacky having been used to newer slick looking character designs. 
– Music. Like the art gives off a distinctively retro 90s theme even know the game is set in 2010 but I thought it fit with the overall tone of the game. And honestly reminds me of the anime Detective Academy Q, a truly underrated mystery series that more people should be aware of.
– The length. This is definitely a shorter visual novel but again I believe it was executed so well that I thought it was perfectly timed. Some people might think it was too short though especially considering that it's fifteen dollars...
– The price. Like I said when I was talking about length, the game is pretty much fifteen dollars which some people are definitely in a find a little steep.


Truthfully I think this is a game that should be played by any mystery lovers. The characters are relatable (well most of them) the mystery is solid and has unexpected twists and turns and it delivers a surprising resonant message about how communication is essential even for the most smallest of interactions and how jumping to conclusions can bring about deadly consequences. With all that stated, I give SHINRAI - Broken Beyond Despair my full recommendation even with its few if minor shortcomings.",1,0,0,0.5,641
499910,76561198036075924,"Pros:
~Artwork is solid
~I came here after playing Danganronpa, so I was prepared for any kind of ludicrous mystery. I think the main mystery is easy enough to solve, but some of the details were tough to figure out at first. Basically, it holds up to par.
~The music is great during tense moments
~You get immersed in the characters and story. There's one character in particular that there's more than meets the eye to, and it's engaging to explore their story again after the game is over.
~Long after I beat the game, I realized I wanted to keep playing. It's more absorbing that I initially felt!

Cons:
~Slow start. I played the first 90ish min off/on for a while because nothing really interesting was happening.
~Most of the background music is meh. It's repetitive, and cuts off and loops at really obvious timing. Gives a really disjointed feel.
~A little shorter than I would've liked

Overall: A solid game, definitely worth picking up if you enjoy mysteries and have the patience to sit through some tedium in the initialization.",1,0,0,0.5,525
499910,76561198339454732,This games is so underrated,1,0,2,0.54356849193573,1296
499910,76561198333040538,"I like this game.

I certainly would like to start with that. This game rocks. It is a fan inspired work, but the material is pretty strong and works to make itself stand out. 
It's biggest strength is that the characters actually matter. They created them and somehow made me quickly care if they made it out or not. The fact that we know that these characters exist for the purpose of creating expectations and building tension; didn't stop the characters from impacting the story or having purpose in it. They all contributed something to the story and when one went missing I felt a sense of sadness from it. I found myself attached and invested in their survival and felt powerless that I was merely a viewer in their tragedy. I hated that I could do nothing to help stop what was going on. Y'all definitely got me there.
After the first ""thing"" I was expecting it to be over, but the story kept building and building the wild ride never stopped for a minute. I unfortunately had to fall asleep that night, but I got very tense from the pressure. I started getting goosebumps by simply thinking that it would never stop. It's an experience I'll look back on later in life for sure. The creators have set the bar high for making reading a full on experience. 
My other favorite thing about this game is the creators themselves. Their eye for detail got me in the end and I hate to admit. The use of the little details such as the blacked out character portrait were very smart. I tried to use developer errors like the length of the character's hair to simply easy mode to the answer, but they prevented me from doing that. They varied the characters' physical traits well enough to use that story telling technique and not give away the final person. Many of the characters have different color hair and hair styles and make them easy to differentiate, but in a blacked out portrait with a large hat covering the features it's hate to tell who's under that hat. They make you play the game responsibility and they don't allow you to jump ahead at all. There's no cutting ahead of the line in this game. You'll only understand the ending if you play through the whole game.
It is mentioned that the game was ""written in english to reach a wider audience"". The developers did an amazing job writing their 150,000+ words. The vocab on these guys is pretty good. They flex pretty hard in  certain spots of the story.

Overall. If you're looking for an engaging and exciting story with good art and attention to detail. Play this visual Novel.
9/10 would recommend.

Quality of life improvements. The bat annoyed me a bit. I'd be clicking with the mouse and it would find it's way over the bat and I couldn't advance the text anymore cause clicking the bat didn't advance the text. I love the bat, but that got me a couple of times. 

Only a few words are misspelled nothing I'd worry over. 

The game did have a few glitches at the end though. In chapter 5, when the map is shown and the colored chips are moving across the map to show where the characters are moving. If you advance the text to fast the chips will not move properly and end up going through the walls. The detective question that asks ""which floor did they did they go?"" also takes a while to appear. It didn't crash my game, but I thought it froze till the question finally popped up. The game crashed on me once; in I think it was character two. You see them open the guest room door for the first time and when you see what's inside the game crashed for me. Super spooky lol.

A minor visual thing was the text constantly resizing as it advanced when a character talked. If the character was talking and it advanced sentence by sentence. The text would turn into different font sizes as you advanced their speech.",1,0,0,0.5,991
499910,76561198046981728,good game,1,0,0,0.5,454
499910,76561198133282265,"This game provides what it advertises. A good mystery, variety of characters (some sterotypical, others less so), and decent writing. While it might not have the pizzazz of Danganronpa or Phoenix Wright, I got $15 of enjoyment out of it.

Positives:
+ The main mystery makes sense and doesn't require leaps of logic or cheap tricks.
+ You can pick the wrong killer, and there are actually long scenes for this (including presenting evidence), so you won't realize it right away.
+ The writing isn't very repetitive, which is refereshing compared to other visual novels.
+ Adding to that, there doesn't seem to be too much padding or wasted time. The game does not overstay its welcome.

Negatives:
- The art. You can see the screenshots and judge for yourself; some people might like it.
- A few of the characters are pretty awful. In particular, they made the pervert character way over the top. Teruteru from DR2 (who was already a little much) had some funny lines and there was a bit more to him than *just* being a pervert. This guy literally steals underwear and is a complete creep to everyone, without any comedy or redeeming characteristics. It makes no sense why he'd be invited.
- The characters are *very* young (14/15). I think it would work a bit better with older teenagers (ie slasher flicks).
- Most of its attempts at comedy fall flat.

Overall, if you're itching for a mystery VN, this provides.

(BTW, ignore my time played since I had it alt-tabbed for a bit. It's about 6 hours long, but all of that is actual content instead of time-wasting or repetition).",1,0,0,0.5,628
499910,76561198078999855,"The beginning is slow and could be cut down by 15-25 minutes, but other than that great game",1,0,1,0.523809552192688,418
499910,76561198031329799,"This game is quite the hidden gem!

As a fan of Ace Attorney and Danganronpa, I was eager to get stuck into another murder mystery game.  You play as Raiko, a somewhat emotionless protagonist who is being dragged to a Halloween party by her best friend.  As many other reviews have pointed out, the game initially starts out quite slow.  I don't see this as a bad thing per-se, but keep in mind that it will take around an hour to get to the more exciting stuff.

Oh, and that wait is [i]completely[/i] worth it.

Once the game picks up, it doesn't stop until the very end of the game.  The game will keep throwing more mysteries at you as you progress, making you question why these events are happening, and who is behind it.  Expect to end up accusing several of your classmates in your mind as you piece the puzzle together.  

You will go through a couple of investigation scenes (similar to Ace Attorney) throughout the course of the game to pick up some clues and evidence to help you find the culprit.  Speaking of, your detective skills will need to be on point in order to get the good ending.  Pick the wrong culprit, and you're heading to a bad ending.  Make sure to save somewhat frequently because if you end up with a bad ending, you'll be forced to load up a previous save file.  If you haven't saved at all, be prepared to start from the very beginning.  Thankfully the game does have an auto-skip feature that allows you to catch up pretty quickly.

My only real gripe with the game is that you will often get thrown into the evidence tab without fully knowing what exactly the game wants you to look for.  This is especially annoying if you're replaying the game using auto-skip, and then suddenly you're thrown into the evidence tab without knowing why.  There is a 'tip' button which you can use, not sure if this affects your overall rank at the end of the game though.

A lot of people have picked on the art style.  I personally don't think it's that bad, but it's obviously not at the same level of quality as Ace Attorney, Danganronpa.. etc.  The music was pretty decent too overall, especially the more unsettling tracks that play.

Overall, if you're into murder mystery visual novels like Ace Attorney and Danganronpa, I would say this one is definitely worth a look.  For a small indie team, I'd say they did a really good job with this one, and I look forward to hopefully seeing more murder mystery novels in the future from these devs.",1,0,1,0.523809552192688,758
499910,76561198272538113,"Not the best horror VN, but also not the worst. It's kind of like Danganronpa meets Scream, I guess?",1,0,2,0.3409789800643921,375
499910,76561198082608488,"Overlooking SHINRAI's wholly homespun fanfic feel, I really, really wanted to like this game. I'm a huge fan of murder mystery games such as Danganronpa, Contradiction, and others, and I do enjoy a well-crafted visual novel. However, after slogging through mountain after mountain of uninteresting throw-away dialogue waiting to get to the ""good part,"" I have officially given up, and I cannot recommend this title. The characters and concepts feel too generic. Maybe it ends up being really great, but I haven't the time or patience to invest; there are quite simply too many other games out there to discover.",0,0,2,0.3870916962623596,2313
499910,76561198068103151,"Great fun game, excellent characters, intriguing premise and a well executed mystery that keeps you guessing. I definitely recommend getting at full price.",1,0,1,0.5,1370
499910,76561198126535571,"As a massive fan of games such as Phoenix Wright, Danganronpa or Zero Escape, I bought this game upon seeing it. Safe to say, I was not disappointed, not at all.  The mystery is very well done, without leaps in logic to make you tear your hair out.   While the first ~hour of the game was rather slow and slice of life-y (and could have been drastically shortened in my opinion), when the bodies started dropping, I got absolutely hooked and played through it in one night. Some characters' quirks (looking at you, Kotoba and Mika) get rather annoying after the first 20 minutes, it can be lived with (although the same cannot be said for one of the characters...Spoiler much?).
Many people complain about the art, but personally, I liked it quite a lot. Sure, it is not the best, not by a long shot, but it is quite pleasant to look at. And it is obvious that a lot of work went into making things as clear and concise as possible, which helps greatly during the investigation portions. Which there could have been more thereof. 
 You will get around 7 hours of mileage from SHINRAI. The lenght obviously waries on your reading speed.

All in all, it is a nice whodunnit mystery VN, I recommend it. I wouldn't hesitate twice if it is on sale and consider buying it even off sale.",1,0,2,0.521276593208313,422
499910,76561197992801175,"Short version: pick this game up if you're at all into murder mystery visual novels like Danganronpa and Phoenix Wright. Don't be put off by the amateur Deviant Art look and slow beginning. The actual mystery is very well done, maybe even slightly edging out Danganronpa and Phoenix Wright by never taking any leaps in logic like those two are prone to do. You'll get a solid 7-9 hours out of this.

Long version: Let's get the two weak points out of the way first to clear away any aprehensions: the art and the beginning.

The art might make you think this was just thrown together, but it's not. A lot of work clearly went into hashing out the details of the mystery. After a while you'll get used to the art. It's serviceable.

The slow beginning. The first 90 minutes are very slow. It takes a long time for things to happen. A lot of the narration and dialogs are overly wordy. Two characters come off as painfully over the top anime trope. This is unfortunately the weakest part of the game, and I imagine it puts off some people into getting a Steam refund before the 2 hour time limit.

Just power through it. Once the murders start happening at the hour and a half mark, the game picks up and becomes engaging. Helpful advice: you can safely skim and speed read past ALL of the events before reaching the resort. I get that it's there to introduce the characters, but Danganronpa does this prior to the first murder amidst exploring the immediate mystery of how the characters got to the strange setting and exploring it. There is no such engaging aspect to the pre-murder portion of Shinrai. The whole beginning could have been cut down to half an hour.

So yeah, once the mystery kicks in, you'll be engaged throughout. There's a murder. Chaos breaks out. You're trying to piece together what could have happened, only for more chaos to break out that further complicates things. Repeat until you have a doozy of a timeline to try and work out. This easily could have been an entire chapter murder case of Danganronpa.

I do have a couple quibbles. While the events and story keep you engaged, the actual investigating feels very underused. You're introduced to the investigation mechanic during an early ""tutorial"" as your character pieces together clues from a harmless prank. After that, the investigation tools don't come up again until almost the very end 5 hours later.

The manner in which you point out the culprit is also a little strange. Usually these things have you start by debunking minor details, building a clear picture of what happened using evidence, then ENDING with you naming the culprit and wrapping it up with airtight evidence. Shinrai has you pointing out the culprit as literally the very first thing, then building your case from there. On one hand, I guess that's because it gives you all the clues you need to figure it out before it asks you. On the other hand, the dramatic buildup could have been better. The shock is frontloaded since you have to start by knowing who did it, then you just wind down from there explaining it to the other characters.

But whatever. You have the wrappings of an indie game with the contents of a well done murder mystery worthy of an above average Danganronpa chapter. If you liked those games or Phoenix Wright, pick this up without hesitation. Skim the text to quickly get through the first hour and a half until the murder, then enjoy.

",1,0,11,0.6415829658508301,508
499910,76561198185418747,"When I first bought the game and started it up, I thought my veteran experience with Danganronpa titles and the fact I completed Danganronpa v3 without a walkthrough, alongside lackluster presentation, meant that I'd be easily able to predict how the story turned out. 

[spoiler]I should have paid more attention to lessons learned in Danganronpa. Don't trust girls with pink hair in twintails.[/spoiler]

I will start off with listing the dealkillers that might make people think twice before buying the game.
The art can be pretty ugly at times, and in the case of [spoiler]Kotoba's death[/spoiler], incredibly graphic for the style. Like, uncomfortably so. It's not bad, but coming straight off the heels of Danganronpa (and there will be frequent comparisons to Danganronpa), and often being recommended alongside it, it can make it feel a little inferior. 
The storytelling, especially in the prologue and first chapter while trying to introduce everybody but still pretty rife throughout the entire thing, suffers from a severe case of tell-don't-show; what I mean is, rather than showing us certain character traits, the writing will simply list those character traits. ""This character is my best friend. She has always been there for me. Blah blah blah."" ""This character is a pervert who studies foreign languages."" (This one done after it was already SHOWN he was a pervert studying foreign languages, mind you) It doesn't weave exposition naturally into the narrative, even though I noticed several instances where it could have done so. 
If you're right on the heels like Danganronpa like I was, don't expect Chapter 5 to hold your hand. If you expect the game to spell everything out for you like Danganronpa does - and this is both a good and bad trait in my opinion  -prepare for some bad endings.
There's an achievement for saving [spoiler]Kotoba[/spoiler], but this character really doesn't provide much motive for saving them. They're really not that likeable, so there's not much incentive except for steam achievements. [spoiler]Now if it was Mika we were trying to save...[/spoiler]

Now onto positives:
The writing is pretty good when it avoids telling us things rather than showing us. Of course, that's usually when it's trying to mislead you, such as [spoiler]at the end of Chapter 2 when everyone discovers Momoko's ""body"". [/spoiler] It's reminiscent of old campy horror movies translated to the visual novel genre, and it provides an interesting if somewhat familiar plot. Standard horror cliches are given some chance to be reinvented and used in a way that aids the mystery part. Like I said, when it's not rattling stuff off to be exposition-y, it's actually really solid writing. 
The mystery itself had a surprising conclusion and I did get nearly every possible road to the Bad End before I had to go look up what the answer was. For the level of writing we were getting during exposition dumps, the fact the mystery turned out so well-written is pretty surprising, and it is getting me to think about my own mystery writing as well as the earlier Danganronpa titles. [spoiler]Momoko's whole thing is pretty similar to Case 3 of Danganronpa 1, I just didn't realise at the time.[/spoiler] 
Openly queer characters was a refresher, and in proportion to reality was excellent, too. Being LGBT+ myself, seeing characters openly admit it is always good in my books, so long as they're characters first. Thankfully, [spoiler]Kamen and Kotoba[/spoiler] are. 
The music isn't as good or memorable as Danganronpa, but it's still pleasant to listen to. As in you won't be reaching to mute the soundtrack (though if you'd prefer to play Danganronpa music over the top, the options luckily allow you to turn down off the music without turning down the sound effects). 
Mika. Just Mika. Not waifu material, being 14-15 years old (can't remember which) but definitely best girl. Adorable, funny, and the only one without some connection to the events or main character. She's here for the memes and the ride and that makes her the best.

In my opinion: this game does deserve voice acting. On my channel I spent 9 hours playing this game, and I damn near wore my voice out trying to provide even lackluster casting. I'd offer my services if the game ever wants to have voice acting, but like I said, my voice acting is very lackluster.

Getting to the point: Should you buy the game?

In my opinion? Yes. There's enough here to make it well worth your while. I paid $1/hr for the experiences the game gave me, and I've spent more on experiences that don't last anywhere near as long. It is the poor man's Danganronpa, but it's not bad for the poor man's Danganronpa.",1,0,3,0.500284731388092,731
499910,76561198049117293,"Saw it, reminded me of Danganronpa, picked it up to give it a try, and didn't regret it at all.

The art may not be the best and I can see how it turns people away, but don't let it. This game is really good. The story is fairly interesting, and overtime, you get to know the characters more and understand their pasts. I was playing this game with my boyfriend, and there was a character we weren't too fond of originally, but towards the end, we felt bad for them.

The murders were constructed really well. First try, we fell for a trap, but after some re-thinking, we managed to pinpoint who the true culprit was. I like how the lessons were incorporated at the end. It helped me re-evaluate my decisions for the future.

There were a couple of things that peeved us:
 1. We didn't like how the game literally throws us into the evidence tab without letting us understand what Raiko, the protagonist, was looking for to provide to the other characters. We had to click on the Tip button often to see what was needed. 
2. The music seemed to be short and loops often. Because of this, my boyfriend was getting tired of hearing one of the songs.

Despite its flaws, I'd highly suggest giving this game a try, if you're into anime, visual novels, and of course, murder mystery.",1,0,3,0.5396419763565063,807
499910,76561198072197779,11000/10 its pretty good,1,0,0,0.5,342
499910,76561198048157438,"Very well written. Had a lot of fun playing it as i got really hooked by the story pretty early. Art style is a matter of taste, but personally i quite like it. 
Would definitly recommend for anyyone who just even slightly enjoys murder mysteries (Agatha Christie like) and does like manga or anime.",1,0,1,0.5,369
499910,76561198030759143,"I can't believe this game has so few reviews, it is criminally underrated.  After 3 hours I have been sucked into the story and these days my expectations are very high.  I am very impressed by the writing style, as one reviewer put it the characters behave very naturally and don't seem forced or unbelieveable like a typical Japanese VN.  An absolute must-play if you are into the Danganronpa or enjoy mystery/horror games.",1,0,1,0.523809552192688,370
499910,76561198177206763,Until Dawn-ganronpa,1,7,2,0.5283018946647644,535
499910,76561197970496390,"[h1]Shinrai provides a thrilling substitute for mystery fans, providing that itch of content when the well of other mystery titles dries up.[/h1]

Despite a small team of about two people, Shinrai is a rare example of an indie mystery novel delivering a surprisingly good mystery. Shinrai isn't without its flaws, but given its budget constraints, its a testament that a little passion can go a long way!

The game takes place at a secluded mountain resort, as a group of anime schoolmates convene for a Halloween party. Needless to say things go horribly wrong as murder and mayhem ensues. Piece together the clues, and discern who's truly responsible, otherwise you may wrongly send an innocent character to jail!

My initial concerns focused on the artwork. The characters possessed a flat color palette with thick black strokes, reminiscent of college Adobe Illustrator projects. The artwork certainly screamed indie; however, as a mystery novel enthusiast, I pressed on, and I'm glad I did. Once you dive into the game, the artwork morphs into something endearing, giving the characters a distinct charm. The characters adhere to basic anime tropes, but regardless, they're lovably entertaining with their expressive personalities, bad puns apenty, slapstick comedy, and playful sexual innuendo. If you've played similar anime detective games, such as Phoenix Wright and Danganronpa, you'll feel right at home.

The main character, Raiko, is the story's Sherlock. The developers make no secret she's inspired by Detective Conan with her nerdy personality, over-sized glasses, and small stature. Despite her appearance, Raiko is a surprisingly confident and mature 14-yr old protagonist who the other characters learn from, and even slowly idolize. Beneath her anti-social behavior lies a cool, calm, and collected girl, providing hilarious scenes when clashed against the game's outlandish personalities.

While Raiko makes for a good Sherlock, the same can't be said for her Watson sidekick, Nobara. Her dialog mimics a southern accent, but it comes off being hard to read. It's made worse whenever she panics, delivering stammered speech patterns, occuring frequently. It's clear Raiko and Nobara are inseparable, but in the sequel, a different Watson would be a nice change of pace, or at the very least Nobara needs to tone down the accent. A character can still have an accent without having it spelled out constantly.

None of the characters are voice acted, but that's never been a requirement for good visual novels. Bad voice acting can otherwise ruin a great game, and plenty of visual novels have stood the test of time without them. Meanwhile, the composer delivers a fantastic performance. The game could use a couple more soundtracks, as what little there is gets recycled frequently. The music is at its best in the mountain resort's creepy dark environments the characters often find themselves in, where uncertainty is in the air, and anything can jump out to surprise them. I knew the music was effective when I would brace myself for a potential jump scare!

The glaring weakness of Shinrai is its Ren'Py engine interface, suffering multiple setbacks. The game cannot be saved during decision prompts, which in the world of visual novels is unforgivable. Instead, you'll need foresight to know when important decisions approach so you can save in advance. What's worse, there's only a max of 16 save slots.

The interface panel's functionality is only available during Raiko's narration segments, so if you want to skip text, but you're stuck in a conversation, then you must progress through the conversation until seeing a narration segment to reveal the interface. The game's text also suffers persistent glitching where every few lines it gets stretched or compressed by a few pixels. You'll learn to ignore it, but it's bizarre how a visual novel engine fails to accomplish so many basic essentials.

The overall story and mystery, however, is compelling and exciting. You won't want to put the game down as it flirts with the idea of an impossible murder reminscient of an Agathe Christie novel. The player must piece together evidence acquired in various investigation segments, inspired from point-and-click games. At the game's conclusion, the player is challenged to make reason of the evidence, and declare who performed the deed. Reaching the wrong conclusion provides one of several ""bad endings."" Players are ranked with a final score and given various bonus content, notably hidden epilogue scenes detailing deeper motivations of certain characters.

Some players have mentioned the game takes too long to setup the introduction before it gets exciting. This is understandable, but if you're accustomed to playing longer visual novels and understand the nuisances of mystery writing, then you know exposition is par for the course. By the end of the game, you'll want to learn more about the characters anyways!

There is one flaw to the mystery that almost makes me not want to recommend the game. This is a [b]HEAVY SPOILER!...[/b]
[spoiler]According to Van Dine, ""A crime must never turn out to be a suicide. To end an odyssey of sleuthing with such an anti-climax is to hoodwink the trusting and kind-hearted reader."" Some of Van Dine's rules are obsolete, but this isn't one of them. The advantage of using anime as an art medium is character emotion. Shinrai doesn't give us the pleasure of fingering the culprit and watching them squirm. Instead, the reader can't help but feel the culprit accomplished their goal, escaping an interrogation and prison sentence. This is a missed opportunity for those accustomed to the precedent set by Phoenix Wright and Danganronpa.[/spoiler]

Shinrai is rather short at about 15 hours, which is a perfect length and makes it more accessible to wider audiences. Considering the game's save slot restriction, this is certainly a blessing. While it's light on content, the mystery has enough twists to keep the player guessing. It's challenging enough for veteran mystery readers, while also being a great entry point to those new to mystery or visual novel genres.

While it's hard to recommend Shinrai over bigger budget titles, such as Phoenix Wright or Danganronpa, Shinrai provides a thrilling substitute for mystery fans, providing that itch of content when the well of other mystery titles dries up. Shinrai lays the groundwork for a memorable and loving cast of characters from which the developers can build on with future titles. Raiko compares favorably to the pantheon of other mystery novel Sherlocks, and the story holds its own to even professional mysteries. There is strong potential for Raiko as a future detective star. With a sequel to Shinrai already in the works, the development team surely agrees, and it will be interesting seeing what mischief Raiko-nyan finds herself in next!

[b]Final Score: 7/10[/b]

[b]p.s.[/b] I am a mystery novel veteran who did solve the mystery on my first try with about an 86% detective rating, but only because Umineko no Naku Koro ni trained me to be a good detective; otherwise, I doubt I would have figured it out. It definitely had me challenged!",1,0,2,0.523167610168457,1086
499910,76561198398994474,"As someone who judges games a lot by their design, the art style almost made me pass on this game. I'm glad I didn't. 

Don't get me wrong, the art is not [i]awful[/i], it's just a bit too generic animesque for my taste.

That said, SHINRAI was a genuinely intriguing and clever mystery. Seemingly irrelevant details end up tying the whole riddle together. Pay attention to idle chats and what rooms characters use, as it really does matter. For me at least the mystery was hard to solve, but once it was explained, it fit together seamlessly.

As for gameplay, it was just the right amount for me. I'm a bit of a completionist, so I did balk at the first investigation event as there was a ton of things to click and examine. Thankfully, the later such events didn't require me to be so thorough. Just the right mix of visual novel and gameplay too, I'd say. 
It does however feel a bit contrived how you can't move on from an investigation unless you have found the right clues. I understand this is necessary from a gameplay perspective, but it would have been interesting in itself to let a lack of evidence lead to its own ending. Especially since you can skip through seen parts of the game pretty quickly upon a second playthrough.
   One thing I did enjoy was how the game didn't stop you from making the wrong accusation. This led me to believe I had solved it, only to be smacked in the face with a bad ending. I think it was at that point the game went from enjoyable to respectable.

I also really enjoyed how much time was dedicated to the characters. While some ended up pretty flat ([spoiler]Mika and Kotoba[/spoiler]) it did serve to create a narrative surrounding the mystery, rather then let the mystery be the end-all. That said, I had expected at least [spoiler]Mika[/spoiler] to be more fleshed out at the end, seeing as they were one of the survivors. They were probably the character who broke my immersion the most. They were simply too cartoonish in a story full of exaggerated but still [i]somewhat[/i] believable people.

And finally, a very personal note that made me extremely fond of this game. As a lesbian, I was smiling like an idiot upon solving the mystery and getting [spoiler]Kamen's[/spoiler] story. It's rare to find good LGBT+ rep in games, especially these animesque ones. Her story was relatable and uncomfortably close to home. Not only that, but [spoiler]to have a lesbian character as a main suspect, only to show that not only was she innocent, her love for another girl was the key part of the solution[/spoiler] is sadly close to groundbreaking. A lot of storytellers tend to make their LGBT+ characters the culprit, using their experiences related to their sexuality as the motivation. This often creates a tragic culprit, a sympathetic one even, but nevertheless a culprit. Queercoding your villains is a problem, and I commend this game for not falling into that trap.

In short, this game looks [i]okay[/i], but it's definitively worth the price tag. The [i]okay[/i] exterior hides a rich story. Just don't be intimidated by the very long opening.",1,0,1,0.523809552192688,596
499910,76561198105346585,fun and interesting end. Doesn't seem like thats all though,1,0,0,0.5,882
499910,76561198007584987,"Do you like Agatha Christie/Phoenix Wright/Danganronpa?  Then this is your jam.  Indie game, yes, but the cleverness and complexity of the mystery lives up to any of those.  I was legit impressed.  Bam.   Done.   Do it.",1,0,1,0.5185185670852661,269
499910,76561198158307849,"“What had transpired here tonight was a rather complex chain of events, but I was going to explain everything as best as I could… So that they, too, would be able to understand the tragic truth behind it all. “
-Raiko Shinpuku
--------------------
SHINRAI ~ Broken Beyond Despair is a murder mystery visual novel and first in the SHINRAI series, as well as the first game developed by indie German video game developer “Gosatsu”, a duo consisting of core members Gospel and Natsu. As a visual novel, gameplay in SHINRAI ~ Broken Beyond Despair consists primarily of reading, with interactivity delegated to segments wherein the player is prompted to present evidence in order to prove or disprove character deductions. Through a series of just such segments, the player progressively pieces together the identity of an anonymous killer and reveals the truth behind an otherwise seemingly straightforward death.

A secluded mountain resort, 10 friends, 1 murderer. Investigate, interrogate and present evidence as you solve various mysteries throughout the night. Will you be able to reach the truth and uncover the culprit’s identity? Or will your deductions lead you to blame someone completely innocent…? (Steam/Itch.io synopses)
----------------

All too often is it said that “first impressions last forever” and that what defines your opinion of a person or thing is your very first, very basest of experiences with it. Quite the opposite, however, SHINRAI ~ Broken Beyond Despair establishes an identity for itself that would be somewhat unbecoming to one giving it a cursory look-over or a relatively noncommittal playthrough, and one that betrays the sheer quality of what SHINRAI eventually grows into.

SHINRAI’s introductory scene found itself, when measured against everything following it, comparatively unwelcoming: juvenile humor and a somewhat uninspired setting saved just barely by a colorful ensemble of charmingly eccentric characters. Nonetheless, as banal as it may be, it was paced expertly and fluidly presented an array of details and information that make the scene nothing short of essential.

Succeeding the opening segment, however, were a series of scenes equal parts shocking and engaging. In a number of ways, Gosatsu prove themselves masters of detail and suspense, utilizing the closed-circuit setting to create a wonderfully nonlinear mystery with a number of conclusions, all equally distinctive and convincing, bar the very truest of them, the one you’d least expect. In allowing the player to pursue any of the prospective murderers, Gosatsu creates a truly interactive murder mystery that rightly forces the player to make sense of the dizzying phantasmagoria of criminal activity they experienced throughout the night.

SHINRAI ~ Broken Beyond Despair, to the most superficial of an audience, would initially seem unappealing or generic. It is worth it, though, to read SHINRAI in its entirety, as the mystery presented rivals perhaps some of the best in the genre. Any with experience with murder mysteries and/or the visual novel genre will feel right at home with SHINRAI, as would any who just wish to read an intelligent and thoroughly thought-out story in the ilk of Ace Attorney or Danganronpa.",1,0,1,0.5324675440788269,3485
499910,76561197970187681,"As a fan of the Danganronpa franchise, I figured SHINRAI would be worth a go, and it did not disappoint. The overarching mystery was well crafted, abetted by charming characters, colorful artwork, and an atmospheric sound track. On the negative side, the story is very slow to build, with key revelations and motivations unfolding in a large exposition dump at the end. Further, the writing is rather stilted at points, which wrecks player immersion a bit.

Overall, though, SHINRAI's virtues far outweigh its vices. It's an enjoyable romp, and I look forward to seeing the creators develop this world and its characters further.",1,0,1,0.521276593208313,843
499910,76561198156567906,"I will start by saying that this review contains minor spoilers about the characters and story.

SHINRAI - Broken Beyond Despair is an indie mystery visual novel that has some elements similar to the Danganronpa series which I also am a big fan of.

The story circulates around 10 classmates that decide to hold a halloween party in a secluded mountain resort: 

Raiko - Main character. Girl that doesn't show many emotions. Appears to be unfriendly towards others
Nobara - Raiko's best friend. Laid-back personality but very gullible
Rie - Host of the party. Tends to act before she thinks. Chaotic and forgetful
Runa - Rie's best friend. Caring and kindhearted. Sophisticated
Mika - Troublemaker. Always pranking people. Goal is to scare Raiko
Momoko - Popular girl in the school. Introverted and shy
Hiro - Momoko's boyfriend. Arrogant and loves to glorify himself
Kamen - Momoko's best friend. Honest person that never holds back. Doesn't like Raiko.
Kotoba - The most hated one in the group as he's considered a creepy pervert.
Taiko - Kotoba's best friend. Kind and reliable guy. Rie's crush.

When the resort suddenly gets affected by a power outage, the 10 friends split up in groups. After the power comes back on, the friends find a dead body in one of the guest rooms. The base-story is what you would call a classic murder mystery, and is not a creative one in any way. However, just as in most murder mysteries, the characters play a very big part in the storytelling and is a crucial element in every part of the story. The characters of importance have a decent and realistic backstory which in turn also builds up the story.

Story: 6/10

The characters in SHINRAI have different personalities that are relatively realistic. However, most of them don't really stand out and they aren't really likable as characters. There weren't any conversation scenes where one of the characters did a stupid pun that was surprisingly fun, any scenes where one of the characters steps in to protect the main character, any scenes where one of the characters turns out to be a psychopath, or anything that makes them unique to the others. My favourite character was Kotoba as his perverted nature made him clearly different from the others and fun to talk to due to his stupid puns.

Characters: 5/10

The gameplay in SHINRAI is one of its stengths in my opinion. Instead of having a game where you only would read and click next, like most visual novels, the developers decided to add an investigation mode, similar to Danganronpa's. This investigation mode is a point and click mode where you investigate objects of interest, as well as talk to witnesses in order to find clues and evidence. There were also choices that you could actively pick between, resulting in several routes and results, the VN is made so that you as a player is able to deduct and think WITH the main character. The crime is interesting and complex, but it's described so that you would be able to try figure out what happened instead of just letting the main character explain everything at the end (which she later does though). The investigation mode could need some polishing and it was frustrating how you aren't able to save before making the choices.

Something that was really bothering me though, was the fact that all characters except 4 had alibis instantly and it kind of removed the suspense of trying to figure out who the culprit could be.

Gameplay: 7/10

The art is very unique to this game. It's not very polished but it's to be expected, as it was actually the developer who drew it. It was bothering me at first when playing the game as I'm used to more anime-like art like most visual novels use, but as you play the game, you'll eventually get used to it. Even though the art works relatively well for its purpose, more facial expressions could have been added as the characters tended to look the same almost always and I never saw any significant changes except for when they were crying. Though my opinion may differ from others playing the game, I'm certain that the game would have looked a lot better with anime-like art similar to danganronpa.

Art: 4/10

Even though the game had its bad points, and the fact that it was quite short a game, it was still very enjoyable to read. I had a great time trying to figure out the puzzle in my head, while changing theories left and right. As an indie game, I personally believe that they did a great job, and I would recommend it to people who love murder mysteries that allow you to think and solve the crime by yourself.

Total score: 6/10",1,0,1,0.5038588643074036,410
499910,76561198043885428,Game was well developed mystery that allows for multiple suspects to keep deduction compelling.,1,0,0,0.5,575
499910,76561198141036440,"A surprisingly good visual novel. Going into it I wasn't expecting too much but I feel like it was a very well done visual novel despite maybe coming off as being low budget. The mystery kept me guessing, the characters were cliche but I still liked them and the art style fit the visual novel. Overall I would recommend it, it is a little short so if you are looking for a visual novel you will get a lot of hours out of this probably isn't it.",1,0,0,0.5,434
499910,76561198214251437,"Much better than I expected. After seeing glowing reviews I decided to buy the game; I’m glad I did!

Turns out, the story is great - think Danganronpa/Ace Attorney style twists, the characters were all fairly fleshed out and likeable.  I quickly warmed to the artwork, as it is expressive, unique and fits the game well. The music is enjoyable as well.

All in all, I was very pleasantly surprised, and would highly recommend this game! - not to mention hints of yuri ;)))",1,0,0,0.5,381
499910,76561197971874482,"A well done but clearly indie VN with a solid mystery.  Starts a little slow with a long expository / introduction phase but is worth taking the time to get into.  It's somewhat short in its entirety but the bonus is that nothing is overly drawn out, it's all tight.

I'd say it's kind of like playing one of the long cases of a Phoenix Wright game but with more of the darker vibes of a Danganrompa title.  If you like either/both of those, give this a shot, especially if it goes on sale.",1,0,3,0.5461165308952332,315
499910,76561198065788473,"In hindsight, this game wasn't all that great. The story was kinda weak. The characters are large stereotypical and there is a really weird gender imbalance. There are 7 girls and only 3 guys, and 2 of those 3 guys have almost no redeeming qualities whatsoever and are the two main ""jerk"" characters in the cast. Even the father character in the story is depicted as a bit of a creep and pervert. [spoiler] Also those 2 guys end up being the only real ""victims"" so basically the worst characters die and most of the good ones survive. I know it had to be this way to fit the killer's motive but it felt like there wasn't much tension to find out who the killer was, given that the ones who died all deserved it, and no ""innocent"" person got hurt or killed. [/spoiler]

One character [spoiler] Mika [/spoiler] is completely irrelevant to the story in that they can be removed from it and the general flow of the story really isn't affected much, if at all. A lot of the female characters also seem to be there just to fill the role of a common female archetype with the best friend archetype, the busty girl archetype etc, which results in a lot of unnecessary fanservicey scenes, the worst of which being the one at the end where [spoiler] the protagonist's female rival kisses her out of the blue. Like...what? It felt really cheesy and forced. The story ultimately felt way too focused on female fanservice scenes and emphasizing the female archetypes being displayed, while portraying the males as dislikeable and with no redeeming qualities. Even the male love interest storyline ends up amounting to nothing, without even giving him a final scene with the protagonist, who gets a kiss from the female rival instead. [/spoiler] The more I look back on it, the more I realize the story and characters were really flawed and it took a lot away from the game for me.",0,0,4,0.5478434562683105,568
499910,76561197996101648,"SHINRAI deserves your love.

As most of us do, you probably judge a book by its cover, or, in case of VNs, its art. The art in Shinrai is actually drawn by its main writer and developer and is probably not what you would call professional. However after finishing the game I think the art feels just right in context, and it doesn't hurt the joy of the story even a little bit. There are lots of sprites, lots of expressions and outfits, and a lot of characters including extras. All of them may not be AAA quality, but in this game, they definitely don't need to be. It does what it has to - you grow to like the characters and their funny quirks.

Now, onto the story. What surprised and pleased me the most is that SHINRAI is an actual fair play mystery. Which is something incredibly rare in our age of detective fiction's decline. The main ""case"" is not something the writer made up in three minutes and then explained with five deus ex machinaes, it's an actual well constructed fair mystery that you are challenged to solve. If you're a fan of Agatha Christie, you know what a joy this can be. There are hints, red herrings, timelines, clues, diary to keep track, suspect interviews, everything you need for your grumpy little detective kit. A must have for any serious mystery fan.
You may say that the story is nothing new and you'll be probably right. But it's an old story told in a pleasing new way, with a cast of lovely characters.

The characters are mostly well developed and written well enough to gain your sympathy and empathy. Generally I would describe them as ""very cute but quite realistic"". You won't hear any NYAAAA or see over the top stuff - they behave as normal people would and talk like real people do, which is something that usually separates english VNs from japanese ones. There is quite enough of good humour too.

Overall, if I had to describe the game in three words, I'd say Shinrai is: Indie, Cute, Smart.

Last of all, frankly I don't write reviews often, but in this case I believe it's justified, because Shinrai is very promising and deserves more public recognition - and the public deserves more fair play mystery VNs!",1,0,22,0.7239435911178589,827
499910,76561198064286516,"Brief Introduction: allow me to start off saying this is my first review here on Steam. The reason I decided to write one was because, at the time of writing this review, the game has been out for a little over a year but has only 25 reviews. I thought I'd contribute to that number.

Now for the game:
The game is of the Visual Novel genre, which, for those that don't know, means that it has a ♥♥♥♥ ton of dialogue with a few interactive bits thrown in. The art might seem weird at first, but I got used to it pretty fast, and I thought it looked quite decent. Like other have mentioned, the characters have a few different poses, and at some points change outfits, so it's not bad at all.

The characters are pretty anime-ish at first (which means their personalities tend to be somewhat exaggerated), but as the story progresses and you find out more about them, they can really grow on you.

The soundtrack I did find a bit lackluster though, and I kept wondering if it was a problem with my notebook, but I could always notice the music/sound effects looping, and it broke the immersion a little bit.

The story, though, is where the game does shine. Once again, like others have mentioned, the action takes a couple of hours to get started, but once it does, it's pretty easy to want to play through the game in a single session. The mystery is a very interesting one, and I found myself trying to guess what actually took place until the very end, when I had that spark in my mind and things seemed to make sense. And so, along with the protagonist and everyone else, I managed to correctly deduce the true culprit of the events that transpired. The reason I'm saying this is to show that, if you pay enough attention and keep throwing theories around your head to see what makes sense and what doesn't, it is very possible to correctly solve the mystery in your first run, as the game gives you all the tools needed to do it. The mystery in the game is very coherent (no bizarre logic leaps) and makes a lot of sense, so I think this is a huge plus.

So, for the conclusion:
-Do you enjoy visual novels/games that are like interactive books?
-Do you enjoy/not mind anime-ish characters with a somewhat exaggerated personality (that does get a bit of development)?
-Do you enjoy (actually solvable) murder mysteries?

If your answer to those questions is yes, then, by all means, give this game a go. It's very likely you'll enjoy it. If I were to rate my personal enjoyment of the game, I think I'd give it a solid 9/10, well worth it's full price.",1,0,2,0.523809552192688,574
499910,76561198002571868,"Solid mystery style VN, the twist is actually pretty interesting and well done-- not at all what I expected, and it's a reasonable story as well. 

Definitely worth it, especially for a sale price. The only thing I wish is that there was more than just a ship tease at the end of the game for a certain yuri pairing that I won't mention to avoid spoilers, but alas...",1,0,3,0.54356849193573,682
